,No_Stress,Sonority,Type,Prediction
0,"['P', 'T', 'AH']",0,CCV,"['P', 'T', 'AH']"
1,"['P', 'T', 'OY']",0,CCV,"['P', 'T', 'OY']"
2,"['P', 'T', 'AA']",0,CCV,"['P', 'T', 'AA']"
3,"['P', 'T', 'AY']",0,CCV,"['P', 'T', 'AY']"
4,"['P', 'T', 'ER']",0,CCV,"['P', 'ER', 'T']"
5,"['P', 'T', 'AO']",0,CCV,"['P', 'T', 'AO']"
6,"['P', 'T', 'UW']",0,CCV,"['P', 'T', 'UW']"
7,"['P', 'T', 'IH']",0,CCV,"['P', 'T', 'IH']"
8,"['P', 'T', 'EH']",0,CCV,"['P', 'T', 'EH']"
9,"['P', 'T', 'UH']",0,CCV,"['P', 'UH', 'T']"
10,"['P', 'T', 'IY']",0,CCV,"['P', 'T', 'IY']"
11,"['P', 'T', 'EY']",0,CCV,"['P', 'T', 'EY']"
12,"['P', 'T', 'OW']",0,CCV,"['P', 'T', 'OW']"
13,"['P', 'T', 'AE']",0,CCV,"['P', 'T', 'AE']"
14,"['P', 'T', 'AW']",0,CCV,"['T', 'P', 'AW']"
15,"['P', 'K', 'AH']",0,CCV,"['P', 'K', 'AH']"
16,"['P', 'K', 'OY']",0,CCV,"['P', 'K', 'OY']"
17,"['P', 'K', 'AA']",0,CCV,"['P', 'K', 'AA']"
18,"['P', 'K', 'AY']",0,CCV,"['P', 'L', 'AY']"
19,"['P', 'K', 'ER']",0,CCV,"['P', 'ER', 'K']"
20,"['P', 'K', 'AO']",0,CCV,"['P', 'K', 'AO']"
21,"['P', 'K', 'UW']",0,CCV,"['P', 'L', 'UW']"
22,"['P', 'K', 'IH']",0,CCV,"['P', 'K', 'IH']"
23,"['P', 'K', 'EH']",0,CCV,"['P', 'K', 'EH']"
24,"['P', 'K', 'UH']",0,CCV,"['P', 'UH', 'K']"
25,"['P', 'K', 'IY']",0,CCV,"['P', 'IY', 'K']"
26,"['P', 'K', 'EY']",0,CCV,"['P', 'L', 'EY']"
27,"['P', 'K', 'OW']",0,CCV,"['P', 'K', 'OW']"
28,"['P', 'K', 'AE']",0,CCV,"['P', 'AE', 'K']"
29,"['P', 'K', 'AW']",0,CCV,"['P', 'AW', 'K']"
30,"['P', 'B', 'AH']",0,CCV,"['P', 'B', 'AH']"
31,"['P', 'B', 'OY']",0,CCV,"['B', 'OY', 'P']"
32,"['P', 'B', 'AA']",0,CCV,"['B', 'P', 'AA']"
33,"['P', 'B', 'AY']",0,CCV,"['B', 'AY', 'P']"
34,"['P', 'B', 'ER']",0,CCV,"['P', 'B', 'ER']"
35,"['P', 'B', 'AO']",0,CCV,"['P', 'B', 'AO']"
36,"['P', 'B', 'UW']",0,CCV,"['B', 'UW', 'P']"
37,"['P', 'B', 'IH']",0,CCV,"['P', 'B', 'IH']"
38,"['P', 'B', 'EH']",0,CCV,"['P', 'B', 'EH']"
39,"['P', 'B', 'UH']",0,CCV,"['P', 'UH', 'B']"
40,"['P', 'B', 'IY']",0,CCV,"['B', 'IY', 'P']"
41,"['P', 'B', 'EY']",0,CCV,"['P', 'EY', 'B']"
42,"['P', 'B', 'OW']",0,CCV,"['P', 'OW', 'B']"
43,"['P', 'B', 'AE']",0,CCV,"['P', 'AE', 'B']"
44,"['P', 'B', 'AW']",0,CCV,"['P', 'B', 'AW']"
45,"['P', 'D', 'AH']",0,CCV,"['P', 'D', 'AH']"
46,"['P', 'D', 'OY']",0,CCV,"['D', 'P', 'OY']"
47,"['P', 'D', 'AA']",0,CCV,"['P', 'D', 'AA']"
48,"['P', 'D', 'AY']",0,CCV,"['P', 'AY', 'D']"
49,"['P', 'D', 'ER']",0,CCV,"['P', 'ER', 'D']"
50,"['P', 'D', 'AO']",0,CCV,"['P', 'D', 'AO']"
51,"['P', 'D', 'UW']",0,CCV,"['P', 'D', 'UW']"
52,"['P', 'D', 'IH']",0,CCV,"['P', 'D', 'IH']"
53,"['P', 'D', 'EH']",0,CCV,"['P', 'D', 'EH']"
54,"['P', 'D', 'UH']",0,CCV,"['P', 'UH', 'D']"
55,"['P', 'D', 'IY']",0,CCV,"['P', 'D', 'IY']"
56,"['P', 'D', 'EY']",0,CCV,"['P', 'EY', 'D']"
57,"['P', 'D', 'OW']",0,CCV,"['P', 'D', 'OW']"
58,"['P', 'D', 'AE']",0,CCV,"['P', 'AE', 'D']"
59,"['P', 'D', 'AW']",0,CCV,"['P', 'D', 'AW']"
60,"['P', 'G', 'AH']",0,CCV,"['P', 'G', 'AH']"
61,"['P', 'G', 'OY']",0,CCV,"['P', 'OY', 'G']"
62,"['P', 'G', 'AA']",0,CCV,"['P', 'G', 'AA']"
63,"['P', 'G', 'AY']",0,CCV,"['G', 'P', 'AY']"
64,"['P', 'G', 'ER']",0,CCV,"['P', 'ER', 'G']"
65,"['P', 'G', 'AO']",0,CCV,"['P', 'AO', 'G']"
66,"['P', 'G', 'UW']",0,CCV,"['P', 'G', 'UW']"
67,"['P', 'G', 'IH']",0,CCV,"['P', 'IH', 'G']"
68,"['P', 'G', 'EH']",0,CCV,"['P', 'G', 'EH']"
69,"['P', 'G', 'UH']",0,CCV,"['P', 'UH', 'G']"
70,"['P', 'G', 'IY']",0,CCV,"['P', 'G', 'IY']"
71,"['P', 'G', 'EY']",0,CCV,"['P', 'G', 'EY']"
72,"['P', 'G', 'OW']",0,CCV,"['P', 'G', 'OW']"
73,"['P', 'G', 'AE']",0,CCV,"['P', 'AE', 'G']"
74,"['P', 'G', 'AW']",0,CCV,"['P', 'G', 'AW']"
75,"['P', 'F', 'AH']",1,CCV,"['P', 'F', 'AH']"
76,"['P', 'F', 'OY']",1,CCV,"['F', 'OY', 'P']"
77,"['P', 'F', 'AA']",1,CCV,"['F', 'P', 'AA']"
78,"['P', 'F', 'AY']",1,CCV,"['P', 'F', 'AY']"
79,"['P', 'F', 'ER']",1,CCV,"['F', 'P', 'ER']"
80,"['P', 'F', 'AO']",1,CCV,"['P', 'F', 'AO']"
81,"['P', 'F', 'UW']",1,CCV,"['P', 'F', 'UW']"
82,"['P', 'F', 'IH']",1,CCV,"['P', 'F', 'IH']"
83,"['P', 'F', 'EH']",1,CCV,"['F', 'P', 'EH']"
84,"['P', 'F', 'UH']",1,CCV,"['P', 'UH', 'F']"
85,"['P', 'F', 'IY']",1,CCV,"['F', 'IY', 'P']"
86,"['P', 'F', 'EY']",1,CCV,"['F', 'EY', 'P']"
87,"['P', 'F', 'OW']",1,CCV,"['P', 'F', 'OW']"
88,"['P', 'F', 'AE']",1,CCV,"['F', 'AE', 'P']"
89,"['P', 'F', 'AW']",1,CCV,"['F', 'AW', 'P']"
90,"['P', 'TH', 'AH']",1,CCV,"['P', 'TH', 'AH']"
91,"['P', 'TH', 'OY']",1,CCV,"['TH', 'P', 'OY']"
92,"['P', 'TH', 'AA']",1,CCV,"['TH', 'P', 'AA']"
93,"['P', 'TH', 'AY']",1,CCV,"['TH', 'P', 'AY']"
94,"['P', 'TH', 'ER']",1,CCV,"['P', 'TH', 'ER']"
95,"['P', 'TH', 'AO']",1,CCV,"['P', 'TH', 'AO']"
96,"['P', 'TH', 'UW']",1,CCV,"['P', 'TH', 'UW']"
97,"['P', 'TH', 'IH']",1,CCV,"['TH', 'P', 'IH']"
98,"['P', 'TH', 'EH']",1,CCV,"['P', 'TH', 'EH']"
99,"['P', 'TH', 'UH']",1,CCV,"['P', 'UH', 'TH']"
100,"['P', 'TH', 'IY']",1,CCV,"['TH', 'P', 'IY']"
101,"['P', 'TH', 'EY']",1,CCV,"['P', 'TH', 'EY']"
102,"['P', 'TH', 'OW']",1,CCV,"['P', 'TH', 'OW']"
103,"['P', 'TH', 'AE']",1,CCV,"['P', 'TH', 'AE']"
104,"['P', 'TH', 'AW']",1,CCV,"['P', 'TH', 'AW']"
105,"['P', 'S', 'AH']",1,CCV,"['S', 'P', 'AH']"
106,"['P', 'S', 'OY']",1,CCV,"['P', 'OY', 'K']"
107,"['P', 'S', 'AA']",1,CCV,"['S', 'P', 'AA']"
108,"['P', 'S', 'AY']",1,CCV,"['P', 'AY', 'S']"
109,"['P', 'S', 'ER']",1,CCV,"['P', 'S', 'ER']"
110,"['P', 'S', 'AO']",1,CCV,"['S', 'P', 'AO']"
111,"['P', 'S', 'UW']",1,CCV,"['P', 'S', 'UW']"
112,"['P', 'S', 'IH']",1,CCV,"['S', 'P', 'IH']"
113,"['P', 'S', 'EH']",1,CCV,"['S', 'P', 'EH']"
114,"['P', 'S', 'UH']",1,CCV,"['S', 'P', 'UH']"
115,"['P', 'S', 'IY']",1,CCV,"['P', 'S', 'IY']"
116,"['P', 'S', 'EY']",1,CCV,"['S', 'P', 'EY']"
117,"['P', 'S', 'OW']",1,CCV,"['P', 'S', 'OW']"
118,"['P', 'S', 'AE']",1,CCV,"['S', 'P', 'AE']"
119,"['P', 'S', 'AW']",1,CCV,"['P', 'S', 'AW']"
120,"['P', 'SH', 'AH']",1,CCV,"['P', 'SH', 'AH']"
121,"['P', 'SH', 'OY']",1,CCV,"['P', 'SH', 'OY']"
122,"['P', 'SH', 'AA']",1,CCV,"['P', 'SH', 'AA']"
123,"['P', 'SH', 'AY']",1,CCV,"['P', 'AY', 'SH']"
124,"['P', 'SH', 'ER']",1,CCV,"['P', 'ER', 'SH']"
125,"['P', 'SH', 'AO']",1,CCV,"['P', 'SH', 'AO']"
126,"['P', 'SH', 'UW']",1,CCV,"['P', 'SH', 'UW']"
127,"['P', 'SH', 'IH']",1,CCV,"['P', 'SH', 'IH']"
128,"['P', 'SH', 'EH']",1,CCV,"['P', 'SH', 'EH']"
129,"['P', 'SH', 'UH']",1,CCV,"['P', 'UH', 'SH']"
130,"['P', 'SH', 'IY']",1,CCV,"['P', 'SH', 'IY']"
131,"['P', 'SH', 'EY']",1,CCV,"['P', 'SH', 'EY']"
132,"['P', 'SH', 'OW']",1,CCV,"['P', 'SH', 'OW']"
133,"['P', 'SH', 'AE']",1,CCV,"['P', 'SH', 'AE']"
134,"['P', 'SH', 'AW']",1,CCV,"['P', 'SH', 'AW']"
135,"['P', 'Z', 'AH']",1,CCV,"['P', 'Z', 'AH']"
136,"['P', 'Z', 'OY']",1,CCV,"['P', 'IH', 'Z']"
137,"['P', 'Z', 'AA']",1,CCV,"['P', 'AA', 'Z']"
138,"['P', 'Z', 'AY']",1,CCV,"['P', 'AY', 'Z']"
139,"['P', 'Z', 'ER']",1,CCV,"['P', 'Z', 'ER']"
140,"['P', 'Z', 'AO']",1,CCV,"['P', 'IH', 'Z']"
141,"['P', 'Z', 'UW']",1,CCV,"['P', 'Z', 'UW']"
142,"['P', 'Z', 'IH']",1,CCV,"['P', 'IH', 'Z']"
143,"['P', 'Z', 'EH']",1,CCV,"['P', 'Z', 'EH']"
144,"['P', 'Z', 'UH']",1,CCV,"['P', 'UH', 'Z']"
145,"['P', 'Z', 'IY']",1,CCV,"['P', 'Z', 'IY']"
146,"['P', 'Z', 'EY']",1,CCV,"['P', 'EY', 'Z']"
147,"['P', 'Z', 'OW']",1,CCV,"['P', 'OW', 'Z']"
148,"['P', 'Z', 'AE']",1,CCV,"['P', 'AE', 'Z']"
149,"['P', 'Z', 'AW']",1,CCV,"['P', 'Z', 'AW']"
150,"['P', 'ZH', 'AH']",1,CCV,"['P', 'ZH', 'AH']"
151,"['P', 'ZH', 'OY']",1,CCV,"['ZH', 'P', 'OY']"
152,"['P', 'ZH', 'AA']",1,CCV,"['ZH', 'P', 'AA']"
153,"['P', 'ZH', 'AY']",1,CCV,"['ZH', 'P', 'AY']"
154,"['P', 'ZH', 'ER']",1,CCV,"['P', 'ZH', 'ER']"
155,"['P', 'ZH', 'AO']",1,CCV,"['P', 'ZH', 'AO']"
156,"['P', 'ZH', 'UW']",1,CCV,"['P', 'ZH', 'UW']"
157,"['P', 'ZH', 'IH']",1,CCV,"['ZH', 'IH', 'K']"
158,"['P', 'ZH', 'EH']",1,CCV,"['ZH', 'P', 'EH']"
159,"['P', 'ZH', 'UH']",1,CCV,"['ZH', 'UH', 'ZH']"
160,"['P', 'ZH', 'IY']",1,CCV,"['ZH', 'P', 'IY']"
161,"['P', 'ZH', 'EY']",1,CCV,"['P', 'ZH', 'EY']"
162,"['P', 'ZH', 'OW']",1,CCV,"['P', 'ZH', 'OW']"
163,"['P', 'ZH', 'AE']",1,CCV,"['ZH', 'P', 'AE']"
164,"['P', 'ZH', 'AW']",1,CCV,"['ZH', 'P', 'AW']"
165,"['P', 'V', 'AH']",1,CCV,"['P', 'V', 'AH']"
166,"['P', 'V', 'OY']",1,CCV,"['P', 'V', 'OY']"
167,"['P', 'V', 'AA']",1,CCV,"['P', 'V', 'AA']"
168,"['P', 'V', 'AY']",1,CCV,"['P', 'AY', 'V']"
169,"['P', 'V', 'ER']",1,CCV,"['P', 'ER', 'V']"
170,"['P', 'V', 'AO']",1,CCV,"['P', 'V', 'AO']"
171,"['P', 'V', 'UW']",1,CCV,"['P', 'V', 'UW']"
172,"['P', 'V', 'IH']",1,CCV,"['P', 'IH', 'V']"
173,"['P', 'V', 'EH']",1,CCV,"['P', 'V', 'EH']"
174,"['P', 'V', 'UH']",1,CCV,"['P', 'UH', 'V']"
175,"['P', 'V', 'IY']",1,CCV,"['P', 'IY', 'V']"
176,"['P', 'V', 'EY']",1,CCV,"['P', 'EY', 'V']"
177,"['P', 'V', 'OW']",1,CCV,"['P', 'V', 'OW']"
178,"['P', 'V', 'AE']",1,CCV,"['P', 'AE', 'V']"
179,"['P', 'V', 'AW']",1,CCV,"['P', 'V', 'AW']"
180,"['P', 'DH', 'AH']",1,CCV,"['DH', 'P', 'AH']"
181,"['P', 'DH', 'OY']",1,CCV,"['DH', 'P', 'OY']"
182,"['P', 'DH', 'AA']",1,CCV,"['DH', 'P', 'AA']"
183,"['P', 'DH', 'AY']",1,CCV,"['DH', 'P', 'AY']"
184,"['P', 'DH', 'ER']",1,CCV,"['DH', 'ER', 'P']"
185,"['P', 'DH', 'AO']",1,CCV,"['DH', 'P', 'AO']"
186,"['P', 'DH', 'UW']",1,CCV,"['DH', 'P', 'UW']"
187,"['P', 'DH', 'IH']",1,CCV,"['DH', 'IH', 'P']"
188,"['P', 'DH', 'EH']",1,CCV,"['DH', 'P', 'EH']"
189,"['P', 'DH', 'UH']",1,CCV,"['DH', 'UH', 'R']"
190,"['P', 'DH', 'IY']",1,CCV,"['DH', 'P', 'IY']"
191,"['P', 'DH', 'EY']",1,CCV,"['DH', 'P', 'EY']"
192,"['P', 'DH', 'OW']",1,CCV,"['P', 'DH', 'OW']"
193,"['P', 'DH', 'AE']",1,CCV,"['DH', 'AE', 'AW']"
194,"['P', 'DH', 'AW']",1,CCV,"['DH', 'P', 'AW']"
195,"['P', 'HH', 'AH']",1,CCV,"['P', 'HH', 'AH']"
196,"['P', 'HH', 'OY']",1,CCV,"['P', 'OY', 'L']"
197,"['P', 'HH', 'AA']",1,CCV,"['P', 'HH', 'AA']"
198,"['P', 'HH', 'AY']",1,CCV,"['HH', 'AY', 'P']"
199,"['P', 'HH', 'ER']",1,CCV,"['P', 'HH', 'ER']"
200,"['P', 'HH', 'AO']",1,CCV,"['HH', 'AO', 'P']"
201,"['P', 'HH', 'UW']",1,CCV,"['P', 'HH', 'UW']"
202,"['P', 'HH', 'IH']",1,CCV,"['P', 'HH', 'IH']"
203,"['P', 'HH', 'EH']",1,CCV,"['HH', 'P', 'EH']"
204,"['P', 'HH', 'UH']",1,CCV,"['P', 'UH', 'L']"
205,"['P', 'HH', 'IY']",1,CCV,"['HH', 'IY', 'P']"
206,"['P', 'HH', 'EY']",1,CCV,"['P', 'HH', 'EY']"
207,"['P', 'HH', 'OW']",1,CCV,"['P', 'HH', 'OW']"
208,"['P', 'HH', 'AE']",1,CCV,"['HH', 'AE', 'P']"
209,"['P', 'HH', 'AW']",1,CCV,"['HH', 'AW', 'P']"
210,"['P', 'CH', 'AH']",2,CCV,"['P', 'CH', 'AH']"
211,"['P', 'CH', 'OY']",2,CCV,"['P', 'CH', 'OY']"
212,"['P', 'CH', 'AA']",2,CCV,"['P', 'CH', 'AA']"
213,"['P', 'CH', 'AY']",2,CCV,"['P', 'AY', 'CH']"
214,"['P', 'CH', 'ER']",2,CCV,"['P', 'CH', 'ER']"
215,"['P', 'CH', 'AO']",2,CCV,"['P', 'CH', 'AO']"
216,"['P', 'CH', 'UW']",2,CCV,"['P', 'CH', 'UW']"
217,"['P', 'CH', 'IH']",2,CCV,"['P', 'CH', 'IH']"
218,"['P', 'CH', 'EH']",2,CCV,"['P', 'CH', 'EH']"
219,"['P', 'CH', 'UH']",2,CCV,"['P', 'UH', 'CH']"
220,"['P', 'CH', 'IY']",2,CCV,"['P', 'CH', 'IY']"
221,"['P', 'CH', 'EY']",2,CCV,"['P', 'EY', 'CH']"
222,"['P', 'CH', 'OW']",2,CCV,"['P', 'OW', 'CH']"
223,"['P', 'CH', 'AE']",2,CCV,"['P', 'AE', 'CH']"
224,"['P', 'CH', 'AW']",2,CCV,"['P', 'CH', 'AW']"
225,"['P', 'JH', 'AH']",2,CCV,"['P', 'AE', 'JH']"
226,"['P', 'JH', 'OY']",2,CCV,"['P', 'OY', 'JH']"
227,"['P', 'JH', 'AA']",2,CCV,"['P', 'AE', 'JH']"
228,"['P', 'JH', 'AY']",2,CCV,"['P', 'AY', 'JH']"
229,"['P', 'JH', 'ER']",2,CCV,"['P', 'ER', 'JH']"
230,"['P', 'JH', 'AO']",2,CCV,"['P', 'AO', 'JH']"
231,"['P', 'JH', 'UW']",2,CCV,"['P', 'AE', 'JH']"
232,"['P', 'JH', 'IH']",2,CCV,"['P', 'IH', 'JH']"
233,"['P', 'JH', 'EH']",2,CCV,"['P', 'EH', 'JH']"
234,"['P', 'JH', 'UH']",2,CCV,"['P', 'UH', 'JH']"
235,"['P', 'JH', 'IY']",2,CCV,"['P', 'IY', 'JH']"
236,"['P', 'JH', 'EY']",2,CCV,"['P', 'EY', 'JH']"
237,"['P', 'JH', 'OW']",2,CCV,"['P', 'OW', 'JH']"
238,"['P', 'JH', 'AE']",2,CCV,"['P', 'AE', 'JH']"
239,"['P', 'JH', 'AW']",2,CCV,"['P', 'AW', 'JH']"
240,"['P', 'M', 'AH']",3,CCV,"['P', 'M', 'AH']"
241,"['P', 'M', 'OY']",3,CCV,"['P', 'M', 'OY']"
242,"['P', 'M', 'AA']",3,CCV,"['P', 'M', 'AA']"
243,"['P', 'M', 'AY']",3,CCV,"['P', 'M', 'AY']"
244,"['P', 'M', 'ER']",3,CCV,"['P', 'ER', 'M']"
245,"['P', 'M', 'AO']",3,CCV,"['P', 'M', 'AO']"
246,"['P', 'M', 'UW']",3,CCV,"['P', 'M', 'UW']"
247,"['P', 'M', 'IH']",3,CCV,"['P', 'M', 'IH']"
248,"['P', 'M', 'EH']",3,CCV,"['P', 'M', 'EH']"
249,"['P', 'M', 'UH']",3,CCV,"['P', 'UH', 'M']"
250,"['P', 'M', 'IY']",3,CCV,"['P', 'M', 'IY']"
251,"['P', 'M', 'EY']",3,CCV,"['P', 'M', 'EY']"
252,"['P', 'M', 'OW']",3,CCV,"['P', 'M', 'OW']"
253,"['P', 'M', 'AE']",3,CCV,"['P', 'AE', 'M']"
254,"['P', 'M', 'AW']",3,CCV,"['P', 'AW', 'M']"
255,"['P', 'N', 'AH']",3,CCV,"['P', 'AH', 'N']"
256,"['P', 'N', 'OY']",3,CCV,"['P', 'OY', 'N']"
257,"['P', 'N', 'AA']",3,CCV,"['P', 'AA', 'N']"
258,"['P', 'N', 'AY']",3,CCV,"['P', 'AY', 'N']"
259,"['P', 'N', 'ER']",3,CCV,"['P', 'ER', 'N']"
260,"['P', 'N', 'AO']",3,CCV,"['P', 'IH', 'N']"
261,"['P', 'N', 'UW']",3,CCV,"['P', 'UW', 'N']"
262,"['P', 'N', 'IH']",3,CCV,"['P', 'IH', 'N']"
263,"['P', 'N', 'EH']",3,CCV,"['P', 'EH', 'N']"
264,"['P', 'N', 'UH']",3,CCV,"['P', 'UH', 'N']"
265,"['P', 'N', 'IY']",3,CCV,"['P', 'AE', 'N']"
266,"['P', 'N', 'EY']",3,CCV,"['P', 'N', 'EY']"
267,"['P', 'N', 'OW']",3,CCV,"['P', 'OW', 'N']"
268,"['P', 'N', 'AE']",3,CCV,"['P', 'AE', 'N']"
269,"['P', 'N', 'AW']",3,CCV,"['P', 'AW', 'N']"
270,"['P', 'NG', 'AH']",3,CCV,"['P', 'NG', '<EOS>']"
271,"['P', 'NG', 'OY']",3,CCV,"['P', 'NG', 'OY']"
272,"['P', 'NG', 'AA']",3,CCV,"['P', 'NG', '<EOS>']"
273,"['P', 'NG', 'AY']",3,CCV,"['P', 'AY', 'NG']"
274,"['P', 'NG', 'ER']",3,CCV,"['P', 'ER', 'NG']"
275,"['P', 'NG', 'AO']",3,CCV,"['P', 'NG', 'AO']"
276,"['P', 'NG', 'UW']",3,CCV,"['P', 'NG', 'UW']"
277,"['P', 'NG', 'IH']",3,CCV,"['P', 'IH', 'NG']"
278,"['P', 'NG', 'EH']",3,CCV,"['P', 'NG', '<EOS>']"
279,"['P', 'NG', 'UH']",3,CCV,"['P', 'UH', 'NG']"
280,"['P', 'NG', 'IY']",3,CCV,"['P', 'IY', 'NG']"
281,"['P', 'NG', 'EY']",3,CCV,"['P', 'EY', 'NG']"
282,"['P', 'NG', 'OW']",3,CCV,"['P', 'OW', 'NG']"
283,"['P', 'NG', 'AE']",3,CCV,"['P', 'AE', 'NG']"
284,"['P', 'NG', 'AW']",3,CCV,"['P', 'NG', 'AW']"
285,"['P', 'L', 'AH']",4,CCV,"['P', 'L', 'AH']"
286,"['P', 'L', 'OY']",4,CCV,"['P', 'L', 'OY']"
287,"['P', 'L', 'AA']",4,CCV,"['P', 'L', 'AA']"
288,"['P', 'L', 'AY']",4,CCV,"['P', 'L', 'AY']"
289,"['P', 'L', 'ER']",4,CCV,"['P', 'L', 'ER']"
290,"['P', 'L', 'AO']",4,CCV,"['P', 'L', 'AO']"
291,"['P', 'L', 'UW']",4,CCV,"['P', 'L', 'UW']"
292,"['P', 'L', 'IH']",4,CCV,"['P', 'L', 'IH']"
293,"['P', 'L', 'EH']",4,CCV,"['P', 'L', 'EH']"
294,"['P', 'L', 'UH']",4,CCV,"['P', 'L', 'UH']"
295,"['P', 'L', 'IY']",4,CCV,"['P', 'L', 'IY']"
296,"['P', 'L', 'EY']",4,CCV,"['P', 'L', 'EY']"
297,"['P', 'L', 'OW']",4,CCV,"['P', 'L', 'OW']"
298,"['P', 'L', 'AE']",4,CCV,"['P', 'L', 'AE']"
299,"['P', 'L', 'AW']",4,CCV,"['P', 'L', 'AW']"
300,"['P', 'R', 'AH']",4,CCV,"['P', 'R', 'AH']"
301,"['P', 'R', 'OY']",4,CCV,"['P', 'R', 'OY']"
302,"['P', 'R', 'AA']",4,CCV,"['P', 'R', 'AA']"
303,"['P', 'R', 'AY']",4,CCV,"['P', 'R', 'AY']"
304,"['P', 'R', 'ER']",4,CCV,"['P', 'R', 'ER']"
305,"['P', 'R', 'AO']",4,CCV,"['P', 'R', 'AO']"
306,"['P', 'R', 'UW']",4,CCV,"['P', 'R', 'UW']"
307,"['P', 'R', 'IH']",4,CCV,"['P', 'R', 'IH']"
308,"['P', 'R', 'EH']",4,CCV,"['P', 'R', 'EH']"
309,"['P', 'R', 'UH']",4,CCV,"['P', 'R', 'UH']"
310,"['P', 'R', 'IY']",4,CCV,"['P', 'R', 'IY']"
311,"['P', 'R', 'EY']",4,CCV,"['P', 'R', 'EY']"
312,"['P', 'R', 'OW']",4,CCV,"['P', 'R', 'OW']"
313,"['P', 'R', 'AE']",4,CCV,"['P', 'R', 'AE']"
314,"['P', 'R', 'AW']",4,CCV,"['P', 'R', 'AW']"
315,"['P', 'W', 'AH']",5,CCV,"['P', 'W', 'AH']"
316,"['P', 'W', 'OY']",5,CCV,"['P', 'W', 'OY']"
317,"['P', 'W', 'AA']",5,CCV,"['P', 'W', 'AA']"
318,"['P', 'W', 'AY']",5,CCV,"['P', 'W', 'AY']"
319,"['P', 'W', 'ER']",5,CCV,"['P', 'W', 'ER']"
320,"['P', 'W', 'AO']",5,CCV,"['P', 'W', 'AO']"
321,"['P', 'W', 'UW']",5,CCV,"['P', 'W', 'UW']"
322,"['P', 'W', 'IH']",5,CCV,"['P', 'W', 'IH']"
323,"['P', 'W', 'EH']",5,CCV,"['P', 'W', 'EH']"
324,"['P', 'W', 'UH']",5,CCV,"['P', 'W', 'UH']"
325,"['P', 'W', 'IY']",5,CCV,"['P', 'W', 'IY']"
326,"['P', 'W', 'EY']",5,CCV,"['P', 'W', 'EY']"
327,"['P', 'W', 'OW']",5,CCV,"['P', 'W', 'OW']"
328,"['P', 'W', 'AE']",5,CCV,"['P', 'W', 'AE']"
329,"['P', 'W', 'AW']",5,CCV,"['P', 'W', 'AW']"
330,"['P', 'Y', 'AH']",5,CCV,"['P', 'Y', 'AH']"
331,"['P', 'Y', 'OY']",5,CCV,"['P', 'OY', 'L']"
332,"['P', 'Y', 'AA']",5,CCV,"['P', 'Y', 'AA']"
333,"['P', 'Y', 'AY']",5,CCV,"['P', 'Y', 'AY']"
334,"['P', 'Y', 'ER']",5,CCV,"['P', 'Y', 'ER']"
335,"['P', 'Y', 'AO']",5,CCV,"['P', 'Y', 'AO']"
336,"['P', 'Y', 'UW']",5,CCV,"['P', 'Y', 'UW']"
337,"['P', 'Y', 'IH']",5,CCV,"['P', 'Y', 'IH']"
338,"['P', 'Y', 'EH']",5,CCV,"['P', 'Y', 'EH']"
339,"['P', 'Y', 'UH']",5,CCV,"['P', 'Y', 'UH']"
340,"['P', 'Y', 'IY']",5,CCV,"['P', 'Y', 'IY']"
341,"['P', 'Y', 'EY']",5,CCV,"['P', 'Y', 'EY']"
342,"['P', 'Y', 'OW']",5,CCV,"['P', 'Y', 'OW']"
343,"['P', 'Y', 'AE']",5,CCV,"['P', 'Y', 'AE']"
344,"['P', 'Y', 'AW']",5,CCV,"['P', 'Y', 'AW']"
345,"['T', 'P', 'AH']",0,CCV,"['T', 'P', 'AH']"
346,"['T', 'P', 'OY']",0,CCV,"['T', 'OY', 'P']"
347,"['T', 'P', 'AA']",0,CCV,"['T', 'P', 'AA']"
348,"['T', 'P', 'AY']",0,CCV,"['T', 'P', 'AY']"
349,"['T', 'P', 'ER']",0,CCV,"['T', 'P', 'ER']"
350,"['T', 'P', 'AO']",0,CCV,"['T', 'P', 'AO']"
351,"['T', 'P', 'UW']",0,CCV,"['T', 'P', 'UW']"
352,"['T', 'P', 'IH']",0,CCV,"['T', 'P', 'IH']"
353,"['T', 'P', 'EH']",0,CCV,"['T', 'P', 'EH']"
354,"['T', 'P', 'UH']",0,CCV,"['T', 'UH', 'P']"
355,"['T', 'P', 'IY']",0,CCV,"['T', 'P', 'IY']"
356,"['T', 'P', 'EY']",0,CCV,"['T', 'P', 'EY']"
357,"['T', 'P', 'OW']",0,CCV,"['T', 'P', 'OW']"
358,"['T', 'P', 'AE']",0,CCV,"['T', 'P', 'AE']"
359,"['T', 'P', 'AW']",0,CCV,"['T', 'P', 'AW']"
360,"['T', 'K', 'AH']",0,CCV,"['T', 'K', 'AH']"
361,"['T', 'K', 'OY']",0,CCV,"['T', 'K', 'OY']"
362,"['T', 'K', 'AA']",0,CCV,"['T', 'K', 'AA']"
363,"['T', 'K', 'AY']",0,CCV,"['T', 'K', 'AY']"
364,"['T', 'K', 'ER']",0,CCV,"['T', 'K', 'ER']"
365,"['T', 'K', 'AO']",0,CCV,"['T', 'K', 'AO']"
366,"['T', 'K', 'UW']",0,CCV,"['T', 'UW', 'K']"
367,"['T', 'K', 'IH']",0,CCV,"['T', 'K', 'IH']"
368,"['T', 'K', 'EH']",0,CCV,"['T', 'EH', 'K']"
369,"['T', 'K', 'UH']",0,CCV,"['T', 'UH', 'K']"
370,"['T', 'K', 'IY']",0,CCV,"['T', 'K', 'IY']"
371,"['T', 'K', 'EY']",0,CCV,"['T', 'EY', 'K']"
372,"['T', 'K', 'OW']",0,CCV,"['T', 'K', 'OW']"
373,"['T', 'K', 'AE']",0,CCV,"['T', 'AE', 'K']"
374,"['T', 'K', 'AW']",0,CCV,"['T', 'AW', 'K']"
375,"['T', 'B', 'AH']",0,CCV,"['T', 'B', 'AH']"
376,"['T', 'B', 'OY']",0,CCV,"['T', 'OY', 'B']"
377,"['T', 'B', 'AA']",0,CCV,"['T', 'B', 'AA']"
378,"['T', 'B', 'AY']",0,CCV,"['T', 'AY', 'B']"
379,"['T', 'B', 'ER']",0,CCV,"['T', 'B', 'ER']"
380,"['T', 'B', 'AO']",0,CCV,"['T', 'B', 'AO']"
381,"['T', 'B', 'UW']",0,CCV,"['T', 'B', 'UW']"
382,"['T', 'B', 'IH']",0,CCV,"['T', 'IH', 'B']"
383,"['T', 'B', 'EH']",0,CCV,"['T', 'B', 'EH']"
384,"['T', 'B', 'UH']",0,CCV,"['T', 'UH', 'B']"
385,"['T', 'B', 'IY']",0,CCV,"['T', 'B', 'IY']"
386,"['T', 'B', 'EY']",0,CCV,"['T', 'EY', 'B']"
387,"['T', 'B', 'OW']",0,CCV,"['T', 'OW', 'B']"
388,"['T', 'B', 'AE']",0,CCV,"['T', 'AE', 'B']"
389,"['T', 'B', 'AW']",0,CCV,"['T', 'AW', 'B']"
390,"['T', 'D', 'AH']",0,CCV,"['T', 'IH', 'D']"
391,"['T', 'D', 'OY']",0,CCV,"['T', 'OY', 'D']"
392,"['T', 'D', 'AA']",0,CCV,"['T', 'AA', 'D']"
393,"['T', 'D', 'AY']",0,CCV,"['T', 'AY', 'D']"
394,"['T', 'D', 'ER']",0,CCV,"['T', 'ER', 'D']"
395,"['T', 'D', 'AO']",0,CCV,"['T', 'AO', 'D']"
396,"['T', 'D', 'UW']",0,CCV,"['T', 'UW', 'D']"
397,"['T', 'D', 'IH']",0,CCV,"['T', 'IH', 'D']"
398,"['T', 'D', 'EH']",0,CCV,"['T', 'EH', 'D']"
399,"['T', 'D', 'UH']",0,CCV,"['T', 'UH', 'D']"
400,"['T', 'D', 'IY']",0,CCV,"['T', 'IH', 'D']"
401,"['T', 'D', 'EY']",0,CCV,"['T', 'EY', 'D']"
402,"['T', 'D', 'OW']",0,CCV,"['T', 'OW', 'D']"
403,"['T', 'D', 'AE']",0,CCV,"['T', 'AE', 'D']"
404,"['T', 'D', 'AW']",0,CCV,"['T', 'AW', 'D']"
405,"['T', 'G', 'AH']",0,CCV,"['T', 'G', 'AH']"
406,"['T', 'G', 'OY']",0,CCV,"['T', 'OY', 'G']"
407,"['T', 'G', 'AA']",0,CCV,"['T', 'G', 'AA']"
408,"['T', 'G', 'AY']",0,CCV,"['T', 'AY', 'G']"
409,"['T', 'G', 'ER']",0,CCV,"['T', 'G', 'ER']"
410,"['T', 'G', 'AO']",0,CCV,"['T', 'G', 'AO']"
411,"['T', 'G', 'UW']",0,CCV,"['T', 'G', 'UW']"
412,"['T', 'G', 'IH']",0,CCV,"['T', 'IH', 'G']"
413,"['T', 'G', 'EH']",0,CCV,"['T', 'G', 'EH']"
414,"['T', 'G', 'UH']",0,CCV,"['T', 'UH', 'G']"
415,"['T', 'G', 'IY']",0,CCV,"['T', 'G', 'IY']"
416,"['T', 'G', 'EY']",0,CCV,"['T', 'G', 'EY']"
417,"['T', 'G', 'OW']",0,CCV,"['T', 'G', 'OW']"
418,"['T', 'G', 'AE']",0,CCV,"['T', 'G', 'AE']"
419,"['T', 'G', 'AW']",0,CCV,"['T', 'G', 'AW']"
420,"['T', 'F', 'AH']",1,CCV,"['T', 'F', 'AH']"
421,"['T', 'F', 'OY']",1,CCV,"['T', 'F', 'OY']"
422,"['T', 'F', 'AA']",1,CCV,"['T', 'F', 'AA']"
423,"['T', 'F', 'AY']",1,CCV,"['T', 'F', 'AY']"
424,"['T', 'F', 'ER']",1,CCV,"['T', 'F', 'ER']"
425,"['T', 'F', 'AO']",1,CCV,"['T', 'F', 'AO']"
426,"['T', 'F', 'UW']",1,CCV,"['T', 'F', 'UW']"
427,"['T', 'F', 'IH']",1,CCV,"['T', 'F', 'IH']"
428,"['T', 'F', 'EH']",1,CCV,"['T', 'F', 'EH']"
429,"['T', 'F', 'UH']",1,CCV,"['T', 'UH', 'F']"
430,"['T', 'F', 'IY']",1,CCV,"['T', 'F', 'IY']"
431,"['T', 'F', 'EY']",1,CCV,"['T', 'EY', 'F']"
432,"['T', 'F', 'OW']",1,CCV,"['T', 'F', 'OW']"
433,"['T', 'F', 'AE']",1,CCV,"['T', 'F', 'AE']"
434,"['T', 'F', 'AW']",1,CCV,"['T', 'F', 'AW']"
435,"['T', 'TH', 'AH']",1,CCV,"['T', 'TH', 'AH']"
436,"['T', 'TH', 'OY']",1,CCV,"['T', 'OY', 'TH']"
437,"['T', 'TH', 'AA']",1,CCV,"['T', 'TH', 'AA']"
438,"['T', 'TH', 'AY']",1,CCV,"['T', 'TH', 'AY']"
439,"['T', 'TH', 'ER']",1,CCV,"['T', 'TH', 'ER']"
440,"['T', 'TH', 'AO']",1,CCV,"['T', 'TH', 'AO']"
441,"['T', 'TH', 'UW']",1,CCV,"['T', 'TH', 'UW']"
442,"['T', 'TH', 'IH']",1,CCV,"['T', 'TH', 'IH']"
443,"['T', 'TH', 'EH']",1,CCV,"['T', 'TH', 'EH']"
444,"['T', 'TH', 'UH']",1,CCV,"['T', 'TH', 'UH']"
445,"['T', 'TH', 'IY']",1,CCV,"['T', 'TH', 'IY']"
446,"['T', 'TH', 'EY']",1,CCV,"['T', 'TH', 'EY']"
447,"['T', 'TH', 'OW']",1,CCV,"['T', 'TH', 'OW']"
448,"['T', 'TH', 'AE']",1,CCV,"['T', 'TH', 'AE']"
449,"['T', 'TH', 'AW']",1,CCV,"['T', 'TH', 'AW']"
450,"['T', 'S', 'AH']",1,CCV,"['T', 'S', 'AH']"
451,"['T', 'S', 'OY']",1,CCV,"['T', 'OY', 'S']"
452,"['T', 'S', 'AA']",1,CCV,"['T', 'S', 'AA']"
453,"['T', 'S', 'AY']",1,CCV,"['T', 'S', 'AY']"
454,"['T', 'S', 'ER']",1,CCV,"['T', 'S', 'ER']"
455,"['T', 'S', 'AO']",1,CCV,"['T', 'S', 'AO']"
456,"['T', 'S', 'UW']",1,CCV,"['T', 'S', 'UW']"
457,"['T', 'S', 'IH']",1,CCV,"['T', 'S', 'IH']"
458,"['T', 'S', 'EH']",1,CCV,"['T', 'S', 'EH']"
459,"['T', 'S', 'UH']",1,CCV,"['S', 'T', 'UH']"
460,"['T', 'S', 'IY']",1,CCV,"['T', 'S', 'IY']"
461,"['T', 'S', 'EY']",1,CCV,"['T', 'S', 'EY']"
462,"['T', 'S', 'OW']",1,CCV,"['T', 'S', 'OW']"
463,"['T', 'S', 'AE']",1,CCV,"['T', 'S', 'AE']"
464,"['T', 'S', 'AW']",1,CCV,"['T', 'S', 'AW']"
465,"['T', 'SH', 'AH']",1,CCV,"['T', 'SH', 'AH']"
466,"['T', 'SH', 'OY']",1,CCV,"['T', 'OY', 'SH']"
467,"['T', 'SH', 'AA']",1,CCV,"['T', 'SH', 'AA']"
468,"['T', 'SH', 'AY']",1,CCV,"['T', 'SH', 'AY']"
469,"['T', 'SH', 'ER']",1,CCV,"['T', 'SH', 'ER']"
470,"['T', 'SH', 'AO']",1,CCV,"['T', 'SH', 'AO']"
471,"['T', 'SH', 'UW']",1,CCV,"['T', 'SH', 'UW']"
472,"['T', 'SH', 'IH']",1,CCV,"['T', 'SH', 'IH']"
473,"['T', 'SH', 'EH']",1,CCV,"['T', 'SH', 'EH']"
474,"['T', 'SH', 'UH']",1,CCV,"['T', 'UH', 'SH']"
475,"['T', 'SH', 'IY']",1,CCV,"['T', 'SH', 'IY']"
476,"['T', 'SH', 'EY']",1,CCV,"['T', 'SH', 'EY']"
477,"['T', 'SH', 'OW']",1,CCV,"['T', 'SH', 'OW']"
478,"['T', 'SH', 'AE']",1,CCV,"['T', 'SH', 'AE']"
479,"['T', 'SH', 'AW']",1,CCV,"['T', 'SH', 'AW']"
480,"['T', 'Z', 'AH']",1,CCV,"['T', 'IH', 'Z']"
481,"['T', 'Z', 'OY']",1,CCV,"['T', 'EH', 'Z']"
482,"['T', 'Z', 'AA']",1,CCV,"['T', 'AA', 'Z']"
483,"['T', 'Z', 'AY']",1,CCV,"['T', 'AY', 'Z']"
484,"['T', 'Z', 'ER']",1,CCV,"['T', 'EH', 'Z']"
485,"['T', 'Z', 'AO']",1,CCV,"['T', 'AO', 'Z']"
486,"['T', 'Z', 'UW']",1,CCV,"['T', 'UW', 'Z']"
487,"['T', 'Z', 'IH']",1,CCV,"['T', 'IH', 'Z']"
488,"['T', 'Z', 'EH']",1,CCV,"['T', 'EH', 'Z']"
489,"['T', 'Z', 'UH']",1,CCV,"['T', 'IH', 'Z']"
490,"['T', 'Z', 'IY']",1,CCV,"['T', 'EH', 'Z']"
491,"['T', 'Z', 'EY']",1,CCV,"['T', 'EY', 'Z']"
492,"['T', 'Z', 'OW']",1,CCV,"['T', 'OW', 'Z']"
493,"['T', 'Z', 'AE']",1,CCV,"['T', 'AE', 'Z']"
494,"['T', 'Z', 'AW']",1,CCV,"['T', 'AW', 'Z']"
495,"['T', 'ZH', 'AH']",1,CCV,"['T', 'ZH', 'AH']"
496,"['T', 'ZH', 'OY']",1,CCV,"['T', 'ZH', 'OY']"
497,"['T', 'ZH', 'AA']",1,CCV,"['T', 'ZH', 'AA']"
498,"['T', 'ZH', 'AY']",1,CCV,"['T', 'ZH', 'AY']"
499,"['T', 'ZH', 'ER']",1,CCV,"['T', 'ZH', 'ER']"
500,"['T', 'ZH', 'AO']",1,CCV,"['T', 'ZH', 'AO']"
501,"['T', 'ZH', 'UW']",1,CCV,"['T', 'ZH', 'UW']"
502,"['T', 'ZH', 'IH']",1,CCV,"['ZH', 'IH', 'T']"
503,"['T', 'ZH', 'EH']",1,CCV,"['T', 'ZH', 'EH']"
504,"['T', 'ZH', 'UH']",1,CCV,"['ZH', 'UH', 'T']"
505,"['T', 'ZH', 'IY']",1,CCV,"['T', 'ZH', 'IY']"
506,"['T', 'ZH', 'EY']",1,CCV,"['T', 'ZH', 'EY']"
507,"['T', 'ZH', 'OW']",1,CCV,"['T', 'ZH', 'OW']"
508,"['T', 'ZH', 'AE']",1,CCV,"['ZH', 'AE', 'T']"
509,"['T', 'ZH', 'AW']",1,CCV,"['T', 'ZH', 'AW']"
510,"['T', 'V', 'AH']",1,CCV,"['T', 'V', 'AH']"
511,"['T', 'V', 'OY']",1,CCV,"['T', 'OY', 'V']"
512,"['T', 'V', 'AA']",1,CCV,"['T', 'V', 'AA']"
513,"['T', 'V', 'AY']",1,CCV,"['T', 'AY', 'V']"
514,"['T', 'V', 'ER']",1,CCV,"['T', 'V', 'ER']"
515,"['T', 'V', 'AO']",1,CCV,"['T', 'V', 'AO']"
516,"['T', 'V', 'UW']",1,CCV,"['T', 'V', 'UW']"
517,"['T', 'V', 'IH']",1,CCV,"['T', 'IH', 'V']"
518,"['T', 'V', 'EH']",1,CCV,"['T', 'V', 'EH']"
519,"['T', 'V', 'UH']",1,CCV,"['T', 'UH', 'V']"
520,"['T', 'V', 'IY']",1,CCV,"['T', 'V', 'IY']"
521,"['T', 'V', 'EY']",1,CCV,"['T', 'EY', 'V']"
522,"['T', 'V', 'OW']",1,CCV,"['T', 'V', 'OW']"
523,"['T', 'V', 'AE']",1,CCV,"['T', 'V', 'AE']"
524,"['T', 'V', 'AW']",1,CCV,"['T', 'V', 'AW']"
525,"['T', 'DH', 'AH']",1,CCV,"['T', 'DH', 'AH']"
526,"['T', 'DH', 'OY']",1,CCV,"['T', 'DH', 'OY']"
527,"['T', 'DH', 'AA']",1,CCV,"['T', 'DH', 'AA']"
528,"['T', 'DH', 'AY']",1,CCV,"['T', 'DH', 'AY']"
529,"['T', 'DH', 'ER']",1,CCV,"['T', 'DH', 'ER']"
530,"['T', 'DH', 'AO']",1,CCV,"['T', 'DH', 'AO']"
531,"['T', 'DH', 'UW']",1,CCV,"['T', 'DH', 'UW']"
532,"['T', 'DH', 'IH']",1,CCV,"['T', 'DH', 'IH']"
533,"['T', 'DH', 'EH']",1,CCV,"['T', 'DH', 'EH']"
534,"['T', 'DH', 'UH']",1,CCV,"['T', 'DH', 'UH']"
535,"['T', 'DH', 'IY']",1,CCV,"['T', 'DH', 'IY']"
536,"['T', 'DH', 'EY']",1,CCV,"['T', 'DH', 'EY']"
537,"['T', 'DH', 'OW']",1,CCV,"['T', 'DH', 'OW']"
538,"['T', 'DH', 'AE']",1,CCV,"['T', 'DH', 'AE']"
539,"['T', 'DH', 'AW']",1,CCV,"['T', 'DH', 'AW']"
540,"['T', 'HH', 'AH']",1,CCV,"['T', 'HH', 'AH']"
541,"['T', 'HH', 'OY']",1,CCV,"['T', 'OY', 'HH']"
542,"['T', 'HH', 'AA']",1,CCV,"['T', 'HH', 'AA']"
543,"['T', 'HH', 'AY']",1,CCV,"['T', 'AY', 'HH']"
544,"['T', 'HH', 'ER']",1,CCV,"['T', 'HH', 'ER']"
545,"['T', 'HH', 'AO']",1,CCV,"['T', 'HH', 'AO']"
546,"['T', 'HH', 'UW']",1,CCV,"['T', 'HH', 'UW']"
547,"['T', 'HH', 'IH']",1,CCV,"['T', 'HH', 'IH']"
548,"['T', 'HH', 'EH']",1,CCV,"['T', 'HH', 'EH']"
549,"['T', 'HH', 'UH']",1,CCV,"['T', 'UH', 'L']"
550,"['T', 'HH', 'IY']",1,CCV,"['T', 'HH', 'IY']"
551,"['T', 'HH', 'EY']",1,CCV,"['T', 'HH', 'EY']"
552,"['T', 'HH', 'OW']",1,CCV,"['T', 'HH', 'OW']"
553,"['T', 'HH', 'AE']",1,CCV,"['T', 'HH', 'AE']"
554,"['T', 'HH', 'AW']",1,CCV,"['T', 'HH', 'AW']"
555,"['T', 'CH', 'AH']",2,CCV,"['T', 'CH', 'AH']"
556,"['T', 'CH', 'OY']",2,CCV,"['T', 'CH', 'OY']"
557,"['T', 'CH', 'AA']",2,CCV,"['T', 'EY', 'CH']"
558,"['T', 'CH', 'AY']",2,CCV,"['T', 'AY', 'CH']"
559,"['T', 'CH', 'ER']",2,CCV,"['T', 'CH', 'ER']"
560,"['T', 'CH', 'AO']",2,CCV,"['T', 'CH', 'AO']"
561,"['T', 'CH', 'UW']",2,CCV,"['T', 'CH', 'UW']"
562,"['T', 'CH', 'IH']",2,CCV,"['T', 'IH', 'CH']"
563,"['T', 'CH', 'EH']",2,CCV,"['T', 'CH', 'EH']"
564,"['T', 'CH', 'UH']",2,CCV,"['T', 'UH', 'UH']"
565,"['T', 'CH', 'IY']",2,CCV,"['T', 'CH', 'IY']"
566,"['T', 'CH', 'EY']",2,CCV,"['T', 'EY', 'CH']"
567,"['T', 'CH', 'OW']",2,CCV,"['T', 'OW', 'CH']"
568,"['T', 'CH', 'AE']",2,CCV,"['T', 'AE', 'CH']"
569,"['T', 'CH', 'AW']",2,CCV,"['T', 'CH', 'AW']"
570,"['T', 'JH', 'AH']",2,CCV,"['T', 'AH', 'JH']"
571,"['T', 'JH', 'OY']",2,CCV,"['T', 'OY', 'JH']"
572,"['T', 'JH', 'AA']",2,CCV,"['T', 'AA', 'JH']"
573,"['T', 'JH', 'AY']",2,CCV,"['T', 'AY', 'JH']"
574,"['T', 'JH', 'ER']",2,CCV,"['T', 'ER', 'JH']"
575,"['T', 'JH', 'AO']",2,CCV,"['T', 'AO', 'JH']"
576,"['T', 'JH', 'UW']",2,CCV,"['T', 'UW', 'JH']"
577,"['T', 'JH', 'IH']",2,CCV,"['T', 'IH', 'JH']"
578,"['T', 'JH', 'EH']",2,CCV,"['T', 'EH', 'JH']"
579,"['T', 'JH', 'UH']",2,CCV,"['T', 'UH', 'JH']"
580,"['T', 'JH', 'IY']",2,CCV,"['T', 'IY', 'JH']"
581,"['T', 'JH', 'EY']",2,CCV,"['T', 'EY', 'JH']"
582,"['T', 'JH', 'OW']",2,CCV,"['T', 'OW', 'JH']"
583,"['T', 'JH', 'AE']",2,CCV,"['T', 'AE', 'JH']"
584,"['T', 'JH', 'AW']",2,CCV,"['T', 'AW', 'JH']"
585,"['T', 'M', 'AH']",3,CCV,"['T', 'M', 'AH']"
586,"['T', 'M', 'OY']",3,CCV,"['T', 'OY', 'EH']"
587,"['T', 'M', 'AA']",3,CCV,"['T', 'M', 'AA']"
588,"['T', 'M', 'AY']",3,CCV,"['T', 'M', 'AY']"
589,"['T', 'M', 'ER']",3,CCV,"['T', 'M', 'ER']"
590,"['T', 'M', 'AO']",3,CCV,"['T', 'M', 'AO']"
591,"['T', 'M', 'UW']",3,CCV,"['T', 'M', 'UW']"
592,"['T', 'M', 'IH']",3,CCV,"['T', 'IH', 'M']"
593,"['T', 'M', 'EH']",3,CCV,"['T', 'M', 'EH']"
594,"['T', 'M', 'UH']",3,CCV,"['T', 'UH', 'M']"
595,"['T', 'M', 'IY']",3,CCV,"['T', 'M', 'IY']"
596,"['T', 'M', 'EY']",3,CCV,"['T', 'M', 'EY']"
597,"['T', 'M', 'OW']",3,CCV,"['T', 'M', 'OW']"
598,"['T', 'M', 'AE']",3,CCV,"['T', 'M', 'AE']"
599,"['T', 'M', 'AW']",3,CCV,"['T', 'AW', 'M']"
600,"['T', 'N', 'AH']",3,CCV,"['T', 'R', 'AH']"
601,"['T', 'N', 'OY']",3,CCV,"['T', 'OY', 'N']"
602,"['T', 'N', 'AA']",3,CCV,"['T', 'AA', 'N']"
603,"['T', 'N', 'AY']",3,CCV,"['T', 'AY', 'N']"
604,"['T', 'N', 'ER']",3,CCV,"['T', 'ER', 'N']"
605,"['T', 'N', 'AO']",3,CCV,"['T', 'AO', 'N']"
606,"['T', 'N', 'UW']",3,CCV,"['T', 'UW', 'N']"
607,"['T', 'N', 'IH']",3,CCV,"['T', 'IH', 'N']"
608,"['T', 'N', 'EH']",3,CCV,"['T', 'EH', 'N']"
609,"['T', 'N', 'UH']",3,CCV,"['T', 'UH', 'N']"
610,"['T', 'N', 'IY']",3,CCV,"['T', 'EH', 'N']"
611,"['T', 'N', 'EY']",3,CCV,"['T', 'N', 'EY']"
612,"['T', 'N', 'OW']",3,CCV,"['T', 'OW', 'N']"
613,"['T', 'N', 'AE']",3,CCV,"['T', 'AE', 'N']"
614,"['T', 'N', 'AW']",3,CCV,"['T', 'AW', 'N']"
615,"['T', 'NG', 'AH']",3,CCV,"['T', 'NG', '<EOS>']"
616,"['T', 'NG', 'OY']",3,CCV,"['T', 'R', 'UW']"
617,"['T', 'NG', 'AA']",3,CCV,"['T', 'AA', 'NG']"
618,"['T', 'NG', 'AY']",3,CCV,"['T', 'AY', 'NG']"
619,"['T', 'NG', 'ER']",3,CCV,"['T', 'NG', 'ER']"
620,"['T', 'NG', 'AO']",3,CCV,"['T', 'AO', 'NG']"
621,"['T', 'NG', 'UW']",3,CCV,"['T', 'NG', 'UW']"
622,"['T', 'NG', 'IH']",3,CCV,"['T', 'IH', 'NG']"
623,"['T', 'NG', 'EH']",3,CCV,"['T', 'EH', 'NG']"
624,"['T', 'NG', 'UH']",3,CCV,"['T', 'UH', 'NG']"
625,"['T', 'NG', 'IY']",3,CCV,"['T', 'IY', 'NG']"
626,"['T', 'NG', 'EY']",3,CCV,"['T', 'EY', 'NG']"
627,"['T', 'NG', 'OW']",3,CCV,"['T', 'OW', 'NG']"
628,"['T', 'NG', 'AE']",3,CCV,"['T', 'AE', 'NG']"
629,"['T', 'NG', 'AW']",3,CCV,"['T', 'NG', 'AW']"
630,"['T', 'L', 'AH']",4,CCV,"['T', 'L', 'AH']"
631,"['T', 'L', 'OY']",4,CCV,"['T', 'L', 'OY']"
632,"['T', 'L', 'AA']",4,CCV,"['T', 'L', 'AA']"
633,"['T', 'L', 'AY']",4,CCV,"['T', 'L', 'AY']"
634,"['T', 'L', 'ER']",4,CCV,"['T', 'L', 'ER']"
635,"['T', 'L', 'AO']",4,CCV,"['T', 'L', 'AO']"
636,"['T', 'L', 'UW']",4,CCV,"['T', 'L', 'UW']"
637,"['T', 'L', 'IH']",4,CCV,"['T', 'L', 'IH']"
638,"['T', 'L', 'EH']",4,CCV,"['T', 'L', 'EH']"
639,"['T', 'L', 'UH']",4,CCV,"['T', 'L', 'UH']"
640,"['T', 'L', 'IY']",4,CCV,"['T', 'L', 'IY']"
641,"['T', 'L', 'EY']",4,CCV,"['T', 'L', 'EY']"
642,"['T', 'L', 'OW']",4,CCV,"['T', 'L', 'OW']"
643,"['T', 'L', 'AE']",4,CCV,"['T', 'L', 'AE']"
644,"['T', 'L', 'AW']",4,CCV,"['T', 'L', 'AW']"
645,"['T', 'R', 'AH']",4,CCV,"['T', 'R', 'AH']"
646,"['T', 'R', 'OY']",4,CCV,"['T', 'R', 'OY']"
647,"['T', 'R', 'AA']",4,CCV,"['T', 'R', 'AA']"
648,"['T', 'R', 'AY']",4,CCV,"['T', 'R', 'AY']"
649,"['T', 'R', 'ER']",4,CCV,"['T', 'R', 'ER']"
650,"['T', 'R', 'AO']",4,CCV,"['T', 'R', 'AO']"
651,"['T', 'R', 'UW']",4,CCV,"['T', 'R', 'UW']"
652,"['T', 'R', 'IH']",4,CCV,"['T', 'R', 'IH']"
653,"['T', 'R', 'EH']",4,CCV,"['T', 'R', 'EH']"
654,"['T', 'R', 'UH']",4,CCV,"['T', 'R', 'UH']"
655,"['T', 'R', 'IY']",4,CCV,"['T', 'R', 'IY']"
656,"['T', 'R', 'EY']",4,CCV,"['T', 'R', 'EY']"
657,"['T', 'R', 'OW']",4,CCV,"['T', 'R', 'OW']"
658,"['T', 'R', 'AE']",4,CCV,"['T', 'R', 'AE']"
659,"['T', 'R', 'AW']",4,CCV,"['T', 'R', 'AW']"
660,"['T', 'W', 'AH']",5,CCV,"['T', 'W', 'AH']"
661,"['T', 'W', 'OY']",5,CCV,"['T', 'W', 'OY']"
662,"['T', 'W', 'AA']",5,CCV,"['T', 'W', 'AA']"
663,"['T', 'W', 'AY']",5,CCV,"['T', 'W', 'AY']"
664,"['T', 'W', 'ER']",5,CCV,"['T', 'W', 'ER']"
665,"['T', 'W', 'AO']",5,CCV,"['T', 'W', 'AO']"
666,"['T', 'W', 'UW']",5,CCV,"['T', 'W', 'UW']"
667,"['T', 'W', 'IH']",5,CCV,"['T', 'W', 'IH']"
668,"['T', 'W', 'EH']",5,CCV,"['T', 'W', 'EH']"
669,"['T', 'W', 'UH']",5,CCV,"['T', 'W', 'UH']"
670,"['T', 'W', 'IY']",5,CCV,"['T', 'W', 'IY']"
671,"['T', 'W', 'EY']",5,CCV,"['T', 'W', 'EY']"
672,"['T', 'W', 'OW']",5,CCV,"['T', 'W', 'OW']"
673,"['T', 'W', 'AE']",5,CCV,"['T', 'W', 'AE']"
674,"['T', 'W', 'AW']",5,CCV,"['T', 'W', 'AW']"
675,"['T', 'Y', 'AH']",5,CCV,"['T', 'Y', 'AH']"
676,"['T', 'Y', 'OY']",5,CCV,"['T', 'OY', 'Y']"
677,"['T', 'Y', 'AA']",5,CCV,"['T', 'Y', 'AA']"
678,"['T', 'Y', 'AY']",5,CCV,"['T', 'Y', 'AY']"
679,"['T', 'Y', 'ER']",5,CCV,"['T', 'Y', 'ER']"
680,"['T', 'Y', 'AO']",5,CCV,"['T', 'AO', 'Y']"
681,"['T', 'Y', 'UW']",5,CCV,"['T', 'Y', 'UW']"
682,"['T', 'Y', 'IH']",5,CCV,"['T', 'IH', 'Y']"
683,"['T', 'Y', 'EH']",5,CCV,"['T', 'Y', 'EH']"
684,"['T', 'Y', 'UH']",5,CCV,"['T', 'Y', 'UH']"
685,"['T', 'Y', 'IY']",5,CCV,"['T', 'Y', 'IY']"
686,"['T', 'Y', 'EY']",5,CCV,"['T', 'Y', 'EY']"
687,"['T', 'Y', 'OW']",5,CCV,"['T', 'Y', 'OW']"
688,"['T', 'Y', 'AE']",5,CCV,"['T', 'Y', 'AE']"
689,"['T', 'Y', 'AW']",5,CCV,"['T', 'AW', 'Y']"
690,"['K', 'P', 'AH']",0,CCV,"['P', 'K', 'AH']"
691,"['K', 'P', 'OY']",0,CCV,"['K', 'P', 'OY']"
692,"['K', 'P', 'AA']",0,CCV,"['K', 'AA', 'P']"
693,"['K', 'P', 'AY']",0,CCV,"['K', 'P', 'AY']"
694,"['K', 'P', 'ER']",0,CCV,"['K', 'P', 'ER']"
695,"['K', 'P', 'AO']",0,CCV,"['P', 'K', 'AO']"
696,"['K', 'P', 'UW']",0,CCV,"['K', 'UW', 'P']"
697,"['K', 'P', 'IH']",0,CCV,"['K', 'P', 'IH']"
698,"['K', 'P', 'EH']",0,CCV,"['K', 'P', 'EH']"
699,"['K', 'P', 'UH']",0,CCV,"['K', 'UH', 'P']"
700,"['K', 'P', 'IY']",0,CCV,"['K', 'T', 'IY']"
701,"['K', 'P', 'EY']",0,CCV,"['K', 'EY', 'P']"
702,"['K', 'P', 'OW']",0,CCV,"['P', 'K', 'OW']"
703,"['K', 'P', 'AE']",0,CCV,"['P', 'AE', 'K']"
704,"['K', 'P', 'AW']",0,CCV,"['K', 'AW', 'P']"
705,"['K', 'T', 'AH']",0,CCV,"['K', 'T', 'AH']"
706,"['K', 'T', 'OY']",0,CCV,"['K', 'T', 'OY']"
707,"['K', 'T', 'AA']",0,CCV,"['K', 'T', 'AA']"
708,"['K', 'T', 'AY']",0,CCV,"['K', 'T', 'AY']"
709,"['K', 'T', 'ER']",0,CCV,"['K', 'T', 'ER']"
710,"['K', 'T', 'AO']",0,CCV,"['K', 'T', 'AO']"
711,"['K', 'T', 'UW']",0,CCV,"['K', 'T', 'UW']"
712,"['K', 'T', 'IH']",0,CCV,"['K', 'T', 'IH']"
713,"['K', 'T', 'EH']",0,CCV,"['K', 'T', 'EH']"
714,"['K', 'T', 'UH']",0,CCV,"['K', 'UH', 'T']"
715,"['K', 'T', 'IY']",0,CCV,"['K', 'T', 'IY']"
716,"['K', 'T', 'EY']",0,CCV,"['K', 'T', 'EY']"
717,"['K', 'T', 'OW']",0,CCV,"['K', 'T', 'OW']"
718,"['K', 'T', 'AE']",0,CCV,"['K', 'T', 'AE']"
719,"['K', 'T', 'AW']",0,CCV,"['K', 'T', 'AW']"
720,"['K', 'B', 'AH']",0,CCV,"['K', 'B', 'AH']"
721,"['K', 'B', 'OY']",0,CCV,"['K', 'B', 'OY']"
722,"['K', 'B', 'AA']",0,CCV,"['K', 'B', 'AA']"
723,"['K', 'B', 'AY']",0,CCV,"['K', 'B', 'AY']"
724,"['K', 'B', 'ER']",0,CCV,"['B', 'K', 'ER']"
725,"['K', 'B', 'AO']",0,CCV,"['K', 'B', 'AO']"
726,"['K', 'B', 'UW']",0,CCV,"['K', 'B', 'UW']"
727,"['K', 'B', 'IH']",0,CCV,"['K', 'IH', 'B']"
728,"['K', 'B', 'EH']",0,CCV,"['K', 'B', 'EH']"
729,"['K', 'B', 'UH']",0,CCV,"['K', 'UH', 'B']"
730,"['K', 'B', 'IY']",0,CCV,"['K', 'B', 'IY']"
731,"['K', 'B', 'EY']",0,CCV,"['K', 'EY', 'B']"
732,"['K', 'B', 'OW']",0,CCV,"['B', 'K', 'OW']"
733,"['K', 'B', 'AE']",0,CCV,"['K', 'AE', 'B']"
734,"['K', 'B', 'AW']",0,CCV,"['K', 'AW', 'B']"
735,"['K', 'D', 'AH']",0,CCV,"['K', 'D', 'AH']"
736,"['K', 'D', 'OY']",0,CCV,"['K', 'D', 'OY']"
737,"['K', 'D', 'AA']",0,CCV,"['K', 'D', 'AA']"
738,"['K', 'D', 'AY']",0,CCV,"['K', 'D', 'AY']"
739,"['K', 'D', 'ER']",0,CCV,"['K', 'D', 'ER']"
740,"['K', 'D', 'AO']",0,CCV,"['K', 'D', 'AO']"
741,"['K', 'D', 'UW']",0,CCV,"['K', 'D', 'UW']"
742,"['K', 'D', 'IH']",0,CCV,"['K', 'D', 'IH']"
743,"['K', 'D', 'EH']",0,CCV,"['K', 'D', 'EH']"
744,"['K', 'D', 'UH']",0,CCV,"['K', 'UH', 'D']"
745,"['K', 'D', 'IY']",0,CCV,"['K', 'D', 'IY']"
746,"['K', 'D', 'EY']",0,CCV,"['K', 'EY', 'D']"
747,"['K', 'D', 'OW']",0,CCV,"['K', 'D', 'OW']"
748,"['K', 'D', 'AE']",0,CCV,"['K', 'AE', 'D']"
749,"['K', 'D', 'AW']",0,CCV,"['K', 'AW', 'D']"
750,"['K', 'G', 'AH']",0,CCV,"['K', 'AE', 'G']"
751,"['K', 'G', 'OY']",0,CCV,"['G', 'K', 'OY']"
752,"['K', 'G', 'AA']",0,CCV,"['K', 'AA', 'G']"
753,"['K', 'G', 'AY']",0,CCV,"['G', 'K', 'AY']"
754,"['K', 'G', 'ER']",0,CCV,"['K', 'ER', 'G']"
755,"['K', 'G', 'AO']",0,CCV,"['K', 'AO', 'G']"
756,"['K', 'G', 'UW']",0,CCV,"['K', 'UW', 'G']"
757,"['K', 'G', 'IH']",0,CCV,"['K', 'IH', 'G']"
758,"['K', 'G', 'EH']",0,CCV,"['K', 'EH', 'G']"
759,"['K', 'G', 'UH']",0,CCV,"['K', 'UH', 'G']"
760,"['K', 'G', 'IY']",0,CCV,"['K', 'AE', 'IY']"
761,"['K', 'G', 'EY']",0,CCV,"['K', 'EY', 'G']"
762,"['K', 'G', 'OW']",0,CCV,"['G', 'K', 'OW']"
763,"['K', 'G', 'AE']",0,CCV,"['K', 'AE', 'G']"
764,"['K', 'G', 'AW']",0,CCV,"['K', 'AW', 'G']"
765,"['K', 'F', 'AH']",1,CCV,"['F', 'K', 'AH']"
766,"['K', 'F', 'OY']",1,CCV,"['F', 'K', 'OY']"
767,"['K', 'F', 'AA']",1,CCV,"['K', 'F', 'AA']"
768,"['K', 'F', 'AY']",1,CCV,"['K', 'F', 'AY']"
769,"['K', 'F', 'ER']",1,CCV,"['F', 'K', 'ER']"
770,"['K', 'F', 'AO']",1,CCV,"['K', 'F', 'AO']"
771,"['K', 'F', 'UW']",1,CCV,"['K', 'F', 'UW']"
772,"['K', 'F', 'IH']",1,CCV,"['F', 'K', 'IH']"
773,"['K', 'F', 'EH']",1,CCV,"['F', 'EH', 'K']"
774,"['K', 'F', 'UH']",1,CCV,"['K', 'UH', 'F']"
775,"['K', 'F', 'IY']",1,CCV,"['F', 'K', 'IY']"
776,"['K', 'F', 'EY']",1,CCV,"['F', 'K', 'EY']"
777,"['K', 'F', 'OW']",1,CCV,"['F', 'K', 'OW']"
778,"['K', 'F', 'AE']",1,CCV,"['F', 'K', 'AE']"
779,"['K', 'F', 'AW']",1,CCV,"['F', 'K', 'AW']"
780,"['K', 'TH', 'AH']",1,CCV,"['K', 'TH', '<EOS>']"
781,"['K', 'TH', 'OY']",1,CCV,"['K', 'TH', 'OY']"
782,"['K', 'TH', 'AA']",1,CCV,"['K', 'TH', 'AA']"
783,"['K', 'TH', 'AY']",1,CCV,"['K', 'TH', 'AY']"
784,"['K', 'TH', 'ER']",1,CCV,"['K', 'TH', 'ER']"
785,"['K', 'TH', 'AO']",1,CCV,"['K', 'TH', 'AO']"
786,"['K', 'TH', 'UW']",1,CCV,"['K', 'TH', 'UW']"
787,"['K', 'TH', 'IH']",1,CCV,"['TH', 'K', 'IH']"
788,"['K', 'TH', 'EH']",1,CCV,"['K', 'TH', 'EH']"
789,"['K', 'TH', 'UH']",1,CCV,"['K', 'UH', 'TH']"
790,"['K', 'TH', 'IY']",1,CCV,"['K', 'TH', 'IY']"
791,"['K', 'TH', 'EY']",1,CCV,"['K', 'EY', 'TH']"
792,"['K', 'TH', 'OW']",1,CCV,"['K', 'TH', 'OW']"
793,"['K', 'TH', 'AE']",1,CCV,"['K', 'AE', 'TH']"
794,"['K', 'TH', 'AW']",1,CCV,"['K', 'AW', 'TH']"
795,"['K', 'S', 'AH']",1,CCV,"['K', 'AH', 'S']"
796,"['K', 'S', 'OY']",1,CCV,"['K', 'OY', 'L']"
797,"['K', 'S', 'AA']",1,CCV,"['K', 'AA', 'S']"
798,"['K', 'S', 'AY']",1,CCV,"['K', 'S', 'AY']"
799,"['K', 'S', 'ER']",1,CCV,"['K', 'ER', 'S']"
800,"['K', 'S', 'AO']",1,CCV,"['S', 'K', 'AO']"
801,"['K', 'S', 'UW']",1,CCV,"['K', 'AE', 'UW']"
802,"['K', 'S', 'IH']",1,CCV,"['K', 'IH', 'S']"
803,"['K', 'S', 'EH']",1,CCV,"['K', 'EH', 'S']"
804,"['K', 'S', 'UH']",1,CCV,"['S', 'K', 'UH']"
805,"['K', 'S', 'IY']",1,CCV,"['K', 'S', 'IY']"
806,"['K', 'S', 'EY']",1,CCV,"['K', 'EY', 'S']"
807,"['K', 'S', 'OW']",1,CCV,"['S', 'K', 'OW']"
808,"['K', 'S', 'AE']",1,CCV,"['K', 'AE', 'S']"
809,"['K', 'S', 'AW']",1,CCV,"['K', 'AW', 'S']"
810,"['K', 'SH', 'AH']",1,CCV,"['K', 'SH', 'AH']"
811,"['K', 'SH', 'OY']",1,CCV,"['K', 'SH', 'OY']"
812,"['K', 'SH', 'AA']",1,CCV,"['K', 'SH', 'AA']"
813,"['K', 'SH', 'AY']",1,CCV,"['K', 'SH', 'AY']"
814,"['K', 'SH', 'ER']",1,CCV,"['K', 'SH', 'ER']"
815,"['K', 'SH', 'AO']",1,CCV,"['K', 'SH', 'AO']"
816,"['K', 'SH', 'UW']",1,CCV,"['K', 'SH', 'UW']"
817,"['K', 'SH', 'IH']",1,CCV,"['K', 'SH', 'IH']"
818,"['K', 'SH', 'EH']",1,CCV,"['K', 'SH', 'EH']"
819,"['K', 'SH', 'UH']",1,CCV,"['K', 'UH', 'SH']"
820,"['K', 'SH', 'IY']",1,CCV,"['K', 'SH', 'IY']"
821,"['K', 'SH', 'EY']",1,CCV,"['K', 'EY', 'SH']"
822,"['K', 'SH', 'OW']",1,CCV,"['K', 'SH', 'OW']"
823,"['K', 'SH', 'AE']",1,CCV,"['K', 'AE', 'SH']"
824,"['K', 'SH', 'AW']",1,CCV,"['K', 'SH', 'AW']"
825,"['K', 'Z', 'AH']",1,CCV,"['K', 'Z', 'AH']"
826,"['K', 'Z', 'OY']",1,CCV,"['K', 'EH', 'OY']"
827,"['K', 'Z', 'AA']",1,CCV,"['K', 'AA', 'Z']"
828,"['K', 'Z', 'AY']",1,CCV,"['K', 'IH', 'Z']"
829,"['K', 'Z', 'ER']",1,CCV,"['K', 'EH', 'Z']"
830,"['K', 'Z', 'AO']",1,CCV,"['K', 'AO', 'Z']"
831,"['K', 'Z', 'UW']",1,CCV,"['K', 'UW', 'Z']"
832,"['K', 'Z', 'IH']",1,CCV,"['K', 'IH', 'Z']"
833,"['K', 'Z', 'EH']",1,CCV,"['K', 'EH', 'Z']"
834,"['K', 'Z', 'UH']",1,CCV,"['K', 'UH', 'Z']"
835,"['K', 'Z', 'IY']",1,CCV,"['K', 'IH', 'Z']"
836,"['K', 'Z', 'EY']",1,CCV,"['K', 'EY', 'Z']"
837,"['K', 'Z', 'OW']",1,CCV,"['K', 'OW', 'Z']"
838,"['K', 'Z', 'AE']",1,CCV,"['K', 'AE', 'Z']"
839,"['K', 'Z', 'AW']",1,CCV,"['K', 'AW', 'Z']"
840,"['K', 'ZH', 'AH']",1,CCV,"['K', 'ZH', 'AH']"
841,"['K', 'ZH', 'OY']",1,CCV,"['K', 'OY', 'ZH']"
842,"['K', 'ZH', 'AA']",1,CCV,"['K', 'ZH', 'AA']"
843,"['K', 'ZH', 'AY']",1,CCV,"['K', 'ZH', 'AY']"
844,"['K', 'ZH', 'ER']",1,CCV,"['K', 'ZH', 'ER']"
845,"['K', 'ZH', 'AO']",1,CCV,"['K', 'AE', 'OY']"
846,"['K', 'ZH', 'UW']",1,CCV,"['K', 'UW', 'ZH']"
847,"['K', 'ZH', 'IH']",1,CCV,"['K', 'ZH', 'IH']"
848,"['K', 'ZH', 'EH']",1,CCV,"['K', 'EH', 'ZH']"
849,"['K', 'ZH', 'UH']",1,CCV,"['K', 'UH', 'ZH']"
850,"['K', 'ZH', 'IY']",1,CCV,"['K', 'ZH', 'IY']"
851,"['K', 'ZH', 'EY']",1,CCV,"['K', 'EY', 'ZH']"
852,"['K', 'ZH', 'OW']",1,CCV,"['K', 'ZH', 'OW']"
853,"['K', 'ZH', 'AE']",1,CCV,"['K', 'AE', 'ZH']"
854,"['K', 'ZH', 'AW']",1,CCV,"['K', 'AW', 'ZH']"
855,"['K', 'V', 'AH']",1,CCV,"['K', 'V', 'AH']"
856,"['K', 'V', 'OY']",1,CCV,"['K', 'EY', 'V']"
857,"['K', 'V', 'AA']",1,CCV,"['K', 'AA', 'V']"
858,"['K', 'V', 'AY']",1,CCV,"['K', 'V', 'AY']"
859,"['K', 'V', 'ER']",1,CCV,"['K', 'V', 'ER']"
860,"['K', 'V', 'AO']",1,CCV,"['K', 'V', 'AO']"
861,"['K', 'V', 'UW']",1,CCV,"['K', 'UW', 'V']"
862,"['K', 'V', 'IH']",1,CCV,"['K', 'V', 'IH']"
863,"['K', 'V', 'EH']",1,CCV,"['K', 'V', 'EH']"
864,"['K', 'V', 'UH']",1,CCV,"['K', 'UH', 'V']"
865,"['K', 'V', 'IY']",1,CCV,"['K', 'V', 'IY']"
866,"['K', 'V', 'EY']",1,CCV,"['K', 'EY', 'V']"
867,"['K', 'V', 'OW']",1,CCV,"['K', 'V', 'OW']"
868,"['K', 'V', 'AE']",1,CCV,"['K', 'AE', 'V']"
869,"['K', 'V', 'AW']",1,CCV,"['K', 'AW', 'V']"
870,"['K', 'DH', 'AH']",1,CCV,"['K', 'DH', 'AH']"
871,"['K', 'DH', 'OY']",1,CCV,"['K', 'DH', 'OY']"
872,"['K', 'DH', 'AA']",1,CCV,"['K', 'DH', 'AA']"
873,"['K', 'DH', 'AY']",1,CCV,"['K', 'DH', 'AY']"
874,"['K', 'DH', 'ER']",1,CCV,"['K', 'DH', 'ER']"
875,"['K', 'DH', 'AO']",1,CCV,"['K', 'DH', 'AO']"
876,"['K', 'DH', 'UW']",1,CCV,"['K', 'DH', 'UW']"
877,"['K', 'DH', 'IH']",1,CCV,"['K', 'DH', 'IH']"
878,"['K', 'DH', 'EH']",1,CCV,"['K', 'DH', 'EH']"
879,"['K', 'DH', 'UH']",1,CCV,"['K', 'DH', 'UH']"
880,"['K', 'DH', 'IY']",1,CCV,"['K', 'DH', 'IY']"
881,"['K', 'DH', 'EY']",1,CCV,"['K', 'DH', 'EY']"
882,"['K', 'DH', 'OW']",1,CCV,"['K', 'DH', 'OW']"
883,"['K', 'DH', 'AE']",1,CCV,"['K', 'DH', 'AE']"
884,"['K', 'DH', 'AW']",1,CCV,"['K', 'DH', 'AW']"
885,"['K', 'HH', 'AH']",1,CCV,"['K', 'HH', 'AH']"
886,"['K', 'HH', 'OY']",1,CCV,"['K', 'OY', 'HH']"
887,"['K', 'HH', 'AA']",1,CCV,"['K', 'HH', 'AA']"
888,"['K', 'HH', 'AY']",1,CCV,"['HH', 'K', 'AY']"
889,"['K', 'HH', 'ER']",1,CCV,"['HH', 'K', 'ER']"
890,"['K', 'HH', 'AO']",1,CCV,"['K', 'HH', 'AO']"
891,"['K', 'HH', 'UW']",1,CCV,"['K', 'HH', 'UW']"
892,"['K', 'HH', 'IH']",1,CCV,"['HH', 'K', 'IH']"
893,"['K', 'HH', 'EH']",1,CCV,"['K', 'HH', 'EH']"
894,"['K', 'HH', 'UH']",1,CCV,"['K', 'UH', 'L']"
895,"['K', 'HH', 'IY']",1,CCV,"['HH', 'K', 'IY']"
896,"['K', 'HH', 'EY']",1,CCV,"['K', 'EY', 'HH']"
897,"['K', 'HH', 'OW']",1,CCV,"['HH', 'K', 'OW']"
898,"['K', 'HH', 'AE']",1,CCV,"['K', 'AE', 'HH']"
899,"['K', 'HH', 'AW']",1,CCV,"['K', 'AW', 'HH']"
900,"['K', 'CH', 'AH']",2,CCV,"['K', 'CH', '<EOS>']"
901,"['K', 'CH', 'OY']",2,CCV,"['K', 'CH', 'OY']"
902,"['K', 'CH', 'AA']",2,CCV,"['K', 'CH', '<EOS>']"
903,"['K', 'CH', 'AY']",2,CCV,"['K', 'CH', 'AY']"
904,"['K', 'CH', 'ER']",2,CCV,"['K', 'CH', 'ER']"
905,"['K', 'CH', 'AO']",2,CCV,"['K', 'CH', '<EOS>']"
906,"['K', 'CH', 'UW']",2,CCV,"['K', 'CH', 'UW']"
907,"['K', 'CH', 'IH']",2,CCV,"['K', 'CH', 'IH']"
908,"['K', 'CH', 'EH']",2,CCV,"['K', 'CH', '<EOS>']"
909,"['K', 'CH', 'UH']",2,CCV,"['K', 'UH', 'CH']"
910,"['K', 'CH', 'IY']",2,CCV,"['K', 'CH', 'IY']"
911,"['K', 'CH', 'EY']",2,CCV,"['K', 'EY', 'CH']"
912,"['K', 'CH', 'OW']",2,CCV,"['K', 'OW', 'CH']"
913,"['K', 'CH', 'AE']",2,CCV,"['K', 'AE', 'CH']"
914,"['K', 'CH', 'AW']",2,CCV,"['K', 'CH', 'AW']"
915,"['K', 'JH', 'AH']",2,CCV,"['K', 'AE', 'JH']"
916,"['K', 'JH', 'OY']",2,CCV,"['K', 'OY', 'N']"
917,"['K', 'JH', 'AA']",2,CCV,"['K', 'AE', 'JH']"
918,"['K', 'JH', 'AY']",2,CCV,"['K', 'AY', 'JH']"
919,"['K', 'JH', 'ER']",2,CCV,"['K', 'ER', 'JH']"
920,"['K', 'JH', 'AO']",2,CCV,"['K', 'AO', 'JH']"
921,"['K', 'JH', 'UW']",2,CCV,"['K', 'UW', 'JH']"
922,"['K', 'JH', 'IH']",2,CCV,"['K', 'IH', 'JH']"
923,"['K', 'JH', 'EH']",2,CCV,"['K', 'EH', 'JH']"
924,"['K', 'JH', 'UH']",2,CCV,"['K', 'UH', 'JH']"
925,"['K', 'JH', 'IY']",2,CCV,"['K', 'IY', 'JH']"
926,"['K', 'JH', 'EY']",2,CCV,"['K', 'EY', 'JH']"
927,"['K', 'JH', 'OW']",2,CCV,"['K', 'OW', 'JH']"
928,"['K', 'JH', 'AE']",2,CCV,"['K', 'AE', 'JH']"
929,"['K', 'JH', 'AW']",2,CCV,"['K', 'AW', 'JH']"
930,"['K', 'M', 'AH']",3,CCV,"['K', 'M', 'AH']"
931,"['K', 'M', 'OY']",3,CCV,"['K', 'M', 'OY']"
932,"['K', 'M', 'AA']",3,CCV,"['K', 'M', 'AA']"
933,"['K', 'M', 'AY']",3,CCV,"['K', 'M', 'AY']"
934,"['K', 'M', 'ER']",3,CCV,"['K', 'M', 'ER']"
935,"['K', 'M', 'AO']",3,CCV,"['K', 'AO', 'M']"
936,"['K', 'M', 'UW']",3,CCV,"['K', 'UW', 'M']"
937,"['K', 'M', 'IH']",3,CCV,"['K', 'IH', 'M']"
938,"['K', 'M', 'EH']",3,CCV,"['K', 'M', 'EH']"
939,"['K', 'M', 'UH']",3,CCV,"['K', 'UH', 'M']"
940,"['K', 'M', 'IY']",3,CCV,"['K', 'M', 'IY']"
941,"['K', 'M', 'EY']",3,CCV,"['K', 'M', 'EY']"
942,"['K', 'M', 'OW']",3,CCV,"['K', 'M', 'OW']"
943,"['K', 'M', 'AE']",3,CCV,"['K', 'AE', 'M']"
944,"['K', 'M', 'AW']",3,CCV,"['K', 'AW', 'M']"
945,"['K', 'N', 'AH']",3,CCV,"['K', 'AH', 'N']"
946,"['K', 'N', 'OY']",3,CCV,"['K', 'OY', 'N']"
947,"['K', 'N', 'AA']",3,CCV,"['K', 'N', 'AA']"
948,"['K', 'N', 'AY']",3,CCV,"['K', 'AY', 'N']"
949,"['K', 'N', 'ER']",3,CCV,"['K', 'ER', 'N']"
950,"['K', 'N', 'AO']",3,CCV,"['K', 'AO', 'N']"
951,"['K', 'N', 'UW']",3,CCV,"['K', 'UW', 'N']"
952,"['K', 'N', 'IH']",3,CCV,"['K', 'IH', 'N']"
953,"['K', 'N', 'EH']",3,CCV,"['K', 'EH', 'N']"
954,"['K', 'N', 'UH']",3,CCV,"['K', 'UH', 'N']"
955,"['K', 'N', 'IY']",3,CCV,"['K', 'AE', 'N']"
956,"['K', 'N', 'EY']",3,CCV,"['K', 'EY', 'N']"
957,"['K', 'N', 'OW']",3,CCV,"['K', 'OW', 'N']"
958,"['K', 'N', 'AE']",3,CCV,"['K', 'AE', 'N']"
959,"['K', 'N', 'AW']",3,CCV,"['K', 'AW', 'N']"
960,"['K', 'NG', 'AH']",3,CCV,"['K', 'NG', '<EOS>']"
961,"['K', 'NG', 'OY']",3,CCV,"['K', 'EH', 'NG']"
962,"['K', 'NG', 'AA']",3,CCV,"['K', 'AA', 'NG']"
963,"['K', 'NG', 'AY']",3,CCV,"['K', 'NG', 'AY']"
964,"['K', 'NG', 'ER']",3,CCV,"['K', 'NG', 'ER']"
965,"['K', 'NG', 'AO']",3,CCV,"['K', 'AO', 'NG']"
966,"['K', 'NG', 'UW']",3,CCV,"['K', 'NG', 'UW']"
967,"['K', 'NG', 'IH']",3,CCV,"['K', 'IH', 'NG']"
968,"['K', 'NG', 'EH']",3,CCV,"['K', 'EH', 'NG']"
969,"['K', 'NG', 'UH']",3,CCV,"['K', 'UH', 'NG']"
970,"['K', 'NG', 'IY']",3,CCV,"['K', 'IY', 'NG']"
971,"['K', 'NG', 'EY']",3,CCV,"['K', 'EY', 'NG']"
972,"['K', 'NG', 'OW']",3,CCV,"['NG', 'K', 'OW']"
973,"['K', 'NG', 'AE']",3,CCV,"['K', 'AE', 'NG']"
974,"['K', 'NG', 'AW']",3,CCV,"['K', 'AW', 'NG']"
975,"['K', 'L', 'AH']",4,CCV,"['K', 'L', 'AH']"
976,"['K', 'L', 'OY']",4,CCV,"['K', 'L', 'OY']"
977,"['K', 'L', 'AA']",4,CCV,"['K', 'L', 'AA']"
978,"['K', 'L', 'AY']",4,CCV,"['K', 'L', 'AY']"
979,"['K', 'L', 'ER']",4,CCV,"['K', 'L', 'ER']"
980,"['K', 'L', 'AO']",4,CCV,"['K', 'L', 'AO']"
981,"['K', 'L', 'UW']",4,CCV,"['K', 'L', 'UW']"
982,"['K', 'L', 'IH']",4,CCV,"['K', 'L', 'IH']"
983,"['K', 'L', 'EH']",4,CCV,"['K', 'L', 'EH']"
984,"['K', 'L', 'UH']",4,CCV,"['K', 'L', 'UH']"
985,"['K', 'L', 'IY']",4,CCV,"['K', 'L', 'IY']"
986,"['K', 'L', 'EY']",4,CCV,"['K', 'L', 'EY']"
987,"['K', 'L', 'OW']",4,CCV,"['K', 'L', 'OW']"
988,"['K', 'L', 'AE']",4,CCV,"['K', 'L', 'AE']"
989,"['K', 'L', 'AW']",4,CCV,"['K', 'L', 'AW']"
990,"['K', 'R', 'AH']",4,CCV,"['K', 'R', 'AH']"
991,"['K', 'R', 'OY']",4,CCV,"['K', 'R', 'OY']"
992,"['K', 'R', 'AA']",4,CCV,"['K', 'R', 'AA']"
993,"['K', 'R', 'AY']",4,CCV,"['K', 'R', 'AY']"
994,"['K', 'R', 'ER']",4,CCV,"['K', 'R', 'ER']"
995,"['K', 'R', 'AO']",4,CCV,"['K', 'R', 'AO']"
996,"['K', 'R', 'UW']",4,CCV,"['K', 'R', 'UW']"
997,"['K', 'R', 'IH']",4,CCV,"['K', 'R', 'IH']"
998,"['K', 'R', 'EH']",4,CCV,"['K', 'R', 'EH']"
999,"['K', 'R', 'UH']",4,CCV,"['K', 'R', 'UH']"
1000,"['K', 'R', 'IY']",4,CCV,"['K', 'R', 'IY']"
1001,"['K', 'R', 'EY']",4,CCV,"['K', 'R', 'EY']"
1002,"['K', 'R', 'OW']",4,CCV,"['K', 'R', 'OW']"
1003,"['K', 'R', 'AE']",4,CCV,"['K', 'R', 'AE']"
1004,"['K', 'R', 'AW']",4,CCV,"['K', 'R', 'AW']"
1005,"['K', 'W', 'AH']",5,CCV,"['K', 'W', 'AH']"
1006,"['K', 'W', 'OY']",5,CCV,"['K', 'W', 'OY']"
1007,"['K', 'W', 'AA']",5,CCV,"['K', 'W', 'AA']"
1008,"['K', 'W', 'AY']",5,CCV,"['K', 'W', 'AY']"
1009,"['K', 'W', 'ER']",5,CCV,"['K', 'W', 'ER']"
1010,"['K', 'W', 'AO']",5,CCV,"['K', 'W', 'AO']"
1011,"['K', 'W', 'UW']",5,CCV,"['K', 'W', 'UW']"
1012,"['K', 'W', 'IH']",5,CCV,"['K', 'W', 'IH']"
1013,"['K', 'W', 'EH']",5,CCV,"['K', 'W', 'EH']"
1014,"['K', 'W', 'UH']",5,CCV,"['K', 'W', 'UH']"
1015,"['K', 'W', 'IY']",5,CCV,"['K', 'W', 'IY']"
1016,"['K', 'W', 'EY']",5,CCV,"['K', 'W', 'EY']"
1017,"['K', 'W', 'OW']",5,CCV,"['K', 'W', 'OW']"
1018,"['K', 'W', 'AE']",5,CCV,"['K', 'W', 'AE']"
1019,"['K', 'W', 'AW']",5,CCV,"['K', 'W', 'AW']"
1020,"['K', 'Y', 'AH']",5,CCV,"['K', 'Y', 'AH']"
1021,"['K', 'Y', 'OY']",5,CCV,"['K', 'Y', 'OY']"
1022,"['K', 'Y', 'AA']",5,CCV,"['K', 'Y', 'AA']"
1023,"['K', 'Y', 'AY']",5,CCV,"['K', 'Y', 'AY']"
1024,"['K', 'Y', 'ER']",5,CCV,"['K', 'Y', 'ER']"
1025,"['K', 'Y', 'AO']",5,CCV,"['K', 'Y', 'AO']"
1026,"['K', 'Y', 'UW']",5,CCV,"['K', 'Y', 'UW']"
1027,"['K', 'Y', 'IH']",5,CCV,"['K', 'Y', 'IH']"
1028,"['K', 'Y', 'EH']",5,CCV,"['F', 'L', 'EH']"
1029,"['K', 'Y', 'UH']",5,CCV,"['K', 'Y', 'UH']"
1030,"['K', 'Y', 'IY']",5,CCV,"['K', 'Y', 'IY']"
1031,"['K', 'Y', 'EY']",5,CCV,"['K', 'Y', 'EY']"
1032,"['K', 'Y', 'OW']",5,CCV,"['K', 'Y', 'OW']"
1033,"['K', 'Y', 'AE']",5,CCV,"['K', 'Y', 'AE']"
1034,"['K', 'Y', 'AW']",5,CCV,"['K', 'Y', 'AW']"
1035,"['B', 'P', 'AH']",0,CCV,"['B', 'P', 'AH']"
1036,"['B', 'P', 'OY']",0,CCV,"['B', 'OY', 'P']"
1037,"['B', 'P', 'AA']",0,CCV,"['B', 'P', 'AA']"
1038,"['B', 'P', 'AY']",0,CCV,"['B', 'AY', 'P']"
1039,"['B', 'P', 'ER']",0,CCV,"['B', 'P', 'ER']"
1040,"['B', 'P', 'AO']",0,CCV,"['B', 'P', 'AO']"
1041,"['B', 'P', 'UW']",0,CCV,"['B', 'UW', 'P']"
1042,"['B', 'P', 'IH']",0,CCV,"['B', 'P', 'IH']"
1043,"['B', 'P', 'EH']",0,CCV,"['B', 'P', 'EH']"
1044,"['B', 'P', 'UH']",0,CCV,"['B', 'UH', 'P']"
1045,"['B', 'P', 'IY']",0,CCV,"['B', 'P', 'IY']"
1046,"['B', 'P', 'EY']",0,CCV,"['B', 'P', 'EY']"
1047,"['B', 'P', 'OW']",0,CCV,"['B', 'P', 'OW']"
1048,"['B', 'P', 'AE']",0,CCV,"['B', 'P', 'AE']"
1049,"['B', 'P', 'AW']",0,CCV,"['B', 'P', 'AW']"
1050,"['B', 'T', 'AH']",0,CCV,"['B', 'T', 'AH']"
1051,"['B', 'T', 'OY']",0,CCV,"['B', 'T', 'OY']"
1052,"['B', 'T', 'AA']",0,CCV,"['B', 'T', 'AA']"
1053,"['B', 'T', 'AY']",0,CCV,"['B', 'T', 'AY']"
1054,"['B', 'T', 'ER']",0,CCV,"['B', 'T', 'ER']"
1055,"['B', 'T', 'AO']",0,CCV,"['B', 'T', 'AO']"
1056,"['B', 'T', 'UW']",0,CCV,"['B', 'T', 'UW']"
1057,"['B', 'T', 'IH']",0,CCV,"['B', 'T', 'IH']"
1058,"['B', 'T', 'EH']",0,CCV,"['B', 'T', 'EH']"
1059,"['B', 'T', 'UH']",0,CCV,"['B', 'UH', 'T']"
1060,"['B', 'T', 'IY']",0,CCV,"['B', 'T', 'IY']"
1061,"['B', 'T', 'EY']",0,CCV,"['B', 'T', 'EY']"
1062,"['B', 'T', 'OW']",0,CCV,"['B', 'T', 'OW']"
1063,"['B', 'T', 'AE']",0,CCV,"['B', 'AE', 'T']"
1064,"['B', 'T', 'AW']",0,CCV,"['B', 'T', 'AW']"
1065,"['B', 'K', 'AH']",0,CCV,"['B', 'K', 'AH']"
1066,"['B', 'K', 'OY']",0,CCV,"['B', 'K', 'OY']"
1067,"['B', 'K', 'AA']",0,CCV,"['B', 'K', 'AA']"
1068,"['B', 'K', 'AY']",0,CCV,"['B', 'K', 'AY']"
1069,"['B', 'K', 'ER']",0,CCV,"['B', 'K', 'ER']"
1070,"['B', 'K', 'AO']",0,CCV,"['B', 'K', 'AO']"
1071,"['B', 'K', 'UW']",0,CCV,"['B', 'UW', 'K']"
1072,"['B', 'K', 'IH']",0,CCV,"['B', 'IH', 'K']"
1073,"['B', 'K', 'EH']",0,CCV,"['K', 'B', 'EH']"
1074,"['B', 'K', 'UH']",0,CCV,"['B', 'UH', 'K']"
1075,"['B', 'K', 'IY']",0,CCV,"['B', 'K', 'IY']"
1076,"['B', 'K', 'EY']",0,CCV,"['B', 'EY', 'K']"
1077,"['B', 'K', 'OW']",0,CCV,"['B', 'K', 'OW']"
1078,"['B', 'K', 'AE']",0,CCV,"['B', 'AE', 'K']"
1079,"['B', 'K', 'AW']",0,CCV,"['B', 'AW', 'K']"
1080,"['B', 'D', 'AH']",0,CCV,"['B', 'AH', 'D']"
1081,"['B', 'D', 'OY']",0,CCV,"['B', 'OY', 'D']"
1082,"['B', 'D', 'AA']",0,CCV,"['B', 'D', 'AA']"
1083,"['B', 'D', 'AY']",0,CCV,"['B', 'AY', 'D']"
1084,"['B', 'D', 'ER']",0,CCV,"['B', 'ER', 'D']"
1085,"['B', 'D', 'AO']",0,CCV,"['B', 'AO', 'D']"
1086,"['B', 'D', 'UW']",0,CCV,"['B', 'UW', 'D']"
1087,"['B', 'D', 'IH']",0,CCV,"['B', 'IH', 'D']"
1088,"['B', 'D', 'EH']",0,CCV,"['B', 'EH', 'D']"
1089,"['B', 'D', 'UH']",0,CCV,"['B', 'UH', 'D']"
1090,"['B', 'D', 'IY']",0,CCV,"['B', 'IH', 'D']"
1091,"['B', 'D', 'EY']",0,CCV,"['B', 'EY', 'D']"
1092,"['B', 'D', 'OW']",0,CCV,"['B', 'OW', 'D']"
1093,"['B', 'D', 'AE']",0,CCV,"['B', 'AE', 'D']"
1094,"['B', 'D', 'AW']",0,CCV,"['B', 'AW', 'D']"
1095,"['B', 'G', 'AH']",0,CCV,"['B', 'G', 'AH']"
1096,"['B', 'G', 'OY']",0,CCV,"['B', 'OY', 'G']"
1097,"['B', 'G', 'AA']",0,CCV,"['B', 'G', 'AA']"
1098,"['B', 'G', 'AY']",0,CCV,"['B', 'AY', 'G']"
1099,"['B', 'G', 'ER']",0,CCV,"['B', 'G', 'ER']"
1100,"['B', 'G', 'AO']",0,CCV,"['B', 'G', 'AO']"
1101,"['B', 'G', 'UW']",0,CCV,"['B', 'UW', 'G']"
1102,"['B', 'G', 'IH']",0,CCV,"['B', 'IH', 'G']"
1103,"['B', 'G', 'EH']",0,CCV,"['B', 'EH', 'G']"
1104,"['B', 'G', 'UH']",0,CCV,"['B', 'UH', 'G']"
1105,"['B', 'G', 'IY']",0,CCV,"['B', 'IY', 'G']"
1106,"['B', 'G', 'EY']",0,CCV,"['B', 'G', 'EY']"
1107,"['B', 'G', 'OW']",0,CCV,"['B', 'G', 'OW']"
1108,"['B', 'G', 'AE']",0,CCV,"['B', 'AE', 'G']"
1109,"['B', 'G', 'AW']",0,CCV,"['B', 'G', 'AW']"
1110,"['B', 'F', 'AH']",1,CCV,"['F', 'UH', 'AH']"
1111,"['B', 'F', 'OY']",1,CCV,"['F', 'OY', 'B']"
1112,"['B', 'F', 'AA']",1,CCV,"['F', 'AA', 'L']"
1113,"['B', 'F', 'AY']",1,CCV,"['B', 'AY', 'F']"
1114,"['B', 'F', 'ER']",1,CCV,"['F', 'ER', '<PAD>']"
1115,"['B', 'F', 'AO']",1,CCV,"['F', 'AO', 'SH']"
1116,"['B', 'F', 'UW']",1,CCV,"['F', 'UH', 'UW']"
1117,"['B', 'F', 'IH']",1,CCV,"['F', 'IH', 'B']"
1118,"['B', 'F', 'EH']",1,CCV,"['F', 'EH', 'L']"
1119,"['B', 'F', 'UH']",1,CCV,"['B', 'UH', 'F']"
1120,"['B', 'F', 'IY']",1,CCV,"['F', 'IY', 'B']"
1121,"['B', 'F', 'EY']",1,CCV,"['F', 'EY', 'EY']"
1122,"['B', 'F', 'OW']",1,CCV,"['B', 'OW', 'F']"
1123,"['B', 'F', 'AE']",1,CCV,"['F', 'AE', 'B']"
1124,"['B', 'F', 'AW']",1,CCV,"['F', 'AW', 'SH']"
1125,"['B', 'TH', 'AH']",1,CCV,"['B', 'TH', 'AH']"
1126,"['B', 'TH', 'OY']",1,CCV,"['B', 'OY', 'TH']"
1127,"['B', 'TH', 'AA']",1,CCV,"['B', 'TH', 'AA']"
1128,"['B', 'TH', 'AY']",1,CCV,"['B', 'TH', 'AY']"
1129,"['B', 'TH', 'ER']",1,CCV,"['B', 'TH', 'ER']"
1130,"['B', 'TH', 'AO']",1,CCV,"['TH', 'B', 'AO']"
1131,"['B', 'TH', 'UW']",1,CCV,"['B', 'UW', 'TH']"
1132,"['B', 'TH', 'IH']",1,CCV,"['B', 'TH', 'IH']"
1133,"['B', 'TH', 'EH']",1,CCV,"['B', 'TH', 'EH']"
1134,"['B', 'TH', 'UH']",1,CCV,"['B', 'UH', 'TH']"
1135,"['B', 'TH', 'IY']",1,CCV,"['B', 'TH', 'IY']"
1136,"['B', 'TH', 'EY']",1,CCV,"['B', 'EY', 'TH']"
1137,"['B', 'TH', 'OW']",1,CCV,"['B', 'TH', 'OW']"
1138,"['B', 'TH', 'AE']",1,CCV,"['B', 'AE', 'TH']"
1139,"['B', 'TH', 'AW']",1,CCV,"['B', 'TH', 'AW']"
1140,"['B', 'S', 'AH']",1,CCV,"['B', 'AH', 'S']"
1141,"['B', 'S', 'OY']",1,CCV,"['B', 'OY', 'S']"
1142,"['B', 'S', 'AA']",1,CCV,"['B', 'S', 'AA']"
1143,"['B', 'S', 'AY']",1,CCV,"['B', 'AY', 'S']"
1144,"['B', 'S', 'ER']",1,CCV,"['B', 'ER', 'S']"
1145,"['B', 'S', 'AO']",1,CCV,"['B', 'AO', 'R']"
1146,"['B', 'S', 'UW']",1,CCV,"['B', 'UW', 'S']"
1147,"['B', 'S', 'IH']",1,CCV,"['B', 'IH', 'S']"
1148,"['B', 'S', 'EH']",1,CCV,"['B', 'EH', 'S']"
1149,"['B', 'S', 'UH']",1,CCV,"['B', 'UH', 'S']"
1150,"['B', 'S', 'IY']",1,CCV,"['B', 'IY', 'S']"
1151,"['B', 'S', 'EY']",1,CCV,"['B', 'EY', 'S']"
1152,"['B', 'S', 'OW']",1,CCV,"['B', 'OW', 'S']"
1153,"['B', 'S', 'AE']",1,CCV,"['B', 'AE', 'S']"
1154,"['B', 'S', 'AW']",1,CCV,"['B', 'AW', 'S']"
1155,"['B', 'SH', 'AH']",1,CCV,"['B', 'SH', 'AH']"
1156,"['B', 'SH', 'OY']",1,CCV,"['B', 'OY', 'SH']"
1157,"['B', 'SH', 'AA']",1,CCV,"['B', 'SH', 'AA']"
1158,"['B', 'SH', 'AY']",1,CCV,"['B', 'AY', 'SH']"
1159,"['B', 'SH', 'ER']",1,CCV,"['B', 'ER', 'SH']"
1160,"['B', 'SH', 'AO']",1,CCV,"['B', 'SH', 'AO']"
1161,"['B', 'SH', 'UW']",1,CCV,"['B', 'SH', 'UW']"
1162,"['B', 'SH', 'IH']",1,CCV,"['B', 'SH', 'IH']"
1163,"['B', 'SH', 'EH']",1,CCV,"['B', 'SH', 'EH']"
1164,"['B', 'SH', 'UH']",1,CCV,"['B', 'UH', 'SH']"
1165,"['B', 'SH', 'IY']",1,CCV,"['B', 'SH', 'IY']"
1166,"['B', 'SH', 'EY']",1,CCV,"['B', 'SH', 'EY']"
1167,"['B', 'SH', 'OW']",1,CCV,"['B', 'SH', 'OW']"
1168,"['B', 'SH', 'AE']",1,CCV,"['B', 'AE', 'SH']"
1169,"['B', 'SH', 'AW']",1,CCV,"['B', 'SH', 'AW']"
1170,"['B', 'Z', 'AH']",1,CCV,"['B', 'Z', 'AH']"
1171,"['B', 'Z', 'OY']",1,CCV,"['B', 'Z', 'OY']"
1172,"['B', 'Z', 'AA']",1,CCV,"['B', 'Z', 'AA']"
1173,"['B', 'Z', 'AY']",1,CCV,"['B', 'AY', 'Z']"
1174,"['B', 'Z', 'ER']",1,CCV,"['B', 'Z', 'ER']"
1175,"['B', 'Z', 'AO']",1,CCV,"['B', 'Z', 'AO']"
1176,"['B', 'Z', 'UW']",1,CCV,"['B', 'UW', 'Z']"
1177,"['B', 'Z', 'IH']",1,CCV,"['B', 'IH', 'Z']"
1178,"['B', 'Z', 'EH']",1,CCV,"['B', 'EH', 'Z']"
1179,"['B', 'Z', 'UH']",1,CCV,"['B', 'UH', 'Z']"
1180,"['B', 'Z', 'IY']",1,CCV,"['B', 'Z', 'IY']"
1181,"['B', 'Z', 'EY']",1,CCV,"['B', 'EY', 'Z']"
1182,"['B', 'Z', 'OW']",1,CCV,"['B', 'Z', 'OW']"
1183,"['B', 'Z', 'AE']",1,CCV,"['B', 'AE', 'Z']"
1184,"['B', 'Z', 'AW']",1,CCV,"['B', 'AW', 'Z']"
1185,"['B', 'ZH', 'AH']",1,CCV,"['B', 'ZH', 'AH']"
1186,"['B', 'ZH', 'OY']",1,CCV,"['B', 'ZH', 'OY']"
1187,"['B', 'ZH', 'AA']",1,CCV,"['B', 'ZH', 'AA']"
1188,"['B', 'ZH', 'AY']",1,CCV,"['B', 'ZH', 'AY']"
1189,"['B', 'ZH', 'ER']",1,CCV,"['B', 'ZH', 'ER']"
1190,"['B', 'ZH', 'AO']",1,CCV,"['B', 'ZH', 'AO']"
1191,"['B', 'ZH', 'UW']",1,CCV,"['B', 'ZH', 'UW']"
1192,"['B', 'ZH', 'IH']",1,CCV,"['B', 'ZH', 'IH']"
1193,"['B', 'ZH', 'EH']",1,CCV,"['B', 'ZH', 'EH']"
1194,"['B', 'ZH', 'UH']",1,CCV,"['B', 'UH', 'ZH']"
1195,"['B', 'ZH', 'IY']",1,CCV,"['B', 'ZH', 'IY']"
1196,"['B', 'ZH', 'EY']",1,CCV,"['B', 'ZH', 'EY']"
1197,"['B', 'ZH', 'OW']",1,CCV,"['B', 'ZH', 'OW']"
1198,"['B', 'ZH', 'AE']",1,CCV,"['B', 'ZH', 'AE']"
1199,"['B', 'ZH', 'AW']",1,CCV,"['B', 'ZH', 'AW']"
1200,"['B', 'V', 'AH']",1,CCV,"['B', 'V', 'AH']"
1201,"['B', 'V', 'OY']",1,CCV,"['B', 'V', 'OY']"
1202,"['B', 'V', 'AA']",1,CCV,"['B', 'V', 'AA']"
1203,"['B', 'V', 'AY']",1,CCV,"['B', 'AY', 'V']"
1204,"['B', 'V', 'ER']",1,CCV,"['B', 'V', 'ER']"
1205,"['B', 'V', 'AO']",1,CCV,"['B', 'V', 'AO']"
1206,"['B', 'V', 'UW']",1,CCV,"['B', 'V', 'UW']"
1207,"['B', 'V', 'IH']",1,CCV,"['B', 'V', 'IH']"
1208,"['B', 'V', 'EH']",1,CCV,"['F', 'UH', 'L']"
1209,"['B', 'V', 'UH']",1,CCV,"['B', 'UH', 'V']"
1210,"['B', 'V', 'IY']",1,CCV,"['B', 'V', 'IY']"
1211,"['B', 'V', 'EY']",1,CCV,"['B', 'EY', 'V']"
1212,"['B', 'V', 'OW']",1,CCV,"['B', 'V', 'OW']"
1213,"['B', 'V', 'AE']",1,CCV,"['B', 'V', 'AE']"
1214,"['B', 'V', 'AW']",1,CCV,"['F', 'L', 'AW']"
1215,"['B', 'DH', 'AH']",1,CCV,"['B', 'DH', 'AH']"
1216,"['B', 'DH', 'OY']",1,CCV,"['B', 'DH', 'OY']"
1217,"['B', 'DH', 'AA']",1,CCV,"['B', 'DH', 'AA']"
1218,"['B', 'DH', 'AY']",1,CCV,"['B', 'DH', 'AY']"
1219,"['B', 'DH', 'ER']",1,CCV,"['B', 'DH', 'ER']"
1220,"['B', 'DH', 'AO']",1,CCV,"['B', 'DH', 'AO']"
1221,"['B', 'DH', 'UW']",1,CCV,"['B', 'DH', 'UW']"
1222,"['B', 'DH', 'IH']",1,CCV,"['B', 'DH', 'IH']"
1223,"['B', 'DH', 'EH']",1,CCV,"['B', 'DH', 'EH']"
1224,"['B', 'DH', 'UH']",1,CCV,"['B', 'UH', 'DH']"
1225,"['B', 'DH', 'IY']",1,CCV,"['B', 'DH', 'IY']"
1226,"['B', 'DH', 'EY']",1,CCV,"['B', 'DH', 'EY']"
1227,"['B', 'DH', 'OW']",1,CCV,"['B', 'DH', 'OW']"
1228,"['B', 'DH', 'AE']",1,CCV,"['B', 'DH', 'AE']"
1229,"['B', 'DH', 'AW']",1,CCV,"['B', 'DH', 'AW']"
1230,"['B', 'HH', 'AH']",1,CCV,"['B', 'HH', 'AH']"
1231,"['B', 'HH', 'OY']",1,CCV,"['B', 'OY', 'HH']"
1232,"['B', 'HH', 'AA']",1,CCV,"['B', 'HH', 'AA']"
1233,"['B', 'HH', 'AY']",1,CCV,"['B', 'AY', 'HH']"
1234,"['B', 'HH', 'ER']",1,CCV,"['B', 'HH', 'ER']"
1235,"['B', 'HH', 'AO']",1,CCV,"['B', 'AO', 'HH']"
1236,"['B', 'HH', 'UW']",1,CCV,"['B', 'UW', 'HH']"
1237,"['B', 'HH', 'IH']",1,CCV,"['B', 'IH', 'HH']"
1238,"['B', 'HH', 'EH']",1,CCV,"['B', 'EH', 'HH']"
1239,"['B', 'HH', 'UH']",1,CCV,"['B', 'UH', 'L']"
1240,"['B', 'HH', 'IY']",1,CCV,"['B', 'HH', 'IY']"
1241,"['B', 'HH', 'EY']",1,CCV,"['B', 'EY', 'HH']"
1242,"['B', 'HH', 'OW']",1,CCV,"['B', 'OW', 'HH']"
1243,"['B', 'HH', 'AE']",1,CCV,"['B', 'AE', 'HH']"
1244,"['B', 'HH', 'AW']",1,CCV,"['B', 'AW', 'HH']"
1245,"['B', 'CH', 'AH']",2,CCV,"['B', 'CH', 'AH']"
1246,"['B', 'CH', 'OY']",2,CCV,"['CH', 'B', 'OY']"
1247,"['B', 'CH', 'AA']",2,CCV,"['B', 'CH', 'AA']"
1248,"['B', 'CH', 'AY']",2,CCV,"['B', 'AY', 'CH']"
1249,"['B', 'CH', 'ER']",2,CCV,"['B', 'CH', 'ER']"
1250,"['B', 'CH', 'AO']",2,CCV,"['B', 'CH', 'AO']"
1251,"['B', 'CH', 'UW']",2,CCV,"['B', 'CH', 'UW']"
1252,"['B', 'CH', 'IH']",2,CCV,"['B', 'IH', 'CH']"
1253,"['B', 'CH', 'EH']",2,CCV,"['B', 'CH', 'EH']"
1254,"['B', 'CH', 'UH']",2,CCV,"['B', 'UH', 'UH']"
1255,"['B', 'CH', 'IY']",2,CCV,"['B', 'UH', 'CH']"
1256,"['B', 'CH', 'EY']",2,CCV,"['B', 'EY', 'CH']"
1257,"['B', 'CH', 'OW']",2,CCV,"['B', 'OW', 'CH']"
1258,"['B', 'CH', 'AE']",2,CCV,"['B', 'AE', 'CH']"
1259,"['B', 'CH', 'AW']",2,CCV,"['B', 'CH', 'AW']"
1260,"['B', 'JH', 'AH']",2,CCV,"['B', 'AH', 'JH']"
1261,"['B', 'JH', 'OY']",2,CCV,"['B', 'OY', 'JH']"
1262,"['B', 'JH', 'AA']",2,CCV,"['B', 'AA', 'JH']"
1263,"['B', 'JH', 'AY']",2,CCV,"['B', 'AY', 'JH']"
1264,"['B', 'JH', 'ER']",2,CCV,"['B', 'ER', 'JH']"
1265,"['B', 'JH', 'AO']",2,CCV,"['B', 'AO', 'JH']"
1266,"['B', 'JH', 'UW']",2,CCV,"['B', 'UW', 'JH']"
1267,"['B', 'JH', 'IH']",2,CCV,"['B', 'IH', 'JH']"
1268,"['B', 'JH', 'EH']",2,CCV,"['B', 'EH', 'JH']"
1269,"['B', 'JH', 'UH']",2,CCV,"['B', 'UH', 'JH']"
1270,"['B', 'JH', 'IY']",2,CCV,"['B', 'IY', 'JH']"
1271,"['B', 'JH', 'EY']",2,CCV,"['B', 'EY', 'JH']"
1272,"['B', 'JH', 'OW']",2,CCV,"['B', 'OW', 'JH']"
1273,"['B', 'JH', 'AE']",2,CCV,"['B', 'AE', 'JH']"
1274,"['B', 'JH', 'AW']",2,CCV,"['B', 'AW', 'JH']"
1275,"['B', 'M', 'AH']",3,CCV,"['B', 'M', 'AH']"
1276,"['B', 'M', 'OY']",3,CCV,"['B', 'OY', 'M']"
1277,"['B', 'M', 'AA']",3,CCV,"['B', 'M', 'AA']"
1278,"['B', 'M', 'AY']",3,CCV,"['B', 'AY', 'M']"
1279,"['B', 'M', 'ER']",3,CCV,"['B', 'M', 'ER']"
1280,"['B', 'M', 'AO']",3,CCV,"['B', 'M', 'AO']"
1281,"['B', 'M', 'UW']",3,CCV,"['B', 'UW', 'M']"
1282,"['B', 'M', 'IH']",3,CCV,"['B', 'IH', 'M']"
1283,"['B', 'M', 'EH']",3,CCV,"['B', 'M', 'EH']"
1284,"['B', 'M', 'UH']",3,CCV,"['B', 'UH', 'M']"
1285,"['B', 'M', 'IY']",3,CCV,"['B', 'M', 'IY']"
1286,"['B', 'M', 'EY']",3,CCV,"['B', 'M', 'EY']"
1287,"['B', 'M', 'OW']",3,CCV,"['B', 'M', 'OW']"
1288,"['B', 'M', 'AE']",3,CCV,"['B', 'AE', 'M']"
1289,"['B', 'M', 'AW']",3,CCV,"['B', 'AW', 'M']"
1290,"['B', 'N', 'AH']",3,CCV,"['B', 'AH', 'N']"
1291,"['B', 'N', 'OY']",3,CCV,"['B', 'OY', 'N']"
1292,"['B', 'N', 'AA']",3,CCV,"['B', 'AA', 'N']"
1293,"['B', 'N', 'AY']",3,CCV,"['B', 'AY', 'N']"
1294,"['B', 'N', 'ER']",3,CCV,"['B', 'ER', 'N']"
1295,"['B', 'N', 'AO']",3,CCV,"['B', 'AO', 'N']"
1296,"['B', 'N', 'UW']",3,CCV,"['B', 'UW', 'N']"
1297,"['B', 'N', 'IH']",3,CCV,"['B', 'IH', 'N']"
1298,"['B', 'N', 'EH']",3,CCV,"['B', 'EH', 'N']"
1299,"['B', 'N', 'UH']",3,CCV,"['B', 'UH', 'N']"
1300,"['B', 'N', 'IY']",3,CCV,"['B', 'R', 'IY']"
1301,"['B', 'N', 'EY']",3,CCV,"['B', 'EY', 'N']"
1302,"['B', 'N', 'OW']",3,CCV,"['B', 'OW', 'N']"
1303,"['B', 'N', 'AE']",3,CCV,"['B', 'AE', 'N']"
1304,"['B', 'N', 'AW']",3,CCV,"['B', 'AW', 'N']"
1305,"['B', 'NG', 'AH']",3,CCV,"['B', 'NG', '<EOS>']"
1306,"['B', 'NG', 'OY']",3,CCV,"['B', 'NG', 'OY']"
1307,"['B', 'NG', 'AA']",3,CCV,"['B', 'NG', 'AA']"
1308,"['B', 'NG', 'AY']",3,CCV,"['B', 'AY', 'NG']"
1309,"['B', 'NG', 'ER']",3,CCV,"['B', 'NG', 'ER']"
1310,"['B', 'NG', 'AO']",3,CCV,"['B', 'NG', 'AO']"
1311,"['B', 'NG', 'UW']",3,CCV,"['B', 'NG', 'UW']"
1312,"['B', 'NG', 'IH']",3,CCV,"['B', 'IH', 'NG']"
1313,"['B', 'NG', 'EH']",3,CCV,"['B', 'EH', 'NG']"
1314,"['B', 'NG', 'UH']",3,CCV,"['B', 'UH', 'NG']"
1315,"['B', 'NG', 'IY']",3,CCV,"['B', 'IY', 'NG']"
1316,"['B', 'NG', 'EY']",3,CCV,"['B', 'NG', 'EY']"
1317,"['B', 'NG', 'OW']",3,CCV,"['B', 'OW', 'NG']"
1318,"['B', 'NG', 'AE']",3,CCV,"['B', 'AE', 'NG']"
1319,"['B', 'NG', 'AW']",3,CCV,"['B', 'NG', 'AW']"
1320,"['B', 'L', 'AH']",4,CCV,"['B', 'L', 'AH']"
1321,"['B', 'L', 'OY']",4,CCV,"['B', 'L', 'OY']"
1322,"['B', 'L', 'AA']",4,CCV,"['B', 'L', 'AA']"
1323,"['B', 'L', 'AY']",4,CCV,"['B', 'L', 'AY']"
1324,"['B', 'L', 'ER']",4,CCV,"['B', 'L', 'ER']"
1325,"['B', 'L', 'AO']",4,CCV,"['B', 'L', 'AO']"
1326,"['B', 'L', 'UW']",4,CCV,"['B', 'L', 'UW']"
1327,"['B', 'L', 'IH']",4,CCV,"['B', 'L', 'IH']"
1328,"['B', 'L', 'EH']",4,CCV,"['B', 'L', 'EH']"
1329,"['B', 'L', 'UH']",4,CCV,"['B', 'L', 'UH']"
1330,"['B', 'L', 'IY']",4,CCV,"['B', 'L', 'IY']"
1331,"['B', 'L', 'EY']",4,CCV,"['B', 'L', 'EY']"
1332,"['B', 'L', 'OW']",4,CCV,"['B', 'L', 'OW']"
1333,"['B', 'L', 'AE']",4,CCV,"['B', 'L', 'AE']"
1334,"['B', 'L', 'AW']",4,CCV,"['B', 'L', 'AW']"
1335,"['B', 'R', 'AH']",4,CCV,"['B', 'R', 'AH']"
1336,"['B', 'R', 'OY']",4,CCV,"['B', 'R', 'OY']"
1337,"['B', 'R', 'AA']",4,CCV,"['B', 'R', 'AA']"
1338,"['B', 'R', 'AY']",4,CCV,"['B', 'R', 'AY']"
1339,"['B', 'R', 'ER']",4,CCV,"['B', 'R', 'ER']"
1340,"['B', 'R', 'AO']",4,CCV,"['B', 'R', 'AO']"
1341,"['B', 'R', 'UW']",4,CCV,"['B', 'R', 'UW']"
1342,"['B', 'R', 'IH']",4,CCV,"['B', 'R', 'IH']"
1343,"['B', 'R', 'EH']",4,CCV,"['B', 'R', 'EH']"
1344,"['B', 'R', 'UH']",4,CCV,"['B', 'R', 'UH']"
1345,"['B', 'R', 'IY']",4,CCV,"['B', 'R', 'IY']"
1346,"['B', 'R', 'EY']",4,CCV,"['B', 'R', 'EY']"
1347,"['B', 'R', 'OW']",4,CCV,"['B', 'R', 'OW']"
1348,"['B', 'R', 'AE']",4,CCV,"['B', 'R', 'AE']"
1349,"['B', 'R', 'AW']",4,CCV,"['B', 'R', 'AW']"
1350,"['B', 'W', 'AH']",5,CCV,"['B', 'Y', 'AH']"
1351,"['B', 'W', 'OY']",5,CCV,"['B', 'OY', 'EH']"
1352,"['B', 'W', 'AA']",5,CCV,"['B', 'W', 'AA']"
1353,"['B', 'W', 'AY']",5,CCV,"['B', 'AY', 'EH']"
1354,"['B', 'W', 'ER']",5,CCV,"['B', 'W', 'ER']"
1355,"['B', 'W', 'AO']",5,CCV,"['B', 'AO', 'SH']"
1356,"['B', 'W', 'UW']",5,CCV,"['B', 'UW', 'W']"
1357,"['B', 'W', 'IH']",5,CCV,"['B', 'IH', 'W']"
1358,"['B', 'W', 'EH']",5,CCV,"['B', 'EH', 'W']"
1359,"['B', 'W', 'UH']",5,CCV,"['B', 'UH', 'N']"
1360,"['B', 'W', 'IY']",5,CCV,"['B', 'W', 'IY']"
1361,"['B', 'W', 'EY']",5,CCV,"['B', 'W', 'EY']"
1362,"['B', 'W', 'OW']",5,CCV,"['B', 'OW', 'W']"
1363,"['B', 'W', 'AE']",5,CCV,"['B', 'AE', 'L']"
1364,"['B', 'W', 'AW']",5,CCV,"['B', 'W', 'AW']"
1365,"['B', 'Y', 'AH']",5,CCV,"['B', 'Y', 'AH']"
1366,"['B', 'Y', 'OY']",5,CCV,"['B', 'Y', 'OY']"
1367,"['B', 'Y', 'AA']",5,CCV,"['B', 'Y', 'AA']"
1368,"['B', 'Y', 'AY']",5,CCV,"['B', 'Y', 'AY']"
1369,"['B', 'Y', 'ER']",5,CCV,"['B', 'Y', 'ER']"
1370,"['B', 'Y', 'AO']",5,CCV,"['B', 'Y', 'AO']"
1371,"['B', 'Y', 'UW']",5,CCV,"['B', 'Y', 'UW']"
1372,"['B', 'Y', 'IH']",5,CCV,"['B', 'IH', 'Y']"
1373,"['B', 'Y', 'EH']",5,CCV,"['B', 'Y', 'EH']"
1374,"['B', 'Y', 'UH']",5,CCV,"['B', 'Y', 'UH']"
1375,"['B', 'Y', 'IY']",5,CCV,"['B', 'Y', 'IY']"
1376,"['B', 'Y', 'EY']",5,CCV,"['B', 'Y', 'EY']"
1377,"['B', 'Y', 'OW']",5,CCV,"['B', 'Y', 'OW']"
1378,"['B', 'Y', 'AE']",5,CCV,"['B', 'Y', 'AE']"
1379,"['B', 'Y', 'AW']",5,CCV,"['B', 'Y', 'AW']"
1380,"['D', 'P', 'AH']",0,CCV,"['D', 'P', 'AH']"
1381,"['D', 'P', 'OY']",0,CCV,"['D', 'OY', 'P']"
1382,"['D', 'P', 'AA']",0,CCV,"['D', 'P', 'AA']"
1383,"['D', 'P', 'AY']",0,CCV,"['D', 'P', 'AY']"
1384,"['D', 'P', 'ER']",0,CCV,"['D', 'P', 'ER']"
1385,"['D', 'P', 'AO']",0,CCV,"['D', 'P', 'AO']"
1386,"['D', 'P', 'UW']",0,CCV,"['D', 'P', 'UW']"
1387,"['D', 'P', 'IH']",0,CCV,"['D', 'P', 'IH']"
1388,"['D', 'P', 'EH']",0,CCV,"['D', 'P', 'EH']"
1389,"['D', 'P', 'UH']",0,CCV,"['D', 'P', 'UH']"
1390,"['D', 'P', 'IY']",0,CCV,"['D', 'P', 'IY']"
1391,"['D', 'P', 'EY']",0,CCV,"['D', 'P', 'EY']"
1392,"['D', 'P', 'OW']",0,CCV,"['D', 'P', 'OW']"
1393,"['D', 'P', 'AE']",0,CCV,"['D', 'P', 'AE']"
1394,"['D', 'P', 'AW']",0,CCV,"['D', 'P', 'AW']"
1395,"['D', 'T', 'AH']",0,CCV,"['D', 'T', 'AH']"
1396,"['D', 'T', 'OY']",0,CCV,"['D', 'OY', 'T']"
1397,"['D', 'T', 'AA']",0,CCV,"['D', 'AA', 'T']"
1398,"['D', 'T', 'AY']",0,CCV,"['D', 'AY', 'T']"
1399,"['D', 'T', 'ER']",0,CCV,"['D', 'ER', 'T']"
1400,"['D', 'T', 'AO']",0,CCV,"['D', 'AO', 'T']"
1401,"['D', 'T', 'UW']",0,CCV,"['D', 'T', 'UW']"
1402,"['D', 'T', 'IH']",0,CCV,"['D', 'IH', 'T']"
1403,"['D', 'T', 'EH']",0,CCV,"['D', 'EH', 'T']"
1404,"['D', 'T', 'UH']",0,CCV,"['D', 'UH', 'T']"
1405,"['D', 'T', 'IY']",0,CCV,"['D', 'IY', 'T']"
1406,"['D', 'T', 'EY']",0,CCV,"['D', 'EY', 'T']"
1407,"['D', 'T', 'OW']",0,CCV,"['D', 'OW', 'T']"
1408,"['D', 'T', 'AE']",0,CCV,"['D', 'AE', 'T']"
1409,"['D', 'T', 'AW']",0,CCV,"['T', 'AW', 'D']"
1410,"['D', 'K', 'AH']",0,CCV,"['D', 'K', 'AH']"
1411,"['D', 'K', 'OY']",0,CCV,"['D', 'K', 'OY']"
1412,"['D', 'K', 'AA']",0,CCV,"['D', 'K', 'AA']"
1413,"['D', 'K', 'AY']",0,CCV,"['D', 'K', 'AY']"
1414,"['D', 'K', 'ER']",0,CCV,"['D', 'K', 'ER']"
1415,"['D', 'K', 'AO']",0,CCV,"['D', 'K', 'AO']"
1416,"['D', 'K', 'UW']",0,CCV,"['D', 'UW', 'K']"
1417,"['D', 'K', 'IH']",0,CCV,"['D', 'K', 'IH']"
1418,"['D', 'K', 'EH']",0,CCV,"['D', 'EH', 'K']"
1419,"['D', 'K', 'UH']",0,CCV,"['D', 'UH', 'K']"
1420,"['D', 'K', 'IY']",0,CCV,"['D', 'K', 'IY']"
1421,"['D', 'K', 'EY']",0,CCV,"['D', 'EY', 'K']"
1422,"['D', 'K', 'OW']",0,CCV,"['D', 'K', 'OW']"
1423,"['D', 'K', 'AE']",0,CCV,"['D', 'AE', 'K']"
1424,"['D', 'K', 'AW']",0,CCV,"['D', 'AW', 'K']"
1425,"['D', 'B', 'AH']",0,CCV,"['D', 'B', 'AH']"
1426,"['D', 'B', 'OY']",0,CCV,"['D', 'OY', 'B']"
1427,"['D', 'B', 'AA']",0,CCV,"['D', 'B', 'AA']"
1428,"['D', 'B', 'AY']",0,CCV,"['D', 'AY', 'B']"
1429,"['D', 'B', 'ER']",0,CCV,"['D', 'B', 'ER']"
1430,"['D', 'B', 'AO']",0,CCV,"['D', 'AO', 'SH']"
1431,"['D', 'B', 'UW']",0,CCV,"['D', 'B', 'UW']"
1432,"['D', 'B', 'IH']",0,CCV,"['D', 'IH', 'B']"
1433,"['D', 'B', 'EH']",0,CCV,"['D', 'B', 'EH']"
1434,"['D', 'B', 'UH']",0,CCV,"['D', 'UH', 'B']"
1435,"['D', 'B', 'IY']",0,CCV,"['D', 'B', 'IY']"
1436,"['D', 'B', 'EY']",0,CCV,"['D', 'EY', 'B']"
1437,"['D', 'B', 'OW']",0,CCV,"['D', 'OW', 'B']"
1438,"['D', 'B', 'AE']",0,CCV,"['D', 'AE', 'B']"
1439,"['D', 'B', 'AW']",0,CCV,"['D', 'AW', 'B']"
1440,"['D', 'G', 'AH']",0,CCV,"['D', 'G', 'AH']"
1441,"['D', 'G', 'OY']",0,CCV,"['D', 'OY', 'G']"
1442,"['D', 'G', 'AA']",0,CCV,"['D', 'G', 'AA']"
1443,"['D', 'G', 'AY']",0,CCV,"['G', 'AY', 'D']"
1444,"['D', 'G', 'ER']",0,CCV,"['D', 'G', 'ER']"
1445,"['D', 'G', 'AO']",0,CCV,"['D', 'AO', 'G']"
1446,"['D', 'G', 'UW']",0,CCV,"['D', 'G', 'UW']"
1447,"['D', 'G', 'IH']",0,CCV,"['D', 'G', 'IH']"
1448,"['D', 'G', 'EH']",0,CCV,"['D', 'G', 'EH']"
1449,"['D', 'G', 'UH']",0,CCV,"['D', 'UH', 'G']"
1450,"['D', 'G', 'IY']",0,CCV,"['D', 'G', 'IY']"
1451,"['D', 'G', 'EY']",0,CCV,"['D', 'EY', 'G']"
1452,"['D', 'G', 'OW']",0,CCV,"['D', 'G', 'OW']"
1453,"['D', 'G', 'AE']",0,CCV,"['D', 'AE', 'G']"
1454,"['D', 'G', 'AW']",0,CCV,"['D', 'G', 'AW']"
1455,"['D', 'F', 'AH']",1,CCV,"['D', 'F', 'AH']"
1456,"['D', 'F', 'OY']",1,CCV,"['D', 'F', 'OY']"
1457,"['D', 'F', 'AA']",1,CCV,"['D', 'F', 'AA']"
1458,"['D', 'F', 'AY']",1,CCV,"['D', 'F', 'AY']"
1459,"['D', 'F', 'ER']",1,CCV,"['F', 'ER', 'D']"
1460,"['D', 'F', 'AO']",1,CCV,"['D', 'AO', 'F']"
1461,"['D', 'F', 'UW']",1,CCV,"['D', 'F', 'UW']"
1462,"['D', 'F', 'IH']",1,CCV,"['D', 'F', 'IH']"
1463,"['D', 'F', 'EH']",1,CCV,"['D', 'F', 'EH']"
1464,"['D', 'F', 'UH']",1,CCV,"['D', 'UH', 'F']"
1465,"['D', 'F', 'IY']",1,CCV,"['D', 'F', 'IY']"
1466,"['D', 'F', 'EY']",1,CCV,"['D', 'EY', 'F']"
1467,"['D', 'F', 'OW']",1,CCV,"['D', 'F', 'OW']"
1468,"['D', 'F', 'AE']",1,CCV,"['D', 'AE', 'F']"
1469,"['D', 'F', 'AW']",1,CCV,"['D', 'F', 'AW']"
1470,"['D', 'TH', 'AH']",1,CCV,"['D', 'TH', 'AH']"
1471,"['D', 'TH', 'OY']",1,CCV,"['D', 'TH', 'OY']"
1472,"['D', 'TH', 'AA']",1,CCV,"['D', 'TH', 'AA']"
1473,"['D', 'TH', 'AY']",1,CCV,"['D', 'TH', 'AY']"
1474,"['D', 'TH', 'ER']",1,CCV,"['D', 'TH', 'ER']"
1475,"['D', 'TH', 'AO']",1,CCV,"['D', 'AO', 'TH']"
1476,"['D', 'TH', 'UW']",1,CCV,"['D', 'TH', 'UW']"
1477,"['D', 'TH', 'IH']",1,CCV,"['D', 'TH', 'IH']"
1478,"['D', 'TH', 'EH']",1,CCV,"['D', 'TH', 'EH']"
1479,"['D', 'TH', 'UH']",1,CCV,"['D', 'TH', 'UH']"
1480,"['D', 'TH', 'IY']",1,CCV,"['D', 'TH', 'IY']"
1481,"['D', 'TH', 'EY']",1,CCV,"['D', 'EY', 'TH']"
1482,"['D', 'TH', 'OW']",1,CCV,"['D', 'TH', 'OW']"
1483,"['D', 'TH', 'AE']",1,CCV,"['D', 'AE', 'TH']"
1484,"['D', 'TH', 'AW']",1,CCV,"['D', 'TH', 'AW']"
1485,"['D', 'S', 'AH']",1,CCV,"['D', 'S', 'AH']"
1486,"['D', 'S', 'OY']",1,CCV,"['D', 'OY', 'L']"
1487,"['D', 'S', 'AA']",1,CCV,"['D', 'AA', 'S']"
1488,"['D', 'S', 'AY']",1,CCV,"['D', 'AY', 'S']"
1489,"['D', 'S', 'ER']",1,CCV,"['D', 'S', 'ER']"
1490,"['D', 'S', 'AO']",1,CCV,"['D', 'AO', 'S']"
1491,"['D', 'S', 'UW']",1,CCV,"['D', 'UW', 'S']"
1492,"['D', 'S', 'IH']",1,CCV,"['D', 'IH', 'S']"
1493,"['D', 'S', 'EH']",1,CCV,"['D', 'EH', 'S']"
1494,"['D', 'S', 'UH']",1,CCV,"['D', 'UH', 'S']"
1495,"['D', 'S', 'IY']",1,CCV,"['D', 'S', 'IY']"
1496,"['D', 'S', 'EY']",1,CCV,"['D', 'S', 'EY']"
1497,"['D', 'S', 'OW']",1,CCV,"['D', 'S', 'OW']"
1498,"['D', 'S', 'AE']",1,CCV,"['D', 'AE', 'S']"
1499,"['D', 'S', 'AW']",1,CCV,"['D', 'S', 'AW']"
1500,"['D', 'SH', 'AH']",1,CCV,"['D', 'SH', 'AH']"
1501,"['D', 'SH', 'OY']",1,CCV,"['D', 'SH', 'OY']"
1502,"['D', 'SH', 'AA']",1,CCV,"['D', 'SH', 'AA']"
1503,"['D', 'SH', 'AY']",1,CCV,"['D', 'SH', 'AY']"
1504,"['D', 'SH', 'ER']",1,CCV,"['D', 'SH', 'ER']"
1505,"['D', 'SH', 'AO']",1,CCV,"['D', 'SH', 'AO']"
1506,"['D', 'SH', 'UW']",1,CCV,"['D', 'SH', 'UW']"
1507,"['D', 'SH', 'IH']",1,CCV,"['D', 'SH', 'IH']"
1508,"['D', 'SH', 'EH']",1,CCV,"['D', 'SH', 'EH']"
1509,"['D', 'SH', 'UH']",1,CCV,"['D', 'SH', 'UH']"
1510,"['D', 'SH', 'IY']",1,CCV,"['D', 'SH', 'IY']"
1511,"['D', 'SH', 'EY']",1,CCV,"['D', 'EY', 'SH']"
1512,"['D', 'SH', 'OW']",1,CCV,"['D', 'SH', 'OW']"
1513,"['D', 'SH', 'AE']",1,CCV,"['D', 'AE', 'SH']"
1514,"['D', 'SH', 'AW']",1,CCV,"['D', 'SH', 'AW']"
1515,"['D', 'Z', 'AH']",1,CCV,"['D', 'Z', 'AH']"
1516,"['D', 'Z', 'OY']",1,CCV,"['D', 'EH', 'Z']"
1517,"['D', 'Z', 'AA']",1,CCV,"['D', 'AA', 'Z']"
1518,"['D', 'Z', 'AY']",1,CCV,"['D', 'AY', 'Z']"
1519,"['D', 'Z', 'ER']",1,CCV,"['D', 'Z', 'ER']"
1520,"['D', 'Z', 'AO']",1,CCV,"['D', 'AO', 'Z']"
1521,"['D', 'Z', 'UW']",1,CCV,"['D', 'UW', 'Z']"
1522,"['D', 'Z', 'IH']",1,CCV,"['D', 'IH', 'Z']"
1523,"['D', 'Z', 'EH']",1,CCV,"['D', 'Z', 'EH']"
1524,"['D', 'Z', 'UH']",1,CCV,"['D', 'Z', 'UH']"
1525,"['D', 'Z', 'IY']",1,CCV,"['D', 'Z', 'IY']"
1526,"['D', 'Z', 'EY']",1,CCV,"['D', 'EY', 'Z']"
1527,"['D', 'Z', 'OW']",1,CCV,"['D', 'OW', 'Z']"
1528,"['D', 'Z', 'AE']",1,CCV,"['D', 'AE', 'Z']"
1529,"['D', 'Z', 'AW']",1,CCV,"['D', 'AW', 'Z']"
1530,"['D', 'ZH', 'AH']",1,CCV,"['D', 'ZH', 'AH']"
1531,"['D', 'ZH', 'OY']",1,CCV,"['D', 'ZH', 'OY']"
1532,"['D', 'ZH', 'AA']",1,CCV,"['D', 'ZH', 'AA']"
1533,"['D', 'ZH', 'AY']",1,CCV,"['D', 'ZH', 'AY']"
1534,"['D', 'ZH', 'ER']",1,CCV,"['D', 'ZH', 'ER']"
1535,"['D', 'ZH', 'AO']",1,CCV,"['D', 'ZH', 'AO']"
1536,"['D', 'ZH', 'UW']",1,CCV,"['D', 'UW', 'ZH']"
1537,"['D', 'ZH', 'IH']",1,CCV,"['D', 'ZH', 'IH']"
1538,"['D', 'ZH', 'EH']",1,CCV,"['D', 'ZH', 'EH']"
1539,"['D', 'ZH', 'UH']",1,CCV,"['D', 'ZH', 'UH']"
1540,"['D', 'ZH', 'IY']",1,CCV,"['D', 'ZH', 'IY']"
1541,"['D', 'ZH', 'EY']",1,CCV,"['D', 'ZH', 'EY']"
1542,"['D', 'ZH', 'OW']",1,CCV,"['D', 'ZH', 'OW']"
1543,"['D', 'ZH', 'AE']",1,CCV,"['D', 'ZH', 'AE']"
1544,"['D', 'ZH', 'AW']",1,CCV,"['D', 'ZH', 'AW']"
1545,"['D', 'V', 'AH']",1,CCV,"['D', 'V', 'AH']"
1546,"['D', 'V', 'OY']",1,CCV,"['D', 'V', 'OY']"
1547,"['D', 'V', 'AA']",1,CCV,"['D', 'V', 'AA']"
1548,"['D', 'V', 'AY']",1,CCV,"['D', 'V', 'AY']"
1549,"['D', 'V', 'ER']",1,CCV,"['D', 'V', 'ER']"
1550,"['D', 'V', 'AO']",1,CCV,"['D', 'V', 'AO']"
1551,"['D', 'V', 'UW']",1,CCV,"['D', 'V', 'UW']"
1552,"['D', 'V', 'IH']",1,CCV,"['D', 'V', 'IH']"
1553,"['D', 'V', 'EH']",1,CCV,"['D', 'V', 'EH']"
1554,"['D', 'V', 'UH']",1,CCV,"['D', 'V', 'UH']"
1555,"['D', 'V', 'IY']",1,CCV,"['D', 'V', 'IY']"
1556,"['D', 'V', 'EY']",1,CCV,"['D', 'V', 'EY']"
1557,"['D', 'V', 'OW']",1,CCV,"['D', 'V', 'OW']"
1558,"['D', 'V', 'AE']",1,CCV,"['D', 'V', 'AE']"
1559,"['D', 'V', 'AW']",1,CCV,"['D', 'V', 'AW']"
1560,"['D', 'DH', 'AH']",1,CCV,"['DH', 'AH', 'D']"
1561,"['D', 'DH', 'OY']",1,CCV,"['D', 'DH', 'OY']"
1562,"['D', 'DH', 'AA']",1,CCV,"['D', 'DH', 'AA']"
1563,"['D', 'DH', 'AY']",1,CCV,"['D', 'DH', 'AY']"
1564,"['D', 'DH', 'ER']",1,CCV,"['D', 'DH', 'ER']"
1565,"['D', 'DH', 'AO']",1,CCV,"['D', 'DH', 'AO']"
1566,"['D', 'DH', 'UW']",1,CCV,"['D', 'DH', 'UW']"
1567,"['D', 'DH', 'IH']",1,CCV,"['DH', 'IH', 'K']"
1568,"['D', 'DH', 'EH']",1,CCV,"['DH', 'EH', 'D']"
1569,"['D', 'DH', 'UH']",1,CCV,"['D', 'DH', 'UH']"
1570,"['D', 'DH', 'IY']",1,CCV,"['DH', 'D', 'IY']"
1571,"['D', 'DH', 'EY']",1,CCV,"['D', 'DH', 'EY']"
1572,"['D', 'DH', 'OW']",1,CCV,"['D', 'DH', 'OW']"
1573,"['D', 'DH', 'AE']",1,CCV,"['DH', 'AE', 'SH']"
1574,"['D', 'DH', 'AW']",1,CCV,"['DH', 'AW', 'N']"
1575,"['D', 'HH', 'AH']",1,CCV,"['HH', 'AH', '<EOS>']"
1576,"['D', 'HH', 'OY']",1,CCV,"['HH', 'OY', 'D']"
1577,"['D', 'HH', 'AA']",1,CCV,"['HH', 'AA', 'D']"
1578,"['D', 'HH', 'AY']",1,CCV,"['HH', 'AY', 'D']"
1579,"['D', 'HH', 'ER']",1,CCV,"['HH', 'ER', 'D']"
1580,"['D', 'HH', 'AO']",1,CCV,"['D', 'HH', 'AO']"
1581,"['D', 'HH', 'UW']",1,CCV,"['D', 'HH', 'UW']"
1582,"['D', 'HH', 'IH']",1,CCV,"['HH', 'IH', '<EOS>']"
1583,"['D', 'HH', 'EH']",1,CCV,"['HH', 'EH', 'D']"
1584,"['D', 'HH', 'UH']",1,CCV,"['HH', 'UH', 'D']"
1585,"['D', 'HH', 'IY']",1,CCV,"['HH', 'IY', 'D']"
1586,"['D', 'HH', 'EY']",1,CCV,"['HH', 'EY', 'SH']"
1587,"['D', 'HH', 'OW']",1,CCV,"['HH', 'OW', 'D']"
1588,"['D', 'HH', 'AE']",1,CCV,"['HH', 'AE', 'SH']"
1589,"['D', 'HH', 'AW']",1,CCV,"['HH', 'AW', 'D']"
1590,"['D', 'CH', 'AH']",2,CCV,"['D', 'CH', 'AH']"
1591,"['D', 'CH', 'OY']",2,CCV,"['D', 'CH', 'OY']"
1592,"['D', 'CH', 'AA']",2,CCV,"['D', 'EY', 'CH']"
1593,"['D', 'CH', 'AY']",2,CCV,"['D', 'AY', 'CH']"
1594,"['D', 'CH', 'ER']",2,CCV,"['D', 'CH', 'ER']"
1595,"['D', 'CH', 'AO']",2,CCV,"['D', 'CH', 'AO']"
1596,"['D', 'CH', 'UW']",2,CCV,"['D', 'CH', 'UW']"
1597,"['D', 'CH', 'IH']",2,CCV,"['D', 'IH', 'CH']"
1598,"['D', 'CH', 'EH']",2,CCV,"['D', 'EH', 'CH']"
1599,"['D', 'CH', 'UH']",2,CCV,"['D', 'UH', 'CH']"
1600,"['D', 'CH', 'IY']",2,CCV,"['D', 'CH', 'IY']"
1601,"['D', 'CH', 'EY']",2,CCV,"['D', 'EY', 'CH']"
1602,"['D', 'CH', 'OW']",2,CCV,"['D', 'OW', 'CH']"
1603,"['D', 'CH', 'AE']",2,CCV,"['D', 'AE', 'CH']"
1604,"['D', 'CH', 'AW']",2,CCV,"['D', 'EY', 'V']"
1605,"['D', 'JH', 'AH']",2,CCV,"['D', 'JH', 'AH']"
1606,"['D', 'JH', 'OY']",2,CCV,"['D', 'OY', 'JH']"
1607,"['D', 'JH', 'AA']",2,CCV,"['D', 'AA', 'JH']"
1608,"['D', 'JH', 'AY']",2,CCV,"['D', 'AY', 'JH']"
1609,"['D', 'JH', 'ER']",2,CCV,"['D', 'ER', 'JH']"
1610,"['D', 'JH', 'AO']",2,CCV,"['D', 'AO', 'JH']"
1611,"['D', 'JH', 'UW']",2,CCV,"['D', 'UW', 'JH']"
1612,"['D', 'JH', 'IH']",2,CCV,"['D', 'IH', 'JH']"
1613,"['D', 'JH', 'EH']",2,CCV,"['D', 'EH', 'JH']"
1614,"['D', 'JH', 'UH']",2,CCV,"['D', 'UH', 'JH']"
1615,"['D', 'JH', 'IY']",2,CCV,"['D', 'IY', 'JH']"
1616,"['D', 'JH', 'EY']",2,CCV,"['D', 'EY', 'JH']"
1617,"['D', 'JH', 'OW']",2,CCV,"['D', 'OW', 'JH']"
1618,"['D', 'JH', 'AE']",2,CCV,"['D', 'AE', 'JH']"
1619,"['D', 'JH', 'AW']",2,CCV,"['D', 'AW', 'JH']"
1620,"['D', 'M', 'AH']",3,CCV,"['D', 'M', 'AH']"
1621,"['D', 'M', 'OY']",3,CCV,"['D', 'M', 'OY']"
1622,"['D', 'M', 'AA']",3,CCV,"['D', 'M', 'AA']"
1623,"['D', 'M', 'AY']",3,CCV,"['D', 'M', 'AY']"
1624,"['D', 'M', 'ER']",3,CCV,"['D', 'M', 'ER']"
1625,"['D', 'M', 'AO']",3,CCV,"['D', 'M', 'AO']"
1626,"['D', 'M', 'UW']",3,CCV,"['D', 'M', 'UW']"
1627,"['D', 'M', 'IH']",3,CCV,"['D', 'M', 'IH']"
1628,"['D', 'M', 'EH']",3,CCV,"['D', 'M', 'EH']"
1629,"['D', 'M', 'UH']",3,CCV,"['D', 'M', 'UH']"
1630,"['D', 'M', 'IY']",3,CCV,"['D', 'M', 'IY']"
1631,"['D', 'M', 'EY']",3,CCV,"['D', 'M', 'EY']"
1632,"['D', 'M', 'OW']",3,CCV,"['D', 'M', 'OW']"
1633,"['D', 'M', 'AE']",3,CCV,"['D', 'AE', 'M']"
1634,"['D', 'M', 'AW']",3,CCV,"['D', 'M', 'AW']"
1635,"['D', 'N', 'AH']",3,CCV,"['D', 'N', 'AH']"
1636,"['D', 'N', 'OY']",3,CCV,"['D', 'OY', 'N']"
1637,"['D', 'N', 'AA']",3,CCV,"['D', 'AA', 'N']"
1638,"['D', 'N', 'AY']",3,CCV,"['D', 'AY', 'N']"
1639,"['D', 'N', 'ER']",3,CCV,"['D', 'N', 'ER']"
1640,"['D', 'N', 'AO']",3,CCV,"['D', 'AO', 'N']"
1641,"['D', 'N', 'UW']",3,CCV,"['D', 'UW', 'N']"
1642,"['D', 'N', 'IH']",3,CCV,"['D', 'IH', 'N']"
1643,"['D', 'N', 'EH']",3,CCV,"['D', 'EH', 'N']"
1644,"['D', 'N', 'UH']",3,CCV,"['D', 'UH', 'N']"
1645,"['D', 'N', 'IY']",3,CCV,"['D', 'N', 'IY']"
1646,"['D', 'N', 'EY']",3,CCV,"['D', 'EY', 'N']"
1647,"['D', 'N', 'OW']",3,CCV,"['D', 'OW', 'N']"
1648,"['D', 'N', 'AE']",3,CCV,"['D', 'AE', 'N']"
1649,"['D', 'N', 'AW']",3,CCV,"['D', 'AW', 'N']"
1650,"['D', 'NG', 'AH']",3,CCV,"['D', 'NG', '<EOS>']"
1651,"['D', 'NG', 'OY']",3,CCV,"['D', 'NG', 'OY']"
1652,"['D', 'NG', 'AA']",3,CCV,"['D', 'AA', 'NG']"
1653,"['D', 'NG', 'AY']",3,CCV,"['D', 'AY', 'NG']"
1654,"['D', 'NG', 'ER']",3,CCV,"['D', 'NG', 'ER']"
1655,"['D', 'NG', 'AO']",3,CCV,"['D', 'NG', 'AO']"
1656,"['D', 'NG', 'UW']",3,CCV,"['D', 'NG', 'UW']"
1657,"['D', 'NG', 'IH']",3,CCV,"['D', 'IH', 'NG']"
1658,"['D', 'NG', 'EH']",3,CCV,"['D', 'EH', 'NG']"
1659,"['D', 'NG', 'UH']",3,CCV,"['D', 'UH', 'NG']"
1660,"['D', 'NG', 'IY']",3,CCV,"['D', 'NG', 'IY']"
1661,"['D', 'NG', 'EY']",3,CCV,"['D', 'EY', 'NG']"
1662,"['D', 'NG', 'OW']",3,CCV,"['D', 'OW', 'NG']"
1663,"['D', 'NG', 'AE']",3,CCV,"['D', 'AE', 'NG']"
1664,"['D', 'NG', 'AW']",3,CCV,"['D', 'NG', 'AW']"
1665,"['D', 'L', 'AH']",4,CCV,"['D', 'L', 'AH']"
1666,"['D', 'L', 'OY']",4,CCV,"['D', 'L', 'OY']"
1667,"['D', 'L', 'AA']",4,CCV,"['D', 'L', 'AA']"
1668,"['D', 'L', 'AY']",4,CCV,"['D', 'L', 'AY']"
1669,"['D', 'L', 'ER']",4,CCV,"['D', 'L', 'ER']"
1670,"['D', 'L', 'AO']",4,CCV,"['D', 'L', 'AO']"
1671,"['D', 'L', 'UW']",4,CCV,"['D', 'L', 'UW']"
1672,"['D', 'L', 'IH']",4,CCV,"['D', 'L', 'IH']"
1673,"['D', 'L', 'EH']",4,CCV,"['D', 'L', 'EH']"
1674,"['D', 'L', 'UH']",4,CCV,"['D', 'L', 'UH']"
1675,"['D', 'L', 'IY']",4,CCV,"['D', 'L', 'IY']"
1676,"['D', 'L', 'EY']",4,CCV,"['D', 'L', 'EY']"
1677,"['D', 'L', 'OW']",4,CCV,"['D', 'L', 'OW']"
1678,"['D', 'L', 'AE']",4,CCV,"['D', 'L', 'AE']"
1679,"['D', 'L', 'AW']",4,CCV,"['D', 'L', 'AW']"
1680,"['D', 'R', 'AH']",4,CCV,"['D', 'R', 'AH']"
1681,"['D', 'R', 'OY']",4,CCV,"['D', 'R', 'OY']"
1682,"['D', 'R', 'AA']",4,CCV,"['D', 'R', 'AA']"
1683,"['D', 'R', 'AY']",4,CCV,"['D', 'R', 'AY']"
1684,"['D', 'R', 'ER']",4,CCV,"['D', 'R', 'ER']"
1685,"['D', 'R', 'AO']",4,CCV,"['D', 'R', 'AO']"
1686,"['D', 'R', 'UW']",4,CCV,"['D', 'R', 'UW']"
1687,"['D', 'R', 'IH']",4,CCV,"['D', 'R', 'IH']"
1688,"['D', 'R', 'EH']",4,CCV,"['D', 'R', 'EH']"
1689,"['D', 'R', 'UH']",4,CCV,"['D', 'R', 'UH']"
1690,"['D', 'R', 'IY']",4,CCV,"['D', 'R', 'IY']"
1691,"['D', 'R', 'EY']",4,CCV,"['D', 'R', 'EY']"
1692,"['D', 'R', 'OW']",4,CCV,"['D', 'R', 'OW']"
1693,"['D', 'R', 'AE']",4,CCV,"['D', 'R', 'AE']"
1694,"['D', 'R', 'AW']",4,CCV,"['D', 'R', 'AW']"
1695,"['D', 'W', 'AH']",5,CCV,"['D', 'W', 'AH']"
1696,"['D', 'W', 'OY']",5,CCV,"['D', 'W', 'OY']"
1697,"['D', 'W', 'AA']",5,CCV,"['D', 'W', 'AA']"
1698,"['D', 'W', 'AY']",5,CCV,"['D', 'W', 'AY']"
1699,"['D', 'W', 'ER']",5,CCV,"['D', 'W', 'ER']"
1700,"['D', 'W', 'AO']",5,CCV,"['D', 'W', 'AO']"
1701,"['D', 'W', 'UW']",5,CCV,"['D', 'W', 'UW']"
1702,"['D', 'W', 'IH']",5,CCV,"['D', 'W', 'IH']"
1703,"['D', 'W', 'EH']",5,CCV,"['D', 'W', 'EH']"
1704,"['D', 'W', 'UH']",5,CCV,"['D', 'W', 'UH']"
1705,"['D', 'W', 'IY']",5,CCV,"['D', 'W', 'IY']"
1706,"['D', 'W', 'EY']",5,CCV,"['D', 'W', 'EY']"
1707,"['D', 'W', 'OW']",5,CCV,"['D', 'W', 'OW']"
1708,"['D', 'W', 'AE']",5,CCV,"['D', 'W', 'AE']"
1709,"['D', 'W', 'AW']",5,CCV,"['D', 'W', 'AW']"
1710,"['D', 'Y', 'AH']",5,CCV,"['D', 'Y', 'AH']"
1711,"['D', 'Y', 'OY']",5,CCV,"['D', 'OY', 'L']"
1712,"['D', 'Y', 'AA']",5,CCV,"['D', 'Y', 'AA']"
1713,"['D', 'Y', 'AY']",5,CCV,"['D', 'Y', 'AY']"
1714,"['D', 'Y', 'ER']",5,CCV,"['D', 'Y', 'ER']"
1715,"['D', 'Y', 'AO']",5,CCV,"['D', 'AO', 'Y']"
1716,"['D', 'Y', 'UW']",5,CCV,"['D', 'Y', 'UW']"
1717,"['D', 'Y', 'IH']",5,CCV,"['D', 'IH', 'Y']"
1718,"['D', 'Y', 'EH']",5,CCV,"['D', 'Y', 'EH']"
1719,"['D', 'Y', 'UH']",5,CCV,"['D', 'Y', 'UH']"
1720,"['D', 'Y', 'IY']",5,CCV,"['D', 'Y', 'IY']"
1721,"['D', 'Y', 'EY']",5,CCV,"['D', 'Y', 'EY']"
1722,"['D', 'Y', 'OW']",5,CCV,"['D', 'Y', 'OW']"
1723,"['D', 'Y', 'AE']",5,CCV,"['D', 'Y', 'AE']"
1724,"['D', 'Y', 'AW']",5,CCV,"['D', 'Y', 'AW']"
1725,"['G', 'P', 'AH']",0,CCV,"['G', 'P', 'AH']"
1726,"['G', 'P', 'OY']",0,CCV,"['G', 'OY', 'P']"
1727,"['G', 'P', 'AA']",0,CCV,"['G', 'P', 'AA']"
1728,"['G', 'P', 'AY']",0,CCV,"['G', 'P', 'AY']"
1729,"['G', 'P', 'ER']",0,CCV,"['G', 'P', 'ER']"
1730,"['G', 'P', 'AO']",0,CCV,"['G', 'P', 'AO']"
1731,"['G', 'P', 'UW']",0,CCV,"['G', 'UW', 'P']"
1732,"['G', 'P', 'IH']",0,CCV,"['G', 'P', 'IH']"
1733,"['G', 'P', 'EH']",0,CCV,"['G', 'P', 'EH']"
1734,"['G', 'P', 'UH']",0,CCV,"['G', 'UH', 'P']"
1735,"['G', 'P', 'IY']",0,CCV,"['G', 'P', 'IY']"
1736,"['G', 'P', 'EY']",0,CCV,"['G', 'EY', 'P']"
1737,"['G', 'P', 'OW']",0,CCV,"['G', 'P', 'OW']"
1738,"['G', 'P', 'AE']",0,CCV,"['P', 'AE', 'G']"
1739,"['G', 'P', 'AW']",0,CCV,"['G', 'P', 'AW']"
1740,"['G', 'T', 'AH']",0,CCV,"['G', 'T', 'AH']"
1741,"['G', 'T', 'OY']",0,CCV,"['G', 'T', 'OY']"
1742,"['G', 'T', 'AA']",0,CCV,"['G', 'T', 'AA']"
1743,"['G', 'T', 'AY']",0,CCV,"['G', 'T', 'AY']"
1744,"['G', 'T', 'ER']",0,CCV,"['G', 'T', 'ER']"
1745,"['G', 'T', 'AO']",0,CCV,"['G', 'T', 'AO']"
1746,"['G', 'T', 'UW']",0,CCV,"['G', 'T', 'UW']"
1747,"['G', 'T', 'IH']",0,CCV,"['G', 'T', 'IH']"
1748,"['G', 'T', 'EH']",0,CCV,"['G', 'T', 'EH']"
1749,"['G', 'T', 'UH']",0,CCV,"['G', 'UH', 'T']"
1750,"['G', 'T', 'IY']",0,CCV,"['G', 'T', 'IY']"
1751,"['G', 'T', 'EY']",0,CCV,"['G', 'T', 'EY']"
1752,"['G', 'T', 'OW']",0,CCV,"['G', 'T', 'OW']"
1753,"['G', 'T', 'AE']",0,CCV,"['G', 'AE', 'T']"
1754,"['G', 'T', 'AW']",0,CCV,"['G', 'T', 'AW']"
1755,"['G', 'K', 'AH']",0,CCV,"['G', 'K', 'AH']"
1756,"['G', 'K', 'OY']",0,CCV,"['G', 'OY', 'K']"
1757,"['G', 'K', 'AA']",0,CCV,"['G', 'K', 'AA']"
1758,"['G', 'K', 'AY']",0,CCV,"['G', 'K', 'AY']"
1759,"['G', 'K', 'ER']",0,CCV,"['G', 'K', 'ER']"
1760,"['G', 'K', 'AO']",0,CCV,"['G', 'K', 'AO']"
1761,"['G', 'K', 'UW']",0,CCV,"['G', 'UW', 'K']"
1762,"['G', 'K', 'IH']",0,CCV,"['G', 'K', 'IH']"
1763,"['G', 'K', 'EH']",0,CCV,"['G', 'EH', 'K']"
1764,"['G', 'K', 'UH']",0,CCV,"['G', 'UH', 'K']"
1765,"['G', 'K', 'IY']",0,CCV,"['G', 'K', 'IY']"
1766,"['G', 'K', 'EY']",0,CCV,"['G', 'EY', 'K']"
1767,"['G', 'K', 'OW']",0,CCV,"['G', 'K', 'OW']"
1768,"['G', 'K', 'AE']",0,CCV,"['G', 'K', 'AE']"
1769,"['G', 'K', 'AW']",0,CCV,"['G', 'AW', 'K']"
1770,"['G', 'B', 'AH']",0,CCV,"['G', 'B', 'AH']"
1771,"['G', 'B', 'OY']",0,CCV,"['G', 'OY', 'B']"
1772,"['G', 'B', 'AA']",0,CCV,"['G', 'B', 'AA']"
1773,"['G', 'B', 'AY']",0,CCV,"['G', 'B', 'AY']"
1774,"['G', 'B', 'ER']",0,CCV,"['G', 'B', 'ER']"
1775,"['G', 'B', 'AO']",0,CCV,"['G', 'AO', 'SH']"
1776,"['G', 'B', 'UW']",0,CCV,"['G', 'B', 'UW']"
1777,"['G', 'B', 'IH']",0,CCV,"['G', 'B', 'IH']"
1778,"['G', 'B', 'EH']",0,CCV,"['G', 'B', 'EH']"
1779,"['G', 'B', 'UH']",0,CCV,"['G', 'UH', 'B']"
1780,"['G', 'B', 'IY']",0,CCV,"['G', 'B', 'IY']"
1781,"['G', 'B', 'EY']",0,CCV,"['G', 'EY', 'B']"
1782,"['G', 'B', 'OW']",0,CCV,"['G', 'OW', 'B']"
1783,"['G', 'B', 'AE']",0,CCV,"['B', 'AE', 'G']"
1784,"['G', 'B', 'AW']",0,CCV,"['G', 'B', 'AW']"
1785,"['G', 'D', 'AH']",0,CCV,"['G', 'D', 'AH']"
1786,"['G', 'D', 'OY']",0,CCV,"['G', 'OY', 'D']"
1787,"['G', 'D', 'AA']",0,CCV,"['G', 'D', 'AA']"
1788,"['G', 'D', 'AY']",0,CCV,"['G', 'AY', 'D']"
1789,"['G', 'D', 'ER']",0,CCV,"['G', 'D', 'ER']"
1790,"['G', 'D', 'AO']",0,CCV,"['G', 'AO', 'D']"
1791,"['G', 'D', 'UW']",0,CCV,"['G', 'D', 'UW']"
1792,"['G', 'D', 'IH']",0,CCV,"['G', 'IH', 'D']"
1793,"['G', 'D', 'EH']",0,CCV,"['G', 'D', 'EH']"
1794,"['G', 'D', 'UH']",0,CCV,"['G', 'UH', 'D']"
1795,"['G', 'D', 'IY']",0,CCV,"['G', 'D', 'IY']"
1796,"['G', 'D', 'EY']",0,CCV,"['G', 'EY', 'D']"
1797,"['G', 'D', 'OW']",0,CCV,"['G', 'D', 'OW']"
1798,"['G', 'D', 'AE']",0,CCV,"['G', 'AE', 'D']"
1799,"['G', 'D', 'AW']",0,CCV,"['G', 'EY', 'D']"
1800,"['G', 'F', 'AH']",1,CCV,"['F', 'G', 'AH']"
1801,"['G', 'F', 'OY']",1,CCV,"['G', 'OY', 'F']"
1802,"['G', 'F', 'AA']",1,CCV,"['G', 'F', 'AA']"
1803,"['G', 'F', 'AY']",1,CCV,"['G', 'F', 'AY']"
1804,"['G', 'F', 'ER']",1,CCV,"['G', 'F', 'ER']"
1805,"['G', 'F', 'AO']",1,CCV,"['G', 'AO', 'F']"
1806,"['G', 'F', 'UW']",1,CCV,"['G', 'F', 'UW']"
1807,"['G', 'F', 'IH']",1,CCV,"['G', 'F', 'IH']"
1808,"['G', 'F', 'EH']",1,CCV,"['F', 'G', 'EH']"
1809,"['G', 'F', 'UH']",1,CCV,"['G', 'UH', 'F']"
1810,"['G', 'F', 'IY']",1,CCV,"['F', 'G', 'IY']"
1811,"['G', 'F', 'EY']",1,CCV,"['G', 'EY', 'F']"
1812,"['G', 'F', 'OW']",1,CCV,"['G', 'F', 'OW']"
1813,"['G', 'F', 'AE']",1,CCV,"['F', 'AE', 'G']"
1814,"['G', 'F', 'AW']",1,CCV,"['G', 'F', 'AW']"
1815,"['G', 'TH', 'AH']",1,CCV,"['G', 'TH', 'AH']"
1816,"['G', 'TH', 'OY']",1,CCV,"['G', 'TH', 'OY']"
1817,"['G', 'TH', 'AA']",1,CCV,"['G', 'TH', 'AA']"
1818,"['G', 'TH', 'AY']",1,CCV,"['G', 'TH', 'AY']"
1819,"['G', 'TH', 'ER']",1,CCV,"['G', 'TH', 'ER']"
1820,"['G', 'TH', 'AO']",1,CCV,"['G', 'TH', 'AO']"
1821,"['G', 'TH', 'UW']",1,CCV,"['G', 'TH', 'UW']"
1822,"['G', 'TH', 'IH']",1,CCV,"['G', 'TH', 'IH']"
1823,"['G', 'TH', 'EH']",1,CCV,"['G', 'TH', 'EH']"
1824,"['G', 'TH', 'UH']",1,CCV,"['G', 'TH', 'UH']"
1825,"['G', 'TH', 'IY']",1,CCV,"['G', 'TH', 'IY']"
1826,"['G', 'TH', 'EY']",1,CCV,"['G', 'TH', 'EY']"
1827,"['G', 'TH', 'OW']",1,CCV,"['G', 'TH', 'OW']"
1828,"['G', 'TH', 'AE']",1,CCV,"['G', 'TH', 'AE']"
1829,"['G', 'TH', 'AW']",1,CCV,"['G', 'TH', 'AW']"
1830,"['G', 'S', 'AH']",1,CCV,"['G', 'R', 'AH']"
1831,"['G', 'S', 'OY']",1,CCV,"['G', 'OY', 'L']"
1832,"['G', 'S', 'AA']",1,CCV,"['G', 'AA', 'S']"
1833,"['G', 'S', 'AY']",1,CCV,"['G', 'S', 'AY']"
1834,"['G', 'S', 'ER']",1,CCV,"['G', 'S', 'ER']"
1835,"['G', 'S', 'AO']",1,CCV,"['G', 'AO', 'S']"
1836,"['G', 'S', 'UW']",1,CCV,"['G', 'UW', 'S']"
1837,"['G', 'S', 'IH']",1,CCV,"['G', 'IH', 'S']"
1838,"['G', 'S', 'EH']",1,CCV,"['G', 'S', 'EH']"
1839,"['G', 'S', 'UH']",1,CCV,"['S', 'UH', 'R']"
1840,"['G', 'S', 'IY']",1,CCV,"['G', 'S', 'IY']"
1841,"['G', 'S', 'EY']",1,CCV,"['G', 'EY', 'S']"
1842,"['G', 'S', 'OW']",1,CCV,"['G', 'S', 'OW']"
1843,"['G', 'S', 'AE']",1,CCV,"['S', 'AE', 'G']"
1844,"['G', 'S', 'AW']",1,CCV,"['G', 'AW', 'S']"
1845,"['G', 'SH', 'AH']",1,CCV,"['G', 'SH', 'AH']"
1846,"['G', 'SH', 'OY']",1,CCV,"['G', 'OY', 'SH']"
1847,"['G', 'SH', 'AA']",1,CCV,"['G', 'SH', 'AA']"
1848,"['G', 'SH', 'AY']",1,CCV,"['G', 'SH', 'AY']"
1849,"['G', 'SH', 'ER']",1,CCV,"['G', 'SH', 'ER']"
1850,"['G', 'SH', 'AO']",1,CCV,"['G', 'SH', 'AO']"
1851,"['G', 'SH', 'UW']",1,CCV,"['G', 'SH', 'UW']"
1852,"['G', 'SH', 'IH']",1,CCV,"['G', 'SH', 'IH']"
1853,"['G', 'SH', 'EH']",1,CCV,"['G', 'SH', 'EH']"
1854,"['G', 'SH', 'UH']",1,CCV,"['G', 'UH', 'SH']"
1855,"['G', 'SH', 'IY']",1,CCV,"['G', 'SH', 'IY']"
1856,"['G', 'SH', 'EY']",1,CCV,"['G', 'SH', 'EY']"
1857,"['G', 'SH', 'OW']",1,CCV,"['G', 'SH', 'OW']"
1858,"['G', 'SH', 'AE']",1,CCV,"['G', 'AE', 'SH']"
1859,"['G', 'SH', 'AW']",1,CCV,"['G', 'SH', 'AW']"
1860,"['G', 'Z', 'AH']",1,CCV,"['G', 'Z', 'AH']"
1861,"['G', 'Z', 'OY']",1,CCV,"['G', 'Z', 'OY']"
1862,"['G', 'Z', 'AA']",1,CCV,"['G', 'Z', 'AA']"
1863,"['G', 'Z', 'AY']",1,CCV,"['G', 'AY', 'Z']"
1864,"['G', 'Z', 'ER']",1,CCV,"['G', 'Z', 'ER']"
1865,"['G', 'Z', 'AO']",1,CCV,"['G', 'AO', 'Z']"
1866,"['G', 'Z', 'UW']",1,CCV,"['G', 'Z', 'UW']"
1867,"['G', 'Z', 'IH']",1,CCV,"['G', 'Z', 'IH']"
1868,"['G', 'Z', 'EH']",1,CCV,"['G', 'Z', 'EH']"
1869,"['G', 'Z', 'UH']",1,CCV,"['G', 'UH', 'Z']"
1870,"['G', 'Z', 'IY']",1,CCV,"['G', 'Z', 'IY']"
1871,"['G', 'Z', 'EY']",1,CCV,"['G', 'EY', 'Z']"
1872,"['G', 'Z', 'OW']",1,CCV,"['G', 'Z', 'OW']"
1873,"['G', 'Z', 'AE']",1,CCV,"['G', 'Z', 'AE']"
1874,"['G', 'Z', 'AW']",1,CCV,"['G', 'Z', 'AW']"
1875,"['G', 'ZH', 'AH']",1,CCV,"['G', 'ZH', 'AH']"
1876,"['G', 'ZH', 'OY']",1,CCV,"['G', 'OY', 'ZH']"
1877,"['G', 'ZH', 'AA']",1,CCV,"['G', 'ZH', 'AA']"
1878,"['G', 'ZH', 'AY']",1,CCV,"['G', 'ZH', 'AY']"
1879,"['G', 'ZH', 'ER']",1,CCV,"['G', 'ZH', 'ER']"
1880,"['G', 'ZH', 'AO']",1,CCV,"['G', 'ZH', 'AO']"
1881,"['G', 'ZH', 'UW']",1,CCV,"['G', 'ZH', 'UW']"
1882,"['G', 'ZH', 'IH']",1,CCV,"['G', 'ZH', 'IH']"
1883,"['G', 'ZH', 'EH']",1,CCV,"['G', 'ZH', 'EH']"
1884,"['G', 'ZH', 'UH']",1,CCV,"['G', 'ZH', 'UH']"
1885,"['G', 'ZH', 'IY']",1,CCV,"['G', 'ZH', 'IY']"
1886,"['G', 'ZH', 'EY']",1,CCV,"['G', 'ZH', 'EY']"
1887,"['G', 'ZH', 'OW']",1,CCV,"['G', 'ZH', 'OW']"
1888,"['G', 'ZH', 'AE']",1,CCV,"['G', 'ZH', 'AE']"
1889,"['G', 'ZH', 'AW']",1,CCV,"['G', 'ZH', 'AW']"
1890,"['G', 'V', 'AH']",1,CCV,"['G', 'V', 'AH']"
1891,"['G', 'V', 'OY']",1,CCV,"['G', 'V', 'OY']"
1892,"['G', 'V', 'AA']",1,CCV,"['G', 'V', 'AA']"
1893,"['G', 'V', 'AY']",1,CCV,"['G', 'V', 'AY']"
1894,"['G', 'V', 'ER']",1,CCV,"['G', 'V', 'ER']"
1895,"['G', 'V', 'AO']",1,CCV,"['G', 'V', 'AO']"
1896,"['G', 'V', 'UW']",1,CCV,"['G', 'UW', 'V']"
1897,"['G', 'V', 'IH']",1,CCV,"['G', 'V', 'IH']"
1898,"['G', 'V', 'EH']",1,CCV,"['G', 'V', 'EH']"
1899,"['G', 'V', 'UH']",1,CCV,"['G', 'UH', 'V']"
1900,"['G', 'V', 'IY']",1,CCV,"['G', 'V', 'IY']"
1901,"['G', 'V', 'EY']",1,CCV,"['G', 'EY', 'V']"
1902,"['G', 'V', 'OW']",1,CCV,"['G', 'V', 'OW']"
1903,"['G', 'V', 'AE']",1,CCV,"['G', 'V', 'AE']"
1904,"['G', 'V', 'AW']",1,CCV,"['G', 'V', 'AW']"
1905,"['G', 'DH', 'AH']",1,CCV,"['DH', 'AH', 'M']"
1906,"['G', 'DH', 'OY']",1,CCV,"['G', 'DH', 'OY']"
1907,"['G', 'DH', 'AA']",1,CCV,"['DH', 'G', 'AA']"
1908,"['G', 'DH', 'AY']",1,CCV,"['G', 'DH', 'AY']"
1909,"['G', 'DH', 'ER']",1,CCV,"['G', 'DH', 'ER']"
1910,"['G', 'DH', 'AO']",1,CCV,"['DH', 'AO', 'L']"
1911,"['G', 'DH', 'UW']",1,CCV,"['G', 'DH', 'UW']"
1912,"['G', 'DH', 'IH']",1,CCV,"['G', 'DH', 'IH']"
1913,"['G', 'DH', 'EH']",1,CCV,"['DH', 'EH', 'ER']"
1914,"['G', 'DH', 'UH']",1,CCV,"['DH', 'UH', 'M']"
1915,"['G', 'DH', 'IY']",1,CCV,"['DH', 'ER', 'IY']"
1916,"['G', 'DH', 'EY']",1,CCV,"['G', 'DH', 'EY']"
1917,"['G', 'DH', 'OW']",1,CCV,"['G', 'DH', 'OW']"
1918,"['G', 'DH', 'AE']",1,CCV,"['DH', 'AE', 'L']"
1919,"['G', 'DH', 'AW']",1,CCV,"['DH', 'AW', 'ER']"
1920,"['G', 'HH', 'AH']",1,CCV,"['G', 'HH', 'AH']"
1921,"['G', 'HH', 'OY']",1,CCV,"['G', 'OY', 'N']"
1922,"['G', 'HH', 'AA']",1,CCV,"['G', 'HH', 'IY']"
1923,"['G', 'HH', 'AY']",1,CCV,"['G', 'HH', 'AY']"
1924,"['G', 'HH', 'ER']",1,CCV,"['G', 'HH', 'ER']"
1925,"['G', 'HH', 'AO']",1,CCV,"['G', 'HH', 'AO']"
1926,"['G', 'HH', 'UW']",1,CCV,"['G', 'HH', 'UW']"
1927,"['G', 'HH', 'IH']",1,CCV,"['G', 'HH', 'IH']"
1928,"['G', 'HH', 'EH']",1,CCV,"['G', 'HH', 'EH']"
1929,"['G', 'HH', 'UH']",1,CCV,"['G', 'UH', 'L']"
1930,"['G', 'HH', 'IY']",1,CCV,"['G', 'HH', 'IY']"
1931,"['G', 'HH', 'EY']",1,CCV,"['G', 'HH', 'EY']"
1932,"['G', 'HH', 'OW']",1,CCV,"['G', 'HH', 'OW']"
1933,"['G', 'HH', 'AE']",1,CCV,"['G', 'HH', 'AE']"
1934,"['G', 'HH', 'AW']",1,CCV,"['G', 'HH', 'AW']"
1935,"['G', 'CH', 'AH']",2,CCV,"['G', 'CH', 'AH']"
1936,"['G', 'CH', 'OY']",2,CCV,"['G', 'R', 'OY']"
1937,"['G', 'CH', 'AA']",2,CCV,"['G', 'CH', 'AA']"
1938,"['G', 'CH', 'AY']",2,CCV,"['G', 'AY', 'CH']"
1939,"['G', 'CH', 'ER']",2,CCV,"['G', 'CH', 'ER']"
1940,"['G', 'CH', 'AO']",2,CCV,"['G', 'CH', 'AO']"
1941,"['G', 'CH', 'UW']",2,CCV,"['G', 'CH', 'UW']"
1942,"['G', 'CH', 'IH']",2,CCV,"['G', 'CH', 'IH']"
1943,"['G', 'CH', 'EH']",2,CCV,"['G', 'CH', 'EH']"
1944,"['G', 'CH', 'UH']",2,CCV,"['G', 'UH', 'CH']"
1945,"['G', 'CH', 'IY']",2,CCV,"['G', 'UH', 'CH']"
1946,"['G', 'CH', 'EY']",2,CCV,"['G', 'EY', 'CH']"
1947,"['G', 'CH', 'OW']",2,CCV,"['G', 'R', 'OW']"
1948,"['G', 'CH', 'AE']",2,CCV,"['G', 'AE', 'CH']"
1949,"['G', 'CH', 'AW']",2,CCV,"['G', 'CH', 'AW']"
1950,"['G', 'JH', 'AH']",2,CCV,"['G', 'JH', 'AH']"
1951,"['G', 'JH', 'OY']",2,CCV,"['G', 'OY', 'JH']"
1952,"['G', 'JH', 'AA']",2,CCV,"['G', 'AA', 'JH']"
1953,"['G', 'JH', 'AY']",2,CCV,"['G', 'AY', 'JH']"
1954,"['G', 'JH', 'ER']",2,CCV,"['G', 'JH', 'ER']"
1955,"['G', 'JH', 'AO']",2,CCV,"['G', 'AO', 'JH']"
1956,"['G', 'JH', 'UW']",2,CCV,"['G', 'AE', 'JH']"
1957,"['G', 'JH', 'IH']",2,CCV,"['G', 'IH', 'JH']"
1958,"['G', 'JH', 'EH']",2,CCV,"['G', 'JH', 'EH']"
1959,"['G', 'JH', 'UH']",2,CCV,"['G', 'UH', 'JH']"
1960,"['G', 'JH', 'IY']",2,CCV,"['G', 'IY', 'JH']"
1961,"['G', 'JH', 'EY']",2,CCV,"['G', 'EY', 'JH']"
1962,"['G', 'JH', 'OW']",2,CCV,"['G', 'OW', 'JH']"
1963,"['G', 'JH', 'AE']",2,CCV,"['G', 'AE', 'JH']"
1964,"['G', 'JH', 'AW']",2,CCV,"['G', 'JH', 'AW']"
1965,"['G', 'M', 'AH']",3,CCV,"['G', 'M', 'AH']"
1966,"['G', 'M', 'OY']",3,CCV,"['G', 'M', 'OY']"
1967,"['G', 'M', 'AA']",3,CCV,"['G', 'M', 'AA']"
1968,"['G', 'M', 'AY']",3,CCV,"['G', 'M', 'AY']"
1969,"['G', 'M', 'ER']",3,CCV,"['G', 'M', 'ER']"
1970,"['G', 'M', 'AO']",3,CCV,"['G', 'M', 'AO']"
1971,"['G', 'M', 'UW']",3,CCV,"['G', 'M', 'UW']"
1972,"['G', 'M', 'IH']",3,CCV,"['G', 'M', 'IH']"
1973,"['G', 'M', 'EH']",3,CCV,"['G', 'M', 'EH']"
1974,"['G', 'M', 'UH']",3,CCV,"['G', 'UH', 'M']"
1975,"['G', 'M', 'IY']",3,CCV,"['G', 'M', 'IY']"
1976,"['G', 'M', 'EY']",3,CCV,"['G', 'EY', 'M']"
1977,"['G', 'M', 'OW']",3,CCV,"['G', 'M', 'OW']"
1978,"['G', 'M', 'AE']",3,CCV,"['G', 'AE', 'M']"
1979,"['G', 'M', 'AW']",3,CCV,"['G', 'M', 'AW']"
1980,"['G', 'N', 'AH']",3,CCV,"['G', 'N', 'AH']"
1981,"['G', 'N', 'OY']",3,CCV,"['G', 'OY', 'N']"
1982,"['G', 'N', 'AA']",3,CCV,"['G', 'N', 'AA']"
1983,"['G', 'N', 'AY']",3,CCV,"['G', 'N', 'AY']"
1984,"['G', 'N', 'ER']",3,CCV,"['G', 'N', 'ER']"
1985,"['G', 'N', 'AO']",3,CCV,"['G', 'N', 'AO']"
1986,"['G', 'N', 'UW']",3,CCV,"['G', 'UW', 'N']"
1987,"['G', 'N', 'IH']",3,CCV,"['G', 'N', 'IH']"
1988,"['G', 'N', 'EH']",3,CCV,"['G', 'N', 'EH']"
1989,"['G', 'N', 'UH']",3,CCV,"['G', 'N', 'UH']"
1990,"['G', 'N', 'IY']",3,CCV,"['G', 'N', 'IY']"
1991,"['G', 'N', 'EY']",3,CCV,"['G', 'N', 'EY']"
1992,"['G', 'N', 'OW']",3,CCV,"['G', 'N', 'OW']"
1993,"['G', 'N', 'AE']",3,CCV,"['G', 'AE', 'N']"
1994,"['G', 'N', 'AW']",3,CCV,"['G', 'N', 'AW']"
1995,"['G', 'NG', 'AH']",3,CCV,"['NG', 'G', 'AH']"
1996,"['G', 'NG', 'OY']",3,CCV,"['G', 'NG', 'OY']"
1997,"['G', 'NG', 'AA']",3,CCV,"['G', 'NG', 'AA']"
1998,"['G', 'NG', 'AY']",3,CCV,"['G', 'NG', 'AY']"
1999,"['G', 'NG', 'ER']",3,CCV,"['G', 'NG', 'ER']"
2000,"['G', 'NG', 'AO']",3,CCV,"['G', 'NG', 'AO']"
2001,"['G', 'NG', 'UW']",3,CCV,"['G', 'NG', 'UW']"
2002,"['G', 'NG', 'IH']",3,CCV,"['G', 'NG', 'IH']"
2003,"['G', 'NG', 'EH']",3,CCV,"['NG', 'G', 'EH']"
2004,"['G', 'NG', 'UH']",3,CCV,"['G', 'UH', 'NG']"
2005,"['G', 'NG', 'IY']",3,CCV,"['G', 'NG', 'IY']"
2006,"['G', 'NG', 'EY']",3,CCV,"['G', 'EY', 'NG']"
2007,"['G', 'NG', 'OW']",3,CCV,"['G', 'NG', 'OW']"
2008,"['G', 'NG', 'AE']",3,CCV,"['F', 'AE', 'NG']"
2009,"['G', 'NG', 'AW']",3,CCV,"['G', 'NG', 'AW']"
2010,"['G', 'L', 'AH']",4,CCV,"['G', 'L', 'AH']"
2011,"['G', 'L', 'OY']",4,CCV,"['G', 'L', 'OY']"
2012,"['G', 'L', 'AA']",4,CCV,"['G', 'L', 'AA']"
2013,"['G', 'L', 'AY']",4,CCV,"['G', 'L', 'AY']"
2014,"['G', 'L', 'ER']",4,CCV,"['G', 'L', 'ER']"
2015,"['G', 'L', 'AO']",4,CCV,"['G', 'L', 'AO']"
2016,"['G', 'L', 'UW']",4,CCV,"['G', 'L', 'UW']"
2017,"['G', 'L', 'IH']",4,CCV,"['G', 'L', 'IH']"
2018,"['G', 'L', 'EH']",4,CCV,"['G', 'L', 'EH']"
2019,"['G', 'L', 'UH']",4,CCV,"['G', 'L', 'UH']"
2020,"['G', 'L', 'IY']",4,CCV,"['G', 'L', 'IY']"
2021,"['G', 'L', 'EY']",4,CCV,"['G', 'L', 'EY']"
2022,"['G', 'L', 'OW']",4,CCV,"['G', 'L', 'OW']"
2023,"['G', 'L', 'AE']",4,CCV,"['G', 'L', 'AE']"
2024,"['G', 'L', 'AW']",4,CCV,"['G', 'L', 'AW']"
2025,"['G', 'R', 'AH']",4,CCV,"['G', 'R', 'AH']"
2026,"['G', 'R', 'OY']",4,CCV,"['G', 'R', 'OY']"
2027,"['G', 'R', 'AA']",4,CCV,"['G', 'R', 'AA']"
2028,"['G', 'R', 'AY']",4,CCV,"['G', 'R', 'AY']"
2029,"['G', 'R', 'ER']",4,CCV,"['G', 'R', 'ER']"
2030,"['G', 'R', 'AO']",4,CCV,"['G', 'R', 'AO']"
2031,"['G', 'R', 'UW']",4,CCV,"['G', 'R', 'UW']"
2032,"['G', 'R', 'IH']",4,CCV,"['G', 'R', 'IH']"
2033,"['G', 'R', 'EH']",4,CCV,"['G', 'R', 'EH']"
2034,"['G', 'R', 'UH']",4,CCV,"['G', 'R', 'UH']"
2035,"['G', 'R', 'IY']",4,CCV,"['G', 'R', 'IY']"
2036,"['G', 'R', 'EY']",4,CCV,"['G', 'R', 'EY']"
2037,"['G', 'R', 'OW']",4,CCV,"['G', 'R', 'OW']"
2038,"['G', 'R', 'AE']",4,CCV,"['G', 'R', 'AE']"
2039,"['G', 'R', 'AW']",4,CCV,"['G', 'R', 'AW']"
2040,"['G', 'W', 'AH']",5,CCV,"['G', 'W', 'AH']"
2041,"['G', 'W', 'OY']",5,CCV,"['G', 'W', 'OY']"
2042,"['G', 'W', 'AA']",5,CCV,"['G', 'W', 'AA']"
2043,"['G', 'W', 'AY']",5,CCV,"['G', 'W', 'AY']"
2044,"['G', 'W', 'ER']",5,CCV,"['G', 'W', 'ER']"
2045,"['G', 'W', 'AO']",5,CCV,"['G', 'W', 'AO']"
2046,"['G', 'W', 'UW']",5,CCV,"['G', 'W', 'UW']"
2047,"['G', 'W', 'IH']",5,CCV,"['G', 'W', 'IH']"
2048,"['G', 'W', 'EH']",5,CCV,"['G', 'W', 'EH']"
2049,"['G', 'W', 'UH']",5,CCV,"['G', 'W', 'UH']"
2050,"['G', 'W', 'IY']",5,CCV,"['G', 'W', 'IY']"
2051,"['G', 'W', 'EY']",5,CCV,"['G', 'W', 'EY']"
2052,"['G', 'W', 'OW']",5,CCV,"['G', 'W', 'OW']"
2053,"['G', 'W', 'AE']",5,CCV,"['G', 'W', 'AE']"
2054,"['G', 'W', 'AW']",5,CCV,"['G', 'W', 'AW']"
2055,"['G', 'Y', 'AH']",5,CCV,"['G', 'Y', 'AH']"
2056,"['G', 'Y', 'OY']",5,CCV,"['G', 'OY', 'L']"
2057,"['G', 'Y', 'AA']",5,CCV,"['G', 'Y', 'AA']"
2058,"['G', 'Y', 'AY']",5,CCV,"['G', 'Y', 'AY']"
2059,"['G', 'Y', 'ER']",5,CCV,"['G', 'Y', 'ER']"
2060,"['G', 'Y', 'AO']",5,CCV,"['G', 'Y', 'AO']"
2061,"['G', 'Y', 'UW']",5,CCV,"['G', 'Y', 'UW']"
2062,"['G', 'Y', 'IH']",5,CCV,"['G', 'Y', 'IH']"
2063,"['G', 'Y', 'EH']",5,CCV,"['G', 'Y', 'EH']"
2064,"['G', 'Y', 'UH']",5,CCV,"['G', 'Y', 'UH']"
2065,"['G', 'Y', 'IY']",5,CCV,"['G', 'Y', 'IY']"
2066,"['G', 'Y', 'EY']",5,CCV,"['G', 'Y', 'EY']"
2067,"['G', 'Y', 'OW']",5,CCV,"['G', 'Y', 'OW']"
2068,"['G', 'Y', 'AE']",5,CCV,"['G', 'Y', 'AE']"
2069,"['G', 'Y', 'AW']",5,CCV,"['G', 'Y', 'AW']"
2070,"['F', 'P', 'AH']",-1,CCV,"['F', 'P', 'AH']"
2071,"['F', 'P', 'OY']",-1,CCV,"['F', 'OY', 'P']"
2072,"['F', 'P', 'AA']",-1,CCV,"['F', 'P', 'AA']"
2073,"['F', 'P', 'AY']",-1,CCV,"['F', 'AY', 'P']"
2074,"['F', 'P', 'ER']",-1,CCV,"['F', 'P', 'ER']"
2075,"['F', 'P', 'AO']",-1,CCV,"['F', 'P', 'AO']"
2076,"['F', 'P', 'UW']",-1,CCV,"['F', 'P', 'UW']"
2077,"['F', 'P', 'IH']",-1,CCV,"['F', 'P', 'IH']"
2078,"['F', 'P', 'EH']",-1,CCV,"['F', 'P', 'EH']"
2079,"['F', 'P', 'UH']",-1,CCV,"['F', 'UH', 'P']"
2080,"['F', 'P', 'IY']",-1,CCV,"['F', 'P', 'IY']"
2081,"['F', 'P', 'EY']",-1,CCV,"['F', 'EY', 'P']"
2082,"['F', 'P', 'OW']",-1,CCV,"['F', 'P', 'OW']"
2083,"['F', 'P', 'AE']",-1,CCV,"['F', 'P', 'AE']"
2084,"['F', 'P', 'AW']",-1,CCV,"['F', 'AW', 'P']"
2085,"['F', 'T', 'AH']",-1,CCV,"['F', 'T', 'AH']"
2086,"['F', 'T', 'OY']",-1,CCV,"['F', 'T', 'OY']"
2087,"['F', 'T', 'AA']",-1,CCV,"['F', 'T', 'AA']"
2088,"['F', 'T', 'AY']",-1,CCV,"['F', 'T', 'AY']"
2089,"['F', 'T', 'ER']",-1,CCV,"['F', 'T', 'ER']"
2090,"['F', 'T', 'AO']",-1,CCV,"['F', 'T', 'AO']"
2091,"['F', 'T', 'UW']",-1,CCV,"['F', 'T', 'UW']"
2092,"['F', 'T', 'IH']",-1,CCV,"['F', 'T', 'IH']"
2093,"['F', 'T', 'EH']",-1,CCV,"['F', 'T', 'EH']"
2094,"['F', 'T', 'UH']",-1,CCV,"['F', 'UH', 'T']"
2095,"['F', 'T', 'IY']",-1,CCV,"['F', 'T', 'IY']"
2096,"['F', 'T', 'EY']",-1,CCV,"['F', 'T', 'EY']"
2097,"['F', 'T', 'OW']",-1,CCV,"['F', 'T', 'OW']"
2098,"['F', 'T', 'AE']",-1,CCV,"['F', 'T', 'AE']"
2099,"['F', 'T', 'AW']",-1,CCV,"['F', 'T', 'AW']"
2100,"['F', 'K', 'AH']",-1,CCV,"['F', 'K', 'AH']"
2101,"['F', 'K', 'OY']",-1,CCV,"['F', 'K', 'OY']"
2102,"['F', 'K', 'AA']",-1,CCV,"['F', 'K', 'AA']"
2103,"['F', 'K', 'AY']",-1,CCV,"['F', 'K', 'AY']"
2104,"['F', 'K', 'ER']",-1,CCV,"['F', 'K', 'ER']"
2105,"['F', 'K', 'AO']",-1,CCV,"['F', 'K', 'AO']"
2106,"['F', 'K', 'UW']",-1,CCV,"['F', 'K', 'UW']"
2107,"['F', 'K', 'IH']",-1,CCV,"['F', 'K', 'IH']"
2108,"['F', 'K', 'EH']",-1,CCV,"['F', 'EH', 'K']"
2109,"['F', 'K', 'UH']",-1,CCV,"['F', 'UH', 'K']"
2110,"['F', 'K', 'IY']",-1,CCV,"['F', 'IY', 'K']"
2111,"['F', 'K', 'EY']",-1,CCV,"['F', 'EY', 'K']"
2112,"['F', 'K', 'OW']",-1,CCV,"['F', 'K', 'OW']"
2113,"['F', 'K', 'AE']",-1,CCV,"['F', 'AE', 'K']"
2114,"['F', 'K', 'AW']",-1,CCV,"['F', 'AW', 'K']"
2115,"['F', 'B', 'AH']",-1,CCV,"['F', 'UH', 'AH']"
2116,"['F', 'B', 'OY']",-1,CCV,"['F', 'OY', 'B']"
2117,"['F', 'B', 'AA']",-1,CCV,"['F', 'AA', 'L']"
2118,"['F', 'B', 'AY']",-1,CCV,"['F', 'AY', 'B']"
2119,"['F', 'B', 'ER']",-1,CCV,"['F', 'B', 'ER']"
2120,"['F', 'B', 'AO']",-1,CCV,"['F', 'AO', 'SH']"
2121,"['F', 'B', 'UW']",-1,CCV,"['F', 'AY', 'L']"
2122,"['F', 'B', 'IH']",-1,CCV,"['F', 'IH', 'B']"
2123,"['F', 'B', 'EH']",-1,CCV,"['F', 'EH', 'B']"
2124,"['F', 'B', 'UH']",-1,CCV,"['F', 'UH', 'B']"
2125,"['F', 'B', 'IY']",-1,CCV,"['F', 'IY', 'B']"
2126,"['F', 'B', 'EY']",-1,CCV,"['F', 'EY', 'B']"
2127,"['F', 'B', 'OW']",-1,CCV,"['F', 'OW', 'B']"
2128,"['F', 'B', 'AE']",-1,CCV,"['F', 'AE', 'B']"
2129,"['F', 'B', 'AW']",-1,CCV,"['F', 'AW', 'B']"
2130,"['F', 'D', 'AH']",-1,CCV,"['F', 'D', 'AH']"
2131,"['F', 'D', 'OY']",-1,CCV,"['F', 'D', 'OY']"
2132,"['F', 'D', 'AA']",-1,CCV,"['F', 'D', 'AA']"
2133,"['F', 'D', 'AY']",-1,CCV,"['F', 'AY', 'D']"
2134,"['F', 'D', 'ER']",-1,CCV,"['F', 'D', 'ER']"
2135,"['F', 'D', 'AO']",-1,CCV,"['F', 'D', 'AO']"
2136,"['F', 'D', 'UW']",-1,CCV,"['F', 'D', 'UW']"
2137,"['F', 'D', 'IH']",-1,CCV,"['F', 'IH', 'D']"
2138,"['F', 'D', 'EH']",-1,CCV,"['F', 'D', 'EH']"
2139,"['F', 'D', 'UH']",-1,CCV,"['F', 'UH', 'D']"
2140,"['F', 'D', 'IY']",-1,CCV,"['F', 'D', 'IY']"
2141,"['F', 'D', 'EY']",-1,CCV,"['F', 'EY', 'D']"
2142,"['F', 'D', 'OW']",-1,CCV,"['F', 'D', 'OW']"
2143,"['F', 'D', 'AE']",-1,CCV,"['F', 'D', 'AE']"
2144,"['F', 'D', 'AW']",-1,CCV,"['F', 'AW', 'D']"
2145,"['F', 'G', 'AH']",-1,CCV,"['F', 'G', 'AH']"
2146,"['F', 'G', 'OY']",-1,CCV,"['F', 'OY', 'G']"
2147,"['F', 'G', 'AA']",-1,CCV,"['F', 'G', 'AA']"
2148,"['F', 'G', 'AY']",-1,CCV,"['F', 'G', 'AY']"
2149,"['F', 'G', 'ER']",-1,CCV,"['F', 'G', 'ER']"
2150,"['F', 'G', 'AO']",-1,CCV,"['F', 'AO', 'G']"
2151,"['F', 'G', 'UW']",-1,CCV,"['F', 'G', 'UW']"
2152,"['F', 'G', 'IH']",-1,CCV,"['F', 'IH', 'G']"
2153,"['F', 'G', 'EH']",-1,CCV,"['F', 'G', 'EH']"
2154,"['F', 'G', 'UH']",-1,CCV,"['F', 'UH', 'L']"
2155,"['F', 'G', 'IY']",-1,CCV,"['F', 'IY', 'ER']"
2156,"['F', 'G', 'EY']",-1,CCV,"['F', 'G', 'EY']"
2157,"['F', 'G', 'OW']",-1,CCV,"['F', 'G', 'OW']"
2158,"['F', 'G', 'AE']",-1,CCV,"['F', 'AE', 'G']"
2159,"['F', 'G', 'AW']",-1,CCV,"['F', 'AW', 'G']"
2160,"['F', 'TH', 'AH']",0,CCV,"['F', 'TH', 'AH']"
2161,"['F', 'TH', 'OY']",0,CCV,"['F', 'TH', 'OY']"
2162,"['F', 'TH', 'AA']",0,CCV,"['F', 'TH', 'AA']"
2163,"['F', 'TH', 'AY']",0,CCV,"['F', 'TH', 'AY']"
2164,"['F', 'TH', 'ER']",0,CCV,"['F', 'TH', 'ER']"
2165,"['F', 'TH', 'AO']",0,CCV,"['F', 'TH', 'AO']"
2166,"['F', 'TH', 'UW']",0,CCV,"['F', 'TH', 'UW']"
2167,"['F', 'TH', 'IH']",0,CCV,"['F', 'TH', 'IH']"
2168,"['F', 'TH', 'EH']",0,CCV,"['F', 'TH', 'EH']"
2169,"['F', 'TH', 'UH']",0,CCV,"['F', 'UH', 'TH']"
2170,"['F', 'TH', 'IY']",0,CCV,"['F', 'TH', 'IY']"
2171,"['F', 'TH', 'EY']",0,CCV,"['F', 'TH', 'EY']"
2172,"['F', 'TH', 'OW']",0,CCV,"['F', 'TH', 'OW']"
2173,"['F', 'TH', 'AE']",0,CCV,"['F', 'TH', 'AE']"
2174,"['F', 'TH', 'AW']",0,CCV,"['F', 'TH', 'AW']"
2175,"['F', 'S', 'AH']",0,CCV,"['F', 'IH', 'DH']"
2176,"['F', 'S', 'OY']",0,CCV,"['F', 'OY', 'IY']"
2177,"['F', 'S', 'AA']",0,CCV,"['F', 'AA', 'S']"
2178,"['F', 'S', 'AY']",0,CCV,"['F', 'AY', 'S']"
2179,"['F', 'S', 'ER']",0,CCV,"['F', 'ER', 'S']"
2180,"['F', 'S', 'AO']",0,CCV,"['F', 'AO', 'R']"
2181,"['F', 'S', 'UW']",0,CCV,"['F', 'R', 'UW']"
2182,"['F', 'S', 'IH']",0,CCV,"['F', 'IH', 'DH']"
2183,"['F', 'S', 'EH']",0,CCV,"['F', 'EH', 'S']"
2184,"['F', 'S', 'UH']",0,CCV,"['F', 'UH', 'S']"
2185,"['F', 'S', 'IY']",0,CCV,"['F', 'IY', 'S']"
2186,"['F', 'S', 'EY']",0,CCV,"['F', 'EY', 'S']"
2187,"['F', 'S', 'OW']",0,CCV,"['F', 'OW', 'S']"
2188,"['F', 'S', 'AE']",0,CCV,"['F', 'AE', 'AE']"
2189,"['F', 'S', 'AW']",0,CCV,"['F', 'AW', 'S']"
2190,"['F', 'SH', 'AH']",0,CCV,"['F', 'SH', 'AH']"
2191,"['F', 'SH', 'OY']",0,CCV,"['F', 'OY', 'SH']"
2192,"['F', 'SH', 'AA']",0,CCV,"['F', 'SH', 'AA']"
2193,"['F', 'SH', 'AY']",0,CCV,"['F', 'AY', 'SH']"
2194,"['F', 'SH', 'ER']",0,CCV,"['F', 'ER', 'SH']"
2195,"['F', 'SH', 'AO']",0,CCV,"['F', 'SH', 'AO']"
2196,"['F', 'SH', 'UW']",0,CCV,"['F', 'SH', 'UW']"
2197,"['F', 'SH', 'IH']",0,CCV,"['F', 'SH', 'IH']"
2198,"['F', 'SH', 'EH']",0,CCV,"['F', 'SH', 'EH']"
2199,"['F', 'SH', 'UH']",0,CCV,"['F', 'UH', 'SH']"
2200,"['F', 'SH', 'IY']",0,CCV,"['F', 'SH', 'IY']"
2201,"['F', 'SH', 'EY']",0,CCV,"['F', 'EY', 'SH']"
2202,"['F', 'SH', 'OW']",0,CCV,"['F', 'SH', 'OW']"
2203,"['F', 'SH', 'AE']",0,CCV,"['F', 'AE', 'SH']"
2204,"['F', 'SH', 'AW']",0,CCV,"['F', 'AW', 'SH']"
2205,"['F', 'Z', 'AH']",0,CCV,"['F', 'Z', 'AH']"
2206,"['F', 'Z', 'OY']",0,CCV,"['F', 'EH', 'OY']"
2207,"['F', 'Z', 'AA']",0,CCV,"['F', 'AA', 'Z']"
2208,"['F', 'Z', 'AY']",0,CCV,"['F', 'AY', 'Z']"
2209,"['F', 'Z', 'ER']",0,CCV,"['F', 'Z', 'ER']"
2210,"['F', 'Z', 'AO']",0,CCV,"['F', 'AO', 'Z']"
2211,"['F', 'Z', 'UW']",0,CCV,"['F', 'Z', 'UW']"
2212,"['F', 'Z', 'IH']",0,CCV,"['F', 'IH', 'Z']"
2213,"['F', 'Z', 'EH']",0,CCV,"['F', 'EH', 'Z']"
2214,"['F', 'Z', 'UH']",0,CCV,"['F', 'UH', 'Z']"
2215,"['F', 'Z', 'IY']",0,CCV,"['F', 'IY', 'Z']"
2216,"['F', 'Z', 'EY']",0,CCV,"['F', 'EY', 'Z']"
2217,"['F', 'Z', 'OW']",0,CCV,"['F', 'Z', 'OW']"
2218,"['F', 'Z', 'AE']",0,CCV,"['F', 'AE', 'Z']"
2219,"['F', 'Z', 'AW']",0,CCV,"['F', 'AW', 'Z']"
2220,"['F', 'ZH', 'AH']",0,CCV,"['F', 'ZH', 'AH']"
2221,"['F', 'ZH', 'OY']",0,CCV,"['F', 'OY', 'ZH']"
2222,"['F', 'ZH', 'AA']",0,CCV,"['F', 'ZH', 'AA']"
2223,"['F', 'ZH', 'AY']",0,CCV,"['F', 'ZH', 'AY']"
2224,"['F', 'ZH', 'ER']",0,CCV,"['F', 'ZH', 'ER']"
2225,"['F', 'ZH', 'AO']",0,CCV,"['F', 'ZH', 'AO']"
2226,"['F', 'ZH', 'UW']",0,CCV,"['F', 'ZH', 'UW']"
2227,"['F', 'ZH', 'IH']",0,CCV,"['F', 'ZH', 'IH']"
2228,"['F', 'ZH', 'EH']",0,CCV,"['F', 'ZH', 'EH']"
2229,"['F', 'ZH', 'UH']",0,CCV,"['F', 'UH', 'ZH']"
2230,"['F', 'ZH', 'IY']",0,CCV,"['F', 'ZH', 'IY']"
2231,"['F', 'ZH', 'EY']",0,CCV,"['F', 'ZH', 'EY']"
2232,"['F', 'ZH', 'OW']",0,CCV,"['F', 'ZH', 'OW']"
2233,"['F', 'ZH', 'AE']",0,CCV,"['F', 'ZH', 'AE']"
2234,"['F', 'ZH', 'AW']",0,CCV,"['F', 'ZH', 'AW']"
2235,"['F', 'V', 'AH']",0,CCV,"['F', 'V', 'AH']"
2236,"['F', 'V', 'OY']",0,CCV,"['F', 'V', 'OY']"
2237,"['F', 'V', 'AA']",0,CCV,"['F', 'AA', 'V']"
2238,"['F', 'V', 'AY']",0,CCV,"['F', 'R', 'AY']"
2239,"['F', 'V', 'ER']",0,CCV,"['F', 'V', 'ER']"
2240,"['F', 'V', 'AO']",0,CCV,"['F', 'V', 'AO']"
2241,"['F', 'V', 'UW']",0,CCV,"['F', 'V', 'UW']"
2242,"['F', 'V', 'IH']",0,CCV,"['F', 'V', 'IH']"
2243,"['F', 'V', 'EH']",0,CCV,"['F', 'V', 'EH']"
2244,"['F', 'V', 'UH']",0,CCV,"['F', 'UH', 'V']"
2245,"['F', 'V', 'IY']",0,CCV,"['F', 'V', 'IY']"
2246,"['F', 'V', 'EY']",0,CCV,"['F', 'EY', 'V']"
2247,"['F', 'V', 'OW']",0,CCV,"['F', 'V', 'OW']"
2248,"['F', 'V', 'AE']",0,CCV,"['F', 'V', 'AE']"
2249,"['F', 'V', 'AW']",0,CCV,"['F', 'AW', 'V']"
2250,"['F', 'DH', 'AH']",0,CCV,"['F', 'DH', 'AH']"
2251,"['F', 'DH', 'OY']",0,CCV,"['F', 'DH', 'OY']"
2252,"['F', 'DH', 'AA']",0,CCV,"['F', 'DH', 'AA']"
2253,"['F', 'DH', 'AY']",0,CCV,"['F', 'DH', 'AY']"
2254,"['F', 'DH', 'ER']",0,CCV,"['F', 'DH', 'ER']"
2255,"['F', 'DH', 'AO']",0,CCV,"['F', 'DH', 'AO']"
2256,"['F', 'DH', 'UW']",0,CCV,"['F', 'DH', 'UW']"
2257,"['F', 'DH', 'IH']",0,CCV,"['F', 'DH', 'IH']"
2258,"['F', 'DH', 'EH']",0,CCV,"['F', 'DH', 'EH']"
2259,"['F', 'DH', 'UH']",0,CCV,"['F', 'DH', 'UH']"
2260,"['F', 'DH', 'IY']",0,CCV,"['F', 'DH', 'IY']"
2261,"['F', 'DH', 'EY']",0,CCV,"['F', 'DH', 'EY']"
2262,"['F', 'DH', 'OW']",0,CCV,"['F', 'DH', 'OW']"
2263,"['F', 'DH', 'AE']",0,CCV,"['F', 'DH', 'AE']"
2264,"['F', 'DH', 'AW']",0,CCV,"['F', 'DH', 'AW']"
2265,"['F', 'HH', 'AH']",0,CCV,"['F', 'HH', 'AH']"
2266,"['F', 'HH', 'OY']",0,CCV,"['F', 'OY', 'HH']"
2267,"['F', 'HH', 'AA']",0,CCV,"['F', 'HH', 'AA']"
2268,"['F', 'HH', 'AY']",0,CCV,"['F', 'AY', 'HH']"
2269,"['F', 'HH', 'ER']",0,CCV,"['F', 'ER', 'HH']"
2270,"['F', 'HH', 'AO']",0,CCV,"['F', 'HH', 'AO']"
2271,"['F', 'HH', 'UW']",0,CCV,"['F', 'HH', 'UW']"
2272,"['F', 'HH', 'IH']",0,CCV,"['F', 'IH', 'HH']"
2273,"['F', 'HH', 'EH']",0,CCV,"['F', 'EH', 'HH']"
2274,"['F', 'HH', 'UH']",0,CCV,"['F', 'UH', 'L']"
2275,"['F', 'HH', 'IY']",0,CCV,"['F', 'HH', 'IY']"
2276,"['F', 'HH', 'EY']",0,CCV,"['F', 'EY', 'HH']"
2277,"['F', 'HH', 'OW']",0,CCV,"['F', 'HH', 'OW']"
2278,"['F', 'HH', 'AE']",0,CCV,"['F', 'AE', 'HH']"
2279,"['F', 'HH', 'AW']",0,CCV,"['F', 'AW', 'HH']"
2280,"['F', 'CH', 'AH']",1,CCV,"['F', 'CH', 'AH']"
2281,"['F', 'CH', 'OY']",1,CCV,"['F', 'R', 'OY']"
2282,"['F', 'CH', 'AA']",1,CCV,"['F', 'CH', 'AA']"
2283,"['F', 'CH', 'AY']",1,CCV,"['F', 'AY', 'NG']"
2284,"['F', 'CH', 'ER']",1,CCV,"['F', 'CH', 'ER']"
2285,"['F', 'CH', 'AO']",1,CCV,"['F', 'CH', 'AO']"
2286,"['F', 'CH', 'UW']",1,CCV,"['F', 'R', 'UW']"
2287,"['F', 'CH', 'IH']",1,CCV,"['F', 'IH', 'CH']"
2288,"['F', 'CH', 'EH']",1,CCV,"['F', 'CH', 'EH']"
2289,"['F', 'CH', 'UH']",1,CCV,"['F', 'UH', 'CH']"
2290,"['F', 'CH', 'IY']",1,CCV,"['F', 'UH', 'CH']"
2291,"['F', 'CH', 'EY']",1,CCV,"['F', 'EY', 'CH']"
2292,"['F', 'CH', 'OW']",1,CCV,"['F', 'OW', 'CH']"
2293,"['F', 'CH', 'AE']",1,CCV,"['F', 'AE', 'CH']"
2294,"['F', 'CH', 'AW']",1,CCV,"['F', 'R', 'AW']"
2295,"['F', 'JH', 'AH']",1,CCV,"['F', 'UH', 'JH']"
2296,"['F', 'JH', 'OY']",1,CCV,"['F', 'OY', 'JH']"
2297,"['F', 'JH', 'AA']",1,CCV,"['F', 'AA', 'JH']"
2298,"['F', 'JH', 'AY']",1,CCV,"['F', 'AY', 'JH']"
2299,"['F', 'JH', 'ER']",1,CCV,"['F', 'ER', 'JH']"
2300,"['F', 'JH', 'AO']",1,CCV,"['F', 'AO', 'JH']"
2301,"['F', 'JH', 'UW']",1,CCV,"['F', 'AE', 'UW']"
2302,"['F', 'JH', 'IH']",1,CCV,"['F', 'IH', 'JH']"
2303,"['F', 'JH', 'EH']",1,CCV,"['F', 'EH', 'JH']"
2304,"['F', 'JH', 'UH']",1,CCV,"['F', 'UH', 'JH']"
2305,"['F', 'JH', 'IY']",1,CCV,"['F', 'IY', 'JH']"
2306,"['F', 'JH', 'EY']",1,CCV,"['F', 'EY', 'JH']"
2307,"['F', 'JH', 'OW']",1,CCV,"['F', 'OW', 'JH']"
2308,"['F', 'JH', 'AE']",1,CCV,"['F', 'AE', 'JH']"
2309,"['F', 'JH', 'AW']",1,CCV,"['F', 'AW', 'JH']"
2310,"['F', 'M', 'AH']",2,CCV,"['F', 'M', 'AH']"
2311,"['F', 'M', 'OY']",2,CCV,"['F', 'OY', 'M']"
2312,"['F', 'M', 'AA']",2,CCV,"['F', 'AA', 'M']"
2313,"['F', 'M', 'AY']",2,CCV,"['F', 'AY', 'M']"
2314,"['F', 'M', 'ER']",2,CCV,"['F', 'M', 'ER']"
2315,"['F', 'M', 'AO']",2,CCV,"['F', 'AO', 'SH']"
2316,"['F', 'M', 'UW']",2,CCV,"['F', 'UW', 'M']"
2317,"['F', 'M', 'IH']",2,CCV,"['F', 'IH', 'M']"
2318,"['F', 'M', 'EH']",2,CCV,"['F', 'M', 'EH']"
2319,"['F', 'M', 'UH']",2,CCV,"['F', 'UH', 'M']"
2320,"['F', 'M', 'IY']",2,CCV,"['F', 'M', 'IY']"
2321,"['F', 'M', 'EY']",2,CCV,"['F', 'EY', 'M']"
2322,"['F', 'M', 'OW']",2,CCV,"['F', 'M', 'OW']"
2323,"['F', 'M', 'AE']",2,CCV,"['F', 'AE', 'M']"
2324,"['F', 'M', 'AW']",2,CCV,"['F', 'AW', 'M']"
2325,"['F', 'N', 'AH']",2,CCV,"['F', 'IH', 'N']"
2326,"['F', 'N', 'OY']",2,CCV,"['F', 'OY', 'N']"
2327,"['F', 'N', 'AA']",2,CCV,"['F', 'AA', 'N']"
2328,"['F', 'N', 'AY']",2,CCV,"['F', 'AY', 'N']"
2329,"['F', 'N', 'ER']",2,CCV,"['F', 'ER', 'N']"
2330,"['F', 'N', 'AO']",2,CCV,"['F', 'AO', 'N']"
2331,"['F', 'N', 'UW']",2,CCV,"['F', 'R', 'UW']"
2332,"['F', 'N', 'IH']",2,CCV,"['F', 'IH', 'N']"
2333,"['F', 'N', 'EH']",2,CCV,"['F', 'EH', 'N']"
2334,"['F', 'N', 'UH']",2,CCV,"['F', 'UH', 'N']"
2335,"['F', 'N', 'IY']",2,CCV,"['F', 'IY', 'N']"
2336,"['F', 'N', 'EY']",2,CCV,"['F', 'EY', 'N']"
2337,"['F', 'N', 'OW']",2,CCV,"['F', 'OW', 'N']"
2338,"['F', 'N', 'AE']",2,CCV,"['F', 'AE', 'N']"
2339,"['F', 'N', 'AW']",2,CCV,"['F', 'AW', 'N']"
2340,"['F', 'NG', 'AH']",2,CCV,"['F', 'UH', 'NG']"
2341,"['F', 'NG', 'OY']",2,CCV,"['F', 'R', 'OY']"
2342,"['F', 'NG', 'AA']",2,CCV,"['F', 'AA', 'NG']"
2343,"['F', 'NG', 'AY']",2,CCV,"['F', 'UH', 'AY']"
2344,"['F', 'NG', 'ER']",2,CCV,"['F', 'ER', 'NG']"
2345,"['F', 'NG', 'AO']",2,CCV,"['F', 'AO', 'NG']"
2346,"['F', 'NG', 'UW']",2,CCV,"['F', 'NG', 'UW']"
2347,"['F', 'NG', 'IH']",2,CCV,"['F', 'IH', 'NG']"
2348,"['F', 'NG', 'EH']",2,CCV,"['F', 'EH', 'NG']"
2349,"['F', 'NG', 'UH']",2,CCV,"['F', 'UH', 'NG']"
2350,"['F', 'NG', 'IY']",2,CCV,"['F', 'IY', 'NG']"
2351,"['F', 'NG', 'EY']",2,CCV,"['F', 'EY', 'NG']"
2352,"['F', 'NG', 'OW']",2,CCV,"['F', 'OW', 'NG']"
2353,"['F', 'NG', 'AE']",2,CCV,"['F', 'AE', 'NG']"
2354,"['F', 'NG', 'AW']",2,CCV,"['F', 'NG', 'AW']"
2355,"['F', 'L', 'AH']",3,CCV,"['F', 'L', 'AH']"
2356,"['F', 'L', 'OY']",3,CCV,"['F', 'L', 'OY']"
2357,"['F', 'L', 'AA']",3,CCV,"['F', 'L', 'AA']"
2358,"['F', 'L', 'AY']",3,CCV,"['F', 'L', 'AY']"
2359,"['F', 'L', 'ER']",3,CCV,"['F', 'L', 'ER']"
2360,"['F', 'L', 'AO']",3,CCV,"['F', 'L', 'AO']"
2361,"['F', 'L', 'UW']",3,CCV,"['F', 'L', 'UW']"
2362,"['F', 'L', 'IH']",3,CCV,"['F', 'L', 'IH']"
2363,"['F', 'L', 'EH']",3,CCV,"['F', 'L', 'EH']"
2364,"['F', 'L', 'UH']",3,CCV,"['F', 'L', 'UH']"
2365,"['F', 'L', 'IY']",3,CCV,"['F', 'L', 'IY']"
2366,"['F', 'L', 'EY']",3,CCV,"['F', 'L', 'EY']"
2367,"['F', 'L', 'OW']",3,CCV,"['F', 'L', 'OW']"
2368,"['F', 'L', 'AE']",3,CCV,"['F', 'L', 'AE']"
2369,"['F', 'L', 'AW']",3,CCV,"['F', 'L', 'AW']"
2370,"['F', 'R', 'AH']",3,CCV,"['F', 'R', 'AH']"
2371,"['F', 'R', 'OY']",3,CCV,"['F', 'R', 'OY']"
2372,"['F', 'R', 'AA']",3,CCV,"['F', 'R', 'AA']"
2373,"['F', 'R', 'AY']",3,CCV,"['F', 'R', 'AY']"
2374,"['F', 'R', 'ER']",3,CCV,"['F', 'R', 'ER']"
2375,"['F', 'R', 'AO']",3,CCV,"['F', 'R', 'AO']"
2376,"['F', 'R', 'UW']",3,CCV,"['F', 'R', 'UW']"
2377,"['F', 'R', 'IH']",3,CCV,"['F', 'R', 'IH']"
2378,"['F', 'R', 'EH']",3,CCV,"['F', 'R', 'EH']"
2379,"['F', 'R', 'UH']",3,CCV,"['F', 'R', 'UH']"
2380,"['F', 'R', 'IY']",3,CCV,"['F', 'R', 'IY']"
2381,"['F', 'R', 'EY']",3,CCV,"['F', 'R', 'EY']"
2382,"['F', 'R', 'OW']",3,CCV,"['F', 'R', 'OW']"
2383,"['F', 'R', 'AE']",3,CCV,"['F', 'R', 'AE']"
2384,"['F', 'R', 'AW']",3,CCV,"['F', 'R', 'AW']"
2385,"['F', 'W', 'AH']",4,CCV,"['F', 'L', 'AH']"
2386,"['F', 'W', 'OY']",4,CCV,"['F', 'OY', 'EH']"
2387,"['F', 'W', 'AA']",4,CCV,"['F', 'W', 'AA']"
2388,"['F', 'W', 'AY']",4,CCV,"['F', 'AY', 'EH']"
2389,"['F', 'W', 'ER']",4,CCV,"['F', 'W', 'ER']"
2390,"['F', 'W', 'AO']",4,CCV,"['F', 'W', 'AO']"
2391,"['F', 'W', 'UW']",4,CCV,"['F', 'W', 'UW']"
2392,"['F', 'W', 'IH']",4,CCV,"['F', 'W', 'IH']"
2393,"['F', 'W', 'EH']",4,CCV,"['F', 'W', 'EH']"
2394,"['F', 'W', 'UH']",4,CCV,"['F', 'UH', 'W']"
2395,"['F', 'W', 'IY']",4,CCV,"['F', 'W', 'IY']"
2396,"['F', 'W', 'EY']",4,CCV,"['F', 'W', 'EY']"
2397,"['F', 'W', 'OW']",4,CCV,"['F', 'W', 'OW']"
2398,"['F', 'W', 'AE']",4,CCV,"['F', 'W', 'AE']"
2399,"['F', 'W', 'AW']",4,CCV,"['F', 'W', 'AW']"
2400,"['F', 'Y', 'AH']",4,CCV,"['F', 'Y', 'AH']"
2401,"['F', 'Y', 'OY']",4,CCV,"['F', 'Y', 'OY']"
2402,"['F', 'Y', 'AA']",4,CCV,"['F', 'Y', 'AA']"
2403,"['F', 'Y', 'AY']",4,CCV,"['F', 'Y', 'AY']"
2404,"['F', 'Y', 'ER']",4,CCV,"['F', 'Y', 'ER']"
2405,"['F', 'Y', 'AO']",4,CCV,"['F', 'Y', 'AO']"
2406,"['F', 'Y', 'UW']",4,CCV,"['F', 'Y', 'UW']"
2407,"['F', 'Y', 'IH']",4,CCV,"['F', 'IH', 'Y']"
2408,"['F', 'Y', 'EH']",4,CCV,"['F', 'Y', 'EH']"
2409,"['F', 'Y', 'UH']",4,CCV,"['F', 'Y', 'UH']"
2410,"['F', 'Y', 'IY']",4,CCV,"['F', 'Y', 'IY']"
2411,"['F', 'Y', 'EY']",4,CCV,"['F', 'Y', 'EY']"
2412,"['F', 'Y', 'OW']",4,CCV,"['F', 'Y', 'OW']"
2413,"['F', 'Y', 'AE']",4,CCV,"['F', 'Y', 'AE']"
2414,"['F', 'Y', 'AW']",4,CCV,"['F', 'Y', 'AW']"
2415,"['TH', 'P', 'AH']",-1,CCV,"['TH', 'P', 'AH']"
2416,"['TH', 'P', 'OY']",-1,CCV,"['TH', 'OY', 'P']"
2417,"['TH', 'P', 'AA']",-1,CCV,"['TH', 'P', 'AA']"
2418,"['TH', 'P', 'AY']",-1,CCV,"['TH', 'P', 'AY']"
2419,"['TH', 'P', 'ER']",-1,CCV,"['TH', 'P', 'ER']"
2420,"['TH', 'P', 'AO']",-1,CCV,"['TH', 'P', 'AO']"
2421,"['TH', 'P', 'UW']",-1,CCV,"['TH', 'UW', 'P']"
2422,"['TH', 'P', 'IH']",-1,CCV,"['TH', 'P', 'IH']"
2423,"['TH', 'P', 'EH']",-1,CCV,"['TH', 'P', 'EH']"
2424,"['TH', 'P', 'UH']",-1,CCV,"['TH', 'UH', 'P']"
2425,"['TH', 'P', 'IY']",-1,CCV,"['TH', 'P', 'IY']"
2426,"['TH', 'P', 'EY']",-1,CCV,"['TH', 'EY', 'P']"
2427,"['TH', 'P', 'OW']",-1,CCV,"['TH', 'P', 'OW']"
2428,"['TH', 'P', 'AE']",-1,CCV,"['TH', 'AE', 'P']"
2429,"['TH', 'P', 'AW']",-1,CCV,"['TH', 'P', 'AW']"
2430,"['TH', 'T', 'AH']",-1,CCV,"['TH', 'T', 'AH']"
2431,"['TH', 'T', 'OY']",-1,CCV,"['TH', 'OY', 'T']"
2432,"['TH', 'T', 'AA']",-1,CCV,"['TH', 'T', 'AA']"
2433,"['TH', 'T', 'AY']",-1,CCV,"['TH', 'T', 'AY']"
2434,"['TH', 'T', 'ER']",-1,CCV,"['TH', 'T', 'ER']"
2435,"['TH', 'T', 'AO']",-1,CCV,"['TH', 'T', 'AO']"
2436,"['TH', 'T', 'UW']",-1,CCV,"['TH', 'T', 'UW']"
2437,"['TH', 'T', 'IH']",-1,CCV,"['TH', 'T', 'IH']"
2438,"['TH', 'T', 'EH']",-1,CCV,"['TH', 'T', 'EH']"
2439,"['TH', 'T', 'UH']",-1,CCV,"['TH', 'UH', 'T']"
2440,"['TH', 'T', 'IY']",-1,CCV,"['TH', 'T', 'IY']"
2441,"['TH', 'T', 'EY']",-1,CCV,"['TH', 'T', 'EY']"
2442,"['TH', 'T', 'OW']",-1,CCV,"['TH', 'T', 'OW']"
2443,"['TH', 'T', 'AE']",-1,CCV,"['TH', 'AE', 'T']"
2444,"['TH', 'T', 'AW']",-1,CCV,"['TH', 'T', 'AW']"
2445,"['TH', 'K', 'AH']",-1,CCV,"['TH', 'K', 'AH']"
2446,"['TH', 'K', 'OY']",-1,CCV,"['TH', 'K', 'OY']"
2447,"['TH', 'K', 'AA']",-1,CCV,"['TH', 'K', 'AA']"
2448,"['TH', 'K', 'AY']",-1,CCV,"['TH', 'K', 'AY']"
2449,"['TH', 'K', 'ER']",-1,CCV,"['TH', 'K', 'ER']"
2450,"['TH', 'K', 'AO']",-1,CCV,"['TH', 'K', 'AO']"
2451,"['TH', 'K', 'UW']",-1,CCV,"['TH', 'K', 'UW']"
2452,"['TH', 'K', 'IH']",-1,CCV,"['TH', 'K', 'IH']"
2453,"['TH', 'K', 'EH']",-1,CCV,"['TH', 'K', 'EH']"
2454,"['TH', 'K', 'UH']",-1,CCV,"['TH', 'UH', 'K']"
2455,"['TH', 'K', 'IY']",-1,CCV,"['TH', 'K', 'IY']"
2456,"['TH', 'K', 'EY']",-1,CCV,"['TH', 'K', 'EY']"
2457,"['TH', 'K', 'OW']",-1,CCV,"['TH', 'K', 'OW']"
2458,"['TH', 'K', 'AE']",-1,CCV,"['TH', 'K', 'AE']"
2459,"['TH', 'K', 'AW']",-1,CCV,"['TH', 'K', 'AW']"
2460,"['TH', 'B', 'AH']",-1,CCV,"['TH', 'UH', 'AH']"
2461,"['TH', 'B', 'OY']",-1,CCV,"['TH', 'OY', '<EOS>']"
2462,"['TH', 'B', 'AA']",-1,CCV,"['TH', 'B', 'AA']"
2463,"['TH', 'B', 'AY']",-1,CCV,"['TH', 'B', 'AY']"
2464,"['TH', 'B', 'ER']",-1,CCV,"['B', 'TH', 'ER']"
2465,"['TH', 'B', 'AO']",-1,CCV,"['TH', 'AO', 'B']"
2466,"['TH', 'B', 'UW']",-1,CCV,"['TH', 'UW', 'IH']"
2467,"['TH', 'B', 'IH']",-1,CCV,"['TH', 'IH', 'B']"
2468,"['TH', 'B', 'EH']",-1,CCV,"['TH', 'B', 'EH']"
2469,"['TH', 'B', 'UH']",-1,CCV,"['TH', 'UH', 'UH']"
2470,"['TH', 'B', 'IY']",-1,CCV,"['TH', 'IY', 'B']"
2471,"['TH', 'B', 'EY']",-1,CCV,"['TH', 'EY', 'B']"
2472,"['TH', 'B', 'OW']",-1,CCV,"['TH', 'OW', 'B']"
2473,"['TH', 'B', 'AE']",-1,CCV,"['TH', 'AE', '<EOS>']"
2474,"['TH', 'B', 'AW']",-1,CCV,"['TH', 'AW', '<EOS>']"
2475,"['TH', 'D', 'AH']",-1,CCV,"['TH', 'D', 'AH']"
2476,"['TH', 'D', 'OY']",-1,CCV,"['TH', 'OY', 'D']"
2477,"['TH', 'D', 'AA']",-1,CCV,"['TH', 'D', 'AA']"
2478,"['TH', 'D', 'AY']",-1,CCV,"['TH', 'AY', 'D']"
2479,"['TH', 'D', 'ER']",-1,CCV,"['TH', 'ER', 'D']"
2480,"['TH', 'D', 'AO']",-1,CCV,"['TH', 'AO', 'D']"
2481,"['TH', 'D', 'UW']",-1,CCV,"['TH', 'UW', 'D']"
2482,"['TH', 'D', 'IH']",-1,CCV,"['TH', 'IH', 'D']"
2483,"['TH', 'D', 'EH']",-1,CCV,"['TH', 'D', 'EH']"
2484,"['TH', 'D', 'UH']",-1,CCV,"['TH', 'UH', 'D']"
2485,"['TH', 'D', 'IY']",-1,CCV,"['TH', 'IY', 'D']"
2486,"['TH', 'D', 'EY']",-1,CCV,"['TH', 'EY', 'D']"
2487,"['TH', 'D', 'OW']",-1,CCV,"['TH', 'D', 'OW']"
2488,"['TH', 'D', 'AE']",-1,CCV,"['TH', 'AE', 'D']"
2489,"['TH', 'D', 'AW']",-1,CCV,"['TH', 'AW', 'D']"
2490,"['TH', 'G', 'AH']",-1,CCV,"['TH', 'G', 'AH']"
2491,"['TH', 'G', 'OY']",-1,CCV,"['TH', 'OY', 'G']"
2492,"['TH', 'G', 'AA']",-1,CCV,"['TH', 'G', 'AA']"
2493,"['TH', 'G', 'AY']",-1,CCV,"['TH', 'G', 'AY']"
2494,"['TH', 'G', 'ER']",-1,CCV,"['TH', 'G', 'ER']"
2495,"['TH', 'G', 'AO']",-1,CCV,"['TH', 'G', 'AO']"
2496,"['TH', 'G', 'UW']",-1,CCV,"['TH', 'G', 'UW']"
2497,"['TH', 'G', 'IH']",-1,CCV,"['TH', 'G', 'IH']"
2498,"['TH', 'G', 'EH']",-1,CCV,"['TH', 'G', 'EH']"
2499,"['TH', 'G', 'UH']",-1,CCV,"['TH', 'UH', 'G']"
2500,"['TH', 'G', 'IY']",-1,CCV,"['TH', 'G', 'IY']"
2501,"['TH', 'G', 'EY']",-1,CCV,"['TH', 'G', 'EY']"
2502,"['TH', 'G', 'OW']",-1,CCV,"['TH', 'G', 'OW']"
2503,"['TH', 'G', 'AE']",-1,CCV,"['TH', 'G', 'AE']"
2504,"['TH', 'G', 'AW']",-1,CCV,"['TH', 'G', 'AW']"
2505,"['TH', 'F', 'AH']",0,CCV,"['TH', 'F', 'AH']"
2506,"['TH', 'F', 'OY']",0,CCV,"['TH', 'OY', 'F']"
2507,"['TH', 'F', 'AA']",0,CCV,"['TH', 'F', 'AA']"
2508,"['TH', 'F', 'AY']",0,CCV,"['TH', 'F', 'AY']"
2509,"['TH', 'F', 'ER']",0,CCV,"['F', 'TH', 'ER']"
2510,"['TH', 'F', 'AO']",0,CCV,"['TH', 'F', 'AO']"
2511,"['TH', 'F', 'UW']",0,CCV,"['TH', 'F', 'UW']"
2512,"['TH', 'F', 'IH']",0,CCV,"['TH', 'F', 'IH']"
2513,"['TH', 'F', 'EH']",0,CCV,"['TH', 'F', 'EH']"
2514,"['TH', 'F', 'UH']",0,CCV,"['TH', 'UH', 'K']"
2515,"['TH', 'F', 'IY']",0,CCV,"['TH', 'F', 'IY']"
2516,"['TH', 'F', 'EY']",0,CCV,"['TH', 'EY', 'F']"
2517,"['TH', 'F', 'OW']",0,CCV,"['F', 'TH', 'OW']"
2518,"['TH', 'F', 'AE']",0,CCV,"['TH', 'AE', 'F']"
2519,"['TH', 'F', 'AW']",0,CCV,"['F', 'AW', 'IH']"
2520,"['TH', 'S', 'AH']",0,CCV,"['TH', 'IH', 'DH']"
2521,"['TH', 'S', 'OY']",0,CCV,"['TH', 'OY', '<EOS>']"
2522,"['TH', 'S', 'AA']",0,CCV,"['TH', 'AA', 'S']"
2523,"['TH', 'S', 'AY']",0,CCV,"['TH', 'AY', 'S']"
2524,"['TH', 'S', 'ER']",0,CCV,"['TH', 'ER', 'S']"
2525,"['TH', 'S', 'AO']",0,CCV,"['TH', 'AO', '<EOS>']"
2526,"['TH', 'S', 'UW']",0,CCV,"['TH', 'UW', 'S']"
2527,"['TH', 'S', 'IH']",0,CCV,"['TH', 'IH', 'S']"
2528,"['TH', 'S', 'EH']",0,CCV,"['TH', 'EH', 'S']"
2529,"['TH', 'S', 'UH']",0,CCV,"['TH', 'UH', 'S']"
2530,"['TH', 'S', 'IY']",0,CCV,"['TH', 'IY', 'S']"
2531,"['TH', 'S', 'EY']",0,CCV,"['TH', 'EY', 'S']"
2532,"['TH', 'S', 'OW']",0,CCV,"['TH', 'OW', 'S']"
2533,"['TH', 'S', 'AE']",0,CCV,"['TH', 'AE', '<EOS>']"
2534,"['TH', 'S', 'AW']",0,CCV,"['TH', 'AW', '<EOS>']"
2535,"['TH', 'SH', 'AH']",0,CCV,"['TH', 'SH', 'AH']"
2536,"['TH', 'SH', 'OY']",0,CCV,"['TH', 'SH', 'OY']"
2537,"['TH', 'SH', 'AA']",0,CCV,"['TH', 'SH', 'AA']"
2538,"['TH', 'SH', 'AY']",0,CCV,"['TH', 'AY', 'SH']"
2539,"['TH', 'SH', 'ER']",0,CCV,"['TH', 'SH', 'ER']"
2540,"['TH', 'SH', 'AO']",0,CCV,"['TH', 'SH', 'AO']"
2541,"['TH', 'SH', 'UW']",0,CCV,"['TH', 'SH', 'UW']"
2542,"['TH', 'SH', 'IH']",0,CCV,"['TH', 'SH', 'IH']"
2543,"['TH', 'SH', 'EH']",0,CCV,"['TH', 'SH', 'EH']"
2544,"['TH', 'SH', 'UH']",0,CCV,"['TH', 'UH', 'SH']"
2545,"['TH', 'SH', 'IY']",0,CCV,"['TH', 'SH', 'IY']"
2546,"['TH', 'SH', 'EY']",0,CCV,"['TH', 'SH', 'EY']"
2547,"['TH', 'SH', 'OW']",0,CCV,"['TH', 'SH', 'OW']"
2548,"['TH', 'SH', 'AE']",0,CCV,"['TH', 'AE', 'SH']"
2549,"['TH', 'SH', 'AW']",0,CCV,"['TH', 'SH', 'AW']"
2550,"['TH', 'Z', 'AH']",0,CCV,"['TH', 'IH', 'Z']"
2551,"['TH', 'Z', 'OY']",0,CCV,"['TH', 'IH', 'P']"
2552,"['TH', 'Z', 'AA']",0,CCV,"['TH', 'AA', 'Z']"
2553,"['TH', 'Z', 'AY']",0,CCV,"['TH', 'AY', 'Z']"
2554,"['TH', 'Z', 'ER']",0,CCV,"['TH', 'Z', 'ER']"
2555,"['TH', 'Z', 'AO']",0,CCV,"['TH', 'IH', 'Z']"
2556,"['TH', 'Z', 'UW']",0,CCV,"['TH', 'UW', 'Z']"
2557,"['TH', 'Z', 'IH']",0,CCV,"['TH', 'IH', 'Z']"
2558,"['TH', 'Z', 'EH']",0,CCV,"['TH', 'EH', 'Z']"
2559,"['TH', 'Z', 'UH']",0,CCV,"['TH', 'UH', 'Z']"
2560,"['TH', 'Z', 'IY']",0,CCV,"['TH', 'IH', 'Z']"
2561,"['TH', 'Z', 'EY']",0,CCV,"['TH', 'EY', 'Z']"
2562,"['TH', 'Z', 'OW']",0,CCV,"['TH', 'Z', 'OW']"
2563,"['TH', 'Z', 'AE']",0,CCV,"['TH', 'AE', 'Z']"
2564,"['TH', 'Z', 'AW']",0,CCV,"['TH', 'AW', 'Z']"
2565,"['TH', 'ZH', 'AH']",0,CCV,"['TH', 'ZH', 'AH']"
2566,"['TH', 'ZH', 'OY']",0,CCV,"['TH', 'OY', 'ZH']"
2567,"['TH', 'ZH', 'AA']",0,CCV,"['TH', 'ZH', 'AA']"
2568,"['TH', 'ZH', 'AY']",0,CCV,"['TH', 'ZH', 'AY']"
2569,"['TH', 'ZH', 'ER']",0,CCV,"['TH', 'ZH', 'ER']"
2570,"['TH', 'ZH', 'AO']",0,CCV,"['TH', 'IH', 'ZH']"
2571,"['TH', 'ZH', 'UW']",0,CCV,"['TH', 'UW', 'ZH']"
2572,"['TH', 'ZH', 'IH']",0,CCV,"['TH', 'IH', 'ZH']"
2573,"['TH', 'ZH', 'EH']",0,CCV,"['TH', 'ZH', 'EH']"
2574,"['TH', 'ZH', 'UH']",0,CCV,"['TH', 'UH', 'ZH']"
2575,"['TH', 'ZH', 'IY']",0,CCV,"['TH', 'ZH', 'IY']"
2576,"['TH', 'ZH', 'EY']",0,CCV,"['TH', 'ZH', 'EY']"
2577,"['TH', 'ZH', 'OW']",0,CCV,"['TH', 'ZH', 'OW']"
2578,"['TH', 'ZH', 'AE']",0,CCV,"['TH', 'AE', 'ZH']"
2579,"['TH', 'ZH', 'AW']",0,CCV,"['TH', 'ZH', 'AW']"
2580,"['TH', 'V', 'AH']",0,CCV,"['TH', 'IH', 'V']"
2581,"['TH', 'V', 'OY']",0,CCV,"['TH', 'IH', 'OY']"
2582,"['TH', 'V', 'AA']",0,CCV,"['TH', 'V', 'AA']"
2583,"['TH', 'V', 'AY']",0,CCV,"['TH', 'AY', 'V']"
2584,"['TH', 'V', 'ER']",0,CCV,"['TH', 'V', 'ER']"
2585,"['TH', 'V', 'AO']",0,CCV,"['TH', 'V', 'AO']"
2586,"['TH', 'V', 'UW']",0,CCV,"['TH', 'UW', 'V']"
2587,"['TH', 'V', 'IH']",0,CCV,"['TH', 'IH', 'V']"
2588,"['TH', 'V', 'EH']",0,CCV,"['TH', 'V', 'EH']"
2589,"['TH', 'V', 'UH']",0,CCV,"['TH', 'UH', 'V']"
2590,"['TH', 'V', 'IY']",0,CCV,"['TH', 'V', 'IY']"
2591,"['TH', 'V', 'EY']",0,CCV,"['TH', 'EY', 'V']"
2592,"['TH', 'V', 'OW']",0,CCV,"['TH', 'R', 'OW']"
2593,"['TH', 'V', 'AE']",0,CCV,"['TH', 'AE', 'V']"
2594,"['TH', 'V', 'AW']",0,CCV,"['TH', 'AW', 'V']"
2595,"['TH', 'DH', 'AH']",0,CCV,"['TH', 'DH', 'AH']"
2596,"['TH', 'DH', 'OY']",0,CCV,"['TH', 'DH', 'OY']"
2597,"['TH', 'DH', 'AA']",0,CCV,"['TH', 'DH', 'AA']"
2598,"['TH', 'DH', 'AY']",0,CCV,"['TH', 'DH', 'AY']"
2599,"['TH', 'DH', 'ER']",0,CCV,"['TH', 'DH', 'ER']"
2600,"['TH', 'DH', 'AO']",0,CCV,"['TH', 'DH', 'AO']"
2601,"['TH', 'DH', 'UW']",0,CCV,"['TH', 'DH', 'UW']"
2602,"['TH', 'DH', 'IH']",0,CCV,"['TH', 'DH', 'IH']"
2603,"['TH', 'DH', 'EH']",0,CCV,"['TH', 'DH', 'EH']"
2604,"['TH', 'DH', 'UH']",0,CCV,"['TH', 'DH', 'UH']"
2605,"['TH', 'DH', 'IY']",0,CCV,"['TH', 'DH', 'IY']"
2606,"['TH', 'DH', 'EY']",0,CCV,"['TH', 'DH', 'EY']"
2607,"['TH', 'DH', 'OW']",0,CCV,"['TH', 'DH', 'OW']"
2608,"['TH', 'DH', 'AE']",0,CCV,"['TH', 'DH', 'AE']"
2609,"['TH', 'DH', 'AW']",0,CCV,"['TH', 'DH', 'AW']"
2610,"['TH', 'HH', 'AH']",0,CCV,"['TH', 'HH', 'AH']"
2611,"['TH', 'HH', 'OY']",0,CCV,"['TH', 'HH', 'OY']"
2612,"['TH', 'HH', 'AA']",0,CCV,"['TH', 'HH', 'AA']"
2613,"['TH', 'HH', 'AY']",0,CCV,"['TH', 'HH', 'AY']"
2614,"['TH', 'HH', 'ER']",0,CCV,"['TH', 'HH', 'ER']"
2615,"['TH', 'HH', 'AO']",0,CCV,"['TH', 'HH', 'AO']"
2616,"['TH', 'HH', 'UW']",0,CCV,"['TH', 'HH', 'UW']"
2617,"['TH', 'HH', 'IH']",0,CCV,"['TH', 'IH', 'HH']"
2618,"['TH', 'HH', 'EH']",0,CCV,"['TH', 'HH', 'EH']"
2619,"['TH', 'HH', 'UH']",0,CCV,"['TH', 'UH', 'K']"
2620,"['TH', 'HH', 'IY']",0,CCV,"['TH', 'HH', 'IY']"
2621,"['TH', 'HH', 'EY']",0,CCV,"['TH', 'HH', 'EY']"
2622,"['TH', 'HH', 'OW']",0,CCV,"['TH', 'HH', 'OW']"
2623,"['TH', 'HH', 'AE']",0,CCV,"['TH', 'HH', 'AE']"
2624,"['TH', 'HH', 'AW']",0,CCV,"['TH', 'HH', 'AW']"
2625,"['TH', 'CH', 'AH']",1,CCV,"['TH', 'CH', 'AH']"
2626,"['TH', 'CH', 'OY']",1,CCV,"['TH', 'CH', 'OY']"
2627,"['TH', 'CH', 'AA']",1,CCV,"['TH', 'CH', '<EOS>']"
2628,"['TH', 'CH', 'AY']",1,CCV,"['TH', 'CH', 'AY']"
2629,"['TH', 'CH', 'ER']",1,CCV,"['TH', 'CH', 'ER']"
2630,"['TH', 'CH', 'AO']",1,CCV,"['TH', 'CH', '<EOS>']"
2631,"['TH', 'CH', 'UW']",1,CCV,"['TH', 'CH', 'UW']"
2632,"['TH', 'CH', 'IH']",1,CCV,"['TH', 'CH', 'IH']"
2633,"['TH', 'CH', 'EH']",1,CCV,"['TH', 'CH', '<EOS>']"
2634,"['TH', 'CH', 'UH']",1,CCV,"['TH', 'UH', 'UH']"
2635,"['TH', 'CH', 'IY']",1,CCV,"['TH', 'CH', 'IY']"
2636,"['TH', 'CH', 'EY']",1,CCV,"['TH', 'CH', 'EY']"
2637,"['TH', 'CH', 'OW']",1,CCV,"['TH', 'CH', 'OW']"
2638,"['TH', 'CH', 'AE']",1,CCV,"['TH', 'AE', 'CH']"
2639,"['TH', 'CH', 'AW']",1,CCV,"['TH', 'CH', 'AW']"
2640,"['TH', 'JH', 'AH']",1,CCV,"['TH', 'JH', 'AH']"
2641,"['TH', 'JH', 'OY']",1,CCV,"['TH', 'OY', 'JH']"
2642,"['TH', 'JH', 'AA']",1,CCV,"['TH', 'AA', 'JH']"
2643,"['TH', 'JH', 'AY']",1,CCV,"['TH', 'AY', 'JH']"
2644,"['TH', 'JH', 'ER']",1,CCV,"['TH', 'JH', 'ER']"
2645,"['TH', 'JH', 'AO']",1,CCV,"['TH', 'AO', 'JH']"
2646,"['TH', 'JH', 'UW']",1,CCV,"['TH', 'UW', 'JH']"
2647,"['TH', 'JH', 'IH']",1,CCV,"['TH', 'IH', 'JH']"
2648,"['TH', 'JH', 'EH']",1,CCV,"['TH', 'JH', 'EH']"
2649,"['TH', 'JH', 'UH']",1,CCV,"['TH', 'UH', 'JH']"
2650,"['TH', 'JH', 'IY']",1,CCV,"['TH', 'UH', 'JH']"
2651,"['TH', 'JH', 'EY']",1,CCV,"['TH', 'EY', 'JH']"
2652,"['TH', 'JH', 'OW']",1,CCV,"['TH', 'OW', 'JH']"
2653,"['TH', 'JH', 'AE']",1,CCV,"['TH', 'AE', 'JH']"
2654,"['TH', 'JH', 'AW']",1,CCV,"['TH', 'AW', 'JH']"
2655,"['TH', 'M', 'AH']",2,CCV,"['TH', 'M', 'AH']"
2656,"['TH', 'M', 'OY']",2,CCV,"['TH', 'M', 'OY']"
2657,"['TH', 'M', 'AA']",2,CCV,"['TH', 'M', 'AA']"
2658,"['TH', 'M', 'AY']",2,CCV,"['TH', 'M', 'AY']"
2659,"['TH', 'M', 'ER']",2,CCV,"['TH', 'M', 'ER']"
2660,"['TH', 'M', 'AO']",2,CCV,"['TH', 'M', 'AO']"
2661,"['TH', 'M', 'UW']",2,CCV,"['TH', 'UW', 'M']"
2662,"['TH', 'M', 'IH']",2,CCV,"['TH', 'IH', 'M']"
2663,"['TH', 'M', 'EH']",2,CCV,"['TH', 'M', 'EH']"
2664,"['TH', 'M', 'UH']",2,CCV,"['M', 'IH', 'NG']"
2665,"['TH', 'M', 'IY']",2,CCV,"['TH', 'M', 'IY']"
2666,"['TH', 'M', 'EY']",2,CCV,"['TH', 'M', 'EY']"
2667,"['TH', 'M', 'OW']",2,CCV,"['TH', 'M', 'OW']"
2668,"['TH', 'M', 'AE']",2,CCV,"['TH', 'AE', 'M']"
2669,"['TH', 'M', 'AW']",2,CCV,"['TH', 'M', 'AW']"
2670,"['TH', 'N', 'AH']",2,CCV,"['TH', 'IH', 'N']"
2671,"['TH', 'N', 'OY']",2,CCV,"['TH', 'OY', 'N']"
2672,"['TH', 'N', 'AA']",2,CCV,"['TH', 'N', 'AA']"
2673,"['TH', 'N', 'AY']",2,CCV,"['TH', 'AY', 'N']"
2674,"['TH', 'N', 'ER']",2,CCV,"['TH', 'N', 'ER']"
2675,"['TH', 'N', 'AO']",2,CCV,"['TH', 'N', 'AO']"
2676,"['TH', 'N', 'UW']",2,CCV,"['TH', 'UW', 'N']"
2677,"['TH', 'N', 'IH']",2,CCV,"['TH', 'IH', 'N']"
2678,"['TH', 'N', 'EH']",2,CCV,"['TH', 'N', 'EH']"
2679,"['TH', 'N', 'UH']",2,CCV,"['TH', 'UH', 'N']"
2680,"['TH', 'N', 'IY']",2,CCV,"['TH', 'N', 'IY']"
2681,"['TH', 'N', 'EY']",2,CCV,"['TH', 'EY', 'N']"
2682,"['TH', 'N', 'OW']",2,CCV,"['TH', 'OW', 'N']"
2683,"['TH', 'N', 'AE']",2,CCV,"['TH', 'AE', 'N']"
2684,"['TH', 'N', 'AW']",2,CCV,"['TH', 'AW', 'N']"
2685,"['TH', 'NG', 'AH']",2,CCV,"['TH', 'NG', '<EOS>']"
2686,"['TH', 'NG', 'OY']",2,CCV,"['TH', 'OY', 'NG']"
2687,"['TH', 'NG', 'AA']",2,CCV,"['TH', 'NG', '<EOS>']"
2688,"['TH', 'NG', 'AY']",2,CCV,"['TH', 'NG', 'AY']"
2689,"['TH', 'NG', 'ER']",2,CCV,"['TH', 'NG', 'ER']"
2690,"['TH', 'NG', 'AO']",2,CCV,"['TH', 'NG', 'AO']"
2691,"['TH', 'NG', 'UW']",2,CCV,"['TH', 'NG', 'UW']"
2692,"['TH', 'NG', 'IH']",2,CCV,"['TH', 'IH', 'NG']"
2693,"['TH', 'NG', 'EH']",2,CCV,"['TH', 'NG', '<EOS>']"
2694,"['TH', 'NG', 'UH']",2,CCV,"['TH', 'UH', 'NG']"
2695,"['TH', 'NG', 'IY']",2,CCV,"['TH', 'IY', 'NG']"
2696,"['TH', 'NG', 'EY']",2,CCV,"['TH', 'EY', 'NG']"
2697,"['TH', 'NG', 'OW']",2,CCV,"['TH', 'NG', 'OW']"
2698,"['TH', 'NG', 'AE']",2,CCV,"['TH', 'AE', 'NG']"
2699,"['TH', 'NG', 'AW']",2,CCV,"['TH', 'NG', '<EOS>']"
2700,"['TH', 'L', 'AH']",3,CCV,"['TH', 'L', 'AH']"
2701,"['TH', 'L', 'OY']",3,CCV,"['TH', 'L', 'OY']"
2702,"['TH', 'L', 'AA']",3,CCV,"['TH', 'L', 'AA']"
2703,"['TH', 'L', 'AY']",3,CCV,"['TH', 'L', 'AY']"
2704,"['TH', 'L', 'ER']",3,CCV,"['TH', 'L', 'ER']"
2705,"['TH', 'L', 'AO']",3,CCV,"['TH', 'L', 'AO']"
2706,"['TH', 'L', 'UW']",3,CCV,"['TH', 'L', 'UW']"
2707,"['TH', 'L', 'IH']",3,CCV,"['TH', 'IH', 'L']"
2708,"['TH', 'L', 'EH']",3,CCV,"['TH', 'L', 'EH']"
2709,"['TH', 'L', 'UH']",3,CCV,"['TH', 'L', 'UH']"
2710,"['TH', 'L', 'IY']",3,CCV,"['TH', 'L', 'IY']"
2711,"['TH', 'L', 'EY']",3,CCV,"['TH', 'L', 'EY']"
2712,"['TH', 'L', 'OW']",3,CCV,"['TH', 'L', 'OW']"
2713,"['TH', 'L', 'AE']",3,CCV,"['TH', 'L', 'AE']"
2714,"['TH', 'L', 'AW']",3,CCV,"['TH', 'L', 'AW']"
2715,"['TH', 'R', 'AH']",3,CCV,"['TH', 'R', 'AH']"
2716,"['TH', 'R', 'OY']",3,CCV,"['TH', 'R', 'OY']"
2717,"['TH', 'R', 'AA']",3,CCV,"['TH', 'R', 'AA']"
2718,"['TH', 'R', 'AY']",3,CCV,"['TH', 'R', 'AY']"
2719,"['TH', 'R', 'ER']",3,CCV,"['TH', 'R', 'ER']"
2720,"['TH', 'R', 'AO']",3,CCV,"['TH', 'R', 'AO']"
2721,"['TH', 'R', 'UW']",3,CCV,"['TH', 'R', 'UW']"
2722,"['TH', 'R', 'IH']",3,CCV,"['TH', 'R', 'IH']"
2723,"['TH', 'R', 'EH']",3,CCV,"['TH', 'R', 'EH']"
2724,"['TH', 'R', 'UH']",3,CCV,"['TH', 'R', 'UH']"
2725,"['TH', 'R', 'IY']",3,CCV,"['TH', 'R', 'IY']"
2726,"['TH', 'R', 'EY']",3,CCV,"['TH', 'R', 'EY']"
2727,"['TH', 'R', 'OW']",3,CCV,"['TH', 'R', 'OW']"
2728,"['TH', 'R', 'AE']",3,CCV,"['TH', 'R', 'AE']"
2729,"['TH', 'R', 'AW']",3,CCV,"['TH', 'R', 'AW']"
2730,"['TH', 'W', 'AH']",4,CCV,"['TH', 'W', 'AH']"
2731,"['TH', 'W', 'OY']",4,CCV,"['TH', 'OY', 'EH']"
2732,"['TH', 'W', 'AA']",4,CCV,"['TH', 'W', 'AA']"
2733,"['TH', 'W', 'AY']",4,CCV,"['TH', 'W', 'AY']"
2734,"['TH', 'W', 'ER']",4,CCV,"['TH', 'W', 'ER']"
2735,"['TH', 'W', 'AO']",4,CCV,"['TH', 'AO', '<EOS>']"
2736,"['TH', 'W', 'UW']",4,CCV,"['TH', 'W', 'UW']"
2737,"['TH', 'W', 'IH']",4,CCV,"['TH', 'W', 'IH']"
2738,"['TH', 'W', 'EH']",4,CCV,"['TH', 'W', 'EH']"
2739,"['TH', 'W', 'UH']",4,CCV,"['TH', 'UH', 'W']"
2740,"['TH', 'W', 'IY']",4,CCV,"['TH', 'W', 'IY']"
2741,"['TH', 'W', 'EY']",4,CCV,"['TH', 'W', 'EY']"
2742,"['TH', 'W', 'OW']",4,CCV,"['TH', 'W', 'OW']"
2743,"['TH', 'W', 'AE']",4,CCV,"['TH', 'W', 'AE']"
2744,"['TH', 'W', 'AW']",4,CCV,"['TH', 'W', 'AW']"
2745,"['TH', 'Y', 'AH']",4,CCV,"['TH', 'Y', 'AH']"
2746,"['TH', 'Y', 'OY']",4,CCV,"['TH', 'Y', 'OY']"
2747,"['TH', 'Y', 'AA']",4,CCV,"['TH', 'Y', 'AA']"
2748,"['TH', 'Y', 'AY']",4,CCV,"['TH', 'Y', 'AY']"
2749,"['TH', 'Y', 'ER']",4,CCV,"['TH', 'Y', 'ER']"
2750,"['TH', 'Y', 'AO']",4,CCV,"['TH', 'Y', 'AO']"
2751,"['TH', 'Y', 'UW']",4,CCV,"['TH', 'Y', 'UW']"
2752,"['TH', 'Y', 'IH']",4,CCV,"['TH', 'IH', 'Y']"
2753,"['TH', 'Y', 'EH']",4,CCV,"['TH', 'Y', 'EH']"
2754,"['TH', 'Y', 'UH']",4,CCV,"['TH', 'Y', 'UH']"
2755,"['TH', 'Y', 'IY']",4,CCV,"['TH', 'Y', 'IY']"
2756,"['TH', 'Y', 'EY']",4,CCV,"['TH', 'Y', 'EY']"
2757,"['TH', 'Y', 'OW']",4,CCV,"['TH', 'Y', 'OW']"
2758,"['TH', 'Y', 'AE']",4,CCV,"['TH', 'Y', 'AE']"
2759,"['TH', 'Y', 'AW']",4,CCV,"['TH', 'Y', 'AW']"
2760,"['S', 'P', 'AH']",-1,CCV,"['S', 'P', 'AH']"
2761,"['S', 'P', 'OY']",-1,CCV,"['S', 'P', 'OY']"
2762,"['S', 'P', 'AA']",-1,CCV,"['S', 'P', 'AA']"
2763,"['S', 'P', 'AY']",-1,CCV,"['S', 'P', 'AY']"
2764,"['S', 'P', 'ER']",-1,CCV,"['S', 'P', 'ER']"
2765,"['S', 'P', 'AO']",-1,CCV,"['S', 'P', 'AO']"
2766,"['S', 'P', 'UW']",-1,CCV,"['S', 'P', 'UW']"
2767,"['S', 'P', 'IH']",-1,CCV,"['S', 'P', 'IH']"
2768,"['S', 'P', 'EH']",-1,CCV,"['S', 'P', 'EH']"
2769,"['S', 'P', 'UH']",-1,CCV,"['S', 'P', 'UH']"
2770,"['S', 'P', 'IY']",-1,CCV,"['S', 'P', 'IY']"
2771,"['S', 'P', 'EY']",-1,CCV,"['S', 'P', 'EY']"
2772,"['S', 'P', 'OW']",-1,CCV,"['S', 'P', 'OW']"
2773,"['S', 'P', 'AE']",-1,CCV,"['S', 'P', 'AE']"
2774,"['S', 'P', 'AW']",-1,CCV,"['S', 'P', 'AW']"
2775,"['S', 'T', 'AH']",-1,CCV,"['S', 'T', 'AH']"
2776,"['S', 'T', 'OY']",-1,CCV,"['S', 'T', 'OY']"
2777,"['S', 'T', 'AA']",-1,CCV,"['S', 'T', 'AA']"
2778,"['S', 'T', 'AY']",-1,CCV,"['S', 'T', 'AY']"
2779,"['S', 'T', 'ER']",-1,CCV,"['S', 'T', 'ER']"
2780,"['S', 'T', 'AO']",-1,CCV,"['S', 'T', 'AO']"
2781,"['S', 'T', 'UW']",-1,CCV,"['S', 'T', 'UW']"
2782,"['S', 'T', 'IH']",-1,CCV,"['S', 'T', 'IH']"
2783,"['S', 'T', 'EH']",-1,CCV,"['S', 'T', 'EH']"
2784,"['S', 'T', 'UH']",-1,CCV,"['S', 'T', 'UH']"
2785,"['S', 'T', 'IY']",-1,CCV,"['S', 'T', 'IY']"
2786,"['S', 'T', 'EY']",-1,CCV,"['S', 'T', 'EY']"
2787,"['S', 'T', 'OW']",-1,CCV,"['S', 'T', 'OW']"
2788,"['S', 'T', 'AE']",-1,CCV,"['S', 'T', 'AE']"
2789,"['S', 'T', 'AW']",-1,CCV,"['S', 'T', 'AW']"
2790,"['S', 'K', 'AH']",-1,CCV,"['S', 'K', 'AH']"
2791,"['S', 'K', 'OY']",-1,CCV,"['S', 'K', 'OY']"
2792,"['S', 'K', 'AA']",-1,CCV,"['S', 'K', 'AA']"
2793,"['S', 'K', 'AY']",-1,CCV,"['S', 'K', 'AY']"
2794,"['S', 'K', 'ER']",-1,CCV,"['S', 'K', 'ER']"
2795,"['S', 'K', 'AO']",-1,CCV,"['S', 'K', 'AO']"
2796,"['S', 'K', 'UW']",-1,CCV,"['S', 'K', 'UW']"
2797,"['S', 'K', 'IH']",-1,CCV,"['S', 'K', 'IH']"
2798,"['S', 'K', 'EH']",-1,CCV,"['S', 'K', 'EH']"
2799,"['S', 'K', 'UH']",-1,CCV,"['S', 'K', 'UH']"
2800,"['S', 'K', 'IY']",-1,CCV,"['S', 'K', 'IY']"
2801,"['S', 'K', 'EY']",-1,CCV,"['S', 'K', 'EY']"
2802,"['S', 'K', 'OW']",-1,CCV,"['S', 'K', 'OW']"
2803,"['S', 'K', 'AE']",-1,CCV,"['S', 'K', 'AE']"
2804,"['S', 'K', 'AW']",-1,CCV,"['S', 'K', 'AW']"
2805,"['S', 'B', 'AH']",-1,CCV,"['S', 'B', 'AH']"
2806,"['S', 'B', 'OY']",-1,CCV,"['S', 'B', 'OY']"
2807,"['S', 'B', 'AA']",-1,CCV,"['S', 'B', 'AA']"
2808,"['S', 'B', 'AY']",-1,CCV,"['S', 'B', 'AY']"
2809,"['S', 'B', 'ER']",-1,CCV,"['S', 'B', 'ER']"
2810,"['S', 'B', 'AO']",-1,CCV,"['S', 'B', 'AO']"
2811,"['S', 'B', 'UW']",-1,CCV,"['S', 'B', 'UW']"
2812,"['S', 'B', 'IH']",-1,CCV,"['S', 'B', 'IH']"
2813,"['S', 'B', 'EH']",-1,CCV,"['S', 'B', 'EH']"
2814,"['S', 'B', 'UH']",-1,CCV,"['S', 'UH', 'B']"
2815,"['S', 'B', 'IY']",-1,CCV,"['S', 'B', 'IY']"
2816,"['S', 'B', 'EY']",-1,CCV,"['S', 'B', 'EY']"
2817,"['S', 'B', 'OW']",-1,CCV,"['S', 'B', 'OW']"
2818,"['S', 'B', 'AE']",-1,CCV,"['S', 'B', 'AE']"
2819,"['S', 'B', 'AW']",-1,CCV,"['S', 'B', 'AW']"
2820,"['S', 'D', 'AH']",-1,CCV,"['S', 'D', 'AH']"
2821,"['S', 'D', 'OY']",-1,CCV,"['D', 'OY', 'OY']"
2822,"['S', 'D', 'AA']",-1,CCV,"['S', 'D', 'AA']"
2823,"['S', 'D', 'AY']",-1,CCV,"['S', 'AY', 'D']"
2824,"['S', 'D', 'ER']",-1,CCV,"['S', 'D', 'ER']"
2825,"['S', 'D', 'AO']",-1,CCV,"['S', 'D', 'AO']"
2826,"['S', 'D', 'UW']",-1,CCV,"['S', 'D', 'UW']"
2827,"['S', 'D', 'IH']",-1,CCV,"['S', 'IH', 'D']"
2828,"['S', 'D', 'EH']",-1,CCV,"['S', 'D', 'EH']"
2829,"['S', 'D', 'UH']",-1,CCV,"['S', 'UH', 'D']"
2830,"['S', 'D', 'IY']",-1,CCV,"['S', 'D', 'IY']"
2831,"['S', 'D', 'EY']",-1,CCV,"['S', 'EY', 'D']"
2832,"['S', 'D', 'OW']",-1,CCV,"['S', 'D', 'OW']"
2833,"['S', 'D', 'AE']",-1,CCV,"['S', 'D', 'AE']"
2834,"['S', 'D', 'AW']",-1,CCV,"['S', 'D', 'AW']"
2835,"['S', 'G', 'AH']",-1,CCV,"['S', 'AH', 'G']"
2836,"['S', 'G', 'OY']",-1,CCV,"['S', 'OY', 'L']"
2837,"['S', 'G', 'AA']",-1,CCV,"['S', 'G', 'AA']"
2838,"['S', 'G', 'AY']",-1,CCV,"['S', 'G', 'AY']"
2839,"['S', 'G', 'ER']",-1,CCV,"['S', 'G', 'ER']"
2840,"['S', 'G', 'AO']",-1,CCV,"['S', 'G', 'AO']"
2841,"['S', 'G', 'UW']",-1,CCV,"['S', 'G', 'UW']"
2842,"['S', 'G', 'IH']",-1,CCV,"['S', 'G', 'IH']"
2843,"['S', 'G', 'EH']",-1,CCV,"['S', 'G', 'EH']"
2844,"['S', 'G', 'UH']",-1,CCV,"['S', 'UH', 'M']"
2845,"['S', 'G', 'IY']",-1,CCV,"['S', 'G', 'IY']"
2846,"['S', 'G', 'EY']",-1,CCV,"['S', 'G', 'EY']"
2847,"['S', 'G', 'OW']",-1,CCV,"['S', 'G', 'OW']"
2848,"['S', 'G', 'AE']",-1,CCV,"['S', 'G', 'AE']"
2849,"['S', 'G', 'AW']",-1,CCV,"['S', 'G', 'AW']"
2850,"['S', 'F', 'AH']",0,CCV,"['S', 'F', 'AH']"
2851,"['S', 'F', 'OY']",0,CCV,"['S', 'F', 'OY']"
2852,"['S', 'F', 'AA']",0,CCV,"['S', 'F', 'AA']"
2853,"['S', 'F', 'AY']",0,CCV,"['S', 'F', 'AY']"
2854,"['S', 'F', 'ER']",0,CCV,"['S', 'F', 'ER']"
2855,"['S', 'F', 'AO']",0,CCV,"['S', 'F', 'AO']"
2856,"['S', 'F', 'UW']",0,CCV,"['S', 'F', 'UW']"
2857,"['S', 'F', 'IH']",0,CCV,"['S', 'F', 'IH']"
2858,"['S', 'F', 'EH']",0,CCV,"['S', 'F', 'EH']"
2859,"['S', 'F', 'UH']",0,CCV,"['S', 'UH', 'F']"
2860,"['S', 'F', 'IY']",0,CCV,"['S', 'F', 'IY']"
2861,"['S', 'F', 'EY']",0,CCV,"['S', 'EY', 'F']"
2862,"['S', 'F', 'OW']",0,CCV,"['S', 'F', 'OW']"
2863,"['S', 'F', 'AE']",0,CCV,"['S', 'F', 'AE']"
2864,"['S', 'F', 'AW']",0,CCV,"['S', 'F', 'AW']"
2865,"['S', 'TH', 'AH']",0,CCV,"['S', 'TH', 'AH']"
2866,"['S', 'TH', 'OY']",0,CCV,"['S', 'TH', 'OY']"
2867,"['S', 'TH', 'AA']",0,CCV,"['S', 'TH', 'AA']"
2868,"['S', 'TH', 'AY']",0,CCV,"['S', 'TH', 'AY']"
2869,"['S', 'TH', 'ER']",0,CCV,"['S', 'TH', 'ER']"
2870,"['S', 'TH', 'AO']",0,CCV,"['S', 'TH', 'AO']"
2871,"['S', 'TH', 'UW']",0,CCV,"['S', 'TH', 'UW']"
2872,"['S', 'TH', 'IH']",0,CCV,"['S', 'TH', 'IH']"
2873,"['S', 'TH', 'EH']",0,CCV,"['S', 'TH', 'EH']"
2874,"['S', 'TH', 'UH']",0,CCV,"['S', 'UH', 'TH']"
2875,"['S', 'TH', 'IY']",0,CCV,"['S', 'TH', 'IY']"
2876,"['S', 'TH', 'EY']",0,CCV,"['S', 'R', 'EY']"
2877,"['S', 'TH', 'OW']",0,CCV,"['S', 'TH', 'OW']"
2878,"['S', 'TH', 'AE']",0,CCV,"['S', 'TH', 'AE']"
2879,"['S', 'TH', 'AW']",0,CCV,"['S', 'TH', 'AW']"
2880,"['S', 'SH', 'AH']",0,CCV,"['S', 'SH', 'AH']"
2881,"['S', 'SH', 'OY']",0,CCV,"['S', 'SH', 'OY']"
2882,"['S', 'SH', 'AA']",0,CCV,"['S', 'SH', 'AA']"
2883,"['S', 'SH', 'AY']",0,CCV,"['S', 'SH', 'AY']"
2884,"['S', 'SH', 'ER']",0,CCV,"['S', 'SH', 'ER']"
2885,"['S', 'SH', 'AO']",0,CCV,"['S', 'SH', 'AO']"
2886,"['S', 'SH', 'UW']",0,CCV,"['S', 'SH', 'UW']"
2887,"['S', 'SH', 'IH']",0,CCV,"['S', 'SH', 'IH']"
2888,"['S', 'SH', 'EH']",0,CCV,"['S', 'SH', 'EH']"
2889,"['S', 'SH', 'UH']",0,CCV,"['S', 'UH', 'SH']"
2890,"['S', 'SH', 'IY']",0,CCV,"['S', 'SH', 'IY']"
2891,"['S', 'SH', 'EY']",0,CCV,"['S', 'EY', 'SH']"
2892,"['S', 'SH', 'OW']",0,CCV,"['S', 'SH', 'OW']"
2893,"['S', 'SH', 'AE']",0,CCV,"['S', 'SH', 'AE']"
2894,"['S', 'SH', 'AW']",0,CCV,"['S', 'SH', 'AW']"
2895,"['S', 'Z', 'AH']",0,CCV,"['S', 'Z', 'AH']"
2896,"['S', 'Z', 'OY']",0,CCV,"['S', 'Z', 'OY']"
2897,"['S', 'Z', 'AA']",0,CCV,"['S', 'Z', 'AA']"
2898,"['S', 'Z', 'AY']",0,CCV,"['S', 'AY', 'Z']"
2899,"['S', 'Z', 'ER']",0,CCV,"['S', 'Z', 'ER']"
2900,"['S', 'Z', 'AO']",0,CCV,"['S', 'Z', 'AO']"
2901,"['S', 'Z', 'UW']",0,CCV,"['S', 'Z', 'UW']"
2902,"['S', 'Z', 'IH']",0,CCV,"['S', 'Z', 'IH']"
2903,"['S', 'Z', 'EH']",0,CCV,"['S', 'Z', 'EH']"
2904,"['S', 'Z', 'UH']",0,CCV,"['S', 'Z', 'UH']"
2905,"['S', 'Z', 'IY']",0,CCV,"['S', 'Z', 'IY']"
2906,"['S', 'Z', 'EY']",0,CCV,"['S', 'Z', 'EY']"
2907,"['S', 'Z', 'OW']",0,CCV,"['S', 'Z', 'OW']"
2908,"['S', 'Z', 'AE']",0,CCV,"['S', 'Z', 'AE']"
2909,"['S', 'Z', 'AW']",0,CCV,"['S', 'Z', 'AW']"
2910,"['S', 'ZH', 'AH']",0,CCV,"['S', 'ZH', 'AH']"
2911,"['S', 'ZH', 'OY']",0,CCV,"['S', 'ZH', 'OY']"
2912,"['S', 'ZH', 'AA']",0,CCV,"['S', 'ZH', 'AA']"
2913,"['S', 'ZH', 'AY']",0,CCV,"['S', 'ZH', 'AY']"
2914,"['S', 'ZH', 'ER']",0,CCV,"['S', 'ZH', 'ER']"
2915,"['S', 'ZH', 'AO']",0,CCV,"['S', 'ZH', 'AO']"
2916,"['S', 'ZH', 'UW']",0,CCV,"['S', 'ZH', 'UW']"
2917,"['S', 'ZH', 'IH']",0,CCV,"['S', 'ZH', 'IH']"
2918,"['S', 'ZH', 'EH']",0,CCV,"['S', 'ZH', 'EH']"
2919,"['S', 'ZH', 'UH']",0,CCV,"['S', 'ZH', 'UH']"
2920,"['S', 'ZH', 'IY']",0,CCV,"['S', 'ZH', 'IY']"
2921,"['S', 'ZH', 'EY']",0,CCV,"['S', 'ZH', 'EY']"
2922,"['S', 'ZH', 'OW']",0,CCV,"['S', 'ZH', 'OW']"
2923,"['S', 'ZH', 'AE']",0,CCV,"['S', 'ZH', 'AE']"
2924,"['S', 'ZH', 'AW']",0,CCV,"['DH', 'S', 'AW']"
2925,"['S', 'V', 'AH']",0,CCV,"['S', 'V', 'AH']"
2926,"['S', 'V', 'OY']",0,CCV,"['S', 'V', 'OY']"
2927,"['S', 'V', 'AA']",0,CCV,"['S', 'V', 'AA']"
2928,"['S', 'V', 'AY']",0,CCV,"['S', 'AY', 'V']"
2929,"['S', 'V', 'ER']",0,CCV,"['S', 'V', 'ER']"
2930,"['S', 'V', 'AO']",0,CCV,"['S', 'V', 'AO']"
2931,"['S', 'V', 'UW']",0,CCV,"['S', 'V', 'UW']"
2932,"['S', 'V', 'IH']",0,CCV,"['S', 'V', 'IH']"
2933,"['S', 'V', 'EH']",0,CCV,"['S', 'V', 'EH']"
2934,"['S', 'V', 'UH']",0,CCV,"['S', 'UH', 'V']"
2935,"['S', 'V', 'IY']",0,CCV,"['S', 'V', 'IY']"
2936,"['S', 'V', 'EY']",0,CCV,"['S', 'EY', 'V']"
2937,"['S', 'V', 'OW']",0,CCV,"['S', 'V', 'OW']"
2938,"['S', 'V', 'AE']",0,CCV,"['S', 'V', 'AE']"
2939,"['S', 'V', 'AW']",0,CCV,"['S', 'V', 'AW']"
2940,"['S', 'DH', 'AH']",0,CCV,"['S', 'DH', 'AH']"
2941,"['S', 'DH', 'OY']",0,CCV,"['S', 'DH', 'OY']"
2942,"['S', 'DH', 'AA']",0,CCV,"['S', 'DH', 'AA']"
2943,"['S', 'DH', 'AY']",0,CCV,"['S', 'DH', 'AY']"
2944,"['S', 'DH', 'ER']",0,CCV,"['S', 'DH', 'ER']"
2945,"['S', 'DH', 'AO']",0,CCV,"['S', 'DH', 'AO']"
2946,"['S', 'DH', 'UW']",0,CCV,"['S', 'DH', 'UW']"
2947,"['S', 'DH', 'IH']",0,CCV,"['S', 'DH', 'IH']"
2948,"['S', 'DH', 'EH']",0,CCV,"['S', 'DH', 'EH']"
2949,"['S', 'DH', 'UH']",0,CCV,"['S', 'DH', 'UH']"
2950,"['S', 'DH', 'IY']",0,CCV,"['DH', 'S', 'IY']"
2951,"['S', 'DH', 'EY']",0,CCV,"['S', 'DH', 'EY']"
2952,"['S', 'DH', 'OW']",0,CCV,"['S', 'DH', 'OW']"
2953,"['S', 'DH', 'AE']",0,CCV,"['S', 'DH', 'AE']"
2954,"['S', 'DH', 'AW']",0,CCV,"['DH', 'S', 'AW']"
2955,"['S', 'HH', 'AH']",0,CCV,"['S', 'HH', 'AH']"
2956,"['S', 'HH', 'OY']",0,CCV,"['S', 'HH', 'OY']"
2957,"['S', 'HH', 'AA']",0,CCV,"['S', 'HH', 'AA']"
2958,"['S', 'HH', 'AY']",0,CCV,"['S', 'HH', 'AY']"
2959,"['S', 'HH', 'ER']",0,CCV,"['S', 'HH', 'ER']"
2960,"['S', 'HH', 'AO']",0,CCV,"['S', 'HH', 'AO']"
2961,"['S', 'HH', 'UW']",0,CCV,"['S', 'HH', 'UW']"
2962,"['S', 'HH', 'IH']",0,CCV,"['S', 'HH', 'IH']"
2963,"['S', 'HH', 'EH']",0,CCV,"['S', 'HH', 'EH']"
2964,"['S', 'HH', 'UH']",0,CCV,"['S', 'UH', 'UH']"
2965,"['S', 'HH', 'IY']",0,CCV,"['HH', 'IY', 'S']"
2966,"['S', 'HH', 'EY']",0,CCV,"['S', 'HH', 'EY']"
2967,"['S', 'HH', 'OW']",0,CCV,"['S', 'HH', 'OW']"
2968,"['S', 'HH', 'AE']",0,CCV,"['S', 'HH', 'AE']"
2969,"['S', 'HH', 'AW']",0,CCV,"['DH', 'HH', 'AW']"
2970,"['S', 'CH', 'AH']",1,CCV,"['S', 'CH', 'AH']"
2971,"['S', 'CH', 'OY']",1,CCV,"['S', 'CH', 'OY']"
2972,"['S', 'CH', 'AA']",1,CCV,"['S', 'CH', 'AA']"
2973,"['S', 'CH', 'AY']",1,CCV,"['S', 'AY', 'CH']"
2974,"['S', 'CH', 'ER']",1,CCV,"['S', 'CH', 'ER']"
2975,"['S', 'CH', 'AO']",1,CCV,"['S', 'CH', 'AO']"
2976,"['S', 'CH', 'UW']",1,CCV,"['S', 'CH', 'UW']"
2977,"['S', 'CH', 'IH']",1,CCV,"['S', 'CH', 'IH']"
2978,"['S', 'CH', 'EH']",1,CCV,"['S', 'CH', 'EH']"
2979,"['S', 'CH', 'UH']",1,CCV,"['S', 'UH', 'UH']"
2980,"['S', 'CH', 'IY']",1,CCV,"['S', 'CH', 'IY']"
2981,"['S', 'CH', 'EY']",1,CCV,"['S', 'CH', 'EY']"
2982,"['S', 'CH', 'OW']",1,CCV,"['S', 'CH', 'OW']"
2983,"['S', 'CH', 'AE']",1,CCV,"['S', 'CH', 'AE']"
2984,"['S', 'CH', 'AW']",1,CCV,"['S', 'CH', 'AW']"
2985,"['S', 'JH', 'AH']",1,CCV,"['S', 'JH', 'AH']"
2986,"['S', 'JH', 'OY']",1,CCV,"['S', 'OY', 'JH']"
2987,"['S', 'JH', 'AA']",1,CCV,"['S', 'JH', 'AA']"
2988,"['S', 'JH', 'AY']",1,CCV,"['S', 'AY', 'JH']"
2989,"['S', 'JH', 'ER']",1,CCV,"['S', 'JH', 'ER']"
2990,"['S', 'JH', 'AO']",1,CCV,"['S', 'JH', 'AO']"
2991,"['S', 'JH', 'UW']",1,CCV,"['S', 'JH', 'UW']"
2992,"['S', 'JH', 'IH']",1,CCV,"['S', 'IH', 'JH']"
2993,"['S', 'JH', 'EH']",1,CCV,"['S', 'JH', 'EH']"
2994,"['S', 'JH', 'UH']",1,CCV,"['S', 'UH', 'JH']"
2995,"['S', 'JH', 'IY']",1,CCV,"['S', 'IY', 'JH']"
2996,"['S', 'JH', 'EY']",1,CCV,"['S', 'EY', 'JH']"
2997,"['S', 'JH', 'OW']",1,CCV,"['S', 'OW', 'JH']"
2998,"['S', 'JH', 'AE']",1,CCV,"['S', 'AE', 'JH']"
2999,"['S', 'JH', 'AW']",1,CCV,"['S', 'JH', 'AW']"
3000,"['S', 'M', 'AH']",2,CCV,"['S', 'M', 'AH']"
3001,"['S', 'M', 'OY']",2,CCV,"['S', 'M', 'OY']"
3002,"['S', 'M', 'AA']",2,CCV,"['S', 'M', 'AA']"
3003,"['S', 'M', 'AY']",2,CCV,"['S', 'M', 'AY']"
3004,"['S', 'M', 'ER']",2,CCV,"['S', 'M', 'ER']"
3005,"['S', 'M', 'AO']",2,CCV,"['S', 'M', 'AO']"
3006,"['S', 'M', 'UW']",2,CCV,"['S', 'M', 'UW']"
3007,"['S', 'M', 'IH']",2,CCV,"['S', 'IH', 'M']"
3008,"['S', 'M', 'EH']",2,CCV,"['S', 'M', 'EH']"
3009,"['S', 'M', 'UH']",2,CCV,"['S', 'M', 'UH']"
3010,"['S', 'M', 'IY']",2,CCV,"['S', 'M', 'IY']"
3011,"['S', 'M', 'EY']",2,CCV,"['S', 'M', 'EY']"
3012,"['S', 'M', 'OW']",2,CCV,"['S', 'M', 'OW']"
3013,"['S', 'M', 'AE']",2,CCV,"['S', 'AE', 'M']"
3014,"['S', 'M', 'AW']",2,CCV,"['S', 'M', 'AW']"
3015,"['S', 'N', 'AH']",2,CCV,"['S', 'AH', 'N']"
3016,"['S', 'N', 'OY']",2,CCV,"['S', 'OY', 'N']"
3017,"['S', 'N', 'AA']",2,CCV,"['S', 'N', 'AA']"
3018,"['S', 'N', 'AY']",2,CCV,"['S', 'AY', 'N']"
3019,"['S', 'N', 'ER']",2,CCV,"['S', 'N', 'ER']"
3020,"['S', 'N', 'AO']",2,CCV,"['S', 'AO', 'N']"
3021,"['S', 'N', 'UW']",2,CCV,"['S', 'N', 'UW']"
3022,"['S', 'N', 'IH']",2,CCV,"['S', 'IH', 'N']"
3023,"['S', 'N', 'EH']",2,CCV,"['S', 'N', 'EH']"
3024,"['S', 'N', 'UH']",2,CCV,"['S', 'UH', 'N']"
3025,"['S', 'N', 'IY']",2,CCV,"['S', 'N', 'IY']"
3026,"['S', 'N', 'EY']",2,CCV,"['S', 'N', 'EY']"
3027,"['S', 'N', 'OW']",2,CCV,"['S', 'OW', 'N']"
3028,"['S', 'N', 'AE']",2,CCV,"['S', 'AE', 'N']"
3029,"['S', 'N', 'AW']",2,CCV,"['S', 'N', 'AW']"
3030,"['S', 'NG', 'AH']",2,CCV,"['S', 'NG', '<EOS>']"
3031,"['S', 'NG', 'OY']",2,CCV,"['S', 'NG', 'OY']"
3032,"['S', 'NG', 'AA']",2,CCV,"['S', 'AA', 'NG']"
3033,"['S', 'NG', 'AY']",2,CCV,"['S', 'AY', 'NG']"
3034,"['S', 'NG', 'ER']",2,CCV,"['S', 'NG', 'ER']"
3035,"['S', 'NG', 'AO']",2,CCV,"['S', 'NG', 'AO']"
3036,"['S', 'NG', 'UW']",2,CCV,"['S', 'NG', 'UW']"
3037,"['S', 'NG', 'IH']",2,CCV,"['S', 'IH', 'NG']"
3038,"['S', 'NG', 'EH']",2,CCV,"['S', 'EH', 'NG']"
3039,"['S', 'NG', 'UH']",2,CCV,"['S', 'UH', 'NG']"
3040,"['S', 'NG', 'IY']",2,CCV,"['S', 'IY', 'NG']"
3041,"['S', 'NG', 'EY']",2,CCV,"['S', 'EY', 'NG']"
3042,"['S', 'NG', 'OW']",2,CCV,"['S', 'OW', 'NG']"
3043,"['S', 'NG', 'AE']",2,CCV,"['S', 'AE', 'NG']"
3044,"['S', 'NG', 'AW']",2,CCV,"['S', 'NG', 'AW']"
3045,"['S', 'L', 'AH']",3,CCV,"['S', 'L', 'AH']"
3046,"['S', 'L', 'OY']",3,CCV,"['S', 'L', 'OY']"
3047,"['S', 'L', 'AA']",3,CCV,"['S', 'L', 'AA']"
3048,"['S', 'L', 'AY']",3,CCV,"['S', 'L', 'AY']"
3049,"['S', 'L', 'ER']",3,CCV,"['S', 'L', 'ER']"
3050,"['S', 'L', 'AO']",3,CCV,"['S', 'L', 'AO']"
3051,"['S', 'L', 'UW']",3,CCV,"['S', 'L', 'UW']"
3052,"['S', 'L', 'IH']",3,CCV,"['S', 'L', 'IH']"
3053,"['S', 'L', 'EH']",3,CCV,"['S', 'L', 'EH']"
3054,"['S', 'L', 'UH']",3,CCV,"['S', 'L', 'UH']"
3055,"['S', 'L', 'IY']",3,CCV,"['S', 'L', 'IY']"
3056,"['S', 'L', 'EY']",3,CCV,"['S', 'L', 'EY']"
3057,"['S', 'L', 'OW']",3,CCV,"['S', 'L', 'OW']"
3058,"['S', 'L', 'AE']",3,CCV,"['S', 'L', 'AE']"
3059,"['S', 'L', 'AW']",3,CCV,"['S', 'L', 'AW']"
3060,"['S', 'R', 'AH']",3,CCV,"['S', 'R', 'AH']"
3061,"['S', 'R', 'OY']",3,CCV,"['S', 'R', 'OY']"
3062,"['S', 'R', 'AA']",3,CCV,"['S', 'R', 'AA']"
3063,"['S', 'R', 'AY']",3,CCV,"['S', 'R', 'AY']"
3064,"['S', 'R', 'ER']",3,CCV,"['S', 'R', 'ER']"
3065,"['S', 'R', 'AO']",3,CCV,"['S', 'R', 'AO']"
3066,"['S', 'R', 'UW']",3,CCV,"['S', 'R', 'UW']"
3067,"['S', 'R', 'IH']",3,CCV,"['S', 'R', 'IH']"
3068,"['S', 'R', 'EH']",3,CCV,"['S', 'R', 'EH']"
3069,"['S', 'R', 'UH']",3,CCV,"['S', 'R', 'UH']"
3070,"['S', 'R', 'IY']",3,CCV,"['S', 'R', 'IY']"
3071,"['S', 'R', 'EY']",3,CCV,"['S', 'R', 'EY']"
3072,"['S', 'R', 'OW']",3,CCV,"['S', 'R', 'OW']"
3073,"['S', 'R', 'AE']",3,CCV,"['S', 'R', 'AE']"
3074,"['S', 'R', 'AW']",3,CCV,"['S', 'R', 'AW']"
3075,"['S', 'W', 'AH']",4,CCV,"['S', 'W', 'AH']"
3076,"['S', 'W', 'OY']",4,CCV,"['S', 'W', 'OY']"
3077,"['S', 'W', 'AA']",4,CCV,"['S', 'W', 'AA']"
3078,"['S', 'W', 'AY']",4,CCV,"['S', 'W', 'AY']"
3079,"['S', 'W', 'ER']",4,CCV,"['S', 'W', 'ER']"
3080,"['S', 'W', 'AO']",4,CCV,"['S', 'W', 'AO']"
3081,"['S', 'W', 'UW']",4,CCV,"['S', 'W', 'UW']"
3082,"['S', 'W', 'IH']",4,CCV,"['S', 'W', 'IH']"
3083,"['S', 'W', 'EH']",4,CCV,"['S', 'W', 'EH']"
3084,"['S', 'W', 'UH']",4,CCV,"['S', 'UH', 'W']"
3085,"['S', 'W', 'IY']",4,CCV,"['S', 'W', 'IY']"
3086,"['S', 'W', 'EY']",4,CCV,"['S', 'W', 'EY']"
3087,"['S', 'W', 'OW']",4,CCV,"['S', 'W', 'OW']"
3088,"['S', 'W', 'AE']",4,CCV,"['S', 'W', 'AE']"
3089,"['S', 'W', 'AW']",4,CCV,"['S', 'W', 'AW']"
3090,"['S', 'Y', 'AH']",4,CCV,"['S', 'Y', 'AH']"
3091,"['S', 'Y', 'OY']",4,CCV,"['S', 'OY', 'L']"
3092,"['S', 'Y', 'AA']",4,CCV,"['S', 'Y', 'AA']"
3093,"['S', 'Y', 'AY']",4,CCV,"['S', 'Y', 'AY']"
3094,"['S', 'Y', 'ER']",4,CCV,"['S', 'Y', 'ER']"
3095,"['S', 'Y', 'AO']",4,CCV,"['S', 'Y', 'AO']"
3096,"['S', 'Y', 'UW']",4,CCV,"['S', 'Y', 'UW']"
3097,"['S', 'Y', 'IH']",4,CCV,"['S', 'IH', 'Y']"
3098,"['S', 'Y', 'EH']",4,CCV,"['S', 'Y', 'EH']"
3099,"['S', 'Y', 'UH']",4,CCV,"['S', 'Y', 'UH']"
3100,"['S', 'Y', 'IY']",4,CCV,"['S', 'Y', 'IY']"
3101,"['S', 'Y', 'EY']",4,CCV,"['S', 'Y', 'EY']"
3102,"['S', 'Y', 'OW']",4,CCV,"['S', 'Y', 'OW']"
3103,"['S', 'Y', 'AE']",4,CCV,"['S', 'Y', 'AE']"
3104,"['S', 'Y', 'AW']",4,CCV,"['S', 'Y', 'AW']"
3105,"['SH', 'P', 'AH']",-1,CCV,"['SH', 'P', 'AH']"
3106,"['SH', 'P', 'OY']",-1,CCV,"['SH', 'OY', 'P']"
3107,"['SH', 'P', 'AA']",-1,CCV,"['SH', 'P', 'AA']"
3108,"['SH', 'P', 'AY']",-1,CCV,"['SH', 'AY', 'P']"
3109,"['SH', 'P', 'ER']",-1,CCV,"['SH', 'P', 'ER']"
3110,"['SH', 'P', 'AO']",-1,CCV,"['SH', 'AO', 'P']"
3111,"['SH', 'P', 'UW']",-1,CCV,"['SH', 'P', 'UW']"
3112,"['SH', 'P', 'IH']",-1,CCV,"['SH', 'P', 'IH']"
3113,"['SH', 'P', 'EH']",-1,CCV,"['SH', 'P', 'EH']"
3114,"['SH', 'P', 'UH']",-1,CCV,"['SH', 'UH', 'P']"
3115,"['SH', 'P', 'IY']",-1,CCV,"['SH', 'P', 'IY']"
3116,"['SH', 'P', 'EY']",-1,CCV,"['SH', 'EY', 'P']"
3117,"['SH', 'P', 'OW']",-1,CCV,"['SH', 'P', 'OW']"
3118,"['SH', 'P', 'AE']",-1,CCV,"['ZH', 'SH', 'AE']"
3119,"['SH', 'P', 'AW']",-1,CCV,"['SH', 'P', 'AW']"
3120,"['SH', 'T', 'AH']",-1,CCV,"['SH', 'T', 'AH']"
3121,"['SH', 'T', 'OY']",-1,CCV,"['SH', 'T', 'OY']"
3122,"['SH', 'T', 'AA']",-1,CCV,"['SH', 'T', 'AA']"
3123,"['SH', 'T', 'AY']",-1,CCV,"['SH', 'T', 'AY']"
3124,"['SH', 'T', 'ER']",-1,CCV,"['SH', 'T', 'ER']"
3125,"['SH', 'T', 'AO']",-1,CCV,"['SH', 'T', 'AO']"
3126,"['SH', 'T', 'UW']",-1,CCV,"['SH', 'T', 'UW']"
3127,"['SH', 'T', 'IH']",-1,CCV,"['SH', 'T', 'IH']"
3128,"['SH', 'T', 'EH']",-1,CCV,"['SH', 'T', 'EH']"
3129,"['SH', 'T', 'UH']",-1,CCV,"['SH', 'T', 'UH']"
3130,"['SH', 'T', 'IY']",-1,CCV,"['SH', 'T', 'IY']"
3131,"['SH', 'T', 'EY']",-1,CCV,"['SH', 'T', 'EY']"
3132,"['SH', 'T', 'OW']",-1,CCV,"['SH', 'T', 'OW']"
3133,"['SH', 'T', 'AE']",-1,CCV,"['SH', 'T', 'AE']"
3134,"['SH', 'T', 'AW']",-1,CCV,"['SH', 'T', 'AW']"
3135,"['SH', 'K', 'AH']",-1,CCV,"['SH', 'K', 'AH']"
3136,"['SH', 'K', 'OY']",-1,CCV,"['SH', 'K', 'OY']"
3137,"['SH', 'K', 'AA']",-1,CCV,"['SH', 'K', 'AA']"
3138,"['SH', 'K', 'AY']",-1,CCV,"['SH', 'K', 'AY']"
3139,"['SH', 'K', 'ER']",-1,CCV,"['SH', 'K', 'ER']"
3140,"['SH', 'K', 'AO']",-1,CCV,"['SH', 'K', 'AO']"
3141,"['SH', 'K', 'UW']",-1,CCV,"['SH', 'UW', 'K']"
3142,"['SH', 'K', 'IH']",-1,CCV,"['SH', 'K', 'IH']"
3143,"['SH', 'K', 'EH']",-1,CCV,"['SH', 'K', 'EH']"
3144,"['SH', 'K', 'UH']",-1,CCV,"['SH', 'UH', 'K']"
3145,"['SH', 'K', 'IY']",-1,CCV,"['SH', 'K', 'IY']"
3146,"['SH', 'K', 'EY']",-1,CCV,"['SH', 'EY', 'K']"
3147,"['SH', 'K', 'OW']",-1,CCV,"['SH', 'K', 'OW']"
3148,"['SH', 'K', 'AE']",-1,CCV,"['SH', 'K', 'AE']"
3149,"['SH', 'K', 'AW']",-1,CCV,"['SH', 'K', 'AW']"
3150,"['SH', 'B', 'AH']",-1,CCV,"['SH', 'B', 'AH']"
3151,"['SH', 'B', 'OY']",-1,CCV,"['SH', 'OY', 'B']"
3152,"['SH', 'B', 'AA']",-1,CCV,"['SH', 'B', 'AA']"
3153,"['SH', 'B', 'AY']",-1,CCV,"['SH', 'B', 'AY']"
3154,"['SH', 'B', 'ER']",-1,CCV,"['SH', 'B', 'ER']"
3155,"['SH', 'B', 'AO']",-1,CCV,"['SH', 'AO', 'B']"
3156,"['SH', 'B', 'UW']",-1,CCV,"['SH', 'B', 'UW']"
3157,"['SH', 'B', 'IH']",-1,CCV,"['SH', 'B', 'IH']"
3158,"['SH', 'B', 'EH']",-1,CCV,"['SH', 'B', 'EH']"
3159,"['SH', 'B', 'UH']",-1,CCV,"['SH', 'UH', 'B']"
3160,"['SH', 'B', 'IY']",-1,CCV,"['SH', 'B', 'IY']"
3161,"['SH', 'B', 'EY']",-1,CCV,"['SH', 'EY', 'B']"
3162,"['SH', 'B', 'OW']",-1,CCV,"['SH', 'B', 'OW']"
3163,"['SH', 'B', 'AE']",-1,CCV,"['SH', 'AE', 'B']"
3164,"['SH', 'B', 'AW']",-1,CCV,"['SH', 'B', 'AW']"
3165,"['SH', 'D', 'AH']",-1,CCV,"['SH', 'D', 'AH']"
3166,"['SH', 'D', 'OY']",-1,CCV,"['SH', 'OY', 'D']"
3167,"['SH', 'D', 'AA']",-1,CCV,"['D', 'SH', 'AA']"
3168,"['SH', 'D', 'AY']",-1,CCV,"['SH', 'AY', 'D']"
3169,"['SH', 'D', 'ER']",-1,CCV,"['SH', 'D', 'ER']"
3170,"['SH', 'D', 'AO']",-1,CCV,"['D', 'SH', 'AO']"
3171,"['SH', 'D', 'UW']",-1,CCV,"['SH', 'D', 'UW']"
3172,"['SH', 'D', 'IH']",-1,CCV,"['SH', 'IH', 'D']"
3173,"['SH', 'D', 'EH']",-1,CCV,"['SH', 'D', 'EH']"
3174,"['SH', 'D', 'UH']",-1,CCV,"['SH', 'UH', 'D']"
3175,"['SH', 'D', 'IY']",-1,CCV,"['SH', 'D', 'IY']"
3176,"['SH', 'D', 'EY']",-1,CCV,"['D', 'SH', 'EY']"
3177,"['SH', 'D', 'OW']",-1,CCV,"['SH', 'D', 'OW']"
3178,"['SH', 'D', 'AE']",-1,CCV,"['SH', 'AE', 'D']"
3179,"['SH', 'D', 'AW']",-1,CCV,"['SH', 'D', 'AW']"
3180,"['SH', 'G', 'AH']",-1,CCV,"['SH', 'G', 'AH']"
3181,"['SH', 'G', 'OY']",-1,CCV,"['SH', 'OY', 'G']"
3182,"['SH', 'G', 'AA']",-1,CCV,"['G', 'SH', 'AA']"
3183,"['SH', 'G', 'AY']",-1,CCV,"['SH', 'G', 'AY']"
3184,"['SH', 'G', 'ER']",-1,CCV,"['SH', 'G', 'ER']"
3185,"['SH', 'G', 'AO']",-1,CCV,"['G', 'SH', 'AO']"
3186,"['SH', 'G', 'UW']",-1,CCV,"['SH', 'G', 'UW']"
3187,"['SH', 'G', 'IH']",-1,CCV,"['G', 'SH', 'IH']"
3188,"['SH', 'G', 'EH']",-1,CCV,"['SH', 'G', 'EH']"
3189,"['SH', 'G', 'UH']",-1,CCV,"['SH', 'UH', 'G']"
3190,"['SH', 'G', 'IY']",-1,CCV,"['SH', 'G', 'IY']"
3191,"['SH', 'G', 'EY']",-1,CCV,"['G', 'EY', 'SH']"
3192,"['SH', 'G', 'OW']",-1,CCV,"['G', 'SH', 'OW']"
3193,"['SH', 'G', 'AE']",-1,CCV,"['G', 'AE', 'SH']"
3194,"['SH', 'G', 'AW']",-1,CCV,"['G', 'SH', 'AW']"
3195,"['SH', 'F', 'AH']",0,CCV,"['SH', 'F', 'AH']"
3196,"['SH', 'F', 'OY']",0,CCV,"['SH', 'F', 'OY']"
3197,"['SH', 'F', 'AA']",0,CCV,"['SH', 'F', 'AA']"
3198,"['SH', 'F', 'AY']",0,CCV,"['SH', 'F', 'AY']"
3199,"['SH', 'F', 'ER']",0,CCV,"['SH', 'F', 'ER']"
3200,"['SH', 'F', 'AO']",0,CCV,"['SH', 'AO', 'F']"
3201,"['SH', 'F', 'UW']",0,CCV,"['SH', 'F', 'UW']"
3202,"['SH', 'F', 'IH']",0,CCV,"['SH', 'F', 'IH']"
3203,"['SH', 'F', 'EH']",0,CCV,"['F', 'SH', 'EH']"
3204,"['SH', 'F', 'UH']",0,CCV,"['SH', 'UH', 'F']"
3205,"['SH', 'F', 'IY']",0,CCV,"['SH', 'F', 'IY']"
3206,"['SH', 'F', 'EY']",0,CCV,"['F', 'EY', 'SH']"
3207,"['SH', 'F', 'OW']",0,CCV,"['SH', 'F', 'OW']"
3208,"['SH', 'F', 'AE']",0,CCV,"['SH', 'AE', 'F']"
3209,"['SH', 'F', 'AW']",0,CCV,"['SH', 'F', 'AW']"
3210,"['SH', 'TH', 'AH']",0,CCV,"['SH', 'TH', 'AH']"
3211,"['SH', 'TH', 'OY']",0,CCV,"['SH', 'TH', 'OY']"
3212,"['SH', 'TH', 'AA']",0,CCV,"['SH', 'TH', 'AA']"
3213,"['SH', 'TH', 'AY']",0,CCV,"['SH', 'TH', 'AY']"
3214,"['SH', 'TH', 'ER']",0,CCV,"['SH', 'TH', 'ER']"
3215,"['SH', 'TH', 'AO']",0,CCV,"['SH', 'TH', 'AO']"
3216,"['SH', 'TH', 'UW']",0,CCV,"['SH', 'TH', 'UW']"
3217,"['SH', 'TH', 'IH']",0,CCV,"['SH', 'TH', 'IH']"
3218,"['SH', 'TH', 'EH']",0,CCV,"['SH', 'TH', 'EH']"
3219,"['SH', 'TH', 'UH']",0,CCV,"['SH', 'TH', 'UH']"
3220,"['SH', 'TH', 'IY']",0,CCV,"['SH', 'TH', 'IY']"
3221,"['SH', 'TH', 'EY']",0,CCV,"['SH', 'TH', 'EY']"
3222,"['SH', 'TH', 'OW']",0,CCV,"['SH', 'TH', 'OW']"
3223,"['SH', 'TH', 'AE']",0,CCV,"['SH', 'TH', 'AE']"
3224,"['SH', 'TH', 'AW']",0,CCV,"['SH', 'TH', 'AW']"
3225,"['SH', 'S', 'AH']",0,CCV,"['S', 'SH', 'AH']"
3226,"['SH', 'S', 'OY']",0,CCV,"['SH', 'OY', 'S']"
3227,"['SH', 'S', 'AA']",0,CCV,"['S', 'SH', 'AA']"
3228,"['SH', 'S', 'AY']",0,CCV,"['S', 'AY', 'SH']"
3229,"['SH', 'S', 'ER']",0,CCV,"['S', 'ER', 'SH']"
3230,"['SH', 'S', 'AO']",0,CCV,"['S', 'SH', 'AO']"
3231,"['SH', 'S', 'UW']",0,CCV,"['S', 'SH', 'UW']"
3232,"['SH', 'S', 'IH']",0,CCV,"['S', 'IH', 'SH']"
3233,"['SH', 'S', 'EH']",0,CCV,"['S', 'SH', 'EH']"
3234,"['SH', 'S', 'UH']",0,CCV,"['S', 'UH', 'SH']"
3235,"['SH', 'S', 'IY']",0,CCV,"['SH', 'IY', 'S']"
3236,"['SH', 'S', 'EY']",0,CCV,"['S', 'EY', 'SH']"
3237,"['SH', 'S', 'OW']",0,CCV,"['S', 'SH', 'OW']"
3238,"['SH', 'S', 'AE']",0,CCV,"['S', 'SH', 'AE']"
3239,"['SH', 'S', 'AW']",0,CCV,"['S', 'SH', 'AW']"
3240,"['SH', 'Z', 'AH']",0,CCV,"['SH', 'Z', 'AH']"
3241,"['SH', 'Z', 'OY']",0,CCV,"['SH', 'EH', 'R']"
3242,"['SH', 'Z', 'AA']",0,CCV,"['SH', 'AA', 'Z']"
3243,"['SH', 'Z', 'AY']",0,CCV,"['SH', 'AY', 'Z']"
3244,"['SH', 'Z', 'ER']",0,CCV,"['SH', 'ER', 'Z']"
3245,"['SH', 'Z', 'AO']",0,CCV,"['SH', 'AO', 'Z']"
3246,"['SH', 'Z', 'UW']",0,CCV,"['SH', 'UW', 'Z']"
3247,"['SH', 'Z', 'IH']",0,CCV,"['SH', 'IH', 'Z']"
3248,"['SH', 'Z', 'EH']",0,CCV,"['SH', 'EH', 'Z']"
3249,"['SH', 'Z', 'UH']",0,CCV,"['SH', 'UH', 'Z']"
3250,"['SH', 'Z', 'IY']",0,CCV,"['SH', 'AE', 'IY']"
3251,"['SH', 'Z', 'EY']",0,CCV,"['SH', 'EY', 'Z']"
3252,"['SH', 'Z', 'OW']",0,CCV,"['SH', 'Z', 'OW']"
3253,"['SH', 'Z', 'AE']",0,CCV,"['SH', 'AE', 'Z']"
3254,"['SH', 'Z', 'AW']",0,CCV,"['SH', 'AW', 'Z']"
3255,"['SH', 'ZH', 'AH']",0,CCV,"['SH', 'ZH', 'AH']"
3256,"['SH', 'ZH', 'OY']",0,CCV,"['SH', 'OY', 'ZH']"
3257,"['SH', 'ZH', 'AA']",0,CCV,"['SH', 'ZH', 'AA']"
3258,"['SH', 'ZH', 'AY']",0,CCV,"['SH', 'ZH', 'AY']"
3259,"['SH', 'ZH', 'ER']",0,CCV,"['SH', 'ZH', 'ER']"
3260,"['SH', 'ZH', 'AO']",0,CCV,"['SH', 'AE', 'M']"
3261,"['SH', 'ZH', 'UW']",0,CCV,"['SH', 'UW', 'ZH']"
3262,"['SH', 'ZH', 'IH']",0,CCV,"['ZH', 'SH', 'IH']"
3263,"['SH', 'ZH', 'EH']",0,CCV,"['ZH', 'SH', 'EH']"
3264,"['SH', 'ZH', 'UH']",0,CCV,"['SH', 'ZH', 'UH']"
3265,"['SH', 'ZH', 'IY']",0,CCV,"['SH', 'ZH', 'IY']"
3266,"['SH', 'ZH', 'EY']",0,CCV,"['SH', 'ZH', 'EY']"
3267,"['SH', 'ZH', 'OW']",0,CCV,"['ZH', 'SH', 'OW']"
3268,"['SH', 'ZH', 'AE']",0,CCV,"['ZH', 'SH', 'AE']"
3269,"['SH', 'ZH', 'AW']",0,CCV,"['SH', 'ZH', 'AW']"
3270,"['SH', 'V', 'AH']",0,CCV,"['SH', 'V', 'AH']"
3271,"['SH', 'V', 'OY']",0,CCV,"['SH', 'V', 'OY']"
3272,"['SH', 'V', 'AA']",0,CCV,"['SH', 'V', 'AA']"
3273,"['SH', 'V', 'AY']",0,CCV,"['SH', 'V', 'AY']"
3274,"['SH', 'V', 'ER']",0,CCV,"['SH', 'V', 'ER']"
3275,"['SH', 'V', 'AO']",0,CCV,"['SH', 'V', 'AO']"
3276,"['SH', 'V', 'UW']",0,CCV,"['SH', 'V', 'UW']"
3277,"['SH', 'V', 'IH']",0,CCV,"['SH', 'V', 'IH']"
3278,"['SH', 'V', 'EH']",0,CCV,"['SH', 'V', 'EH']"
3279,"['SH', 'V', 'UH']",0,CCV,"['SH', 'UH', 'V']"
3280,"['SH', 'V', 'IY']",0,CCV,"['SH', 'V', 'IY']"
3281,"['SH', 'V', 'EY']",0,CCV,"['SH', 'EY', 'V']"
3282,"['SH', 'V', 'OW']",0,CCV,"['SH', 'V', 'OW']"
3283,"['SH', 'V', 'AE']",0,CCV,"['DH', 'SH', 'AE']"
3284,"['SH', 'V', 'AW']",0,CCV,"['SH', 'V', 'AW']"
3285,"['SH', 'DH', 'AH']",0,CCV,"['SH', 'DH', 'AH']"
3286,"['SH', 'DH', 'OY']",0,CCV,"['SH', 'DH', 'OY']"
3287,"['SH', 'DH', 'AA']",0,CCV,"['SH', 'DH', 'AA']"
3288,"['SH', 'DH', 'AY']",0,CCV,"['SH', 'DH', 'AY']"
3289,"['SH', 'DH', 'ER']",0,CCV,"['SH', 'DH', 'ER']"
3290,"['SH', 'DH', 'AO']",0,CCV,"['SH', 'DH', 'AO']"
3291,"['SH', 'DH', 'UW']",0,CCV,"['SH', 'DH', 'UW']"
3292,"['SH', 'DH', 'IH']",0,CCV,"['SH', 'DH', 'IH']"
3293,"['SH', 'DH', 'EH']",0,CCV,"['SH', 'DH', 'EH']"
3294,"['SH', 'DH', 'UH']",0,CCV,"['SH', 'DH', 'UH']"
3295,"['SH', 'DH', 'IY']",0,CCV,"['SH', 'DH', 'IY']"
3296,"['SH', 'DH', 'EY']",0,CCV,"['SH', 'DH', 'EY']"
3297,"['SH', 'DH', 'OW']",0,CCV,"['SH', 'DH', 'OW']"
3298,"['SH', 'DH', 'AE']",0,CCV,"['DH', 'SH', 'AE']"
3299,"['SH', 'DH', 'AW']",0,CCV,"['SH', 'DH', 'AW']"
3300,"['SH', 'HH', 'AH']",0,CCV,"['SH', 'HH', 'AH']"
3301,"['SH', 'HH', 'OY']",0,CCV,"['SH', 'HH', 'OY']"
3302,"['SH', 'HH', 'AA']",0,CCV,"['SH', 'HH', 'AA']"
3303,"['SH', 'HH', 'AY']",0,CCV,"['SH', 'HH', 'AY']"
3304,"['SH', 'HH', 'ER']",0,CCV,"['SH', 'HH', 'ER']"
3305,"['SH', 'HH', 'AO']",0,CCV,"['SH', 'HH', 'AO']"
3306,"['SH', 'HH', 'UW']",0,CCV,"['SH', 'HH', 'UW']"
3307,"['SH', 'HH', 'IH']",0,CCV,"['SH', 'HH', 'IH']"
3308,"['SH', 'HH', 'EH']",0,CCV,"['SH', 'HH', 'EH']"
3309,"['SH', 'HH', 'UH']",0,CCV,"['SH', 'UH', 'L']"
3310,"['SH', 'HH', 'IY']",0,CCV,"['SH', 'HH', 'IY']"
3311,"['SH', 'HH', 'EY']",0,CCV,"['SH', 'HH', 'EY']"
3312,"['SH', 'HH', 'OW']",0,CCV,"['SH', 'HH', 'OW']"
3313,"['SH', 'HH', 'AE']",0,CCV,"['SH', 'HH', 'AE']"
3314,"['SH', 'HH', 'AW']",0,CCV,"['SH', 'HH', 'AW']"
3315,"['SH', 'CH', 'AH']",1,CCV,"['SH', 'CH', 'AH']"
3316,"['SH', 'CH', 'OY']",1,CCV,"['SH', 'CH', 'OY']"
3317,"['SH', 'CH', 'AA']",1,CCV,"['SH', 'CH', 'AA']"
3318,"['SH', 'CH', 'AY']",1,CCV,"['SH', 'CH', 'AY']"
3319,"['SH', 'CH', 'ER']",1,CCV,"['SH', 'CH', 'ER']"
3320,"['SH', 'CH', 'AO']",1,CCV,"['SH', 'CH', 'AO']"
3321,"['SH', 'CH', 'UW']",1,CCV,"['SH', 'CH', 'UW']"
3322,"['SH', 'CH', 'IH']",1,CCV,"['SH', 'CH', 'IH']"
3323,"['SH', 'CH', 'EH']",1,CCV,"['SH', 'CH', 'EH']"
3324,"['SH', 'CH', 'UH']",1,CCV,"['SH', 'CH', 'UH']"
3325,"['SH', 'CH', 'IY']",1,CCV,"['SH', 'CH', 'IY']"
3326,"['SH', 'CH', 'EY']",1,CCV,"['SH', 'CH', 'EY']"
3327,"['SH', 'CH', 'OW']",1,CCV,"['SH', 'CH', 'OW']"
3328,"['SH', 'CH', 'AE']",1,CCV,"['SH', 'AE', 'CH']"
3329,"['SH', 'CH', 'AW']",1,CCV,"['SH', 'CH', 'AW']"
3330,"['SH', 'JH', 'AH']",1,CCV,"['SH', 'AE', 'JH']"
3331,"['SH', 'JH', 'OY']",1,CCV,"['SH', 'OY', 'JH']"
3332,"['SH', 'JH', 'AA']",1,CCV,"['SH', 'AA', 'JH']"
3333,"['SH', 'JH', 'AY']",1,CCV,"['SH', 'AY', 'JH']"
3334,"['SH', 'JH', 'ER']",1,CCV,"['SH', 'ER', 'JH']"
3335,"['SH', 'JH', 'AO']",1,CCV,"['SH', 'AO', 'JH']"
3336,"['SH', 'JH', 'UW']",1,CCV,"['SH', 'UW', 'JH']"
3337,"['SH', 'JH', 'IH']",1,CCV,"['SH', 'IH', 'JH']"
3338,"['SH', 'JH', 'EH']",1,CCV,"['SH', 'SH', 'EH']"
3339,"['SH', 'JH', 'UH']",1,CCV,"['SH', 'UH', 'JH']"
3340,"['SH', 'JH', 'IY']",1,CCV,"['SH', 'IY', 'JH']"
3341,"['SH', 'JH', 'EY']",1,CCV,"['SH', 'EY', 'JH']"
3342,"['SH', 'JH', 'OW']",1,CCV,"['SH', 'OW', 'JH']"
3343,"['SH', 'JH', 'AE']",1,CCV,"['SH', 'AE', 'JH']"
3344,"['SH', 'JH', 'AW']",1,CCV,"['SH', 'AW', 'JH']"
3345,"['SH', 'M', 'AH']",2,CCV,"['SH', 'M', 'AH']"
3346,"['SH', 'M', 'OY']",2,CCV,"['SH', 'M', 'OY']"
3347,"['SH', 'M', 'AA']",2,CCV,"['SH', 'M', 'AA']"
3348,"['SH', 'M', 'AY']",2,CCV,"['SH', 'M', 'AY']"
3349,"['SH', 'M', 'ER']",2,CCV,"['SH', 'M', 'ER']"
3350,"['SH', 'M', 'AO']",2,CCV,"['SH', 'M', 'AO']"
3351,"['SH', 'M', 'UW']",2,CCV,"['SH', 'M', 'UW']"
3352,"['SH', 'M', 'IH']",2,CCV,"['SH', 'M', 'IH']"
3353,"['SH', 'M', 'EH']",2,CCV,"['SH', 'M', 'EH']"
3354,"['SH', 'M', 'UH']",2,CCV,"['SH', 'M', 'UH']"
3355,"['SH', 'M', 'IY']",2,CCV,"['SH', 'M', 'IY']"
3356,"['SH', 'M', 'EY']",2,CCV,"['SH', 'M', 'EY']"
3357,"['SH', 'M', 'OW']",2,CCV,"['SH', 'M', 'OW']"
3358,"['SH', 'M', 'AE']",2,CCV,"['SH', 'M', 'AE']"
3359,"['SH', 'M', 'AW']",2,CCV,"['SH', 'M', 'AW']"
3360,"['SH', 'N', 'AH']",2,CCV,"['SH', 'N', 'AH']"
3361,"['SH', 'N', 'OY']",2,CCV,"['SH', 'OY', 'N']"
3362,"['SH', 'N', 'AA']",2,CCV,"['SH', 'N', 'AA']"
3363,"['SH', 'N', 'AY']",2,CCV,"['SH', 'AY', 'N']"
3364,"['SH', 'N', 'ER']",2,CCV,"['SH', 'N', 'ER']"
3365,"['SH', 'N', 'AO']",2,CCV,"['SH', 'AO', 'N']"
3366,"['SH', 'N', 'UW']",2,CCV,"['SH', 'UW', 'N']"
3367,"['SH', 'N', 'IH']",2,CCV,"['SH', 'N', 'IH']"
3368,"['SH', 'N', 'EH']",2,CCV,"['SH', 'N', 'EH']"
3369,"['SH', 'N', 'UH']",2,CCV,"['SH', 'N', 'UH']"
3370,"['SH', 'N', 'IY']",2,CCV,"['SH', 'N', 'IY']"
3371,"['SH', 'N', 'EY']",2,CCV,"['SH', 'N', 'EY']"
3372,"['SH', 'N', 'OW']",2,CCV,"['SH', 'N', 'OW']"
3373,"['SH', 'N', 'AE']",2,CCV,"['SH', 'AE', 'N']"
3374,"['SH', 'N', 'AW']",2,CCV,"['SH', 'N', 'AW']"
3375,"['SH', 'NG', 'AH']",2,CCV,"['SH', 'NG', '<EOS>']"
3376,"['SH', 'NG', 'OY']",2,CCV,"['SH', 'NG', 'OY']"
3377,"['SH', 'NG', 'AA']",2,CCV,"['SH', 'NG', 'AA']"
3378,"['SH', 'NG', 'AY']",2,CCV,"['SH', 'NG', 'AY']"
3379,"['SH', 'NG', 'ER']",2,CCV,"['SH', 'NG', 'ER']"
3380,"['SH', 'NG', 'AO']",2,CCV,"['SH', 'AO', 'NG']"
3381,"['SH', 'NG', 'UW']",2,CCV,"['SH', 'NG', 'UW']"
3382,"['SH', 'NG', 'IH']",2,CCV,"['SH', 'NG', 'IH']"
3383,"['SH', 'NG', 'EH']",2,CCV,"['SH', 'NG', 'EH']"
3384,"['SH', 'NG', 'UH']",2,CCV,"['SH', 'UH', 'NG']"
3385,"['SH', 'NG', 'IY']",2,CCV,"['SH', 'NG', 'IY']"
3386,"['SH', 'NG', 'EY']",2,CCV,"['SH', 'NG', 'EY']"
3387,"['SH', 'NG', 'OW']",2,CCV,"['SH', 'NG', 'OW']"
3388,"['SH', 'NG', 'AE']",2,CCV,"['SH', 'AE', 'NG']"
3389,"['SH', 'NG', 'AW']",2,CCV,"['SH', 'NG', 'AW']"
3390,"['SH', 'L', 'AH']",3,CCV,"['SH', 'L', 'AH']"
3391,"['SH', 'L', 'OY']",3,CCV,"['SH', 'L', 'OY']"
3392,"['SH', 'L', 'AA']",3,CCV,"['SH', 'L', 'AA']"
3393,"['SH', 'L', 'AY']",3,CCV,"['SH', 'L', 'AY']"
3394,"['SH', 'L', 'ER']",3,CCV,"['SH', 'L', 'ER']"
3395,"['SH', 'L', 'AO']",3,CCV,"['SH', 'L', 'AO']"
3396,"['SH', 'L', 'UW']",3,CCV,"['SH', 'L', 'UW']"
3397,"['SH', 'L', 'IH']",3,CCV,"['SH', 'L', 'IH']"
3398,"['SH', 'L', 'EH']",3,CCV,"['L', 'SH', 'EH']"
3399,"['SH', 'L', 'UH']",3,CCV,"['SH', 'L', 'UH']"
3400,"['SH', 'L', 'IY']",3,CCV,"['SH', 'L', 'IY']"
3401,"['SH', 'L', 'EY']",3,CCV,"['L', 'SH', 'EY']"
3402,"['SH', 'L', 'OW']",3,CCV,"['SH', 'L', 'OW']"
3403,"['SH', 'L', 'AE']",3,CCV,"['SH', 'L', 'AE']"
3404,"['SH', 'L', 'AW']",3,CCV,"['L', 'SH', 'AW']"
3405,"['SH', 'R', 'AH']",3,CCV,"['SH', 'R', 'AH']"
3406,"['SH', 'R', 'OY']",3,CCV,"['SH', 'R', 'OY']"
3407,"['SH', 'R', 'AA']",3,CCV,"['SH', 'R', 'AA']"
3408,"['SH', 'R', 'AY']",3,CCV,"['SH', 'R', 'AY']"
3409,"['SH', 'R', 'ER']",3,CCV,"['SH', 'R', 'ER']"
3410,"['SH', 'R', 'AO']",3,CCV,"['SH', 'R', 'AO']"
3411,"['SH', 'R', 'UW']",3,CCV,"['SH', 'R', 'UW']"
3412,"['SH', 'R', 'IH']",3,CCV,"['SH', 'R', 'IH']"
3413,"['SH', 'R', 'EH']",3,CCV,"['SH', 'R', 'EH']"
3414,"['SH', 'R', 'UH']",3,CCV,"['SH', 'R', 'UH']"
3415,"['SH', 'R', 'IY']",3,CCV,"['SH', 'R', 'IY']"
3416,"['SH', 'R', 'EY']",3,CCV,"['SH', 'R', 'EY']"
3417,"['SH', 'R', 'OW']",3,CCV,"['SH', 'R', 'OW']"
3418,"['SH', 'R', 'AE']",3,CCV,"['SH', 'R', 'AE']"
3419,"['SH', 'R', 'AW']",3,CCV,"['SH', 'R', 'AW']"
3420,"['SH', 'W', 'AH']",4,CCV,"['SH', 'W', 'AH']"
3421,"['SH', 'W', 'OY']",4,CCV,"['SH', 'W', 'OY']"
3422,"['SH', 'W', 'AA']",4,CCV,"['SH', 'W', 'AA']"
3423,"['SH', 'W', 'AY']",4,CCV,"['SH', 'W', 'AY']"
3424,"['SH', 'W', 'ER']",4,CCV,"['SH', 'W', 'ER']"
3425,"['SH', 'W', 'AO']",4,CCV,"['SH', 'W', 'AO']"
3426,"['SH', 'W', 'UW']",4,CCV,"['SH', 'W', 'UW']"
3427,"['SH', 'W', 'IH']",4,CCV,"['SH', 'W', 'IH']"
3428,"['SH', 'W', 'EH']",4,CCV,"['SH', 'W', 'EH']"
3429,"['SH', 'W', 'UH']",4,CCV,"['SH', 'W', 'UH']"
3430,"['SH', 'W', 'IY']",4,CCV,"['SH', 'W', 'IY']"
3431,"['SH', 'W', 'EY']",4,CCV,"['SH', 'W', 'EY']"
3432,"['SH', 'W', 'OW']",4,CCV,"['SH', 'W', 'OW']"
3433,"['SH', 'W', 'AE']",4,CCV,"['SH', 'W', 'AE']"
3434,"['SH', 'W', 'AW']",4,CCV,"['SH', 'W', 'AW']"
3435,"['SH', 'Y', 'AH']",4,CCV,"['SH', 'Y', 'AH']"
3436,"['SH', 'Y', 'OY']",4,CCV,"['SH', 'OY', 'Y']"
3437,"['SH', 'Y', 'AA']",4,CCV,"['SH', 'Y', 'AA']"
3438,"['SH', 'Y', 'AY']",4,CCV,"['SH', 'Y', 'AY']"
3439,"['SH', 'Y', 'ER']",4,CCV,"['SH', 'Y', 'ER']"
3440,"['SH', 'Y', 'AO']",4,CCV,"['SH', 'Y', 'AO']"
3441,"['SH', 'Y', 'UW']",4,CCV,"['SH', 'Y', 'UW']"
3442,"['SH', 'Y', 'IH']",4,CCV,"['SH', 'IH', 'Y']"
3443,"['SH', 'Y', 'EH']",4,CCV,"['SH', 'Y', 'EH']"
3444,"['SH', 'Y', 'UH']",4,CCV,"['SH', 'Y', 'UH']"
3445,"['SH', 'Y', 'IY']",4,CCV,"['SH', 'Y', 'IY']"
3446,"['SH', 'Y', 'EY']",4,CCV,"['SH', 'Y', 'EY']"
3447,"['SH', 'Y', 'OW']",4,CCV,"['SH', 'Y', 'OW']"
3448,"['SH', 'Y', 'AE']",4,CCV,"['SH', 'Y', 'AE']"
3449,"['SH', 'Y', 'AW']",4,CCV,"['SH', 'Y', 'AW']"
3450,"['Z', 'P', 'AH']",-1,CCV,"['Z', 'P', 'AH']"
3451,"['Z', 'P', 'OY']",-1,CCV,"['Z', 'OY', 'P']"
3452,"['Z', 'P', 'AA']",-1,CCV,"['Z', 'AA', 'P']"
3453,"['Z', 'P', 'AY']",-1,CCV,"['Z', 'AY', 'P']"
3454,"['Z', 'P', 'ER']",-1,CCV,"['P', 'Z', 'ER']"
3455,"['Z', 'P', 'AO']",-1,CCV,"['Z', 'AO', 'P']"
3456,"['Z', 'P', 'UW']",-1,CCV,"['Z', 'UW', 'P']"
3457,"['Z', 'P', 'IH']",-1,CCV,"['Z', 'IH', 'P']"
3458,"['Z', 'P', 'EH']",-1,CCV,"['Z', 'EH', 'P']"
3459,"['Z', 'P', 'UH']",-1,CCV,"['Z', 'AY', 'P']"
3460,"['Z', 'P', 'IY']",-1,CCV,"['Z', 'AE', 'P']"
3461,"['Z', 'P', 'EY']",-1,CCV,"['Z', 'EY', 'P']"
3462,"['Z', 'P', 'OW']",-1,CCV,"['Z', 'OW', 'P']"
3463,"['Z', 'P', 'AE']",-1,CCV,"['Z', 'AE', 'P']"
3464,"['Z', 'P', 'AW']",-1,CCV,"['Z', 'AW', 'P']"
3465,"['Z', 'T', 'AH']",-1,CCV,"['Z', 'T', 'AH']"
3466,"['Z', 'T', 'OY']",-1,CCV,"['D', 'Z', 'EH']"
3467,"['Z', 'T', 'AA']",-1,CCV,"['Z', 'T', 'AA']"
3468,"['Z', 'T', 'AY']",-1,CCV,"['Z', 'AY', 'T']"
3469,"['Z', 'T', 'ER']",-1,CCV,"['Z', 'T', 'ER']"
3470,"['Z', 'T', 'AO']",-1,CCV,"['D', 'Z', 'AO']"
3471,"['Z', 'T', 'UW']",-1,CCV,"['Z', 'UW', 'T']"
3472,"['Z', 'T', 'IH']",-1,CCV,"['Z', 'T', 'IH']"
3473,"['Z', 'T', 'EH']",-1,CCV,"['Z', 'EH', 'T']"
3474,"['Z', 'T', 'UH']",-1,CCV,"['Z', 'T', 'UH']"
3475,"['Z', 'T', 'IY']",-1,CCV,"['Z', 'IY', 'T']"
3476,"['Z', 'T', 'EY']",-1,CCV,"['Z', 'T', 'EY']"
3477,"['Z', 'T', 'OW']",-1,CCV,"['Z', 'OW', 'T']"
3478,"['Z', 'T', 'AE']",-1,CCV,"['Z', 'AE', 'T']"
3479,"['Z', 'T', 'AW']",-1,CCV,"['Z', 'AW', 'T']"
3480,"['Z', 'K', 'AH']",-1,CCV,"['Z', 'EH', 'K']"
3481,"['Z', 'K', 'OY']",-1,CCV,"['Z', 'EH', 'K']"
3482,"['Z', 'K', 'AA']",-1,CCV,"['Z', 'K', 'AA']"
3483,"['Z', 'K', 'AY']",-1,CCV,"['Z', 'EH', 'K']"
3484,"['Z', 'K', 'ER']",-1,CCV,"['Z', 'K', 'ER']"
3485,"['Z', 'K', 'AO']",-1,CCV,"['Z', 'K', 'AO']"
3486,"['Z', 'K', 'UW']",-1,CCV,"['Z', 'UW', 'K']"
3487,"['Z', 'K', 'IH']",-1,CCV,"['Z', 'K', 'IH']"
3488,"['Z', 'K', 'EH']",-1,CCV,"['Z', 'EH', 'K']"
3489,"['Z', 'K', 'UH']",-1,CCV,"['Z', 'EH', 'K']"
3490,"['Z', 'K', 'IY']",-1,CCV,"['Z', 'EH', 'K']"
3491,"['Z', 'K', 'EY']",-1,CCV,"['Z', 'L', 'EY']"
3492,"['Z', 'K', 'OW']",-1,CCV,"['Z', 'OW', 'K']"
3493,"['Z', 'K', 'AE']",-1,CCV,"['Z', 'AE', 'K']"
3494,"['Z', 'K', 'AW']",-1,CCV,"['Z', 'AW', 'K']"
3495,"['Z', 'B', 'AH']",-1,CCV,"['Z', 'B', 'AH']"
3496,"['Z', 'B', 'OY']",-1,CCV,"['Z', 'B', 'OY']"
3497,"['Z', 'B', 'AA']",-1,CCV,"['Z', 'B', 'AA']"
3498,"['Z', 'B', 'AY']",-1,CCV,"['Z', 'AY', 'B']"
3499,"['Z', 'B', 'ER']",-1,CCV,"['Z', 'B', 'ER']"
3500,"['Z', 'B', 'AO']",-1,CCV,"['Z', 'B', 'AO']"
3501,"['Z', 'B', 'UW']",-1,CCV,"['Z', 'B', 'UW']"
3502,"['Z', 'B', 'IH']",-1,CCV,"['Z', 'B', 'IH']"
3503,"['Z', 'B', 'EH']",-1,CCV,"['Z', 'B', 'EH']"
3504,"['Z', 'B', 'UH']",-1,CCV,"['Z', 'B', 'UH']"
3505,"['Z', 'B', 'IY']",-1,CCV,"['Z', 'B', 'IY']"
3506,"['Z', 'B', 'EY']",-1,CCV,"['Z', 'B', 'EY']"
3507,"['Z', 'B', 'OW']",-1,CCV,"['Z', 'OW', 'B']"
3508,"['Z', 'B', 'AE']",-1,CCV,"['Z', 'AE', 'B']"
3509,"['Z', 'B', 'AW']",-1,CCV,"['Z', 'B', 'AW']"
3510,"['Z', 'D', 'AH']",-1,CCV,"['D', 'Z', 'AH']"
3511,"['Z', 'D', 'OY']",-1,CCV,"['D', 'Z', 'OY']"
3512,"['Z', 'D', 'AA']",-1,CCV,"['Z', 'D', 'AA']"
3513,"['Z', 'D', 'AY']",-1,CCV,"['Z', 'AY', 'D']"
3514,"['Z', 'D', 'ER']",-1,CCV,"['D', 'Z', 'ER']"
3515,"['Z', 'D', 'AO']",-1,CCV,"['D', 'Z', 'AO']"
3516,"['Z', 'D', 'UW']",-1,CCV,"['D', 'UW', 'Z']"
3517,"['Z', 'D', 'IH']",-1,CCV,"['D', 'Z', 'IH']"
3518,"['Z', 'D', 'EH']",-1,CCV,"['Z', 'D', 'EH']"
3519,"['Z', 'D', 'UH']",-1,CCV,"['D', 'Z', 'UH']"
3520,"['Z', 'D', 'IY']",-1,CCV,"['D', 'Z', 'IY']"
3521,"['Z', 'D', 'EY']",-1,CCV,"['Z', 'D', 'EY']"
3522,"['Z', 'D', 'OW']",-1,CCV,"['Z', 'D', 'OW']"
3523,"['Z', 'D', 'AE']",-1,CCV,"['Z', 'AE', 'D']"
3524,"['Z', 'D', 'AW']",-1,CCV,"['Z', 'D', 'AW']"
3525,"['Z', 'G', 'AH']",-1,CCV,"['Z', 'IH', 'G']"
3526,"['Z', 'G', 'OY']",-1,CCV,"['Z', 'OY', 'G']"
3527,"['Z', 'G', 'AA']",-1,CCV,"['Z', 'AA', 'G']"
3528,"['Z', 'G', 'AY']",-1,CCV,"['G', 'Z', 'AY']"
3529,"['Z', 'G', 'ER']",-1,CCV,"['G', 'Z', 'ER']"
3530,"['Z', 'G', 'AO']",-1,CCV,"['Z', 'AO', 'G']"
3531,"['Z', 'G', 'UW']",-1,CCV,"['Z', 'UW', 'G']"
3532,"['Z', 'G', 'IH']",-1,CCV,"['Z', 'IH', 'G']"
3533,"['Z', 'G', 'EH']",-1,CCV,"['Z', 'EH', 'G']"
3534,"['Z', 'G', 'UH']",-1,CCV,"['Z', 'AY', 'G']"
3535,"['Z', 'G', 'IY']",-1,CCV,"['Z', 'IY', 'G']"
3536,"['Z', 'G', 'EY']",-1,CCV,"['Z', 'EY', 'G']"
3537,"['Z', 'G', 'OW']",-1,CCV,"['G', 'Z', 'OW']"
3538,"['Z', 'G', 'AE']",-1,CCV,"['Z', 'AE', 'G']"
3539,"['Z', 'G', 'AW']",-1,CCV,"['Z', 'AW', 'G']"
3540,"['Z', 'F', 'AH']",0,CCV,"['Z', 'AH', 'F']"
3541,"['Z', 'F', 'OY']",0,CCV,"['Z', 'F', 'OY']"
3542,"['Z', 'F', 'AA']",0,CCV,"['Z', 'F', 'AA']"
3543,"['Z', 'F', 'AY']",0,CCV,"['Z', 'AY', 'F']"
3544,"['Z', 'F', 'ER']",0,CCV,"['F', 'Z', 'ER']"
3545,"['Z', 'F', 'AO']",0,CCV,"['Z', 'AO', 'F']"
3546,"['Z', 'F', 'UW']",0,CCV,"['Z', 'UW', 'F']"
3547,"['Z', 'F', 'IH']",0,CCV,"['Z', 'F', 'IH']"
3548,"['Z', 'F', 'EH']",0,CCV,"['Z', 'F', 'EH']"
3549,"['Z', 'F', 'UH']",0,CCV,"['Z', 'UH', 'F']"
3550,"['Z', 'F', 'IY']",0,CCV,"['F', 'EH', 'Z']"
3551,"['Z', 'F', 'EY']",0,CCV,"['Z', 'EY', 'F']"
3552,"['Z', 'F', 'OW']",0,CCV,"['Z', 'OW', 'F']"
3553,"['Z', 'F', 'AE']",0,CCV,"['Z', 'AE', 'F']"
3554,"['Z', 'F', 'AW']",0,CCV,"['Z', 'AW', 'AE']"
3555,"['Z', 'TH', 'AH']",0,CCV,"['Z', 'TH', 'AH']"
3556,"['Z', 'TH', 'OY']",0,CCV,"['Z', 'TH', 'OY']"
3557,"['Z', 'TH', 'AA']",0,CCV,"['Z', 'TH', 'AA']"
3558,"['Z', 'TH', 'AY']",0,CCV,"['Z', 'AY', 'TH']"
3559,"['Z', 'TH', 'ER']",0,CCV,"['Z', 'TH', 'ER']"
3560,"['Z', 'TH', 'AO']",0,CCV,"['Z', 'AO', 'TH']"
3561,"['Z', 'TH', 'UW']",0,CCV,"['Z', 'IH', 'UW']"
3562,"['Z', 'TH', 'IH']",0,CCV,"['Z', 'IH', 'TH']"
3563,"['Z', 'TH', 'EH']",0,CCV,"['Z', 'TH', 'EH']"
3564,"['Z', 'TH', 'UH']",0,CCV,"['Z', 'IH', 'TH']"
3565,"['Z', 'TH', 'IY']",0,CCV,"['Z', 'TH', 'IY']"
3566,"['Z', 'TH', 'EY']",0,CCV,"['Z', 'EY', 'TH']"
3567,"['Z', 'TH', 'OW']",0,CCV,"['Z', 'OW', 'TH']"
3568,"['Z', 'TH', 'AE']",0,CCV,"['Z', 'AE', 'TH']"
3569,"['Z', 'TH', 'AW']",0,CCV,"['Z', 'TH', 'AW']"
3570,"['Z', 'S', 'AH']",0,CCV,"['Z', 'AH', 'S']"
3571,"['Z', 'S', 'OY']",0,CCV,"['Z', 'OY', 'S']"
3572,"['Z', 'S', 'AA']",0,CCV,"['Z', 'AA', 'S']"
3573,"['Z', 'S', 'AY']",0,CCV,"['S', 'AY', 'Z']"
3574,"['Z', 'S', 'ER']",0,CCV,"['S', 'Z', 'ER']"
3575,"['Z', 'S', 'AO']",0,CCV,"['S', 'Z', 'AO']"
3576,"['Z', 'S', 'UW']",0,CCV,"['Z', 'UW', 'S']"
3577,"['Z', 'S', 'IH']",0,CCV,"['Z', 'IH', 'S']"
3578,"['Z', 'S', 'EH']",0,CCV,"['Z', 'EH', 'S']"
3579,"['Z', 'S', 'UH']",0,CCV,"['S', 'Z', 'UH']"
3580,"['Z', 'S', 'IY']",0,CCV,"['Z', 'IY', 'S']"
3581,"['Z', 'S', 'EY']",0,CCV,"['Z', 'EY', 'S']"
3582,"['Z', 'S', 'OW']",0,CCV,"['Z', 'OW', 'S']"
3583,"['Z', 'S', 'AE']",0,CCV,"['Z', 'AE', 'S']"
3584,"['Z', 'S', 'AW']",0,CCV,"['Z', 'AY', 'AW']"
3585,"['Z', 'SH', 'AH']",0,CCV,"['Z', 'R', 'AH']"
3586,"['Z', 'SH', 'OY']",0,CCV,"['Z', 'R', 'SH']"
3587,"['Z', 'SH', 'AA']",0,CCV,"['Z', 'SH', 'AA']"
3588,"['Z', 'SH', 'AY']",0,CCV,"['Z', 'AY', 'SH']"
3589,"['Z', 'SH', 'ER']",0,CCV,"['Z', 'R', 'ER']"
3590,"['Z', 'SH', 'AO']",0,CCV,"['Z', 'AO', 'SH']"
3591,"['Z', 'SH', 'UW']",0,CCV,"['Z', 'UW', 'SH']"
3592,"['Z', 'SH', 'IH']",0,CCV,"['Z', 'IH', 'SH']"
3593,"['Z', 'SH', 'EH']",0,CCV,"['Z', 'EH', 'SH']"
3594,"['Z', 'SH', 'UH']",0,CCV,"['Z', 'R', 'SH']"
3595,"['Z', 'SH', 'IY']",0,CCV,"['Z', 'AE', 'SH']"
3596,"['Z', 'SH', 'EY']",0,CCV,"['Z', 'EY', 'SH']"
3597,"['Z', 'SH', 'OW']",0,CCV,"['Z', 'OW', 'SH']"
3598,"['Z', 'SH', 'AE']",0,CCV,"['Z', 'AE', 'SH']"
3599,"['Z', 'SH', 'AW']",0,CCV,"['Z', 'AY', 'SH']"
3600,"['Z', 'ZH', 'AH']",0,CCV,"['Z', 'ZH', 'AH']"
3601,"['Z', 'ZH', 'OY']",0,CCV,"['Z', 'EH', 'ZH']"
3602,"['Z', 'ZH', 'AA']",0,CCV,"['Z', 'ZH', 'AA']"
3603,"['Z', 'ZH', 'AY']",0,CCV,"['Z', 'AY', 'ZH']"
3604,"['Z', 'ZH', 'ER']",0,CCV,"['Z', 'AE', 'T']"
3605,"['Z', 'ZH', 'AO']",0,CCV,"['Z', 'AE', 'M']"
3606,"['Z', 'ZH', 'UW']",0,CCV,"['Z', 'UW', 'ZH']"
3607,"['Z', 'ZH', 'IH']",0,CCV,"['Z', 'IH', 'ZH']"
3608,"['Z', 'ZH', 'EH']",0,CCV,"['Z', 'EH', 'ZH']"
3609,"['Z', 'ZH', 'UH']",0,CCV,"['Z', 'AE', 'UH']"
3610,"['Z', 'ZH', 'IY']",0,CCV,"['Z', 'OW', 'ZH']"
3611,"['Z', 'ZH', 'EY']",0,CCV,"['Z', 'OW', 'ZH']"
3612,"['Z', 'ZH', 'OW']",0,CCV,"['Z', 'OW', 'ZH']"
3613,"['Z', 'ZH', 'AE']",0,CCV,"['Z', 'AE', 'ZH']"
3614,"['Z', 'ZH', 'AW']",0,CCV,"['Z', 'AY', 'Z']"
3615,"['Z', 'V', 'AH']",0,CCV,"['Z', 'V', 'AH']"
3616,"['Z', 'V', 'OY']",0,CCV,"['Z', 'IH', 'V']"
3617,"['Z', 'V', 'AA']",0,CCV,"['Z', 'V', 'AA']"
3618,"['Z', 'V', 'AY']",0,CCV,"['Z', 'AY', 'V']"
3619,"['Z', 'V', 'ER']",0,CCV,"['Z', 'V', 'ER']"
3620,"['Z', 'V', 'AO']",0,CCV,"['Z', 'IH', 'V']"
3621,"['Z', 'V', 'UW']",0,CCV,"['Z', 'UW', 'V']"
3622,"['Z', 'V', 'IH']",0,CCV,"['Z', 'IH', 'V']"
3623,"['Z', 'V', 'EH']",0,CCV,"['Z', 'EH', 'V']"
3624,"['Z', 'V', 'UH']",0,CCV,"['Z', 'R', 'V']"
3625,"['Z', 'V', 'IY']",0,CCV,"['Z', 'EH', 'V']"
3626,"['Z', 'V', 'EY']",0,CCV,"['Z', 'EY', 'V']"
3627,"['Z', 'V', 'OW']",0,CCV,"['Z', 'OW', 'V']"
3628,"['Z', 'V', 'AE']",0,CCV,"['Z', 'AE', 'V']"
3629,"['Z', 'V', 'AW']",0,CCV,"['Z', 'AW', 'V']"
3630,"['Z', 'DH', 'AH']",0,CCV,"['Z', 'DH', 'AH']"
3631,"['Z', 'DH', 'OY']",0,CCV,"['Z', 'EH', 'DH']"
3632,"['Z', 'DH', 'AA']",0,CCV,"['Z', 'DH', 'AA']"
3633,"['Z', 'DH', 'AY']",0,CCV,"['Z', 'DH', 'AY']"
3634,"['Z', 'DH', 'ER']",0,CCV,"['Z', 'DH', 'ER']"
3635,"['Z', 'DH', 'AO']",0,CCV,"['Z', 'DH', 'AO']"
3636,"['Z', 'DH', 'UW']",0,CCV,"['Z', 'DH', 'UW']"
3637,"['Z', 'DH', 'IH']",0,CCV,"['Z', 'DH', 'IH']"
3638,"['Z', 'DH', 'EH']",0,CCV,"['Z', 'DH', 'EH']"
3639,"['Z', 'DH', 'UH']",0,CCV,"['Z', 'DH', 'UH']"
3640,"['Z', 'DH', 'IY']",0,CCV,"['Z', 'DH', 'IY']"
3641,"['Z', 'DH', 'EY']",0,CCV,"['Z', 'AE', 'DH']"
3642,"['Z', 'DH', 'OW']",0,CCV,"['Z', 'DH', 'OW']"
3643,"['Z', 'DH', 'AE']",0,CCV,"['Z', 'AE', 'DH']"
3644,"['Z', 'DH', 'AW']",0,CCV,"['Z', 'DH', 'AW']"
3645,"['Z', 'HH', 'AH']",0,CCV,"['D', 'Z', 'HH']"
3646,"['Z', 'HH', 'OY']",0,CCV,"['Z', 'OY', 'HH']"
3647,"['Z', 'HH', 'AA']",0,CCV,"['Z', 'HH', 'AA']"
3648,"['Z', 'HH', 'AY']",0,CCV,"['Z', 'AY', 'HH']"
3649,"['Z', 'HH', 'ER']",0,CCV,"['HH', 'Z', 'ER']"
3650,"['Z', 'HH', 'AO']",0,CCV,"['D', 'Z', 'HH']"
3651,"['Z', 'HH', 'UW']",0,CCV,"['Z', 'UW', 'HH']"
3652,"['Z', 'HH', 'IH']",0,CCV,"['Z', 'IH', 'HH']"
3653,"['Z', 'HH', 'EH']",0,CCV,"['Z', 'EH', 'HH']"
3654,"['Z', 'HH', 'UH']",0,CCV,"['Z', 'AY', 'HH']"
3655,"['Z', 'HH', 'IY']",0,CCV,"['HH', 'AA', 'Z']"
3656,"['Z', 'HH', 'EY']",0,CCV,"['Z', 'EY', 'HH']"
3657,"['Z', 'HH', 'OW']",0,CCV,"['P', 'OW', 'HH']"
3658,"['Z', 'HH', 'AE']",0,CCV,"['Z', 'AE', 'HH']"
3659,"['Z', 'HH', 'AW']",0,CCV,"['Z', 'AW', 'HH']"
3660,"['Z', 'CH', 'AH']",1,CCV,"['CH', 'AH', 'Z']"
3661,"['Z', 'CH', 'OY']",1,CCV,"['CH', 'IH', 'Z']"
3662,"['Z', 'CH', 'AA']",1,CCV,"['Z', 'AE', 'CH']"
3663,"['Z', 'CH', 'AY']",1,CCV,"['CH', 'AY', 'Z']"
3664,"['Z', 'CH', 'ER']",1,CCV,"['F', 'AY', 'Z']"
3665,"['Z', 'CH', 'AO']",1,CCV,"['CH', 'IH', 'Z']"
3666,"['Z', 'CH', 'UW']",1,CCV,"['CH', 'UW', 'Z']"
3667,"['Z', 'CH', 'IH']",1,CCV,"['CH', 'IH', 'Z']"
3668,"['Z', 'CH', 'EH']",1,CCV,"['CH', 'EH', 'Z']"
3669,"['Z', 'CH', 'UH']",1,CCV,"['CH', 'IH', 'Z']"
3670,"['Z', 'CH', 'IY']",1,CCV,"['CH', 'IH', 'Z']"
3671,"['Z', 'CH', 'EY']",1,CCV,"['CH', 'UW', 'Z']"
3672,"['Z', 'CH', 'OW']",1,CCV,"['CH', 'OW', 'Z']"
3673,"['Z', 'CH', 'AE']",1,CCV,"['Z', 'AE', 'CH']"
3674,"['Z', 'CH', 'AW']",1,CCV,"['CH', 'AW', 'Z']"
3675,"['Z', 'JH', 'AH']",1,CCV,"['Z', 'OW', 'JH']"
3676,"['Z', 'JH', 'OY']",1,CCV,"['Z', 'OY', 'JH']"
3677,"['Z', 'JH', 'AA']",1,CCV,"['Z', 'AA', 'JH']"
3678,"['Z', 'JH', 'AY']",1,CCV,"['Z', 'AY', 'JH']"
3679,"['Z', 'JH', 'ER']",1,CCV,"['Z', 'ER', 'JH']"
3680,"['Z', 'JH', 'AO']",1,CCV,"['Z', 'AO', 'JH']"
3681,"['Z', 'JH', 'UW']",1,CCV,"['Z', 'UW', 'JH']"
3682,"['Z', 'JH', 'IH']",1,CCV,"['Z', 'IH', 'JH']"
3683,"['Z', 'JH', 'EH']",1,CCV,"['Z', 'EH', 'JH']"
3684,"['Z', 'JH', 'UH']",1,CCV,"['Z', 'AY', 'JH']"
3685,"['Z', 'JH', 'IY']",1,CCV,"['Z', 'IY', 'JH']"
3686,"['Z', 'JH', 'EY']",1,CCV,"['Z', 'OW', 'JH']"
3687,"['Z', 'JH', 'OW']",1,CCV,"['Z', 'OW', 'JH']"
3688,"['Z', 'JH', 'AE']",1,CCV,"['Z', 'AE', 'JH']"
3689,"['Z', 'JH', 'AW']",1,CCV,"['Z', 'AW', 'JH']"
3690,"['Z', 'M', 'AH']",2,CCV,"['Z', 'M', 'AH']"
3691,"['Z', 'M', 'OY']",2,CCV,"['Z', 'OY', 'M']"
3692,"['Z', 'M', 'AA']",2,CCV,"['Z', 'AE', 'M']"
3693,"['Z', 'M', 'AY']",2,CCV,"['Z', 'AY', 'M']"
3694,"['Z', 'M', 'ER']",2,CCV,"['Z', 'M', 'ER']"
3695,"['Z', 'M', 'AO']",2,CCV,"['Z', 'AO', 'M']"
3696,"['Z', 'M', 'UW']",2,CCV,"['Z', 'UW', 'M']"
3697,"['Z', 'M', 'IH']",2,CCV,"['Z', 'IH', 'M']"
3698,"['Z', 'M', 'EH']",2,CCV,"['Z', 'EH', 'M']"
3699,"['Z', 'M', 'UH']",2,CCV,"['Z', 'UH', 'M']"
3700,"['Z', 'M', 'IY']",2,CCV,"['Z', 'M', 'IY']"
3701,"['Z', 'M', 'EY']",2,CCV,"['Z', 'EY', 'M']"
3702,"['Z', 'M', 'OW']",2,CCV,"['Z', 'OW', 'M']"
3703,"['Z', 'M', 'AE']",2,CCV,"['Z', 'AE', 'M']"
3704,"['Z', 'M', 'AW']",2,CCV,"['Z', 'AW', 'M']"
3705,"['Z', 'N', 'AH']",2,CCV,"['Z', 'N', 'AH']"
3706,"['Z', 'N', 'OY']",2,CCV,"['Z', 'N', 'OY']"
3707,"['Z', 'N', 'AA']",2,CCV,"['Z', 'N', 'AA']"
3708,"['Z', 'N', 'AY']",2,CCV,"['Z', 'AY', 'N']"
3709,"['Z', 'N', 'ER']",2,CCV,"['Z', 'N', 'ER']"
3710,"['Z', 'N', 'AO']",2,CCV,"['Z', 'N', 'AO']"
3711,"['Z', 'N', 'UW']",2,CCV,"['Z', 'UW', 'N']"
3712,"['Z', 'N', 'IH']",2,CCV,"['Z', 'IH', 'N']"
3713,"['Z', 'N', 'EH']",2,CCV,"['Z', 'EH', 'N']"
3714,"['Z', 'N', 'UH']",2,CCV,"['Z', 'N', 'UH']"
3715,"['Z', 'N', 'IY']",2,CCV,"['Z', 'AE', 'N']"
3716,"['Z', 'N', 'EY']",2,CCV,"['Z', 'N', 'EY']"
3717,"['Z', 'N', 'OW']",2,CCV,"['Z', 'OW', 'N']"
3718,"['Z', 'N', 'AE']",2,CCV,"['Z', 'AE', 'N']"
3719,"['Z', 'N', 'AW']",2,CCV,"['Z', 'N', 'AW']"
3720,"['Z', 'NG', 'AH']",2,CCV,"['Z', 'OW', 'NG']"
3721,"['Z', 'NG', 'OY']",2,CCV,"['Z', 'OW', 'P']"
3722,"['Z', 'NG', 'AA']",2,CCV,"['Z', 'OW', 'AA']"
3723,"['Z', 'NG', 'AY']",2,CCV,"['Z', 'AY', 'NG']"
3724,"['Z', 'NG', 'ER']",2,CCV,"['Z', 'NG', 'ER']"
3725,"['Z', 'NG', 'AO']",2,CCV,"['Z', 'OW', 'AO']"
3726,"['Z', 'NG', 'UW']",2,CCV,"['Z', 'UW', 'NG']"
3727,"['Z', 'NG', 'IH']",2,CCV,"['Z', 'OW', 'NG']"
3728,"['Z', 'NG', 'EH']",2,CCV,"['Z', 'EH', 'NG']"
3729,"['Z', 'NG', 'UH']",2,CCV,"['Z', 'OW', 'NG']"
3730,"['Z', 'NG', 'IY']",2,CCV,"['Z', 'OW', 'NG']"
3731,"['Z', 'NG', 'EY']",2,CCV,"['Z', 'OW', 'EY']"
3732,"['Z', 'NG', 'OW']",2,CCV,"['Z', 'OW', 'NG']"
3733,"['Z', 'NG', 'AE']",2,CCV,"['Z', 'AE', 'NG']"
3734,"['Z', 'NG', 'AW']",2,CCV,"['Z', 'OW', 'AW']"
3735,"['Z', 'L', 'AH']",3,CCV,"['Z', 'L', 'AH']"
3736,"['Z', 'L', 'OY']",3,CCV,"['Z', 'L', 'OY']"
3737,"['Z', 'L', 'AA']",3,CCV,"['Z', 'L', 'AA']"
3738,"['Z', 'L', 'AY']",3,CCV,"['Z', 'L', 'AY']"
3739,"['Z', 'L', 'ER']",3,CCV,"['Z', 'L', 'ER']"
3740,"['Z', 'L', 'AO']",3,CCV,"['Z', 'L', 'AO']"
3741,"['Z', 'L', 'UW']",3,CCV,"['Z', 'L', 'UW']"
3742,"['Z', 'L', 'IH']",3,CCV,"['Z', 'L', 'IH']"
3743,"['Z', 'L', 'EH']",3,CCV,"['Z', 'L', 'EH']"
3744,"['Z', 'L', 'UH']",3,CCV,"['Z', 'L', 'UH']"
3745,"['Z', 'L', 'IY']",3,CCV,"['Z', 'L', 'IY']"
3746,"['Z', 'L', 'EY']",3,CCV,"['Z', 'L', 'EY']"
3747,"['Z', 'L', 'OW']",3,CCV,"['Z', 'L', 'OW']"
3748,"['Z', 'L', 'AE']",3,CCV,"['Z', 'L', 'AE']"
3749,"['Z', 'L', 'AW']",3,CCV,"['Z', 'L', 'AW']"
3750,"['Z', 'R', 'AH']",3,CCV,"['Z', 'R', 'AH']"
3751,"['Z', 'R', 'OY']",3,CCV,"['Z', 'R', 'OY']"
3752,"['Z', 'R', 'AA']",3,CCV,"['Z', 'R', 'AA']"
3753,"['Z', 'R', 'AY']",3,CCV,"['Z', 'R', 'AY']"
3754,"['Z', 'R', 'ER']",3,CCV,"['Z', 'R', 'ER']"
3755,"['Z', 'R', 'AO']",3,CCV,"['Z', 'R', 'AO']"
3756,"['Z', 'R', 'UW']",3,CCV,"['Z', 'R', 'UW']"
3757,"['Z', 'R', 'IH']",3,CCV,"['Z', 'R', 'IH']"
3758,"['Z', 'R', 'EH']",3,CCV,"['Z', 'R', 'EH']"
3759,"['Z', 'R', 'UH']",3,CCV,"['Z', 'R', 'UH']"
3760,"['Z', 'R', 'IY']",3,CCV,"['Z', 'R', 'IY']"
3761,"['Z', 'R', 'EY']",3,CCV,"['Z', 'R', 'EY']"
3762,"['Z', 'R', 'OW']",3,CCV,"['Z', 'R', 'OW']"
3763,"['Z', 'R', 'AE']",3,CCV,"['Z', 'R', 'AE']"
3764,"['Z', 'R', 'AW']",3,CCV,"['Z', 'R', 'AW']"
3765,"['Z', 'W', 'AH']",4,CCV,"['Z', 'W', 'AH']"
3766,"['Z', 'W', 'OY']",4,CCV,"['Z', 'W', 'OY']"
3767,"['Z', 'W', 'AA']",4,CCV,"['Z', 'W', 'AA']"
3768,"['Z', 'W', 'AY']",4,CCV,"['Z', 'W', 'AY']"
3769,"['Z', 'W', 'ER']",4,CCV,"['Z', 'W', 'ER']"
3770,"['Z', 'W', 'AO']",4,CCV,"['Z', 'W', 'AO']"
3771,"['Z', 'W', 'UW']",4,CCV,"['Z', 'W', 'UW']"
3772,"['Z', 'W', 'IH']",4,CCV,"['Z', 'W', 'IH']"
3773,"['Z', 'W', 'EH']",4,CCV,"['Z', 'EH', 'W']"
3774,"['Z', 'W', 'UH']",4,CCV,"['Z', 'W', 'UH']"
3775,"['Z', 'W', 'IY']",4,CCV,"['Z', 'W', 'IY']"
3776,"['Z', 'W', 'EY']",4,CCV,"['Z', 'W', 'EY']"
3777,"['Z', 'W', 'OW']",4,CCV,"['Z', 'OW', 'W']"
3778,"['Z', 'W', 'AE']",4,CCV,"['Z', 'AE', 'W']"
3779,"['Z', 'W', 'AW']",4,CCV,"['Z', 'W', 'AW']"
3780,"['Z', 'Y', 'AH']",4,CCV,"['Z', 'Y', 'AH']"
3781,"['Z', 'Y', 'OY']",4,CCV,"['Z', 'OY', 'L']"
3782,"['Z', 'Y', 'AA']",4,CCV,"['Z', 'Y', 'AA']"
3783,"['Z', 'Y', 'AY']",4,CCV,"['Z', 'AY', 'Y']"
3784,"['Z', 'Y', 'ER']",4,CCV,"['Z', 'Y', 'ER']"
3785,"['Z', 'Y', 'AO']",4,CCV,"['Z', 'AO', 'R']"
3786,"['Z', 'Y', 'UW']",4,CCV,"['Z', 'UW', 'P']"
3787,"['Z', 'Y', 'IH']",4,CCV,"['Z', 'IH', 'Y']"
3788,"['Z', 'Y', 'EH']",4,CCV,"['Z', 'EH', 'Y']"
3789,"['Z', 'Y', 'UH']",4,CCV,"['Z', 'Y', 'UH']"
3790,"['Z', 'Y', 'IY']",4,CCV,"['Z', 'Y', 'IY']"
3791,"['Z', 'Y', 'EY']",4,CCV,"['Z', 'Y', 'EY']"
3792,"['Z', 'Y', 'OW']",4,CCV,"['Z', 'OW', 'Y']"
3793,"['Z', 'Y', 'AE']",4,CCV,"['Z', 'AE', 'Y']"
3794,"['Z', 'Y', 'AW']",4,CCV,"['Z', 'AW', 'Y']"
3795,"['ZH', 'P', 'AH']",-1,CCV,"['ZH', 'P', 'AH']"
3796,"['ZH', 'P', 'OY']",-1,CCV,"['ZH', 'OY', 'P']"
3797,"['ZH', 'P', 'AA']",-1,CCV,"['ZH', 'P', 'AA']"
3798,"['ZH', 'P', 'AY']",-1,CCV,"['ZH', 'AY', 'P']"
3799,"['ZH', 'P', 'ER']",-1,CCV,"['ZH', 'ER', 'P']"
3800,"['ZH', 'P', 'AO']",-1,CCV,"['ZH', 'P', 'AO']"
3801,"['ZH', 'P', 'UW']",-1,CCV,"['ZH', 'UW', 'P']"
3802,"['ZH', 'P', 'IH']",-1,CCV,"['ZH', 'IH', 'P']"
3803,"['ZH', 'P', 'EH']",-1,CCV,"['ZH', 'P', 'EH']"
3804,"['ZH', 'P', 'UH']",-1,CCV,"['ZH', 'UH', 'P']"
3805,"['ZH', 'P', 'IY']",-1,CCV,"['ZH', 'P', 'IY']"
3806,"['ZH', 'P', 'EY']",-1,CCV,"['ZH', 'P', 'EY']"
3807,"['ZH', 'P', 'OW']",-1,CCV,"['ZH', 'P', 'OW']"
3808,"['ZH', 'P', 'AE']",-1,CCV,"['ZH', 'P', 'AE']"
3809,"['ZH', 'P', 'AW']",-1,CCV,"['ZH', 'P', 'AW']"
3810,"['ZH', 'T', 'AH']",-1,CCV,"['ZH', 'IH', 'T']"
3811,"['ZH', 'T', 'OY']",-1,CCV,"['ZH', 'OY', 'T']"
3812,"['ZH', 'T', 'AA']",-1,CCV,"['ZH', 'T', 'AA']"
3813,"['ZH', 'T', 'AY']",-1,CCV,"['ZH', 'AY', 'T']"
3814,"['ZH', 'T', 'ER']",-1,CCV,"['ZH', 'ER', 'T']"
3815,"['ZH', 'T', 'AO']",-1,CCV,"['T', 'OY', 'T']"
3816,"['ZH', 'T', 'UW']",-1,CCV,"['ZH', 'UW', 'T']"
3817,"['ZH', 'T', 'IH']",-1,CCV,"['ZH', 'IH', 'T']"
3818,"['ZH', 'T', 'EH']",-1,CCV,"['ZH', 'EH', 'T']"
3819,"['ZH', 'T', 'UH']",-1,CCV,"['ZH', 'UH', 'T']"
3820,"['ZH', 'T', 'IY']",-1,CCV,"['ZH', 'IY', 'T']"
3821,"['ZH', 'T', 'EY']",-1,CCV,"['ZH', 'EY', 'T']"
3822,"['ZH', 'T', 'OW']",-1,CCV,"['ZH', 'ZH', 'ER']"
3823,"['ZH', 'T', 'AE']",-1,CCV,"['ZH', 'AE', 'T']"
3824,"['ZH', 'T', 'AW']",-1,CCV,"['ZH', 'T', 'AW']"
3825,"['ZH', 'K', 'AH']",-1,CCV,"['ZH', 'K', 'AH']"
3826,"['ZH', 'K', 'OY']",-1,CCV,"['ZH', 'K', 'OY']"
3827,"['ZH', 'K', 'AA']",-1,CCV,"['ZH', 'K', 'AA']"
3828,"['ZH', 'K', 'AY']",-1,CCV,"['ZH', 'AY', 'K']"
3829,"['ZH', 'K', 'ER']",-1,CCV,"['ZH', 'ER', 'K']"
3830,"['ZH', 'K', 'AO']",-1,CCV,"['ZH', 'K', 'AO']"
3831,"['ZH', 'K', 'UW']",-1,CCV,"['K', 'UW', 'ZH']"
3832,"['ZH', 'K', 'IH']",-1,CCV,"['ZH', 'IH', 'K']"
3833,"['ZH', 'K', 'EH']",-1,CCV,"['ZH', 'EH', 'K']"
3834,"['ZH', 'K', 'UH']",-1,CCV,"['ZH', 'UH', 'K']"
3835,"['ZH', 'K', 'IY']",-1,CCV,"['ZH', 'K', 'IY']"
3836,"['ZH', 'K', 'EY']",-1,CCV,"['ZH', 'EY', 'K']"
3837,"['ZH', 'K', 'OW']",-1,CCV,"['ZH', 'K', 'OW']"
3838,"['ZH', 'K', 'AE']",-1,CCV,"['ZH', 'K', 'AE']"
3839,"['ZH', 'K', 'AW']",-1,CCV,"['ZH', 'K', 'AW']"
3840,"['ZH', 'B', 'AH']",-1,CCV,"['ZH', 'B', 'AH']"
3841,"['ZH', 'B', 'OY']",-1,CCV,"['ZH', 'OY', 'B']"
3842,"['ZH', 'B', 'AA']",-1,CCV,"['ZH', 'B', 'AA']"
3843,"['ZH', 'B', 'AY']",-1,CCV,"['ZH', 'AY', 'B']"
3844,"['ZH', 'B', 'ER']",-1,CCV,"['ZH', 'ER', 'B']"
3845,"['ZH', 'B', 'AO']",-1,CCV,"['ZH', 'B', 'AO']"
3846,"['ZH', 'B', 'UW']",-1,CCV,"['ZH', 'B', 'UW']"
3847,"['ZH', 'B', 'IH']",-1,CCV,"['ZH', 'IH', 'B']"
3848,"['ZH', 'B', 'EH']",-1,CCV,"['ZH', 'B', 'EH']"
3849,"['ZH', 'B', 'UH']",-1,CCV,"['ZH', 'UH', 'B']"
3850,"['ZH', 'B', 'IY']",-1,CCV,"['ZH', 'B', 'IY']"
3851,"['ZH', 'B', 'EY']",-1,CCV,"['ZH', 'B', 'EY']"
3852,"['ZH', 'B', 'OW']",-1,CCV,"['ZH', 'B', 'OW']"
3853,"['ZH', 'B', 'AE']",-1,CCV,"['ZH', 'B', 'AE']"
3854,"['ZH', 'B', 'AW']",-1,CCV,"['ZH', 'B', 'AW']"
3855,"['ZH', 'D', 'AH']",-1,CCV,"['ZH', 'IH', 'K']"
3856,"['ZH', 'D', 'OY']",-1,CCV,"['ZH', 'OY', 'D']"
3857,"['ZH', 'D', 'AA']",-1,CCV,"['ZH', 'D', 'AA']"
3858,"['ZH', 'D', 'AY']",-1,CCV,"['ZH', 'AY', 'D']"
3859,"['ZH', 'D', 'ER']",-1,CCV,"['ZH', 'ER', 'D']"
3860,"['ZH', 'D', 'AO']",-1,CCV,"['DH', 'OY', 'D']"
3861,"['ZH', 'D', 'UW']",-1,CCV,"['DH', 'ZH', 'UW']"
3862,"['ZH', 'D', 'IH']",-1,CCV,"['ZH', 'IH', 'D']"
3863,"['ZH', 'D', 'EH']",-1,CCV,"['ZH', 'EH', 'D']"
3864,"['ZH', 'D', 'UH']",-1,CCV,"['ZH', 'UH', 'D']"
3865,"['ZH', 'D', 'IY']",-1,CCV,"['ZH', 'UH', 'D']"
3866,"['ZH', 'D', 'EY']",-1,CCV,"['ZH', 'EY', 'D']"
3867,"['ZH', 'D', 'OW']",-1,CCV,"['ZH', 'ER', 'D']"
3868,"['ZH', 'D', 'AE']",-1,CCV,"['ZH', 'AE', 'D']"
3869,"['ZH', 'D', 'AW']",-1,CCV,"['ZH', 'AW', 'D']"
3870,"['ZH', 'G', 'AH']",-1,CCV,"['ZH', 'IH', 'G']"
3871,"['ZH', 'G', 'OY']",-1,CCV,"['ZH', 'OY', 'G']"
3872,"['ZH', 'G', 'AA']",-1,CCV,"['ZH', 'G', 'AA']"
3873,"['ZH', 'G', 'AY']",-1,CCV,"['G', 'ZH', 'AY']"
3874,"['ZH', 'G', 'ER']",-1,CCV,"['ZH', 'ER', 'G']"
3875,"['ZH', 'G', 'AO']",-1,CCV,"['ZH', 'G', 'AO']"
3876,"['ZH', 'G', 'UW']",-1,CCV,"['G', 'ZH', 'UW']"
3877,"['ZH', 'G', 'IH']",-1,CCV,"['ZH', 'IH', 'G']"
3878,"['ZH', 'G', 'EH']",-1,CCV,"['ZH', 'G', 'EH']"
3879,"['ZH', 'G', 'UH']",-1,CCV,"['ZH', 'UH', 'M']"
3880,"['ZH', 'G', 'IY']",-1,CCV,"['ZH', 'G', 'IY']"
3881,"['ZH', 'G', 'EY']",-1,CCV,"['ZH', 'G', 'EY']"
3882,"['ZH', 'G', 'OW']",-1,CCV,"['ZH', 'G', 'OW']"
3883,"['ZH', 'G', 'AE']",-1,CCV,"['ZH', 'ER', 'G']"
3884,"['ZH', 'G', 'AW']",-1,CCV,"['ZH', 'G', 'AW']"
3885,"['ZH', 'F', 'AH']",0,CCV,"['ZH', 'IH', 'F']"
3886,"['ZH', 'F', 'OY']",0,CCV,"['ZH', 'OY', 'F']"
3887,"['ZH', 'F', 'AA']",0,CCV,"['ZH', 'F', 'AA']"
3888,"['ZH', 'F', 'AY']",0,CCV,"['ZH', 'AY', 'F']"
3889,"['ZH', 'F', 'ER']",0,CCV,"['ZH', 'ER', 'F']"
3890,"['ZH', 'F', 'AO']",0,CCV,"['ZH', 'F', 'AO']"
3891,"['ZH', 'F', 'UW']",0,CCV,"['ZH', 'UW', 'F']"
3892,"['ZH', 'F', 'IH']",0,CCV,"['ZH', 'IH', 'F']"
3893,"['ZH', 'F', 'EH']",0,CCV,"['ZH', 'F', 'EH']"
3894,"['ZH', 'F', 'UH']",0,CCV,"['ZH', 'UH', 'F']"
3895,"['ZH', 'F', 'IY']",0,CCV,"['ZH', 'F', 'IY']"
3896,"['ZH', 'F', 'EY']",0,CCV,"['ZH', 'EY', 'F']"
3897,"['ZH', 'F', 'OW']",0,CCV,"['ZH', 'F', 'OW']"
3898,"['ZH', 'F', 'AE']",0,CCV,"['ZH', 'AE', 'F']"
3899,"['ZH', 'F', 'AW']",0,CCV,"['ZH', 'AW', 'AE']"
3900,"['ZH', 'TH', 'AH']",0,CCV,"['ZH', 'IH', 'TH']"
3901,"['ZH', 'TH', 'OY']",0,CCV,"['ZH', 'OY', 'TH']"
3902,"['ZH', 'TH', 'AA']",0,CCV,"['ZH', 'TH', 'AA']"
3903,"['ZH', 'TH', 'AY']",0,CCV,"['ZH', 'AY', 'TH']"
3904,"['ZH', 'TH', 'ER']",0,CCV,"['ZH', 'TH', 'ER']"
3905,"['ZH', 'TH', 'AO']",0,CCV,"['TH', 'OY', 'T']"
3906,"['ZH', 'TH', 'UW']",0,CCV,"['ZH', 'IH', 'UW']"
3907,"['ZH', 'TH', 'IH']",0,CCV,"['ZH', 'IH', 'TH']"
3908,"['ZH', 'TH', 'EH']",0,CCV,"['ZH', 'TH', 'UH']"
3909,"['ZH', 'TH', 'UH']",0,CCV,"['ZH', 'IH', 'UH']"
3910,"['ZH', 'TH', 'IY']",0,CCV,"['ZH', 'TH', 'IY']"
3911,"['ZH', 'TH', 'EY']",0,CCV,"['ZH', 'IH', 'EY']"
3912,"['ZH', 'TH', 'OW']",0,CCV,"['ZH', 'TH', 'OW']"
3913,"['ZH', 'TH', 'AE']",0,CCV,"['ZH', 'IH', 'AE']"
3914,"['ZH', 'TH', 'AW']",0,CCV,"['ZH', 'IH', 'TH']"
3915,"['ZH', 'S', 'AH']",0,CCV,"['ZH', 'IH', 'S']"
3916,"['ZH', 'S', 'OY']",0,CCV,"['ZH', 'OY', 'S']"
3917,"['ZH', 'S', 'AA']",0,CCV,"['ZH', 'S', 'AA']"
3918,"['ZH', 'S', 'AY']",0,CCV,"['ZH', 'AY', 'S']"
3919,"['ZH', 'S', 'ER']",0,CCV,"['ZH', 'ER', 'S']"
3920,"['ZH', 'S', 'AO']",0,CCV,"['S', 'AY', 'K']"
3921,"['ZH', 'S', 'UW']",0,CCV,"['S', 'UW', 'ZH']"
3922,"['ZH', 'S', 'IH']",0,CCV,"['ZH', 'IH', 'S']"
3923,"['ZH', 'S', 'EH']",0,CCV,"['ZH', 'EH', 'S']"
3924,"['ZH', 'S', 'UH']",0,CCV,"['ZH', 'UH', 'S']"
3925,"['ZH', 'S', 'IY']",0,CCV,"['ZH', 'IH', 'NG']"
3926,"['ZH', 'S', 'EY']",0,CCV,"['ZH', 'IH', 'S']"
3927,"['ZH', 'S', 'OW']",0,CCV,"['ZH', 'S', 'OW']"
3928,"['ZH', 'S', 'AE']",0,CCV,"['ZH', 'S', 'AE']"
3929,"['ZH', 'S', 'AW']",0,CCV,"['ZH', 'IH', 'DH']"
3930,"['ZH', 'SH', 'AH']",0,CCV,"['ZH', 'SH', 'AH']"
3931,"['ZH', 'SH', 'OY']",0,CCV,"['ZH', 'SH', 'OY']"
3932,"['ZH', 'SH', 'AA']",0,CCV,"['ZH', 'SH', 'AA']"
3933,"['ZH', 'SH', 'AY']",0,CCV,"['ZH', 'SH', 'AY']"
3934,"['ZH', 'SH', 'ER']",0,CCV,"['ZH', 'ER', 'SH']"
3935,"['ZH', 'SH', 'AO']",0,CCV,"['ZH', 'SH', 'AO']"
3936,"['ZH', 'SH', 'UW']",0,CCV,"['SH', 'UW', 'UW']"
3937,"['ZH', 'SH', 'IH']",0,CCV,"['ZH', 'SH', 'IH']"
3938,"['ZH', 'SH', 'EH']",0,CCV,"['ZH', 'SH', 'EH']"
3939,"['ZH', 'SH', 'UH']",0,CCV,"['ZH', 'UH', 'SH']"
3940,"['ZH', 'SH', 'IY']",0,CCV,"['ZH', 'SH', 'IY']"
3941,"['ZH', 'SH', 'EY']",0,CCV,"['ZH', 'SH', 'EY']"
3942,"['ZH', 'SH', 'OW']",0,CCV,"['ZH', 'SH', 'OW']"
3943,"['ZH', 'SH', 'AE']",0,CCV,"['ZH', 'SH', 'AE']"
3944,"['ZH', 'SH', 'AW']",0,CCV,"['ZH', 'SH', 'UW']"
3945,"['ZH', 'Z', 'AH']",0,CCV,"['ZH', 'Z', 'AH']"
3946,"['ZH', 'Z', 'OY']",0,CCV,"['ZH', 'IH', 'Z']"
3947,"['ZH', 'Z', 'AA']",0,CCV,"['ZH', 'Z', 'AA']"
3948,"['ZH', 'Z', 'AY']",0,CCV,"['ZH', 'AY', 'Z']"
3949,"['ZH', 'Z', 'ER']",0,CCV,"['ZH', 'ER', 'Z']"
3950,"['ZH', 'Z', 'AO']",0,CCV,"['DH', 'EH', 'Z']"
3951,"['ZH', 'Z', 'UW']",0,CCV,"['DH', 'UW', 'ZH']"
3952,"['ZH', 'Z', 'IH']",0,CCV,"['ZH', 'IH', 'Z']"
3953,"['ZH', 'Z', 'EH']",0,CCV,"['ZH', 'EH', 'Z']"
3954,"['ZH', 'Z', 'UH']",0,CCV,"['ZH', 'UH', 'Z']"
3955,"['ZH', 'Z', 'IY']",0,CCV,"['ZH', 'UH', 'Z']"
3956,"['ZH', 'Z', 'EY']",0,CCV,"['ZH', 'EY', 'Z']"
3957,"['ZH', 'Z', 'OW']",0,CCV,"['ZH', 'OW', 'Z']"
3958,"['ZH', 'Z', 'AE']",0,CCV,"['ZH', 'AE', 'Z']"
3959,"['ZH', 'Z', 'AW']",0,CCV,"['ZH', 'AW', 'Z']"
3960,"['ZH', 'V', 'AH']",0,CCV,"['ZH', 'V', 'AH']"
3961,"['ZH', 'V', 'OY']",0,CCV,"['ZH', 'V', 'OY']"
3962,"['ZH', 'V', 'AA']",0,CCV,"['ZH', 'V', 'AA']"
3963,"['ZH', 'V', 'AY']",0,CCV,"['ZH', 'AY', 'V']"
3964,"['ZH', 'V', 'ER']",0,CCV,"['ZH', 'ER', 'V']"
3965,"['ZH', 'V', 'AO']",0,CCV,"['ZH', 'V', 'AO']"
3966,"['ZH', 'V', 'UW']",0,CCV,"['ZH', 'V', 'UW']"
3967,"['ZH', 'V', 'IH']",0,CCV,"['ZH', 'IH', 'V']"
3968,"['ZH', 'V', 'EH']",0,CCV,"['ZH', 'V', 'EH']"
3969,"['ZH', 'V', 'UH']",0,CCV,"['ZH', 'UH', 'V']"
3970,"['ZH', 'V', 'IY']",0,CCV,"['ZH', 'V', 'IY']"
3971,"['ZH', 'V', 'EY']",0,CCV,"['ZH', 'EY', 'V']"
3972,"['ZH', 'V', 'OW']",0,CCV,"['ZH', 'V', 'OW']"
3973,"['ZH', 'V', 'AE']",0,CCV,"['ZH', 'V', 'AE']"
3974,"['ZH', 'V', 'AW']",0,CCV,"['ZH', 'V', 'AW']"
3975,"['ZH', 'DH', 'AH']",0,CCV,"['DH', 'ZH', 'AH']"
3976,"['ZH', 'DH', 'OY']",0,CCV,"['DH', 'ZH', 'OY']"
3977,"['ZH', 'DH', 'AA']",0,CCV,"['DH', 'ZH', 'AA']"
3978,"['ZH', 'DH', 'AY']",0,CCV,"['ZH', 'DH', 'AY']"
3979,"['ZH', 'DH', 'ER']",0,CCV,"['DH', 'ZH', 'ER']"
3980,"['ZH', 'DH', 'AO']",0,CCV,"['DH', 'ZH', 'AO']"
3981,"['ZH', 'DH', 'UW']",0,CCV,"['DH', 'ZH', 'UW']"
3982,"['ZH', 'DH', 'IH']",0,CCV,"['ZH', 'DH', 'IH']"
3983,"['ZH', 'DH', 'EH']",0,CCV,"['ZH', 'DH', 'EH']"
3984,"['ZH', 'DH', 'UH']",0,CCV,"['ZH', 'UH', 'DH']"
3985,"['ZH', 'DH', 'IY']",0,CCV,"['DH', 'ZH', 'IY']"
3986,"['ZH', 'DH', 'EY']",0,CCV,"['DH', 'ZH', 'EY']"
3987,"['ZH', 'DH', 'OW']",0,CCV,"['ZH', 'DH', 'OW']"
3988,"['ZH', 'DH', 'AE']",0,CCV,"['ZH', 'DH', 'AE']"
3989,"['ZH', 'DH', 'AW']",0,CCV,"['ZH', 'DH', 'AW']"
3990,"['ZH', 'HH', 'AH']",0,CCV,"['ZH', 'HH', 'AH']"
3991,"['ZH', 'HH', 'OY']",0,CCV,"['ZH', 'OY', 'HH']"
3992,"['ZH', 'HH', 'AA']",0,CCV,"['ZH', 'HH', 'AA']"
3993,"['ZH', 'HH', 'AY']",0,CCV,"['ZH', 'AY', 'HH']"
3994,"['ZH', 'HH', 'ER']",0,CCV,"['ZH', 'ER', 'HH']"
3995,"['ZH', 'HH', 'AO']",0,CCV,"['ZH', 'HH', 'IY']"
3996,"['ZH', 'HH', 'UW']",0,CCV,"['ZH', 'HH', 'UW']"
3997,"['ZH', 'HH', 'IH']",0,CCV,"['ZH', 'HH', 'IH']"
3998,"['ZH', 'HH', 'EH']",0,CCV,"['ZH', 'HH', 'EH']"
3999,"['ZH', 'HH', 'UH']",0,CCV,"['ZH', 'UH', 'L']"
4000,"['ZH', 'HH', 'IY']",0,CCV,"['ZH', 'HH', 'IY']"
4001,"['ZH', 'HH', 'EY']",0,CCV,"['ZH', 'HH', 'EY']"
4002,"['ZH', 'HH', 'OW']",0,CCV,"['ZH', 'HH', 'OW']"
4003,"['ZH', 'HH', 'AE']",0,CCV,"['ZH', 'HH', 'AE']"
4004,"['ZH', 'HH', 'AW']",0,CCV,"['ZH', 'HH', 'AW']"
4005,"['ZH', 'CH', 'AH']",1,CCV,"['ZH', 'IH', 'CH']"
4006,"['ZH', 'CH', 'OY']",1,CCV,"['ZH', 'CH', 'OY']"
4007,"['ZH', 'CH', 'AA']",1,CCV,"['ZH', 'CH', 'AA']"
4008,"['ZH', 'CH', 'AY']",1,CCV,"['ZH', 'AY', 'CH']"
4009,"['ZH', 'CH', 'ER']",1,CCV,"['ZH', 'ER', 'CH']"
4010,"['ZH', 'CH', 'AO']",1,CCV,"['ZH', 'IH', 'CH']"
4011,"['ZH', 'CH', 'UW']",1,CCV,"['ZH', 'UW', 'CH']"
4012,"['ZH', 'CH', 'IH']",1,CCV,"['ZH', 'IH', 'CH']"
4013,"['ZH', 'CH', 'EH']",1,CCV,"['ZH', 'CH', 'EH']"
4014,"['ZH', 'CH', 'UH']",1,CCV,"['ZH', 'UH', 'M']"
4015,"['ZH', 'CH', 'IY']",1,CCV,"['ZH', 'UH', 'CH']"
4016,"['ZH', 'CH', 'EY']",1,CCV,"['ZH', 'EY', 'CH']"
4017,"['ZH', 'CH', 'OW']",1,CCV,"['ZH', 'UH', 'N']"
4018,"['ZH', 'CH', 'AE']",1,CCV,"['ZH', 'AE', 'CH']"
4019,"['ZH', 'CH', 'AW']",1,CCV,"['ZH', 'AY', 'V']"
4020,"['ZH', 'JH', 'AH']",1,CCV,"['ZH', 'AH', 'JH']"
4021,"['ZH', 'JH', 'OY']",1,CCV,"['ZH', 'OY', 'JH']"
4022,"['ZH', 'JH', 'AA']",1,CCV,"['ZH', 'JH', 'AA']"
4023,"['ZH', 'JH', 'AY']",1,CCV,"['ZH', 'AY', 'JH']"
4024,"['ZH', 'JH', 'ER']",1,CCV,"['ZH', 'ER', 'JH']"
4025,"['ZH', 'JH', 'AO']",1,CCV,"['ZH', 'JH', 'AO']"
4026,"['ZH', 'JH', 'UW']",1,CCV,"['ZH', 'UW', 'JH']"
4027,"['ZH', 'JH', 'IH']",1,CCV,"['ZH', 'IH', 'JH']"
4028,"['ZH', 'JH', 'EH']",1,CCV,"['ZH', 'EH', 'JH']"
4029,"['ZH', 'JH', 'UH']",1,CCV,"['ZH', 'UH', 'JH']"
4030,"['ZH', 'JH', 'IY']",1,CCV,"['ZH', 'IY', 'JH']"
4031,"['ZH', 'JH', 'EY']",1,CCV,"['ZH', 'EY', 'JH']"
4032,"['ZH', 'JH', 'OW']",1,CCV,"['ZH', 'JH', 'OW']"
4033,"['ZH', 'JH', 'AE']",1,CCV,"['ZH', 'AE', 'JH']"
4034,"['ZH', 'JH', 'AW']",1,CCV,"['ZH', 'AW', 'JH']"
4035,"['ZH', 'M', 'AH']",2,CCV,"['ZH', 'M', 'AH']"
4036,"['ZH', 'M', 'OY']",2,CCV,"['ZH', 'OY', 'M']"
4037,"['ZH', 'M', 'AA']",2,CCV,"['DH', 'EY', 'M']"
4038,"['ZH', 'M', 'AY']",2,CCV,"['ZH', 'AY', 'M']"
4039,"['ZH', 'M', 'ER']",2,CCV,"['ZH', 'ER', 'M']"
4040,"['ZH', 'M', 'AO']",2,CCV,"['DH', 'M', 'AO']"
4041,"['ZH', 'M', 'UW']",2,CCV,"['DH', 'UW', 'M']"
4042,"['ZH', 'M', 'IH']",2,CCV,"['ZH', 'IH', 'M']"
4043,"['ZH', 'M', 'EH']",2,CCV,"['ZH', 'M', 'EH']"
4044,"['ZH', 'M', 'UH']",2,CCV,"['ZH', 'UH', 'M']"
4045,"['ZH', 'M', 'IY']",2,CCV,"['ZH', 'M', 'IY']"
4046,"['ZH', 'M', 'EY']",2,CCV,"['DH', 'EY', 'M']"
4047,"['ZH', 'M', 'OW']",2,CCV,"['ZH', 'M', 'OW']"
4048,"['ZH', 'M', 'AE']",2,CCV,"['ZH', 'M', 'AE']"
4049,"['ZH', 'M', 'AW']",2,CCV,"['ZH', 'M', 'AW']"
4050,"['ZH', 'N', 'AH']",2,CCV,"['ZH', 'IH', 'N']"
4051,"['ZH', 'N', 'OY']",2,CCV,"['ZH', 'OY', 'N']"
4052,"['ZH', 'N', 'AA']",2,CCV,"['ZH', 'N', 'AA']"
4053,"['ZH', 'N', 'AY']",2,CCV,"['ZH', 'AY', 'N']"
4054,"['ZH', 'N', 'ER']",2,CCV,"['ZH', 'ER', 'N']"
4055,"['ZH', 'N', 'AO']",2,CCV,"['ZH', 'IH', 'N']"
4056,"['ZH', 'N', 'UW']",2,CCV,"['ZH', 'UW', 'N']"
4057,"['ZH', 'N', 'IH']",2,CCV,"['ZH', 'IH', 'N']"
4058,"['ZH', 'N', 'EH']",2,CCV,"['ZH', 'EH', 'N']"
4059,"['ZH', 'N', 'UH']",2,CCV,"['ZH', 'UH', 'N']"
4060,"['ZH', 'N', 'IY']",2,CCV,"['ZH', 'IH', 'N']"
4061,"['ZH', 'N', 'EY']",2,CCV,"['ZH', 'EY', 'N']"
4062,"['ZH', 'N', 'OW']",2,CCV,"['ZH', 'N', 'OW']"
4063,"['ZH', 'N', 'AE']",2,CCV,"['ZH', 'AE', 'N']"
4064,"['ZH', 'N', 'AW']",2,CCV,"['ZH', 'AW', 'N']"
4065,"['ZH', 'NG', 'AH']",2,CCV,"['ZH', 'IH', 'NG']"
4066,"['ZH', 'NG', 'OY']",2,CCV,"['ZH', 'OY', 'NG']"
4067,"['ZH', 'NG', 'AA']",2,CCV,"['ZH', 'UH', 'NG']"
4068,"['ZH', 'NG', 'AY']",2,CCV,"['ZH', 'AY', 'NG']"
4069,"['ZH', 'NG', 'ER']",2,CCV,"['P', 'OW', 'ZH']"
4070,"['ZH', 'NG', 'AO']",2,CCV,"['S', 'AE', 'NG']"
4071,"['ZH', 'NG', 'UW']",2,CCV,"['P', 'UW', 'ZH']"
4072,"['ZH', 'NG', 'IH']",2,CCV,"['ZH', 'IH', 'NG']"
4073,"['ZH', 'NG', 'EH']",2,CCV,"['ZH', 'EH', 'NG']"
4074,"['ZH', 'NG', 'UH']",2,CCV,"['ZH', 'UH', 'NG']"
4075,"['ZH', 'NG', 'IY']",2,CCV,"['ZH', 'IY', 'NG']"
4076,"['ZH', 'NG', 'EY']",2,CCV,"['ZH', 'EY', 'NG']"
4077,"['ZH', 'NG', 'OW']",2,CCV,"['ZH', 'OW', 'NG']"
4078,"['ZH', 'NG', 'AE']",2,CCV,"['ZH', 'AE', 'NG']"
4079,"['ZH', 'NG', 'AW']",2,CCV,"['ZH', 'IY', 'NG']"
4080,"['ZH', 'L', 'AH']",3,CCV,"['ZH', 'L', 'AH']"
4081,"['ZH', 'L', 'OY']",3,CCV,"['ZH', 'L', 'OY']"
4082,"['ZH', 'L', 'AA']",3,CCV,"['ZH', 'L', 'AA']"
4083,"['ZH', 'L', 'AY']",3,CCV,"['ZH', 'L', 'AY']"
4084,"['ZH', 'L', 'ER']",3,CCV,"['ZH', 'ER', 'L']"
4085,"['ZH', 'L', 'AO']",3,CCV,"['ZH', 'L', 'AO']"
4086,"['ZH', 'L', 'UW']",3,CCV,"['ZH', 'L', 'UW']"
4087,"['ZH', 'L', 'IH']",3,CCV,"['ZH', 'IH', 'L']"
4088,"['ZH', 'L', 'EH']",3,CCV,"['ZH', 'L', 'EH']"
4089,"['ZH', 'L', 'UH']",3,CCV,"['ZH', 'L', 'UH']"
4090,"['ZH', 'L', 'IY']",3,CCV,"['ZH', 'L', 'IY']"
4091,"['ZH', 'L', 'EY']",3,CCV,"['ZH', 'L', 'EY']"
4092,"['ZH', 'L', 'OW']",3,CCV,"['ZH', 'L', 'OW']"
4093,"['ZH', 'L', 'AE']",3,CCV,"['ZH', 'L', 'AE']"
4094,"['ZH', 'L', 'AW']",3,CCV,"['ZH', 'L', 'AW']"
4095,"['ZH', 'R', 'AH']",3,CCV,"['ZH', 'R', 'AH']"
4096,"['ZH', 'R', 'OY']",3,CCV,"['ZH', 'R', 'OY']"
4097,"['ZH', 'R', 'AA']",3,CCV,"['ZH', 'R', 'AA']"
4098,"['ZH', 'R', 'AY']",3,CCV,"['ZH', 'R', 'AY']"
4099,"['ZH', 'R', 'ER']",3,CCV,"['ZH', 'R', 'ER']"
4100,"['ZH', 'R', 'AO']",3,CCV,"['ZH', 'R', 'AO']"
4101,"['ZH', 'R', 'UW']",3,CCV,"['ZH', 'R', 'UW']"
4102,"['ZH', 'R', 'IH']",3,CCV,"['ZH', 'R', 'IH']"
4103,"['ZH', 'R', 'EH']",3,CCV,"['ZH', 'R', 'EH']"
4104,"['ZH', 'R', 'UH']",3,CCV,"['ZH', 'UH', 'R']"
4105,"['ZH', 'R', 'IY']",3,CCV,"['ZH', 'R', 'IY']"
4106,"['ZH', 'R', 'EY']",3,CCV,"['ZH', 'R', 'EY']"
4107,"['ZH', 'R', 'OW']",3,CCV,"['ZH', 'R', 'OW']"
4108,"['ZH', 'R', 'AE']",3,CCV,"['ZH', 'R', 'AE']"
4109,"['ZH', 'R', 'AW']",3,CCV,"['ZH', 'R', 'AW']"
4110,"['ZH', 'W', 'AH']",4,CCV,"['ZH', 'W', 'AH']"
4111,"['ZH', 'W', 'OY']",4,CCV,"['ZH', 'OY', 'W']"
4112,"['ZH', 'W', 'AA']",4,CCV,"['ZH', 'W', 'AA']"
4113,"['ZH', 'W', 'AY']",4,CCV,"['ZH', 'AY', 'W']"
4114,"['ZH', 'W', 'ER']",4,CCV,"['ZH', 'W', 'ER']"
4115,"['ZH', 'W', 'AO']",4,CCV,"['ZH', 'W', 'AO']"
4116,"['ZH', 'W', 'UW']",4,CCV,"['ZH', 'W', 'UW']"
4117,"['ZH', 'W', 'IH']",4,CCV,"['ZH', 'W', 'IH']"
4118,"['ZH', 'W', 'EH']",4,CCV,"['ZH', 'W', 'EH']"
4119,"['ZH', 'W', 'UH']",4,CCV,"['ZH', 'W', 'UH']"
4120,"['ZH', 'W', 'IY']",4,CCV,"['ZH', 'W', 'IY']"
4121,"['ZH', 'W', 'EY']",4,CCV,"['ZH', 'W', 'EY']"
4122,"['ZH', 'W', 'OW']",4,CCV,"['ZH', 'W', 'ER']"
4123,"['ZH', 'W', 'AE']",4,CCV,"['ZH', 'W', 'ER']"
4124,"['ZH', 'W', 'AW']",4,CCV,"['ZH', 'W', 'AW']"
4125,"['ZH', 'Y', 'AH']",4,CCV,"['ZH', 'IH', 'ZH']"
4126,"['ZH', 'Y', 'OY']",4,CCV,"['ZH', 'OY', 'Y']"
4127,"['ZH', 'Y', 'AA']",4,CCV,"['ZH', 'OY', 'Y']"
4128,"['ZH', 'Y', 'AY']",4,CCV,"['ZH', 'AY', 'L']"
4129,"['ZH', 'Y', 'ER']",4,CCV,"['ZH', 'ER', 'Y']"
4130,"['ZH', 'Y', 'AO']",4,CCV,"['ZH', 'OY', 'L']"
4131,"['ZH', 'Y', 'UW']",4,CCV,"['ZH', 'UW', 'SH']"
4132,"['ZH', 'Y', 'IH']",4,CCV,"['ZH', 'IH', 'Y']"
4133,"['ZH', 'Y', 'EH']",4,CCV,"['ZH', 'EH', 'ZH']"
4134,"['ZH', 'Y', 'UH']",4,CCV,"['ZH', 'UH', 'M']"
4135,"['ZH', 'Y', 'IY']",4,CCV,"['ZH', 'OY', 'T']"
4136,"['ZH', 'Y', 'EY']",4,CCV,"['ZH', 'EY', 'Y']"
4137,"['ZH', 'Y', 'OW']",4,CCV,"['ZH', 'OY', 'Y']"
4138,"['ZH', 'Y', 'AE']",4,CCV,"['ZH', 'OY', 'AE']"
4139,"['ZH', 'Y', 'AW']",4,CCV,"['ZH', 'OY', 'Y']"
4140,"['V', 'P', 'AH']",-1,CCV,"['V', 'AA', 'P']"
4141,"['V', 'P', 'OY']",-1,CCV,"['P', 'V', 'OY']"
4142,"['V', 'P', 'AA']",-1,CCV,"['V', 'AA', 'P']"
4143,"['V', 'P', 'AY']",-1,CCV,"['P', 'AY', 'V']"
4144,"['V', 'P', 'ER']",-1,CCV,"['V', 'ER', 'P']"
4145,"['V', 'P', 'AO']",-1,CCV,"['P', 'AO', 'V']"
4146,"['V', 'P', 'UW']",-1,CCV,"['V', 'AA', 'UW']"
4147,"['V', 'P', 'IH']",-1,CCV,"['V', 'IH', 'P']"
4148,"['V', 'P', 'EH']",-1,CCV,"['V', 'EH', 'P']"
4149,"['V', 'P', 'UH']",-1,CCV,"['V', 'UH', 'R']"
4150,"['V', 'P', 'IY']",-1,CCV,"['V', 'IY', 'P']"
4151,"['V', 'P', 'EY']",-1,CCV,"['V', 'EY', 'P']"
4152,"['V', 'P', 'OW']",-1,CCV,"['P', 'V', 'OW']"
4153,"['V', 'P', 'AE']",-1,CCV,"['V', 'AE', 'P']"
4154,"['V', 'P', 'AW']",-1,CCV,"['V', 'AW', 'P']"
4155,"['V', 'T', 'AH']",-1,CCV,"['V', 'T', 'AH']"
4156,"['V', 'T', 'OY']",-1,CCV,"['F', 'R', 'OY']"
4157,"['V', 'T', 'AA']",-1,CCV,"['V', 'T', 'AA']"
4158,"['V', 'T', 'AY']",-1,CCV,"['V', 'T', 'AY']"
4159,"['V', 'T', 'ER']",-1,CCV,"['F', 'T', 'ER']"
4160,"['V', 'T', 'AO']",-1,CCV,"['T', 'V', 'AO']"
4161,"['V', 'T', 'UW']",-1,CCV,"['V', 'T', 'UW']"
4162,"['V', 'T', 'IH']",-1,CCV,"['T', 'V', 'IH']"
4163,"['V', 'T', 'EH']",-1,CCV,"['V', 'T', 'EH']"
4164,"['V', 'T', 'UH']",-1,CCV,"['V', 'T', 'UH']"
4165,"['V', 'T', 'IY']",-1,CCV,"['F', 'IY', 'V']"
4166,"['V', 'T', 'EY']",-1,CCV,"['V', 'T', 'EY']"
4167,"['V', 'T', 'OW']",-1,CCV,"['V', 'T', 'OW']"
4168,"['V', 'T', 'AE']",-1,CCV,"['V', 'AE', 'T']"
4169,"['V', 'T', 'AW']",-1,CCV,"['T', 'V', 'AW']"
4170,"['V', 'K', 'AH']",-1,CCV,"['V', 'AH', 'K']"
4171,"['V', 'K', 'OY']",-1,CCV,"['V', 'OY', 'K']"
4172,"['V', 'K', 'AA']",-1,CCV,"['V', 'AA', 'K']"
4173,"['V', 'K', 'AY']",-1,CCV,"['V', 'R', 'AY']"
4174,"['V', 'K', 'ER']",-1,CCV,"['V', 'ER', 'K']"
4175,"['V', 'K', 'AO']",-1,CCV,"['V', 'AO', 'K']"
4176,"['V', 'K', 'UW']",-1,CCV,"['V', 'UW', 'K']"
4177,"['V', 'K', 'IH']",-1,CCV,"['V', 'IH', 'K']"
4178,"['V', 'K', 'EH']",-1,CCV,"['V', 'EH', 'K']"
4179,"['V', 'K', 'UH']",-1,CCV,"['K', 'R', 'UH']"
4180,"['V', 'K', 'IY']",-1,CCV,"['V', 'IY', 'K']"
4181,"['V', 'K', 'EY']",-1,CCV,"['V', 'EY', 'K']"
4182,"['V', 'K', 'OW']",-1,CCV,"['V', 'OW', 'K']"
4183,"['V', 'K', 'AE']",-1,CCV,"['V', 'AE', 'K']"
4184,"['V', 'K', 'AW']",-1,CCV,"['V', 'AW', 'K']"
4185,"['V', 'B', 'AH']",-1,CCV,"['F', 'IH', 'AH']"
4186,"['V', 'B', 'OY']",-1,CCV,"['D', 'OY', 'K']"
4187,"['V', 'B', 'AA']",-1,CCV,"['V', 'B', 'AA']"
4188,"['V', 'B', 'AY']",-1,CCV,"['V', 'AY', 'B']"
4189,"['V', 'B', 'ER']",-1,CCV,"['S', 'ER', 'V']"
4190,"['V', 'B', 'AO']",-1,CCV,"['D', 'AO', 'K']"
4191,"['V', 'B', 'UW']",-1,CCV,"['D', 'UW', 'IH']"
4192,"['V', 'B', 'IH']",-1,CCV,"['V', 'IH', 'B']"
4193,"['V', 'B', 'EH']",-1,CCV,"['F', 'EH', 'L']"
4194,"['V', 'B', 'UH']",-1,CCV,"['D', 'UH', 'L']"
4195,"['V', 'B', 'IY']",-1,CCV,"['B', 'V', 'IY']"
4196,"['V', 'B', 'EY']",-1,CCV,"['F', 'EY', 'B']"
4197,"['V', 'B', 'OW']",-1,CCV,"['S', 'OW', 'L']"
4198,"['V', 'B', 'AE']",-1,CCV,"['V', 'B', 'AE']"
4199,"['V', 'B', 'AW']",-1,CCV,"['F', 'R', 'AW']"
4200,"['V', 'D', 'AH']",-1,CCV,"['D', 'V', 'AH']"
4201,"['V', 'D', 'OY']",-1,CCV,"['D', 'V', 'OY']"
4202,"['V', 'D', 'AA']",-1,CCV,"['V', 'D', 'AA']"
4203,"['V', 'D', 'AY']",-1,CCV,"['V', 'AY', 'D']"
4204,"['V', 'D', 'ER']",-1,CCV,"['V', 'ER', 'D']"
4205,"['V', 'D', 'AO']",-1,CCV,"['D', 'V', 'AO']"
4206,"['V', 'D', 'UW']",-1,CCV,"['D', 'V', 'UW']"
4207,"['V', 'D', 'IH']",-1,CCV,"['V', 'IH', 'D']"
4208,"['V', 'D', 'EH']",-1,CCV,"['V', 'EH', 'D']"
4209,"['V', 'D', 'UH']",-1,CCV,"['D', 'V', 'UH']"
4210,"['V', 'D', 'IY']",-1,CCV,"['V', 'IY', 'D']"
4211,"['V', 'D', 'EY']",-1,CCV,"['V', 'EY', 'D']"
4212,"['V', 'D', 'OW']",-1,CCV,"['V', 'OW', 'D']"
4213,"['V', 'D', 'AE']",-1,CCV,"['V', 'AE', 'D']"
4214,"['V', 'D', 'AW']",-1,CCV,"['D', 'V', 'AW']"
4215,"['V', 'G', 'AH']",-1,CCV,"['V', 'G', 'AH']"
4216,"['V', 'G', 'OY']",-1,CCV,"['G', 'V', 'OY']"
4217,"['V', 'G', 'AA']",-1,CCV,"['V', 'G', 'AA']"
4218,"['V', 'G', 'AY']",-1,CCV,"['G', 'V', 'AY']"
4219,"['V', 'G', 'ER']",-1,CCV,"['G', 'V', 'ER']"
4220,"['V', 'G', 'AO']",-1,CCV,"['V', 'G', 'AO']"
4221,"['V', 'G', 'UW']",-1,CCV,"['V', 'G', 'UW']"
4222,"['V', 'G', 'IH']",-1,CCV,"['V', 'G', 'IH']"
4223,"['V', 'G', 'EH']",-1,CCV,"['V', 'G', 'EH']"
4224,"['V', 'G', 'UH']",-1,CCV,"['V', 'UH', 'G']"
4225,"['V', 'G', 'IY']",-1,CCV,"['V', 'G', 'IY']"
4226,"['V', 'G', 'EY']",-1,CCV,"['V', 'G', 'EY']"
4227,"['V', 'G', 'OW']",-1,CCV,"['V', 'G', 'OW']"
4228,"['V', 'G', 'AE']",-1,CCV,"['V', 'G', 'AE']"
4229,"['V', 'G', 'AW']",-1,CCV,"['V', 'G', 'AW']"
4230,"['V', 'F', 'AH']",0,CCV,"['V', 'F', 'AH']"
4231,"['V', 'F', 'OY']",0,CCV,"['F', 'V', 'OY']"
4232,"['V', 'F', 'AA']",0,CCV,"['V', 'F', 'AA']"
4233,"['V', 'F', 'AY']",0,CCV,"['V', 'F', 'AY']"
4234,"['V', 'F', 'ER']",0,CCV,"['F', 'V', 'ER']"
4235,"['V', 'F', 'AO']",0,CCV,"['F', 'V', 'AO']"
4236,"['V', 'F', 'UW']",0,CCV,"['V', 'F', 'UW']"
4237,"['V', 'F', 'IH']",0,CCV,"['F', 'V', 'IH']"
4238,"['V', 'F', 'EH']",0,CCV,"['V', 'F', 'EH']"
4239,"['V', 'F', 'UH']",0,CCV,"['V', 'UH', 'F']"
4240,"['V', 'F', 'IY']",0,CCV,"['F', 'V', 'IY']"
4241,"['V', 'F', 'EY']",0,CCV,"['V', 'EY', 'F']"
4242,"['V', 'F', 'OW']",0,CCV,"['V', 'F', 'OW']"
4243,"['V', 'F', 'AE']",0,CCV,"['V', 'AE', 'F']"
4244,"['V', 'F', 'AW']",0,CCV,"['F', 'AW', 'IH']"
4245,"['V', 'TH', 'AH']",0,CCV,"['V', 'TH', 'AH']"
4246,"['V', 'TH', 'OY']",0,CCV,"['F', 'R', 'OY']"
4247,"['V', 'TH', 'AA']",0,CCV,"['V', 'AA', 'TH']"
4248,"['V', 'TH', 'AY']",0,CCV,"['V', 'TH', 'AY']"
4249,"['V', 'TH', 'ER']",0,CCV,"['V', 'R', 'ER']"
4250,"['V', 'TH', 'AO']",0,CCV,"['V', 'AO', 'TH']"
4251,"['V', 'TH', 'UW']",0,CCV,"['V', 'IH', 'UW']"
4252,"['V', 'TH', 'IH']",0,CCV,"['V', 'IH', 'TH']"
4253,"['V', 'TH', 'EH']",0,CCV,"['V', 'TH', 'EH']"
4254,"['V', 'TH', 'UH']",0,CCV,"['V', 'UH', 'TH']"
4255,"['V', 'TH', 'IY']",0,CCV,"['TH', 'V', 'IY']"
4256,"['V', 'TH', 'EY']",0,CCV,"['V', 'EY', 'TH']"
4257,"['V', 'TH', 'OW']",0,CCV,"['V', 'TH', 'OW']"
4258,"['V', 'TH', 'AE']",0,CCV,"['V', 'AE', 'TH']"
4259,"['V', 'TH', 'AW']",0,CCV,"['V', 'IH', 'AW']"
4260,"['V', 'S', 'AH']",0,CCV,"['V', 'AH', 'S']"
4261,"['V', 'S', 'OY']",0,CCV,"['V', 'OY', 'EH']"
4262,"['V', 'S', 'AA']",0,CCV,"['V', 'AA', 'S']"
4263,"['V', 'S', 'AY']",0,CCV,"['V', 'AY', 'S']"
4264,"['V', 'S', 'ER']",0,CCV,"['V', 'ER', 'S']"
4265,"['V', 'S', 'AO']",0,CCV,"['S', 'V', 'AO']"
4266,"['V', 'S', 'UW']",0,CCV,"['V', 'R', 'UW']"
4267,"['V', 'S', 'IH']",0,CCV,"['S', 'V', 'IH']"
4268,"['V', 'S', 'EH']",0,CCV,"['V', 'EH', 'S']"
4269,"['V', 'S', 'UH']",0,CCV,"['S', 'V', 'UH']"
4270,"['V', 'S', 'IY']",0,CCV,"['V', 'IY', 'S']"
4271,"['V', 'S', 'EY']",0,CCV,"['V', 'EY', 'S']"
4272,"['V', 'S', 'OW']",0,CCV,"['V', 'OW', 'S']"
4273,"['V', 'S', 'AE']",0,CCV,"['V', 'AE', 'S']"
4274,"['V', 'S', 'AW']",0,CCV,"['V', 'AW', 'S']"
4275,"['V', 'SH', 'AH']",0,CCV,"['V', 'SH', 'AH']"
4276,"['V', 'SH', 'OY']",0,CCV,"['V', 'EH', 'SH']"
4277,"['V', 'SH', 'AA']",0,CCV,"['V', 'SH', 'AA']"
4278,"['V', 'SH', 'AY']",0,CCV,"['V', 'AY', 'SH']"
4279,"['V', 'SH', 'ER']",0,CCV,"['V', 'ER', 'SH']"
4280,"['V', 'SH', 'AO']",0,CCV,"['V', 'SH', 'AO']"
4281,"['V', 'SH', 'UW']",0,CCV,"['V', 'SH', 'UW']"
4282,"['V', 'SH', 'IH']",0,CCV,"['V', 'SH', 'IH']"
4283,"['V', 'SH', 'EH']",0,CCV,"['V', 'EH', 'SH']"
4284,"['V', 'SH', 'UH']",0,CCV,"['V', 'UH', 'SH']"
4285,"['V', 'SH', 'IY']",0,CCV,"['V', 'SH', 'IY']"
4286,"['V', 'SH', 'EY']",0,CCV,"['V', 'EY', 'SH']"
4287,"['V', 'SH', 'OW']",0,CCV,"['V', 'SH', 'OW']"
4288,"['V', 'SH', 'AE']",0,CCV,"['V', 'AE', 'SH']"
4289,"['V', 'SH', 'AW']",0,CCV,"['V', 'EH', 'SH']"
4290,"['V', 'Z', 'AH']",0,CCV,"['V', 'Z', 'AH']"
4291,"['V', 'Z', 'OY']",0,CCV,"['V', 'Z', 'OY']"
4292,"['V', 'Z', 'AA']",0,CCV,"['V', 'AA', 'Z']"
4293,"['V', 'Z', 'AY']",0,CCV,"['V', 'AY', 'Z']"
4294,"['V', 'Z', 'ER']",0,CCV,"['V', 'Z', 'ER']"
4295,"['V', 'Z', 'AO']",0,CCV,"['V', 'Z', 'AO']"
4296,"['V', 'Z', 'UW']",0,CCV,"['V', 'Z', 'UW']"
4297,"['V', 'Z', 'IH']",0,CCV,"['V', 'IH', 'Z']"
4298,"['V', 'Z', 'EH']",0,CCV,"['V', 'Z', 'EH']"
4299,"['V', 'Z', 'UH']",0,CCV,"['V', 'Z', 'UH']"
4300,"['V', 'Z', 'IY']",0,CCV,"['V', 'IY', 'Z']"
4301,"['V', 'Z', 'EY']",0,CCV,"['V', 'Z', 'EY']"
4302,"['V', 'Z', 'OW']",0,CCV,"['V', 'Z', 'OW']"
4303,"['V', 'Z', 'AE']",0,CCV,"['V', 'AE', 'Z']"
4304,"['V', 'Z', 'AW']",0,CCV,"['V', 'Z', 'AW']"
4305,"['V', 'ZH', 'AH']",0,CCV,"['V', 'ZH', 'AH']"
4306,"['V', 'ZH', 'OY']",0,CCV,"['V', 'OY', 'ZH']"
4307,"['V', 'ZH', 'AA']",0,CCV,"['V', 'ZH', 'AA']"
4308,"['V', 'ZH', 'AY']",0,CCV,"['V', 'ZH', 'AY']"
4309,"['V', 'ZH', 'ER']",0,CCV,"['V', 'ZH', 'ER']"
4310,"['V', 'ZH', 'AO']",0,CCV,"['V', 'ZH', 'AO']"
4311,"['V', 'ZH', 'UW']",0,CCV,"['V', 'ZH', 'UW']"
4312,"['V', 'ZH', 'IH']",0,CCV,"['V', 'ZH', 'IH']"
4313,"['V', 'ZH', 'EH']",0,CCV,"['V', 'ZH', 'EH']"
4314,"['V', 'ZH', 'UH']",0,CCV,"['V', 'ZH', 'UH']"
4315,"['V', 'ZH', 'IY']",0,CCV,"['V', 'ZH', 'IY']"
4316,"['V', 'ZH', 'EY']",0,CCV,"['V', 'ZH', 'EY']"
4317,"['V', 'ZH', 'OW']",0,CCV,"['V', 'ZH', 'OW']"
4318,"['V', 'ZH', 'AE']",0,CCV,"['V', 'ZH', 'AE']"
4319,"['V', 'ZH', 'AW']",0,CCV,"['V', 'ZH', 'AW']"
4320,"['V', 'DH', 'AH']",0,CCV,"['DH', 'V', 'AH']"
4321,"['V', 'DH', 'OY']",0,CCV,"['DH', 'V', 'OY']"
4322,"['V', 'DH', 'AA']",0,CCV,"['DH', 'V', 'AA']"
4323,"['V', 'DH', 'AY']",0,CCV,"['DH', 'IH', 'AY']"
4324,"['V', 'DH', 'ER']",0,CCV,"['DH', 'V', 'ER']"
4325,"['V', 'DH', 'AO']",0,CCV,"['DH', 'IH', 'AO']"
4326,"['V', 'DH', 'UW']",0,CCV,"['DH', 'V', 'UW']"
4327,"['V', 'DH', 'IH']",0,CCV,"['DH', 'IH', 'V']"
4328,"['V', 'DH', 'EH']",0,CCV,"['DH', 'V', 'EH']"
4329,"['V', 'DH', 'UH']",0,CCV,"['DH', 'UH', 'R']"
4330,"['V', 'DH', 'IY']",0,CCV,"['DH', 'V', 'IY']"
4331,"['V', 'DH', 'EY']",0,CCV,"['DH', 'EY', 'V']"
4332,"['V', 'DH', 'OW']",0,CCV,"['F', 'DH', 'OW']"
4333,"['V', 'DH', 'AE']",0,CCV,"['DH', 'AE', 'V']"
4334,"['V', 'DH', 'AW']",0,CCV,"['DH', 'V', 'AW']"
4335,"['V', 'HH', 'AH']",0,CCV,"['V', 'HH', 'AH']"
4336,"['V', 'HH', 'OY']",0,CCV,"['HH', 'OY', 'V']"
4337,"['V', 'HH', 'AA']",0,CCV,"['V', 'HH', 'IY']"
4338,"['V', 'HH', 'AY']",0,CCV,"['HH', 'AY', 'V']"
4339,"['V', 'HH', 'ER']",0,CCV,"['HH', 'ER', 'V']"
4340,"['V', 'HH', 'AO']",0,CCV,"['HH', 'AO', 'V']"
4341,"['V', 'HH', 'UW']",0,CCV,"['V', 'HH', 'UW']"
4342,"['V', 'HH', 'IH']",0,CCV,"['HH', 'V', 'IH']"
4343,"['V', 'HH', 'EH']",0,CCV,"['HH', 'EH', 'V']"
4344,"['V', 'HH', 'UH']",0,CCV,"['HH', 'UH', 'N']"
4345,"['V', 'HH', 'IY']",0,CCV,"['HH', 'IY', 'V']"
4346,"['V', 'HH', 'EY']",0,CCV,"['V', 'EY', 'HH']"
4347,"['V', 'HH', 'OW']",0,CCV,"['HH', 'OW', 'V']"
4348,"['V', 'HH', 'AE']",0,CCV,"['V', 'HH', 'AE']"
4349,"['V', 'HH', 'AW']",0,CCV,"['HH', 'AW', '<EOS>']"
4350,"['V', 'CH', 'AH']",1,CCV,"['CH', 'V', 'AH']"
4351,"['V', 'CH', 'OY']",1,CCV,"['CH', 'V', 'OY']"
4352,"['V', 'CH', 'AA']",1,CCV,"['V', 'R', 'CH']"
4353,"['V', 'CH', 'AY']",1,CCV,"['V', 'R', 'AY']"
4354,"['V', 'CH', 'ER']",1,CCV,"['V', 'R', 'ER']"
4355,"['V', 'CH', 'AO']",1,CCV,"['V', 'R', 'CH']"
4356,"['V', 'CH', 'UW']",1,CCV,"['CH', 'UW', 'V']"
4357,"['V', 'CH', 'IH']",1,CCV,"['V', 'R', 'IH']"
4358,"['V', 'CH', 'EH']",1,CCV,"['V', 'R', 'EH']"
4359,"['V', 'CH', 'UH']",1,CCV,"['CH', 'V', 'UH']"
4360,"['V', 'CH', 'IY']",1,CCV,"['V', 'R', 'IY']"
4361,"['V', 'CH', 'EY']",1,CCV,"['V', 'EY', 'CH']"
4362,"['V', 'CH', 'OW']",1,CCV,"['V', 'R', 'OW']"
4363,"['V', 'CH', 'AE']",1,CCV,"['V', 'AE', 'CH']"
4364,"['V', 'CH', 'AW']",1,CCV,"['V', 'R', 'AW']"
4365,"['V', 'JH', 'AH']",1,CCV,"['V', 'AE', 'JH']"
4366,"['V', 'JH', 'OY']",1,CCV,"['V', 'OY', 'JH']"
4367,"['V', 'JH', 'AA']",1,CCV,"['V', 'AA', 'JH']"
4368,"['V', 'JH', 'AY']",1,CCV,"['V', 'AY', 'JH']"
4369,"['V', 'JH', 'ER']",1,CCV,"['V', 'ER', 'JH']"
4370,"['V', 'JH', 'AO']",1,CCV,"['V', 'AO', 'JH']"
4371,"['V', 'JH', 'UW']",1,CCV,"['V', 'AE', 'JH']"
4372,"['V', 'JH', 'IH']",1,CCV,"['V', 'IH', 'JH']"
4373,"['V', 'JH', 'EH']",1,CCV,"['V', 'EH', 'JH']"
4374,"['V', 'JH', 'UH']",1,CCV,"['V', 'UH', 'JH']"
4375,"['V', 'JH', 'IY']",1,CCV,"['V', 'IY', 'JH']"
4376,"['V', 'JH', 'EY']",1,CCV,"['V', 'EY', 'JH']"
4377,"['V', 'JH', 'OW']",1,CCV,"['V', 'OW', 'JH']"
4378,"['V', 'JH', 'AE']",1,CCV,"['V', 'AE', 'JH']"
4379,"['V', 'JH', 'AW']",1,CCV,"['V', 'AW', 'JH']"
4380,"['V', 'M', 'AH']",2,CCV,"['V', 'M', 'AH']"
4381,"['V', 'M', 'OY']",2,CCV,"['V', 'OY', 'N']"
4382,"['V', 'M', 'AA']",2,CCV,"['V', 'AA', 'L']"
4383,"['V', 'M', 'AY']",2,CCV,"['V', 'AY', 'M']"
4384,"['V', 'M', 'ER']",2,CCV,"['V', 'ER', 'SH']"
4385,"['V', 'M', 'AO']",2,CCV,"['V', 'AO', 'M']"
4386,"['V', 'M', 'UW']",2,CCV,"['V', 'UW', '<EOS>']"
4387,"['V', 'M', 'IH']",2,CCV,"['V', 'IH', 'M']"
4388,"['V', 'M', 'EH']",2,CCV,"['V', 'EH', 'M']"
4389,"['V', 'M', 'UH']",2,CCV,"['V', 'UH', 'M']"
4390,"['V', 'M', 'IY']",2,CCV,"['V', 'IY', 'M']"
4391,"['V', 'M', 'EY']",2,CCV,"['V', 'EY', 'M']"
4392,"['V', 'M', 'OW']",2,CCV,"['V', 'OW', 'ER']"
4393,"['V', 'M', 'AE']",2,CCV,"['V', 'AE', 'M']"
4394,"['V', 'M', 'AW']",2,CCV,"['V', 'AW', 'N']"
4395,"['V', 'N', 'AH']",2,CCV,"['V', 'AH', 'N']"
4396,"['V', 'N', 'OY']",2,CCV,"['V', 'OY', 'N']"
4397,"['V', 'N', 'AA']",2,CCV,"['V', 'AA', 'N']"
4398,"['V', 'N', 'AY']",2,CCV,"['V', 'AY', 'N']"
4399,"['V', 'N', 'ER']",2,CCV,"['V', 'ER', 'N']"
4400,"['V', 'N', 'AO']",2,CCV,"['V', 'AO', 'N']"
4401,"['V', 'N', 'UW']",2,CCV,"['V', 'UW', 'N']"
4402,"['V', 'N', 'IH']",2,CCV,"['V', 'IH', 'N']"
4403,"['V', 'N', 'EH']",2,CCV,"['V', 'EH', 'N']"
4404,"['V', 'N', 'UH']",2,CCV,"['V', 'UH', 'N']"
4405,"['V', 'N', 'IY']",2,CCV,"['V', 'IY', 'N']"
4406,"['V', 'N', 'EY']",2,CCV,"['V', 'EY', 'N']"
4407,"['V', 'N', 'OW']",2,CCV,"['V', 'OW', 'N']"
4408,"['V', 'N', 'AE']",2,CCV,"['V', 'AE', 'N']"
4409,"['V', 'N', 'AW']",2,CCV,"['V', 'AW', 'N']"
4410,"['V', 'NG', 'AH']",2,CCV,"['V', 'NG', '<EOS>']"
4411,"['V', 'NG', 'OY']",2,CCV,"['V', 'NG', 'OY']"
4412,"['V', 'NG', 'AA']",2,CCV,"['V', 'NG', '<EOS>']"
4413,"['V', 'NG', 'AY']",2,CCV,"['V', 'NG', '<EOS>']"
4414,"['V', 'NG', 'ER']",2,CCV,"['V', 'ER', 'NG']"
4415,"['V', 'NG', 'AO']",2,CCV,"['V', 'NG', 'AO']"
4416,"['V', 'NG', 'UW']",2,CCV,"['V', 'NG', 'UW']"
4417,"['V', 'NG', 'IH']",2,CCV,"['V', 'IH', 'NG']"
4418,"['V', 'NG', 'EH']",2,CCV,"['V', 'EH', 'NG']"
4419,"['V', 'NG', 'UH']",2,CCV,"['V', 'UH', 'NG']"
4420,"['V', 'NG', 'IY']",2,CCV,"['V', 'IY', 'NG']"
4421,"['V', 'NG', 'EY']",2,CCV,"['V', 'EY', 'NG']"
4422,"['V', 'NG', 'OW']",2,CCV,"['V', 'NG', 'OW']"
4423,"['V', 'NG', 'AE']",2,CCV,"['V', 'AE', 'NG']"
4424,"['V', 'NG', 'AW']",2,CCV,"['V', 'NG', 'AW']"
4425,"['V', 'L', 'AH']",3,CCV,"['V', 'L', 'AH']"
4426,"['V', 'L', 'OY']",3,CCV,"['V', 'L', 'OY']"
4427,"['V', 'L', 'AA']",3,CCV,"['V', 'L', 'AA']"
4428,"['V', 'L', 'AY']",3,CCV,"['V', 'L', 'AY']"
4429,"['V', 'L', 'ER']",3,CCV,"['V', 'L', 'ER']"
4430,"['V', 'L', 'AO']",3,CCV,"['V', 'L', 'AO']"
4431,"['V', 'L', 'UW']",3,CCV,"['V', 'L', 'UW']"
4432,"['V', 'L', 'IH']",3,CCV,"['V', 'IH', 'L']"
4433,"['V', 'L', 'EH']",3,CCV,"['V', 'L', 'EH']"
4434,"['V', 'L', 'UH']",3,CCV,"['V', 'L', 'UH']"
4435,"['V', 'L', 'IY']",3,CCV,"['V', 'L', 'IY']"
4436,"['V', 'L', 'EY']",3,CCV,"['V', 'L', 'EY']"
4437,"['V', 'L', 'OW']",3,CCV,"['V', 'L', 'OW']"
4438,"['V', 'L', 'AE']",3,CCV,"['V', 'L', 'AE']"
4439,"['V', 'L', 'AW']",3,CCV,"['V', 'L', 'AW']"
4440,"['V', 'R', 'AH']",3,CCV,"['V', 'R', 'AH']"
4441,"['V', 'R', 'OY']",3,CCV,"['V', 'R', 'OY']"
4442,"['V', 'R', 'AA']",3,CCV,"['V', 'R', 'AA']"
4443,"['V', 'R', 'AY']",3,CCV,"['V', 'R', 'AY']"
4444,"['V', 'R', 'ER']",3,CCV,"['V', 'R', 'ER']"
4445,"['V', 'R', 'AO']",3,CCV,"['V', 'R', 'AO']"
4446,"['V', 'R', 'UW']",3,CCV,"['V', 'R', 'UW']"
4447,"['V', 'R', 'IH']",3,CCV,"['V', 'R', 'IH']"
4448,"['V', 'R', 'EH']",3,CCV,"['V', 'R', 'EH']"
4449,"['V', 'R', 'UH']",3,CCV,"['V', 'R', 'UH']"
4450,"['V', 'R', 'IY']",3,CCV,"['V', 'R', 'IY']"
4451,"['V', 'R', 'EY']",3,CCV,"['V', 'R', 'EY']"
4452,"['V', 'R', 'OW']",3,CCV,"['V', 'R', 'OW']"
4453,"['V', 'R', 'AE']",3,CCV,"['V', 'R', 'AE']"
4454,"['V', 'R', 'AW']",3,CCV,"['V', 'R', 'AW']"
4455,"['V', 'W', 'AH']",4,CCV,"['V', 'W', 'AH']"
4456,"['V', 'W', 'OY']",4,CCV,"['V', 'OY', 'EH']"
4457,"['V', 'W', 'AA']",4,CCV,"['V', 'W', 'AA']"
4458,"['V', 'W', 'AY']",4,CCV,"['V', 'AY', 'N']"
4459,"['V', 'W', 'ER']",4,CCV,"['V', 'W', 'ER']"
4460,"['V', 'W', 'AO']",4,CCV,"['V', 'W', 'AO']"
4461,"['V', 'W', 'UW']",4,CCV,"['V', 'W', 'UW']"
4462,"['V', 'W', 'IH']",4,CCV,"['V', 'W', 'IH']"
4463,"['V', 'W', 'EH']",4,CCV,"['V', 'W', 'EH']"
4464,"['V', 'W', 'UH']",4,CCV,"['V', 'W', 'UH']"
4465,"['V', 'W', 'IY']",4,CCV,"['V', 'W', 'IY']"
4466,"['V', 'W', 'EY']",4,CCV,"['V', 'W', 'EY']"
4467,"['V', 'W', 'OW']",4,CCV,"['V', 'W', 'OW']"
4468,"['V', 'W', 'AE']",4,CCV,"['V', 'AE', 'W']"
4469,"['V', 'W', 'AW']",4,CCV,"['V', 'W', 'AW']"
4470,"['V', 'Y', 'AH']",4,CCV,"['V', 'Y', 'AH']"
4471,"['V', 'Y', 'OY']",4,CCV,"['V', 'OY', 'L']"
4472,"['V', 'Y', 'AA']",4,CCV,"['V', 'Y', 'AA']"
4473,"['V', 'Y', 'AY']",4,CCV,"['V', 'Y', 'AY']"
4474,"['V', 'Y', 'ER']",4,CCV,"['V', 'Y', 'ER']"
4475,"['V', 'Y', 'AO']",4,CCV,"['V', 'Y', 'AO']"
4476,"['V', 'Y', 'UW']",4,CCV,"['V', 'Y', 'UW']"
4477,"['V', 'Y', 'IH']",4,CCV,"['V', 'IH', 'R']"
4478,"['V', 'Y', 'EH']",4,CCV,"['V', 'Y', 'EH']"
4479,"['V', 'Y', 'UH']",4,CCV,"['V', 'Y', 'UH']"
4480,"['V', 'Y', 'IY']",4,CCV,"['V', 'Y', 'IY']"
4481,"['V', 'Y', 'EY']",4,CCV,"['V', 'Y', 'EY']"
4482,"['V', 'Y', 'OW']",4,CCV,"['V', 'Y', 'OW']"
4483,"['V', 'Y', 'AE']",4,CCV,"['V', 'Y', 'AE']"
4484,"['V', 'Y', 'AW']",4,CCV,"['V', 'Y', 'AW']"
4485,"['DH', 'P', 'AH']",-1,CCV,"['DH', 'P', 'AH']"
4486,"['DH', 'P', 'OY']",-1,CCV,"['DH', 'P', 'OY']"
4487,"['DH', 'P', 'AA']",-1,CCV,"['DH', 'P', 'AA']"
4488,"['DH', 'P', 'AY']",-1,CCV,"['DH', 'P', 'AY']"
4489,"['DH', 'P', 'ER']",-1,CCV,"['DH', 'ER', 'P']"
4490,"['DH', 'P', 'AO']",-1,CCV,"['DH', 'P', 'AO']"
4491,"['DH', 'P', 'UW']",-1,CCV,"['DH', 'P', 'UW']"
4492,"['DH', 'P', 'IH']",-1,CCV,"['DH', 'IH', 'P']"
4493,"['DH', 'P', 'EH']",-1,CCV,"['DH', 'P', 'EH']"
4494,"['DH', 'P', 'UH']",-1,CCV,"['DH', 'UH', 'R']"
4495,"['DH', 'P', 'IY']",-1,CCV,"['DH', 'P', 'IY']"
4496,"['DH', 'P', 'EY']",-1,CCV,"['DH', 'EY', 'EY']"
4497,"['DH', 'P', 'OW']",-1,CCV,"['DH', 'P', 'OW']"
4498,"['DH', 'P', 'AE']",-1,CCV,"['DH', 'AE', 'K']"
4499,"['DH', 'P', 'AW']",-1,CCV,"['DH', 'P', 'AW']"
4500,"['DH', 'T', 'AH']",-1,CCV,"['DH', 'T', 'AH']"
4501,"['DH', 'T', 'OY']",-1,CCV,"['DH', 'T', 'OY']"
4502,"['DH', 'T', 'AA']",-1,CCV,"['DH', 'T', 'AA']"
4503,"['DH', 'T', 'AY']",-1,CCV,"['DH', 'T', 'AY']"
4504,"['DH', 'T', 'ER']",-1,CCV,"['DH', 'ER', 'T']"
4505,"['DH', 'T', 'AO']",-1,CCV,"['DH', 'T', 'AO']"
4506,"['DH', 'T', 'UW']",-1,CCV,"['DH', 'T', 'UW']"
4507,"['DH', 'T', 'IH']",-1,CCV,"['DH', 'T', 'IH']"
4508,"['DH', 'T', 'EH']",-1,CCV,"['DH', 'EH', 'T']"
4509,"['DH', 'T', 'UH']",-1,CCV,"['DH', 'T', 'UH']"
4510,"['DH', 'T', 'IY']",-1,CCV,"['DH', 'T', 'IY']"
4511,"['DH', 'T', 'EY']",-1,CCV,"['DH', 'EY', 'T']"
4512,"['DH', 'T', 'OW']",-1,CCV,"['DH', 'T', 'OW']"
4513,"['DH', 'T', 'AE']",-1,CCV,"['DH', 'T', 'AE']"
4514,"['DH', 'T', 'AW']",-1,CCV,"['DH', 'T', 'AW']"
4515,"['DH', 'K', 'AH']",-1,CCV,"['DH', 'K', 'AH']"
4516,"['DH', 'K', 'OY']",-1,CCV,"['DH', 'K', 'OY']"
4517,"['DH', 'K', 'AA']",-1,CCV,"['DH', 'K', 'AA']"
4518,"['DH', 'K', 'AY']",-1,CCV,"['DH', 'K', 'AY']"
4519,"['DH', 'K', 'ER']",-1,CCV,"['DH', 'K', 'ER']"
4520,"['DH', 'K', 'AO']",-1,CCV,"['DH', 'K', 'AO']"
4521,"['DH', 'K', 'UW']",-1,CCV,"['DH', 'K', 'UW']"
4522,"['DH', 'K', 'IH']",-1,CCV,"['DH', 'K', 'IH']"
4523,"['DH', 'K', 'EH']",-1,CCV,"['DH', 'K', 'EH']"
4524,"['DH', 'K', 'UH']",-1,CCV,"['DH', 'K', 'UH']"
4525,"['DH', 'K', 'IY']",-1,CCV,"['DH', 'K', 'IY']"
4526,"['DH', 'K', 'EY']",-1,CCV,"['DH', 'EY', 'K']"
4527,"['DH', 'K', 'OW']",-1,CCV,"['DH', 'K', 'OW']"
4528,"['DH', 'K', 'AE']",-1,CCV,"['DH', 'K', 'AE']"
4529,"['DH', 'K', 'AW']",-1,CCV,"['DH', 'K', 'AW']"
4530,"['DH', 'B', 'AH']",-1,CCV,"['DH', 'AH', 'B']"
4531,"['DH', 'B', 'OY']",-1,CCV,"['DH', 'OY', 'B']"
4532,"['DH', 'B', 'AA']",-1,CCV,"['DH', 'B', 'AA']"
4533,"['DH', 'B', 'AY']",-1,CCV,"['B', 'AY', 'DH']"
4534,"['DH', 'B', 'ER']",-1,CCV,"['B', 'DH', 'ER']"
4535,"['DH', 'B', 'AO']",-1,CCV,"['DH', 'IH', 'AO']"
4536,"['DH', 'B', 'UW']",-1,CCV,"['DH', 'L', 'UW']"
4537,"['DH', 'B', 'IH']",-1,CCV,"['DH', 'IH', 'B']"
4538,"['DH', 'B', 'EH']",-1,CCV,"['DH', 'EH', 'B']"
4539,"['DH', 'B', 'UH']",-1,CCV,"['DH', 'UH', 'B']"
4540,"['DH', 'B', 'IY']",-1,CCV,"['DH', 'B', 'IY']"
4541,"['DH', 'B', 'EY']",-1,CCV,"['B', 'AE', 'EY']"
4542,"['DH', 'B', 'OW']",-1,CCV,"['B', 'OW', 'DH']"
4543,"['DH', 'B', 'AE']",-1,CCV,"['DH', 'AE', 'B']"
4544,"['DH', 'B', 'AW']",-1,CCV,"['DH', 'IH', 'AW']"
4545,"['DH', 'D', 'AH']",-1,CCV,"['DH', 'AH', 'D']"
4546,"['DH', 'D', 'OY']",-1,CCV,"['DH', 'D', 'OY']"
4547,"['DH', 'D', 'AA']",-1,CCV,"['DH', 'D', 'AA']"
4548,"['DH', 'D', 'AY']",-1,CCV,"['DH', 'AY', 'D']"
4549,"['DH', 'D', 'ER']",-1,CCV,"['DH', 'ER', 'D']"
4550,"['DH', 'D', 'AO']",-1,CCV,"['DH', 'D', 'AO']"
4551,"['DH', 'D', 'UW']",-1,CCV,"['DH', 'D', 'UW']"
4552,"['DH', 'D', 'IH']",-1,CCV,"['DH', 'IH', 'D']"
4553,"['DH', 'D', 'EH']",-1,CCV,"['DH', 'EH', 'D']"
4554,"['DH', 'D', 'UH']",-1,CCV,"['DH', 'UH', 'D']"
4555,"['DH', 'D', 'IY']",-1,CCV,"['DH', 'D', 'IY']"
4556,"['DH', 'D', 'EY']",-1,CCV,"['DH', 'EY', 'D']"
4557,"['DH', 'D', 'OW']",-1,CCV,"['DH', 'D', 'OW']"
4558,"['DH', 'D', 'AE']",-1,CCV,"['DH', 'AE', 'D']"
4559,"['DH', 'D', 'AW']",-1,CCV,"['DH', 'AW', 'D']"
4560,"['DH', 'G', 'AH']",-1,CCV,"['DH', 'IH', 'M']"
4561,"['DH', 'G', 'OY']",-1,CCV,"['DH', 'OY', 'L']"
4562,"['DH', 'G', 'AA']",-1,CCV,"['DH', 'ER', 'AA']"
4563,"['DH', 'G', 'AY']",-1,CCV,"['DH', 'AY', 'L']"
4564,"['DH', 'G', 'ER']",-1,CCV,"['DH', 'ER', 'ER']"
4565,"['DH', 'G', 'AO']",-1,CCV,"['DH', 'ER', 'M']"
4566,"['DH', 'G', 'UW']",-1,CCV,"['DH', 'M', 'UW']"
4567,"['DH', 'G', 'IH']",-1,CCV,"['DH', 'IH', 'M']"
4568,"['DH', 'G', 'EH']",-1,CCV,"['DH', 'EH', 'G']"
4569,"['DH', 'G', 'UH']",-1,CCV,"['DH', 'UH', 'M']"
4570,"['DH', 'G', 'IY']",-1,CCV,"['DH', 'ER', 'IY']"
4571,"['DH', 'G', 'EY']",-1,CCV,"['DH', 'EY', 'M']"
4572,"['DH', 'G', 'OW']",-1,CCV,"['DH', 'ER', 'OW']"
4573,"['DH', 'G', 'AE']",-1,CCV,"['DH', 'AE', 'M']"
4574,"['DH', 'G', 'AW']",-1,CCV,"['DH', 'AW', 'G']"
4575,"['DH', 'F', 'AH']",0,CCV,"['DH', 'F', 'AH']"
4576,"['DH', 'F', 'OY']",0,CCV,"['DH', 'F', 'OY']"
4577,"['DH', 'F', 'AA']",0,CCV,"['DH', 'F', 'AA']"
4578,"['DH', 'F', 'AY']",0,CCV,"['DH', 'F', 'AY']"
4579,"['DH', 'F', 'ER']",0,CCV,"['DH', 'F', 'ER']"
4580,"['DH', 'F', 'AO']",0,CCV,"['DH', 'F', 'AO']"
4581,"['DH', 'F', 'UW']",0,CCV,"['DH', 'F', 'UW']"
4582,"['DH', 'F', 'IH']",0,CCV,"['DH', 'F', 'IH']"
4583,"['DH', 'F', 'EH']",0,CCV,"['DH', 'F', 'EH']"
4584,"['DH', 'F', 'UH']",0,CCV,"['DH', 'UH', 'F']"
4585,"['DH', 'F', 'IY']",0,CCV,"['DH', 'F', 'IY']"
4586,"['DH', 'F', 'EY']",0,CCV,"['DH', 'EY', 'F']"
4587,"['DH', 'F', 'OW']",0,CCV,"['F', 'DH', 'OW']"
4588,"['DH', 'F', 'AE']",0,CCV,"['DH', 'AE', 'F']"
4589,"['DH', 'F', 'AW']",0,CCV,"['DH', 'F', 'AW']"
4590,"['DH', 'TH', 'AH']",0,CCV,"['DH', 'TH', 'AH']"
4591,"['DH', 'TH', 'OY']",0,CCV,"['DH', 'TH', 'OY']"
4592,"['DH', 'TH', 'AA']",0,CCV,"['DH', 'TH', 'AA']"
4593,"['DH', 'TH', 'AY']",0,CCV,"['TH', 'DH', 'AY']"
4594,"['DH', 'TH', 'ER']",0,CCV,"['TH', 'DH', 'ER']"
4595,"['DH', 'TH', 'AO']",0,CCV,"['DH', 'TH', 'AO']"
4596,"['DH', 'TH', 'UW']",0,CCV,"['DH', 'TH', 'UW']"
4597,"['DH', 'TH', 'IH']",0,CCV,"['TH', 'DH', 'IH']"
4598,"['DH', 'TH', 'EH']",0,CCV,"['TH', 'DH', 'EH']"
4599,"['DH', 'TH', 'UH']",0,CCV,"['DH', 'TH', 'UH']"
4600,"['DH', 'TH', 'IY']",0,CCV,"['DH', 'TH', 'IY']"
4601,"['DH', 'TH', 'EY']",0,CCV,"['DH', 'EY', 'TH']"
4602,"['DH', 'TH', 'OW']",0,CCV,"['TH', 'DH', 'OW']"
4603,"['DH', 'TH', 'AE']",0,CCV,"['DH', 'TH', 'AE']"
4604,"['DH', 'TH', 'AW']",0,CCV,"['DH', 'TH', 'AW']"
4605,"['DH', 'S', 'AH']",0,CCV,"['DH', 'IH', 'S']"
4606,"['DH', 'S', 'OY']",0,CCV,"['DH', 'OY', 'S']"
4607,"['DH', 'S', 'AA']",0,CCV,"['DH', 'S', 'AA']"
4608,"['DH', 'S', 'AY']",0,CCV,"['DH', 'AY', 'S']"
4609,"['DH', 'S', 'ER']",0,CCV,"['DH', 'ER', 'S']"
4610,"['DH', 'S', 'AO']",0,CCV,"['DH', 'IH', 'AO']"
4611,"['DH', 'S', 'UW']",0,CCV,"['DH', 'IH', 'UW']"
4612,"['DH', 'S', 'IH']",0,CCV,"['DH', 'IH', 'S']"
4613,"['DH', 'S', 'EH']",0,CCV,"['DH', 'EH', 'S']"
4614,"['DH', 'S', 'UH']",0,CCV,"['DH', 'UH', 'S']"
4615,"['DH', 'S', 'IY']",0,CCV,"['DH', 'IH', 'DH']"
4616,"['DH', 'S', 'EY']",0,CCV,"['DH', 'EY', 'S']"
4617,"['DH', 'S', 'OW']",0,CCV,"['DH', 'S', 'OW']"
4618,"['DH', 'S', 'AE']",0,CCV,"['DH', 'AE', 'S']"
4619,"['DH', 'S', 'AW']",0,CCV,"['DH', 'S', 'AW']"
4620,"['DH', 'SH', 'AH']",0,CCV,"['DH', 'SH', 'AH']"
4621,"['DH', 'SH', 'OY']",0,CCV,"['DH', 'SH', 'OY']"
4622,"['DH', 'SH', 'AA']",0,CCV,"['DH', 'SH', 'AA']"
4623,"['DH', 'SH', 'AY']",0,CCV,"['DH', 'AY', 'SH']"
4624,"['DH', 'SH', 'ER']",0,CCV,"['DH', 'ER', 'SH']"
4625,"['DH', 'SH', 'AO']",0,CCV,"['DH', 'SH', 'AO']"
4626,"['DH', 'SH', 'UW']",0,CCV,"['DH', 'SH', 'UW']"
4627,"['DH', 'SH', 'IH']",0,CCV,"['DH', 'IH', 'SH']"
4628,"['DH', 'SH', 'EH']",0,CCV,"['DH', 'EH', 'SH']"
4629,"['DH', 'SH', 'UH']",0,CCV,"['DH', 'UH', 'SH']"
4630,"['DH', 'SH', 'IY']",0,CCV,"['DH', 'SH', 'IY']"
4631,"['DH', 'SH', 'EY']",0,CCV,"['DH', 'EY', 'SH']"
4632,"['DH', 'SH', 'OW']",0,CCV,"['DH', 'SH', 'OW']"
4633,"['DH', 'SH', 'AE']",0,CCV,"['DH', 'AE', 'SH']"
4634,"['DH', 'SH', 'AW']",0,CCV,"['DH', 'AW', 'SH']"
4635,"['DH', 'Z', 'AH']",0,CCV,"['DH', 'AH', 'Z']"
4636,"['DH', 'Z', 'OY']",0,CCV,"['DH', 'EH', 'Z']"
4637,"['DH', 'Z', 'AA']",0,CCV,"['DH', 'Z', 'AA']"
4638,"['DH', 'Z', 'AY']",0,CCV,"['DH', 'IH', 'DH']"
4639,"['DH', 'Z', 'ER']",0,CCV,"['DH', 'Z', 'ER']"
4640,"['DH', 'Z', 'AO']",0,CCV,"['DH', 'IH', 'DH']"
4641,"['DH', 'Z', 'UW']",0,CCV,"['DH', 'UW', 'Z']"
4642,"['DH', 'Z', 'IH']",0,CCV,"['DH', 'IH', 'Z']"
4643,"['DH', 'Z', 'EH']",0,CCV,"['DH', 'EH', 'Z']"
4644,"['DH', 'Z', 'UH']",0,CCV,"['DH', 'UH', 'M']"
4645,"['DH', 'Z', 'IY']",0,CCV,"['DH', 'IH', 'Z']"
4646,"['DH', 'Z', 'EY']",0,CCV,"['DH', 'EY', 'Z']"
4647,"['DH', 'Z', 'OW']",0,CCV,"['DH', 'Z', 'OW']"
4648,"['DH', 'Z', 'AE']",0,CCV,"['DH', 'AE', 'Z']"
4649,"['DH', 'Z', 'AW']",0,CCV,"['DH', 'AW', 'Z']"
4650,"['DH', 'ZH', 'AH']",0,CCV,"['DH', 'ZH', 'AH']"
4651,"['DH', 'ZH', 'OY']",0,CCV,"['DH', 'ZH', 'OY']"
4652,"['DH', 'ZH', 'AA']",0,CCV,"['DH', 'ZH', 'AA']"
4653,"['DH', 'ZH', 'AY']",0,CCV,"['DH', 'ZH', 'AY']"
4654,"['DH', 'ZH', 'ER']",0,CCV,"['DH', 'ZH', 'ER']"
4655,"['DH', 'ZH', 'AO']",0,CCV,"['DH', 'ZH', 'AO']"
4656,"['DH', 'ZH', 'UW']",0,CCV,"['DH', 'ZH', 'UW']"
4657,"['DH', 'ZH', 'IH']",0,CCV,"['DH', 'ZH', 'IH']"
4658,"['DH', 'ZH', 'EH']",0,CCV,"['DH', 'ZH', 'EH']"
4659,"['DH', 'ZH', 'UH']",0,CCV,"['DH', 'ZH', 'UH']"
4660,"['DH', 'ZH', 'IY']",0,CCV,"['DH', 'ZH', 'IY']"
4661,"['DH', 'ZH', 'EY']",0,CCV,"['DH', 'ZH', 'EY']"
4662,"['DH', 'ZH', 'OW']",0,CCV,"['DH', 'ZH', 'OW']"
4663,"['DH', 'ZH', 'AE']",0,CCV,"['DH', 'ZH', 'AE']"
4664,"['DH', 'ZH', 'AW']",0,CCV,"['DH', 'ZH', 'AW']"
4665,"['DH', 'V', 'AH']",0,CCV,"['DH', 'V', 'AH']"
4666,"['DH', 'V', 'OY']",0,CCV,"['DH', 'V', 'OY']"
4667,"['DH', 'V', 'AA']",0,CCV,"['DH', 'V', 'AA']"
4668,"['DH', 'V', 'AY']",0,CCV,"['DH', 'IH', 'AY']"
4669,"['DH', 'V', 'ER']",0,CCV,"['DH', 'V', 'ER']"
4670,"['DH', 'V', 'AO']",0,CCV,"['DH', 'V', 'AO']"
4671,"['DH', 'V', 'UW']",0,CCV,"['DH', 'V', 'UW']"
4672,"['DH', 'V', 'IH']",0,CCV,"['DH', 'V', 'IH']"
4673,"['DH', 'V', 'EH']",0,CCV,"['DH', 'V', 'EH']"
4674,"['DH', 'V', 'UH']",0,CCV,"['DH', 'UH', 'V']"
4675,"['DH', 'V', 'IY']",0,CCV,"['DH', 'V', 'IY']"
4676,"['DH', 'V', 'EY']",0,CCV,"['DH', 'EY', 'V']"
4677,"['DH', 'V', 'OW']",0,CCV,"['DH', 'V', 'OW']"
4678,"['DH', 'V', 'AE']",0,CCV,"['DH', 'AE', 'V']"
4679,"['DH', 'V', 'AW']",0,CCV,"['DH', 'V', 'AW']"
4680,"['DH', 'HH', 'AH']",0,CCV,"['DH', 'HH', 'AH']"
4681,"['DH', 'HH', 'OY']",0,CCV,"['DH', 'HH', 'OY']"
4682,"['DH', 'HH', 'AA']",0,CCV,"['DH', 'HH', 'AA']"
4683,"['DH', 'HH', 'AY']",0,CCV,"['DH', 'HH', 'AY']"
4684,"['DH', 'HH', 'ER']",0,CCV,"['DH', 'HH', 'ER']"
4685,"['DH', 'HH', 'AO']",0,CCV,"['DH', 'HH', 'AO']"
4686,"['DH', 'HH', 'UW']",0,CCV,"['DH', 'HH', 'UW']"
4687,"['DH', 'HH', 'IH']",0,CCV,"['DH', 'HH', 'IH']"
4688,"['DH', 'HH', 'EH']",0,CCV,"['DH', 'HH', 'EH']"
4689,"['DH', 'HH', 'UH']",0,CCV,"['DH', 'HH', 'UH']"
4690,"['DH', 'HH', 'IY']",0,CCV,"['DH', 'HH', 'IY']"
4691,"['DH', 'HH', 'EY']",0,CCV,"['DH', 'EY', 'HH']"
4692,"['DH', 'HH', 'OW']",0,CCV,"['DH', 'HH', 'OW']"
4693,"['DH', 'HH', 'AE']",0,CCV,"['DH', 'HH', 'AE']"
4694,"['DH', 'HH', 'AW']",0,CCV,"['DH', 'HH', 'AW']"
4695,"['DH', 'CH', 'AH']",1,CCV,"['DH', 'AH', 'CH']"
4696,"['DH', 'CH', 'OY']",1,CCV,"['CH', 'OY', 'DH']"
4697,"['DH', 'CH', 'AA']",1,CCV,"['DH', 'CH', 'AA']"
4698,"['DH', 'CH', 'AY']",1,CCV,"['DH', 'AY', 'CH']"
4699,"['DH', 'CH', 'ER']",1,CCV,"['DH', 'ER', 'CH']"
4700,"['DH', 'CH', 'AO']",1,CCV,"['DH', 'CH', 'AO']"
4701,"['DH', 'CH', 'UW']",1,CCV,"['DH', 'CH', 'UW']"
4702,"['DH', 'CH', 'IH']",1,CCV,"['DH', 'CH', 'IH']"
4703,"['DH', 'CH', 'EH']",1,CCV,"['DH', 'CH', 'EH']"
4704,"['DH', 'CH', 'UH']",1,CCV,"['DH', 'UH', 'M']"
4705,"['DH', 'CH', 'IY']",1,CCV,"['DH', 'CH', 'IY']"
4706,"['DH', 'CH', 'EY']",1,CCV,"['DH', 'EY', 'CH']"
4707,"['DH', 'CH', 'OW']",1,CCV,"['DH', 'OW', 'CH']"
4708,"['DH', 'CH', 'AE']",1,CCV,"['DH', 'AE', 'CH']"
4709,"['DH', 'CH', 'AW']",1,CCV,"['DH', 'CH', 'AW']"
4710,"['DH', 'JH', 'AH']",1,CCV,"['DH', 'AH', 'JH']"
4711,"['DH', 'JH', 'OY']",1,CCV,"['DH', 'OY', 'JH']"
4712,"['DH', 'JH', 'AA']",1,CCV,"['DH', 'AA', 'JH']"
4713,"['DH', 'JH', 'AY']",1,CCV,"['DH', 'AY', 'JH']"
4714,"['DH', 'JH', 'ER']",1,CCV,"['DH', 'ER', 'JH']"
4715,"['DH', 'JH', 'AO']",1,CCV,"['DH', 'AO', 'JH']"
4716,"['DH', 'JH', 'UW']",1,CCV,"['DH', 'UW', 'JH']"
4717,"['DH', 'JH', 'IH']",1,CCV,"['DH', 'IH', 'JH']"
4718,"['DH', 'JH', 'EH']",1,CCV,"['DH', 'EH', 'JH']"
4719,"['DH', 'JH', 'UH']",1,CCV,"['DH', 'UH', 'ZH']"
4720,"['DH', 'JH', 'IY']",1,CCV,"['DH', 'IY', 'JH']"
4721,"['DH', 'JH', 'EY']",1,CCV,"['DH', 'EY', 'JH']"
4722,"['DH', 'JH', 'OW']",1,CCV,"['DH', 'OW', 'JH']"
4723,"['DH', 'JH', 'AE']",1,CCV,"['DH', 'AE', 'JH']"
4724,"['DH', 'JH', 'AW']",1,CCV,"['DH', 'AW', 'N']"
4725,"['DH', 'M', 'AH']",2,CCV,"['DH', 'M', 'AH']"
4726,"['DH', 'M', 'OY']",2,CCV,"['DH', 'M', 'OY']"
4727,"['DH', 'M', 'AA']",2,CCV,"['DH', 'M', 'AA']"
4728,"['DH', 'M', 'AY']",2,CCV,"['DH', 'M', 'AY']"
4729,"['DH', 'M', 'ER']",2,CCV,"['DH', 'M', 'ER']"
4730,"['DH', 'M', 'AO']",2,CCV,"['DH', 'M', 'AO']"
4731,"['DH', 'M', 'UW']",2,CCV,"['DH', 'M', 'UW']"
4732,"['DH', 'M', 'IH']",2,CCV,"['DH', 'M', 'IH']"
4733,"['DH', 'M', 'EH']",2,CCV,"['DH', 'M', 'EH']"
4734,"['DH', 'M', 'UH']",2,CCV,"['DH', 'M', 'EY']"
4735,"['DH', 'M', 'IY']",2,CCV,"['DH', 'M', 'IY']"
4736,"['DH', 'M', 'EY']",2,CCV,"['DH', 'M', 'EY']"
4737,"['DH', 'M', 'OW']",2,CCV,"['DH', 'M', 'OW']"
4738,"['DH', 'M', 'AE']",2,CCV,"['DH', 'M', 'AE']"
4739,"['DH', 'M', 'AW']",2,CCV,"['DH', 'M', 'AW']"
4740,"['DH', 'N', 'AH']",2,CCV,"['DH', 'IH', 'N']"
4741,"['DH', 'N', 'OY']",2,CCV,"['DH', 'OY', 'N']"
4742,"['DH', 'N', 'AA']",2,CCV,"['DH', 'N', 'AA']"
4743,"['DH', 'N', 'AY']",2,CCV,"['DH', 'AY', 'N']"
4744,"['DH', 'N', 'ER']",2,CCV,"['DH', 'ER', 'N']"
4745,"['DH', 'N', 'AO']",2,CCV,"['DH', 'N', 'AO']"
4746,"['DH', 'N', 'UW']",2,CCV,"['DH', 'UW', 'N']"
4747,"['DH', 'N', 'IH']",2,CCV,"['DH', 'IH', 'N']"
4748,"['DH', 'N', 'EH']",2,CCV,"['DH', 'EH', 'N']"
4749,"['DH', 'N', 'UH']",2,CCV,"['DH', 'IH', 'N']"
4750,"['DH', 'N', 'IY']",2,CCV,"['DH', 'N', 'IY']"
4751,"['DH', 'N', 'EY']",2,CCV,"['DH', 'EY', 'N']"
4752,"['DH', 'N', 'OW']",2,CCV,"['DH', 'N', 'OW']"
4753,"['DH', 'N', 'AE']",2,CCV,"['DH', 'AE', 'N']"
4754,"['DH', 'N', 'AW']",2,CCV,"['DH', 'AW', 'N']"
4755,"['DH', 'NG', 'AH']",2,CCV,"['DH', 'AH', 'NG']"
4756,"['DH', 'NG', 'OY']",2,CCV,"['DH', 'M', 'OW']"
4757,"['DH', 'NG', 'AA']",2,CCV,"['DH', 'M', 'AA']"
4758,"['DH', 'NG', 'AY']",2,CCV,"['DH', 'AY', 'NG']"
4759,"['DH', 'NG', 'ER']",2,CCV,"['DH', 'ER', 'NG']"
4760,"['DH', 'NG', 'AO']",2,CCV,"['DH', 'AO', 'NG']"
4761,"['DH', 'NG', 'UW']",2,CCV,"['DH', 'UW', 'NG']"
4762,"['DH', 'NG', 'IH']",2,CCV,"['DH', 'IH', 'NG']"
4763,"['DH', 'NG', 'EH']",2,CCV,"['DH', 'EH', 'NG']"
4764,"['DH', 'NG', 'UH']",2,CCV,"['DH', 'UH', 'M']"
4765,"['DH', 'NG', 'IY']",2,CCV,"['DH', 'IY', 'NG']"
4766,"['DH', 'NG', 'EY']",2,CCV,"['DH', 'EY', 'NG']"
4767,"['DH', 'NG', 'OW']",2,CCV,"['DH', 'OW', 'NG']"
4768,"['DH', 'NG', 'AE']",2,CCV,"['DH', 'AE', 'NG']"
4769,"['DH', 'NG', 'AW']",2,CCV,"['DH', 'NG', 'AW']"
4770,"['DH', 'L', 'AH']",3,CCV,"['DH', 'L', 'AH']"
4771,"['DH', 'L', 'OY']",3,CCV,"['DH', 'L', 'OY']"
4772,"['DH', 'L', 'AA']",3,CCV,"['DH', 'L', 'AA']"
4773,"['DH', 'L', 'AY']",3,CCV,"['DH', 'L', 'AY']"
4774,"['DH', 'L', 'ER']",3,CCV,"['DH', 'L', 'ER']"
4775,"['DH', 'L', 'AO']",3,CCV,"['DH', 'L', 'AO']"
4776,"['DH', 'L', 'UW']",3,CCV,"['DH', 'L', 'UW']"
4777,"['DH', 'L', 'IH']",3,CCV,"['DH', 'L', 'IH']"
4778,"['DH', 'L', 'EH']",3,CCV,"['DH', 'L', 'EH']"
4779,"['DH', 'L', 'UH']",3,CCV,"['DH', 'L', 'UH']"
4780,"['DH', 'L', 'IY']",3,CCV,"['DH', 'L', 'IY']"
4781,"['DH', 'L', 'EY']",3,CCV,"['DH', 'L', 'EY']"
4782,"['DH', 'L', 'OW']",3,CCV,"['DH', 'L', 'OW']"
4783,"['DH', 'L', 'AE']",3,CCV,"['DH', 'L', 'AE']"
4784,"['DH', 'L', 'AW']",3,CCV,"['DH', 'L', 'AW']"
4785,"['DH', 'R', 'AH']",3,CCV,"['DH', 'R', 'AH']"
4786,"['DH', 'R', 'OY']",3,CCV,"['DH', 'R', 'OY']"
4787,"['DH', 'R', 'AA']",3,CCV,"['DH', 'R', 'AA']"
4788,"['DH', 'R', 'AY']",3,CCV,"['DH', 'R', 'AY']"
4789,"['DH', 'R', 'ER']",3,CCV,"['DH', 'ER', 'R']"
4790,"['DH', 'R', 'AO']",3,CCV,"['DH', 'R', 'AO']"
4791,"['DH', 'R', 'UW']",3,CCV,"['DH', 'R', 'UW']"
4792,"['DH', 'R', 'IH']",3,CCV,"['DH', 'R', 'IH']"
4793,"['DH', 'R', 'EH']",3,CCV,"['DH', 'R', 'EH']"
4794,"['DH', 'R', 'UH']",3,CCV,"['DH', 'R', 'UH']"
4795,"['DH', 'R', 'IY']",3,CCV,"['DH', 'R', 'IY']"
4796,"['DH', 'R', 'EY']",3,CCV,"['DH', 'R', 'EY']"
4797,"['DH', 'R', 'OW']",3,CCV,"['DH', 'R', 'OW']"
4798,"['DH', 'R', 'AE']",3,CCV,"['DH', 'AE', 'R']"
4799,"['DH', 'R', 'AW']",3,CCV,"['DH', 'AW', 'R']"
4800,"['DH', 'W', 'AH']",4,CCV,"['DH', 'AH', 'W']"
4801,"['DH', 'W', 'OY']",4,CCV,"['DH', 'OY', 'N']"
4802,"['DH', 'W', 'AA']",4,CCV,"['DH', 'W', 'AA']"
4803,"['DH', 'W', 'AY']",4,CCV,"['DH', 'AY', 'N']"
4804,"['DH', 'W', 'ER']",4,CCV,"['DH', 'ER', 'W']"
4805,"['DH', 'W', 'AO']",4,CCV,"['DH', 'W', 'AO']"
4806,"['DH', 'W', 'UW']",4,CCV,"['DH', 'W', 'UW']"
4807,"['DH', 'W', 'IH']",4,CCV,"['DH', 'IH', 'K']"
4808,"['DH', 'W', 'EH']",4,CCV,"['DH', 'EH', 'W']"
4809,"['DH', 'W', 'UH']",4,CCV,"['DH', 'W', 'UH']"
4810,"['DH', 'W', 'IY']",4,CCV,"['DH', 'W', 'IY']"
4811,"['DH', 'W', 'EY']",4,CCV,"['DH', 'EY', 'W']"
4812,"['DH', 'W', 'OW']",4,CCV,"['DH', 'W', 'OW']"
4813,"['DH', 'W', 'AE']",4,CCV,"['DH', 'AE', 'K']"
4814,"['DH', 'W', 'AW']",4,CCV,"['DH', 'W', 'AW']"
4815,"['DH', 'Y', 'AH']",4,CCV,"['DH', 'IH', 'Y']"
4816,"['DH', 'Y', 'OY']",4,CCV,"['DH', 'OY', 'L']"
4817,"['DH', 'Y', 'AA']",4,CCV,"['DH', 'Y', 'AA']"
4818,"['DH', 'Y', 'AY']",4,CCV,"['DH', 'Y', 'AY']"
4819,"['DH', 'Y', 'ER']",4,CCV,"['DH', 'ER', 'Y']"
4820,"['DH', 'Y', 'AO']",4,CCV,"['DH', 'Y', 'AO']"
4821,"['DH', 'Y', 'UW']",4,CCV,"['DH', 'Y', 'UW']"
4822,"['DH', 'Y', 'IH']",4,CCV,"['DH', 'IH', 'Y']"
4823,"['DH', 'Y', 'EH']",4,CCV,"['DH', 'EH', 'Y']"
4824,"['DH', 'Y', 'UH']",4,CCV,"['DH', 'Y', 'UH']"
4825,"['DH', 'Y', 'IY']",4,CCV,"['DH', 'Y', 'IY']"
4826,"['DH', 'Y', 'EY']",4,CCV,"['DH', 'EY', 'L']"
4827,"['DH', 'Y', 'OW']",4,CCV,"['DH', 'Y', 'OW']"
4828,"['DH', 'Y', 'AE']",4,CCV,"['DH', 'AE', 'L']"
4829,"['DH', 'Y', 'AW']",4,CCV,"['DH', 'Y', 'AW']"
4830,"['HH', 'P', 'AH']",-1,CCV,"['HH', 'P', 'AH']"
4831,"['HH', 'P', 'OY']",-1,CCV,"['HH', 'OY', 'P']"
4832,"['HH', 'P', 'AA']",-1,CCV,"['HH', 'AA', 'P']"
4833,"['HH', 'P', 'AY']",-1,CCV,"['HH', 'AY', 'P']"
4834,"['HH', 'P', 'ER']",-1,CCV,"['HH', 'ER', 'P']"
4835,"['HH', 'P', 'AO']",-1,CCV,"['HH', 'AO', 'P']"
4836,"['HH', 'P', 'UW']",-1,CCV,"['HH', 'UW', 'P']"
4837,"['HH', 'P', 'IH']",-1,CCV,"['HH', 'IH', 'P']"
4838,"['HH', 'P', 'EH']",-1,CCV,"['HH', 'EH', 'P']"
4839,"['HH', 'P', 'UH']",-1,CCV,"['HH', 'UH', 'P']"
4840,"['HH', 'P', 'IY']",-1,CCV,"['HH', 'IY', 'P']"
4841,"['HH', 'P', 'EY']",-1,CCV,"['HH', 'EY', 'P']"
4842,"['HH', 'P', 'OW']",-1,CCV,"['HH', 'OW', 'P']"
4843,"['HH', 'P', 'AE']",-1,CCV,"['HH', 'AE', 'P']"
4844,"['HH', 'P', 'AW']",-1,CCV,"['HH', 'AW', 'P']"
4845,"['HH', 'T', 'AH']",-1,CCV,"['HH', 'T', 'AH']"
4846,"['HH', 'T', 'OY']",-1,CCV,"['HH', 'OY', 'T']"
4847,"['HH', 'T', 'AA']",-1,CCV,"['HH', 'T', 'AA']"
4848,"['HH', 'T', 'AY']",-1,CCV,"['HH', 'AY', 'T']"
4849,"['HH', 'T', 'ER']",-1,CCV,"['HH', 'T', 'ER']"
4850,"['HH', 'T', 'AO']",-1,CCV,"['HH', 'T', 'AO']"
4851,"['HH', 'T', 'UW']",-1,CCV,"['HH', 'T', 'UW']"
4852,"['HH', 'T', 'IH']",-1,CCV,"['HH', 'T', 'IH']"
4853,"['HH', 'T', 'EH']",-1,CCV,"['HH', 'EH', 'T']"
4854,"['HH', 'T', 'UH']",-1,CCV,"['HH', 'UH', 'T']"
4855,"['HH', 'T', 'IY']",-1,CCV,"['HH', 'IY', 'T']"
4856,"['HH', 'T', 'EY']",-1,CCV,"['HH', 'EY', 'T']"
4857,"['HH', 'T', 'OW']",-1,CCV,"['HH', 'OW', 'T']"
4858,"['HH', 'T', 'AE']",-1,CCV,"['HH', 'AE', 'T']"
4859,"['HH', 'T', 'AW']",-1,CCV,"['HH', 'AW', 'T']"
4860,"['HH', 'K', 'AH']",-1,CCV,"['HH', 'K', '<EOS>']"
4861,"['HH', 'K', 'OY']",-1,CCV,"['HH', 'K', 'OY']"
4862,"['HH', 'K', 'AA']",-1,CCV,"['HH', 'K', 'AA']"
4863,"['HH', 'K', 'AY']",-1,CCV,"['HH', 'K', 'AY']"
4864,"['HH', 'K', 'ER']",-1,CCV,"['HH', 'K', 'ER']"
4865,"['HH', 'K', 'AO']",-1,CCV,"['HH', 'K', 'AO']"
4866,"['HH', 'K', 'UW']",-1,CCV,"['K', 'UW', '<EOS>']"
4867,"['HH', 'K', 'IH']",-1,CCV,"['HH', 'K', 'IH']"
4868,"['HH', 'K', 'EH']",-1,CCV,"['HH', 'EH', 'K']"
4869,"['HH', 'K', 'UH']",-1,CCV,"['HH', 'UH', 'K']"
4870,"['HH', 'K', 'IY']",-1,CCV,"['HH', 'K', 'IY']"
4871,"['HH', 'K', 'EY']",-1,CCV,"['HH', 'EY', 'K']"
4872,"['HH', 'K', 'OW']",-1,CCV,"['HH', 'K', 'OW']"
4873,"['HH', 'K', 'AE']",-1,CCV,"['HH', 'AE', 'K']"
4874,"['HH', 'K', 'AW']",-1,CCV,"['HH', 'AW', 'K']"
4875,"['HH', 'B', 'AH']",-1,CCV,"['HH', 'AH', 'B']"
4876,"['HH', 'B', 'OY']",-1,CCV,"['HH', 'OY', 'B']"
4877,"['HH', 'B', 'AA']",-1,CCV,"['HH', 'AA', 'B']"
4878,"['HH', 'B', 'AY']",-1,CCV,"['B', 'AY', 'HH']"
4879,"['HH', 'B', 'ER']",-1,CCV,"['HH', 'B', 'ER']"
4880,"['HH', 'B', 'AO']",-1,CCV,"['B', 'AO', 'SH']"
4881,"['HH', 'B', 'UW']",-1,CCV,"['B', 'UW', 'HH']"
4882,"['HH', 'B', 'IH']",-1,CCV,"['HH', 'IH', 'B']"
4883,"['HH', 'B', 'EH']",-1,CCV,"['HH', 'EH', 'B']"
4884,"['HH', 'B', 'UH']",-1,CCV,"['HH', 'UH', 'B']"
4885,"['HH', 'B', 'IY']",-1,CCV,"['HH', 'IY', 'B']"
4886,"['HH', 'B', 'EY']",-1,CCV,"['B', 'EY', 'HH']"
4887,"['HH', 'B', 'OW']",-1,CCV,"['HH', 'OW', 'B']"
4888,"['HH', 'B', 'AE']",-1,CCV,"['B', 'AE', 'HH']"
4889,"['HH', 'B', 'AW']",-1,CCV,"['HH', 'AW', 'B']"
4890,"['HH', 'D', 'AH']",-1,CCV,"['HH', 'AH', 'D']"
4891,"['HH', 'D', 'OY']",-1,CCV,"['HH', 'OY', 'D']"
4892,"['HH', 'D', 'AA']",-1,CCV,"['HH', 'AA', 'D']"
4893,"['HH', 'D', 'AY']",-1,CCV,"['HH', 'AY', 'D']"
4894,"['HH', 'D', 'ER']",-1,CCV,"['HH', 'ER', 'D']"
4895,"['HH', 'D', 'AO']",-1,CCV,"['HH', 'AO', 'D']"
4896,"['HH', 'D', 'UW']",-1,CCV,"['HH', 'UW', 'D']"
4897,"['HH', 'D', 'IH']",-1,CCV,"['HH', 'IH', 'D']"
4898,"['HH', 'D', 'EH']",-1,CCV,"['HH', 'EH', 'D']"
4899,"['HH', 'D', 'UH']",-1,CCV,"['HH', 'UH', 'D']"
4900,"['HH', 'D', 'IY']",-1,CCV,"['HH', 'IY', 'D']"
4901,"['HH', 'D', 'EY']",-1,CCV,"['HH', 'EY', 'D']"
4902,"['HH', 'D', 'OW']",-1,CCV,"['HH', 'OW', 'D']"
4903,"['HH', 'D', 'AE']",-1,CCV,"['HH', 'AE', 'D']"
4904,"['HH', 'D', 'AW']",-1,CCV,"['HH', 'AW', 'D']"
4905,"['HH', 'G', 'AH']",-1,CCV,"['HH', 'AH', 'G']"
4906,"['HH', 'G', 'OY']",-1,CCV,"['HH', 'OY', 'G']"
4907,"['HH', 'G', 'AA']",-1,CCV,"['HH', 'AA', 'G']"
4908,"['HH', 'G', 'AY']",-1,CCV,"['G', 'HH', 'AY']"
4909,"['HH', 'G', 'ER']",-1,CCV,"['HH', 'ER', 'G']"
4910,"['HH', 'G', 'AO']",-1,CCV,"['HH', 'AO', 'G']"
4911,"['HH', 'G', 'UW']",-1,CCV,"['HH', 'UW', 'G']"
4912,"['HH', 'G', 'IH']",-1,CCV,"['HH', 'IH', 'G']"
4913,"['HH', 'G', 'EH']",-1,CCV,"['HH', 'EH', 'G']"
4914,"['HH', 'G', 'UH']",-1,CCV,"['HH', 'UH', 'G']"
4915,"['HH', 'G', 'IY']",-1,CCV,"['HH', 'IY', 'NG']"
4916,"['HH', 'G', 'EY']",-1,CCV,"['HH', 'EY', 'G']"
4917,"['HH', 'G', 'OW']",-1,CCV,"['HH', 'OW', 'G']"
4918,"['HH', 'G', 'AE']",-1,CCV,"['HH', 'AE', 'G']"
4919,"['HH', 'G', 'AW']",-1,CCV,"['HH', 'AW', 'G']"
4920,"['HH', 'F', 'AH']",0,CCV,"['F', 'UH', 'K']"
4921,"['HH', 'F', 'OY']",0,CCV,"['F', 'OY', 'L']"
4922,"['HH', 'F', 'AA']",0,CCV,"['F', 'AA', 'L']"
4923,"['HH', 'F', 'AY']",0,CCV,"['HH', 'F', 'AY']"
4924,"['HH', 'F', 'ER']",0,CCV,"['HH', 'F', 'ER']"
4925,"['HH', 'F', 'AO']",0,CCV,"['F', 'ER', 'AO']"
4926,"['HH', 'F', 'UW']",0,CCV,"['F', 'UW', 'HH']"
4927,"['HH', 'F', 'IH']",0,CCV,"['F', 'IH', 'HH']"
4928,"['HH', 'F', 'EH']",0,CCV,"['F', 'EH', 'HH']"
4929,"['HH', 'F', 'UH']",0,CCV,"['F', 'UH', 'L']"
4930,"['HH', 'F', 'IY']",0,CCV,"['HH', 'F', 'IY']"
4931,"['HH', 'F', 'EY']",0,CCV,"['F', 'EY', 'HH']"
4932,"['HH', 'F', 'OW']",0,CCV,"['F', 'OW', 'HH']"
4933,"['HH', 'F', 'AE']",0,CCV,"['F', 'AE', 'HH']"
4934,"['HH', 'F', 'AW']",0,CCV,"['F', 'AW', 'ER']"
4935,"['HH', 'TH', 'AH']",0,CCV,"['TH', 'HH', 'AH']"
4936,"['HH', 'TH', 'OY']",0,CCV,"['TH', 'OY', 'K']"
4937,"['HH', 'TH', 'AA']",0,CCV,"['TH', 'HH', 'AA']"
4938,"['HH', 'TH', 'AY']",0,CCV,"['TH', 'HH', 'AY']"
4939,"['HH', 'TH', 'ER']",0,CCV,"['TH', 'HH', 'ER']"
4940,"['HH', 'TH', 'AO']",0,CCV,"['TH', 'AO', 'HH']"
4941,"['HH', 'TH', 'UW']",0,CCV,"['TH', 'UW', 'HH']"
4942,"['HH', 'TH', 'IH']",0,CCV,"['TH', 'IH', 'HH']"
4943,"['HH', 'TH', 'EH']",0,CCV,"['TH', 'EH', 'HH']"
4944,"['HH', 'TH', 'UH']",0,CCV,"['TH', 'UH', 'K']"
4945,"['HH', 'TH', 'IY']",0,CCV,"['TH', 'HH', 'IY']"
4946,"['HH', 'TH', 'EY']",0,CCV,"['TH', 'EY', 'HH']"
4947,"['HH', 'TH', 'OW']",0,CCV,"['TH', 'OW', 'HH']"
4948,"['HH', 'TH', 'AE']",0,CCV,"['TH', 'AE', 'HH']"
4949,"['HH', 'TH', 'AW']",0,CCV,"['TH', 'AW', '<EOS>']"
4950,"['HH', 'S', 'AH']",0,CCV,"['HH', 'AH', 'S']"
4951,"['HH', 'S', 'OY']",0,CCV,"['HH', 'OY', 'EH']"
4952,"['HH', 'S', 'AA']",0,CCV,"['HH', 'AA', 'S']"
4953,"['HH', 'S', 'AY']",0,CCV,"['HH', 'AY', 'S']"
4954,"['HH', 'S', 'ER']",0,CCV,"['HH', 'ER', 'S']"
4955,"['HH', 'S', 'AO']",0,CCV,"['HH', 'AO', 'R']"
4956,"['HH', 'S', 'UW']",0,CCV,"['HH', 'UW', 'S']"
4957,"['HH', 'S', 'IH']",0,CCV,"['HH', 'IH', 'S']"
4958,"['HH', 'S', 'EH']",0,CCV,"['HH', 'EH', 'S']"
4959,"['HH', 'S', 'UH']",0,CCV,"['HH', 'UH', 'S']"
4960,"['HH', 'S', 'IY']",0,CCV,"['HH', 'IY', 'S']"
4961,"['HH', 'S', 'EY']",0,CCV,"['HH', 'EY', 'S']"
4962,"['HH', 'S', 'OW']",0,CCV,"['HH', 'OW', 'S']"
4963,"['HH', 'S', 'AE']",0,CCV,"['HH', 'AE', 'DH']"
4964,"['HH', 'S', 'AW']",0,CCV,"['HH', 'AW', 'S']"
4965,"['HH', 'SH', 'AH']",0,CCV,"['HH', 'SH', 'AH']"
4966,"['HH', 'SH', 'OY']",0,CCV,"['HH', 'SH', 'OY']"
4967,"['HH', 'SH', 'AA']",0,CCV,"['HH', 'SH', 'AA']"
4968,"['HH', 'SH', 'AY']",0,CCV,"['HH', 'AY', 'SH']"
4969,"['HH', 'SH', 'ER']",0,CCV,"['HH', 'SH', 'ER']"
4970,"['HH', 'SH', 'AO']",0,CCV,"['HH', 'SH', 'AO']"
4971,"['HH', 'SH', 'UW']",0,CCV,"['HH', 'SH', 'UW']"
4972,"['HH', 'SH', 'IH']",0,CCV,"['HH', 'SH', 'IH']"
4973,"['HH', 'SH', 'EH']",0,CCV,"['HH', 'SH', 'EH']"
4974,"['HH', 'SH', 'UH']",0,CCV,"['HH', 'UH', 'SH']"
4975,"['HH', 'SH', 'IY']",0,CCV,"['HH', 'SH', 'IY']"
4976,"['HH', 'SH', 'EY']",0,CCV,"['HH', 'SH', 'EY']"
4977,"['HH', 'SH', 'OW']",0,CCV,"['HH', 'SH', 'OW']"
4978,"['HH', 'SH', 'AE']",0,CCV,"['HH', 'AE', 'SH']"
4979,"['HH', 'SH', 'AW']",0,CCV,"['HH', 'AW', 'SH']"
4980,"['HH', 'Z', 'AH']",0,CCV,"['HH', 'AH', 'Z']"
4981,"['HH', 'Z', 'OY']",0,CCV,"['HH', 'AW', 'Z']"
4982,"['HH', 'Z', 'AA']",0,CCV,"['HH', 'AA', 'Z']"
4983,"['HH', 'Z', 'AY']",0,CCV,"['HH', 'AY', 'Z']"
4984,"['HH', 'Z', 'ER']",0,CCV,"['HH', 'Z', 'ER']"
4985,"['HH', 'Z', 'AO']",0,CCV,"['HH', 'AO', 'Z']"
4986,"['HH', 'Z', 'UW']",0,CCV,"['HH', 'UW', 'Z']"
4987,"['HH', 'Z', 'IH']",0,CCV,"['HH', 'IH', 'Z']"
4988,"['HH', 'Z', 'EH']",0,CCV,"['HH', 'EH', 'Z']"
4989,"['HH', 'Z', 'UH']",0,CCV,"['HH', 'UH', 'Z']"
4990,"['HH', 'Z', 'IY']",0,CCV,"['HH', 'IY', 'Z']"
4991,"['HH', 'Z', 'EY']",0,CCV,"['HH', 'EY', 'Z']"
4992,"['HH', 'Z', 'OW']",0,CCV,"['HH', 'OW', 'Z']"
4993,"['HH', 'Z', 'AE']",0,CCV,"['HH', 'AE', 'Z']"
4994,"['HH', 'Z', 'AW']",0,CCV,"['HH', 'AW', 'Z']"
4995,"['HH', 'ZH', 'AH']",0,CCV,"['HH', 'ZH', 'ZH']"
4996,"['HH', 'ZH', 'OY']",0,CCV,"['HH', 'OY', 'ZH']"
4997,"['HH', 'ZH', 'AA']",0,CCV,"['HH', 'ZH', 'AA']"
4998,"['HH', 'ZH', 'AY']",0,CCV,"['HH', 'AY', 'ZH']"
4999,"['HH', 'ZH', 'ER']",0,CCV,"['HH', 'ZH', 'ER']"
5000,"['HH', 'ZH', 'AO']",0,CCV,"['HH', 'AY', 'N']"
5001,"['HH', 'ZH', 'UW']",0,CCV,"['HH', 'UW', 'ZH']"
5002,"['HH', 'ZH', 'IH']",0,CCV,"['HH', 'ZH', 'IH']"
5003,"['HH', 'ZH', 'EH']",0,CCV,"['HH', 'ZH', 'EH']"
5004,"['HH', 'ZH', 'UH']",0,CCV,"['HH', 'ZH', 'UH']"
5005,"['HH', 'ZH', 'IY']",0,CCV,"['HH', 'ZH', 'IY']"
5006,"['HH', 'ZH', 'EY']",0,CCV,"['HH', 'ZH', 'EY']"
5007,"['HH', 'ZH', 'OW']",0,CCV,"['HH', 'ZH', 'OW']"
5008,"['HH', 'ZH', 'AE']",0,CCV,"['HH', 'AE', 'ZH']"
5009,"['HH', 'ZH', 'AW']",0,CCV,"['HH', 'AW', 'ZH']"
5010,"['HH', 'V', 'AH']",0,CCV,"['HH', 'V', 'AH']"
5011,"['HH', 'V', 'OY']",0,CCV,"['HH', 'AW', 'OY']"
5012,"['HH', 'V', 'AA']",0,CCV,"['HH', 'AA', 'V']"
5013,"['HH', 'V', 'AY']",0,CCV,"['HH', 'AY', 'V']"
5014,"['HH', 'V', 'ER']",0,CCV,"['HH', 'ER', 'V']"
5015,"['HH', 'V', 'AO']",0,CCV,"['HH', 'AO', 'V']"
5016,"['HH', 'V', 'UW']",0,CCV,"['HH', 'UW', 'V']"
5017,"['HH', 'V', 'IH']",0,CCV,"['HH', 'V', 'IH']"
5018,"['HH', 'V', 'EH']",0,CCV,"['HH', 'EH', 'V']"
5019,"['HH', 'V', 'UH']",0,CCV,"['HH', 'UH', 'V']"
5020,"['HH', 'V', 'IY']",0,CCV,"['HH', 'IY', 'V']"
5021,"['HH', 'V', 'EY']",0,CCV,"['HH', 'EY', 'V']"
5022,"['HH', 'V', 'OW']",0,CCV,"['HH', 'OW', 'V']"
5023,"['HH', 'V', 'AE']",0,CCV,"['HH', 'AE', 'V']"
5024,"['HH', 'V', 'AW']",0,CCV,"['HH', 'AW', 'V']"
5025,"['HH', 'DH', 'AH']",0,CCV,"['DH', 'HH', 'AH']"
5026,"['HH', 'DH', 'OY']",0,CCV,"['HH', 'OY', 'DH']"
5027,"['HH', 'DH', 'AA']",0,CCV,"['HH', 'DH', 'AA']"
5028,"['HH', 'DH', 'AY']",0,CCV,"['HH', 'AY', 'DH']"
5029,"['HH', 'DH', 'ER']",0,CCV,"['HH', 'ER', 'DH']"
5030,"['HH', 'DH', 'AO']",0,CCV,"['DH', 'HH', 'AO']"
5031,"['HH', 'DH', 'UW']",0,CCV,"['DH', 'HH', 'UW']"
5032,"['HH', 'DH', 'IH']",0,CCV,"['HH', 'DH', 'IH']"
5033,"['HH', 'DH', 'EH']",0,CCV,"['DH', 'HH', 'EH']"
5034,"['HH', 'DH', 'UH']",0,CCV,"['DH', 'HH', 'UH']"
5035,"['HH', 'DH', 'IY']",0,CCV,"['HH', 'DH', 'IY']"
5036,"['HH', 'DH', 'EY']",0,CCV,"['HH', 'EY', 'DH']"
5037,"['HH', 'DH', 'OW']",0,CCV,"['HH', 'DH', 'OW']"
5038,"['HH', 'DH', 'AE']",0,CCV,"['DH', 'HH', 'AE']"
5039,"['HH', 'DH', 'AW']",0,CCV,"['DH', 'HH', 'AW']"
5040,"['HH', 'CH', 'AH']",1,CCV,"['HH', 'UH', 'CH']"
5041,"['HH', 'CH', 'OY']",1,CCV,"['HH', 'OY', 'CH']"
5042,"['HH', 'CH', 'AA']",1,CCV,"['HH', 'AE', 'CH']"
5043,"['HH', 'CH', 'AY']",1,CCV,"['HH', 'AY', 'CH']"
5044,"['HH', 'CH', 'ER']",1,CCV,"['HH', 'CH', 'ER']"
5045,"['HH', 'CH', 'AO']",1,CCV,"['HH', 'CH', '<EOS>']"
5046,"['HH', 'CH', 'UW']",1,CCV,"['HH', 'UW', 'CH']"
5047,"['HH', 'CH', 'IH']",1,CCV,"['HH', 'IH', 'CH']"
5048,"['HH', 'CH', 'EH']",1,CCV,"['HH', 'EH', 'CH']"
5049,"['HH', 'CH', 'UH']",1,CCV,"['HH', 'UH', 'CH']"
5050,"['HH', 'CH', 'IY']",1,CCV,"['HH', 'UH', 'CH']"
5051,"['HH', 'CH', 'EY']",1,CCV,"['HH', 'EY', 'CH']"
5052,"['HH', 'CH', 'OW']",1,CCV,"['HH', 'OW', 'CH']"
5053,"['HH', 'CH', 'AE']",1,CCV,"['HH', 'AE', 'CH']"
5054,"['HH', 'CH', 'AW']",1,CCV,"['HH', 'AW', 'CH']"
5055,"['HH', 'JH', 'AH']",1,CCV,"['HH', 'AH', 'JH']"
5056,"['HH', 'JH', 'OY']",1,CCV,"['HH', 'OY', 'JH']"
5057,"['HH', 'JH', 'AA']",1,CCV,"['HH', 'AA', 'JH']"
5058,"['HH', 'JH', 'AY']",1,CCV,"['HH', 'AY', 'JH']"
5059,"['HH', 'JH', 'ER']",1,CCV,"['HH', 'ER', 'JH']"
5060,"['HH', 'JH', 'AO']",1,CCV,"['HH', 'AO', 'JH']"
5061,"['HH', 'JH', 'UW']",1,CCV,"['HH', 'UW', 'JH']"
5062,"['HH', 'JH', 'IH']",1,CCV,"['HH', 'IH', 'JH']"
5063,"['HH', 'JH', 'EH']",1,CCV,"['HH', 'EH', 'JH']"
5064,"['HH', 'JH', 'UH']",1,CCV,"['HH', 'UH', 'JH']"
5065,"['HH', 'JH', 'IY']",1,CCV,"['HH', 'IY', 'JH']"
5066,"['HH', 'JH', 'EY']",1,CCV,"['HH', 'EY', 'JH']"
5067,"['HH', 'JH', 'OW']",1,CCV,"['HH', 'OW', 'JH']"
5068,"['HH', 'JH', 'AE']",1,CCV,"['HH', 'AE', 'JH']"
5069,"['HH', 'JH', 'AW']",1,CCV,"['HH', 'AW', 'JH']"
5070,"['HH', 'M', 'AH']",2,CCV,"['HH', 'M', 'AH']"
5071,"['HH', 'M', 'OY']",2,CCV,"['HH', 'OY', 'M']"
5072,"['HH', 'M', 'AA']",2,CCV,"['HH', 'AA', 'M']"
5073,"['HH', 'M', 'AY']",2,CCV,"['HH', 'AY', 'M']"
5074,"['HH', 'M', 'ER']",2,CCV,"['HH', 'ER', 'M']"
5075,"['HH', 'M', 'AO']",2,CCV,"['HH', 'AO', 'M']"
5076,"['HH', 'M', 'UW']",2,CCV,"['HH', 'UW', 'M']"
5077,"['HH', 'M', 'IH']",2,CCV,"['HH', 'IH', 'M']"
5078,"['HH', 'M', 'EH']",2,CCV,"['HH', 'M', 'EH']"
5079,"['HH', 'M', 'UH']",2,CCV,"['HH', 'UH', 'M']"
5080,"['HH', 'M', 'IY']",2,CCV,"['HH', 'IY', 'M']"
5081,"['HH', 'M', 'EY']",2,CCV,"['HH', 'EY', 'M']"
5082,"['HH', 'M', 'OW']",2,CCV,"['HH', 'OW', 'M']"
5083,"['HH', 'M', 'AE']",2,CCV,"['HH', 'AE', 'M']"
5084,"['HH', 'M', 'AW']",2,CCV,"['HH', 'AW', 'M']"
5085,"['HH', 'N', 'AH']",2,CCV,"['HH', 'AH', 'N']"
5086,"['HH', 'N', 'OY']",2,CCV,"['HH', 'OY', 'N']"
5087,"['HH', 'N', 'AA']",2,CCV,"['HH', 'AA', 'N']"
5088,"['HH', 'N', 'AY']",2,CCV,"['HH', 'AY', 'N']"
5089,"['HH', 'N', 'ER']",2,CCV,"['HH', 'ER', 'N']"
5090,"['HH', 'N', 'AO']",2,CCV,"['HH', 'AO', 'N']"
5091,"['HH', 'N', 'UW']",2,CCV,"['HH', 'UW', 'N']"
5092,"['HH', 'N', 'IH']",2,CCV,"['HH', 'IH', 'N']"
5093,"['HH', 'N', 'EH']",2,CCV,"['HH', 'EH', 'N']"
5094,"['HH', 'N', 'UH']",2,CCV,"['HH', 'UH', 'N']"
5095,"['HH', 'N', 'IY']",2,CCV,"['HH', 'IY', 'N']"
5096,"['HH', 'N', 'EY']",2,CCV,"['HH', 'EY', 'N']"
5097,"['HH', 'N', 'OW']",2,CCV,"['HH', 'OW', 'N']"
5098,"['HH', 'N', 'AE']",2,CCV,"['HH', 'AE', 'N']"
5099,"['HH', 'N', 'AW']",2,CCV,"['HH', 'AW', 'N']"
5100,"['HH', 'NG', 'AH']",2,CCV,"['HH', 'AH', 'NG']"
5101,"['HH', 'NG', 'OY']",2,CCV,"['HH', 'EH', 'NG']"
5102,"['HH', 'NG', 'AA']",2,CCV,"['HH', 'AA', 'NG']"
5103,"['HH', 'NG', 'AY']",2,CCV,"['HH', 'AY', 'NG']"
5104,"['HH', 'NG', 'ER']",2,CCV,"['HH', 'ER', 'NG']"
5105,"['HH', 'NG', 'AO']",2,CCV,"['HH', 'AO', 'NG']"
5106,"['HH', 'NG', 'UW']",2,CCV,"['NG', 'NG', '<EOS>']"
5107,"['HH', 'NG', 'IH']",2,CCV,"['HH', 'IH', 'NG']"
5108,"['HH', 'NG', 'EH']",2,CCV,"['HH', 'EH', 'NG']"
5109,"['HH', 'NG', 'UH']",2,CCV,"['HH', 'UH', 'NG']"
5110,"['HH', 'NG', 'IY']",2,CCV,"['HH', 'IY', 'NG']"
5111,"['HH', 'NG', 'EY']",2,CCV,"['HH', 'EY', 'NG']"
5112,"['HH', 'NG', 'OW']",2,CCV,"['HH', 'OW', 'NG']"
5113,"['HH', 'NG', 'AE']",2,CCV,"['HH', 'AE', 'NG']"
5114,"['HH', 'NG', 'AW']",2,CCV,"['HH', 'AW', 'NG']"
5115,"['HH', 'L', 'AH']",3,CCV,"['HH', 'L', 'AH']"
5116,"['HH', 'L', 'OY']",3,CCV,"['HH', 'L', 'OY']"
5117,"['HH', 'L', 'AA']",3,CCV,"['HH', 'L', 'AA']"
5118,"['HH', 'L', 'AY']",3,CCV,"['HH', 'L', 'AY']"
5119,"['HH', 'L', 'ER']",3,CCV,"['HH', 'L', 'ER']"
5120,"['HH', 'L', 'AO']",3,CCV,"['HH', 'AO', 'L']"
5121,"['HH', 'L', 'UW']",3,CCV,"['HH', 'L', 'UW']"
5122,"['HH', 'L', 'IH']",3,CCV,"['HH', 'IH', 'L']"
5123,"['HH', 'L', 'EH']",3,CCV,"['HH', 'L', 'EH']"
5124,"['HH', 'L', 'UH']",3,CCV,"['HH', 'L', 'UH']"
5125,"['HH', 'L', 'IY']",3,CCV,"['HH', 'L', 'IY']"
5126,"['HH', 'L', 'EY']",3,CCV,"['HH', 'L', 'EY']"
5127,"['HH', 'L', 'OW']",3,CCV,"['HH', 'OW', 'L']"
5128,"['HH', 'L', 'AE']",3,CCV,"['HH', 'AE', 'L']"
5129,"['HH', 'L', 'AW']",3,CCV,"['HH', 'L', 'AW']"
5130,"['HH', 'R', 'AH']",3,CCV,"['HH', 'R', 'AH']"
5131,"['HH', 'R', 'OY']",3,CCV,"['HH', 'R', 'OY']"
5132,"['HH', 'R', 'AA']",3,CCV,"['HH', 'R', 'AA']"
5133,"['HH', 'R', 'AY']",3,CCV,"['HH', 'R', 'AY']"
5134,"['HH', 'R', 'ER']",3,CCV,"['HH', 'R', 'ER']"
5135,"['HH', 'R', 'AO']",3,CCV,"['HH', 'R', 'AO']"
5136,"['HH', 'R', 'UW']",3,CCV,"['HH', 'R', 'UW']"
5137,"['HH', 'R', 'IH']",3,CCV,"['HH', 'R', 'IH']"
5138,"['HH', 'R', 'EH']",3,CCV,"['HH', 'R', 'EH']"
5139,"['HH', 'R', 'UH']",3,CCV,"['HH', 'UH', 'R']"
5140,"['HH', 'R', 'IY']",3,CCV,"['HH', 'R', 'IY']"
5141,"['HH', 'R', 'EY']",3,CCV,"['HH', 'R', 'EY']"
5142,"['HH', 'R', 'OW']",3,CCV,"['HH', 'R', 'OW']"
5143,"['HH', 'R', 'AE']",3,CCV,"['HH', 'R', 'AE']"
5144,"['HH', 'R', 'AW']",3,CCV,"['HH', 'R', 'AW']"
5145,"['HH', 'W', 'AH']",4,CCV,"['HH', 'W', 'AH']"
5146,"['HH', 'W', 'OY']",4,CCV,"['HH', 'W', 'OY']"
5147,"['HH', 'W', 'AA']",4,CCV,"['HH', 'W', 'AA']"
5148,"['HH', 'W', 'AY']",4,CCV,"['HH', 'W', 'AY']"
5149,"['HH', 'W', 'ER']",4,CCV,"['HH', 'W', 'ER']"
5150,"['HH', 'W', 'AO']",4,CCV,"['HH', 'W', 'AO']"
5151,"['HH', 'W', 'UW']",4,CCV,"['HH', 'W', 'UW']"
5152,"['HH', 'W', 'IH']",4,CCV,"['HH', 'W', 'IH']"
5153,"['HH', 'W', 'EH']",4,CCV,"['HH', 'W', 'EH']"
5154,"['HH', 'W', 'UH']",4,CCV,"['HH', 'UH', 'W']"
5155,"['HH', 'W', 'IY']",4,CCV,"['HH', 'W', 'IY']"
5156,"['HH', 'W', 'EY']",4,CCV,"['HH', 'W', 'EY']"
5157,"['HH', 'W', 'OW']",4,CCV,"['HH', 'W', 'OW']"
5158,"['HH', 'W', 'AE']",4,CCV,"['HH', 'W', 'AE']"
5159,"['HH', 'W', 'AW']",4,CCV,"['HH', 'W', 'AW']"
5160,"['HH', 'Y', 'AH']",4,CCV,"['HH', 'Y', 'AH']"
5161,"['HH', 'Y', 'OY']",4,CCV,"['HH', 'Y', 'OY']"
5162,"['HH', 'Y', 'AA']",4,CCV,"['HH', 'Y', 'AA']"
5163,"['HH', 'Y', 'AY']",4,CCV,"['HH', 'Y', 'AY']"
5164,"['HH', 'Y', 'ER']",4,CCV,"['HH', 'Y', 'ER']"
5165,"['HH', 'Y', 'AO']",4,CCV,"['HH', 'Y', 'AO']"
5166,"['HH', 'Y', 'UW']",4,CCV,"['HH', 'Y', 'UW']"
5167,"['HH', 'Y', 'IH']",4,CCV,"['HH', 'Y', 'IH']"
5168,"['HH', 'Y', 'EH']",4,CCV,"['HH', 'Y', 'EH']"
5169,"['HH', 'Y', 'UH']",4,CCV,"['HH', 'Y', 'UH']"
5170,"['HH', 'Y', 'IY']",4,CCV,"['HH', 'Y', 'IY']"
5171,"['HH', 'Y', 'EY']",4,CCV,"['HH', 'Y', 'EY']"
5172,"['HH', 'Y', 'OW']",4,CCV,"['HH', 'Y', 'OW']"
5173,"['HH', 'Y', 'AE']",4,CCV,"['HH', 'Y', 'AE']"
5174,"['HH', 'Y', 'AW']",4,CCV,"['HH', 'Y', 'AW']"
5175,"['CH', 'P', 'AH']",-2,CCV,"['CH', 'P', 'AH']"
5176,"['CH', 'P', 'OY']",-2,CCV,"['CH', 'OY', 'P']"
5177,"['CH', 'P', 'AA']",-2,CCV,"['CH', 'P', 'AA']"
5178,"['CH', 'P', 'AY']",-2,CCV,"['CH', 'AY', 'P']"
5179,"['CH', 'P', 'ER']",-2,CCV,"['CH', 'ER', 'P']"
5180,"['CH', 'P', 'AO']",-2,CCV,"['CH', 'P', 'AO']"
5181,"['CH', 'P', 'UW']",-2,CCV,"['CH', 'UW', 'IH']"
5182,"['CH', 'P', 'IH']",-2,CCV,"['CH', 'IH', 'IH']"
5183,"['CH', 'P', 'EH']",-2,CCV,"['CH', 'EH', 'IH']"
5184,"['CH', 'P', 'UH']",-2,CCV,"['CH', 'UH', 'P']"
5185,"['CH', 'P', 'IY']",-2,CCV,"['CH', 'IY', 'P']"
5186,"['CH', 'P', 'EY']",-2,CCV,"['CH', 'EY', 'P']"
5187,"['CH', 'P', 'OW']",-2,CCV,"['CH', 'OW', 'P']"
5188,"['CH', 'P', 'AE']",-2,CCV,"['CH', 'AE', 'IH']"
5189,"['CH', 'P', 'AW']",-2,CCV,"['CH', 'AW', 'AW']"
5190,"['CH', 'T', 'AH']",-2,CCV,"['CH', 'T', 'AH']"
5191,"['CH', 'T', 'OY']",-2,CCV,"['CH', 'OY', 'T']"
5192,"['CH', 'T', 'AA']",-2,CCV,"['T', 'CH', 'AA']"
5193,"['CH', 'T', 'AY']",-2,CCV,"['CH', 'AY', 'T']"
5194,"['CH', 'T', 'ER']",-2,CCV,"['CH', 'ER', 'T']"
5195,"['CH', 'T', 'AO']",-2,CCV,"['T', 'CH', 'AO']"
5196,"['CH', 'T', 'UW']",-2,CCV,"['CH', 'UW', 'T']"
5197,"['CH', 'T', 'IH']",-2,CCV,"['CH', 'IH', 'T']"
5198,"['CH', 'T', 'EH']",-2,CCV,"['CH', 'EH', 'T']"
5199,"['CH', 'T', 'UH']",-2,CCV,"['CH', 'UH', 'T']"
5200,"['CH', 'T', 'IY']",-2,CCV,"['CH', 'IY', 'T']"
5201,"['CH', 'T', 'EY']",-2,CCV,"['CH', 'EY', 'T']"
5202,"['CH', 'T', 'OW']",-2,CCV,"['CH', 'T', 'OW']"
5203,"['CH', 'T', 'AE']",-2,CCV,"['CH', 'AE', 'T']"
5204,"['CH', 'T', 'AW']",-2,CCV,"['T', 'CH', 'AW']"
5205,"['CH', 'K', 'AH']",-2,CCV,"['CH', 'K', 'AH']"
5206,"['CH', 'K', 'OY']",-2,CCV,"['CH', 'K', 'OY']"
5207,"['CH', 'K', 'AA']",-2,CCV,"['CH', 'K', 'AA']"
5208,"['CH', 'K', 'AY']",-2,CCV,"['CH', 'K', 'AY']"
5209,"['CH', 'K', 'ER']",-2,CCV,"['CH', 'K', 'ER']"
5210,"['CH', 'K', 'AO']",-2,CCV,"['CH', 'K', 'AO']"
5211,"['CH', 'K', 'UW']",-2,CCV,"['CH', 'UW', 'K']"
5212,"['CH', 'K', 'IH']",-2,CCV,"['CH', 'K', 'IH']"
5213,"['CH', 'K', 'EH']",-2,CCV,"['CH', 'EH', 'K']"
5214,"['CH', 'K', 'UH']",-2,CCV,"['CH', 'UH', 'K']"
5215,"['CH', 'K', 'IY']",-2,CCV,"['CH', 'K', 'IY']"
5216,"['CH', 'K', 'EY']",-2,CCV,"['CH', 'K', 'EY']"
5217,"['CH', 'K', 'OW']",-2,CCV,"['CH', 'K', 'OW']"
5218,"['CH', 'K', 'AE']",-2,CCV,"['CH', 'K', 'AE']"
5219,"['CH', 'K', 'AW']",-2,CCV,"['CH', 'K', 'AW']"
5220,"['CH', 'B', 'AH']",-2,CCV,"['CH', 'AH', 'B']"
5221,"['CH', 'B', 'OY']",-2,CCV,"['CH', 'OY', 'K']"
5222,"['CH', 'B', 'AA']",-2,CCV,"['CH', 'B', 'AA']"
5223,"['CH', 'B', 'AY']",-2,CCV,"['CH', 'AY', 'B']"
5224,"['CH', 'B', 'ER']",-2,CCV,"['CH', 'B', 'ER']"
5225,"['CH', 'B', 'AO']",-2,CCV,"['CH', 'IH', 'L']"
5226,"['CH', 'B', 'UW']",-2,CCV,"['CH', 'UW', 'SH']"
5227,"['CH', 'B', 'IH']",-2,CCV,"['CH', 'IH', 'B']"
5228,"['CH', 'B', 'EH']",-2,CCV,"['CH', 'EH', 'B']"
5229,"['CH', 'B', 'UH']",-2,CCV,"['CH', 'UH', 'B']"
5230,"['CH', 'B', 'IY']",-2,CCV,"['CH', 'IY', 'B']"
5231,"['CH', 'B', 'EY']",-2,CCV,"['CH', 'EY', 'B']"
5232,"['CH', 'B', 'OW']",-2,CCV,"['CH', 'OW', 'B']"
5233,"['CH', 'B', 'AE']",-2,CCV,"['CH', 'AE', 'B']"
5234,"['CH', 'B', 'AW']",-2,CCV,"['CH', 'AW', 'DH']"
5235,"['CH', 'D', 'AH']",-2,CCV,"['CH', 'AH', 'D']"
5236,"['CH', 'D', 'OY']",-2,CCV,"['CH', 'OY', 'D']"
5237,"['CH', 'D', 'AA']",-2,CCV,"['CH', 'D', 'AA']"
5238,"['CH', 'D', 'AY']",-2,CCV,"['CH', 'AY', 'D']"
5239,"['CH', 'D', 'ER']",-2,CCV,"['CH', 'ER', 'D']"
5240,"['CH', 'D', 'AO']",-2,CCV,"['CH', 'D', 'AO']"
5241,"['CH', 'D', 'UW']",-2,CCV,"['CH', 'UW', 'D']"
5242,"['CH', 'D', 'IH']",-2,CCV,"['CH', 'IH', 'D']"
5243,"['CH', 'D', 'EH']",-2,CCV,"['CH', 'EH', 'D']"
5244,"['CH', 'D', 'UH']",-2,CCV,"['CH', 'UH', 'D']"
5245,"['CH', 'D', 'IY']",-2,CCV,"['CH', 'IH', 'D']"
5246,"['CH', 'D', 'EY']",-2,CCV,"['CH', 'EY', 'D']"
5247,"['CH', 'D', 'OW']",-2,CCV,"['CH', 'OW', 'D']"
5248,"['CH', 'D', 'AE']",-2,CCV,"['CH', 'AE', 'D']"
5249,"['CH', 'D', 'AW']",-2,CCV,"['CH', 'AW', 'D']"
5250,"['CH', 'G', 'AH']",-2,CCV,"['CH', 'AH', 'G']"
5251,"['CH', 'G', 'OY']",-2,CCV,"['CH', 'OY', 'G']"
5252,"['CH', 'G', 'AA']",-2,CCV,"['CH', 'G', 'AA']"
5253,"['CH', 'G', 'AY']",-2,CCV,"['CH', 'AY', 'G']"
5254,"['CH', 'G', 'ER']",-2,CCV,"['CH', 'ER', 'G']"
5255,"['CH', 'G', 'AO']",-2,CCV,"['CH', 'IH', 'M']"
5256,"['CH', 'G', 'UW']",-2,CCV,"['CH', 'UW', 'G']"
5257,"['CH', 'G', 'IH']",-2,CCV,"['CH', 'IH', 'G']"
5258,"['CH', 'G', 'EH']",-2,CCV,"['CH', 'EH', 'G']"
5259,"['CH', 'G', 'UH']",-2,CCV,"['CH', 'UH', 'M']"
5260,"['CH', 'G', 'IY']",-2,CCV,"['CH', 'IY', 'NG']"
5261,"['CH', 'G', 'EY']",-2,CCV,"['CH', 'EY', 'G']"
5262,"['CH', 'G', 'OW']",-2,CCV,"['CH', 'G', 'OW']"
5263,"['CH', 'G', 'AE']",-2,CCV,"['CH', 'AE', 'G']"
5264,"['CH', 'G', 'AW']",-2,CCV,"['CH', 'AW', 'G']"
5265,"['CH', 'F', 'AH']",-1,CCV,"['CH', 'AH', 'F']"
5266,"['CH', 'F', 'OY']",-1,CCV,"['CH', 'OY', 'F']"
5267,"['CH', 'F', 'AA']",-1,CCV,"['CH', 'F', 'AA']"
5268,"['CH', 'F', 'AY']",-1,CCV,"['CH', 'AY', 'F']"
5269,"['CH', 'F', 'ER']",-1,CCV,"['CH', 'ER', 'F']"
5270,"['CH', 'F', 'AO']",-1,CCV,"['CH', 'F', 'AO']"
5271,"['CH', 'F', 'UW']",-1,CCV,"['CH', 'UW', 'F']"
5272,"['CH', 'F', 'IH']",-1,CCV,"['CH', 'F', 'IH']"
5273,"['CH', 'F', 'EH']",-1,CCV,"['CH', 'F', 'EH']"
5274,"['CH', 'F', 'UH']",-1,CCV,"['CH', 'UH', 'F']"
5275,"['CH', 'F', 'IY']",-1,CCV,"['CH', 'F', 'IY']"
5276,"['CH', 'F', 'EY']",-1,CCV,"['CH', 'EY', 'F']"
5277,"['CH', 'F', 'OW']",-1,CCV,"['CH', 'F', 'OW']"
5278,"['CH', 'F', 'AE']",-1,CCV,"['CH', 'AE', 'F']"
5279,"['CH', 'F', 'AW']",-1,CCV,"['CH', 'AW', 'F']"
5280,"['CH', 'TH', 'AH']",-1,CCV,"['CH', 'IH', 'TH']"
5281,"['CH', 'TH', 'OY']",-1,CCV,"['CH', 'OY', 'TH']"
5282,"['CH', 'TH', 'AA']",-1,CCV,"['CH', 'TH', 'AA']"
5283,"['CH', 'TH', 'AY']",-1,CCV,"['CH', 'AY', 'TH']"
5284,"['CH', 'TH', 'ER']",-1,CCV,"['CH', 'ER', 'TH']"
5285,"['CH', 'TH', 'AO']",-1,CCV,"['CH', 'IH', 'AO']"
5286,"['CH', 'TH', 'UW']",-1,CCV,"['CH', 'UW', 'IH']"
5287,"['CH', 'TH', 'IH']",-1,CCV,"['CH', 'IH', 'TH']"
5288,"['CH', 'TH', 'EH']",-1,CCV,"['CH', 'TH', 'EH']"
5289,"['CH', 'TH', 'UH']",-1,CCV,"['CH', 'UH', 'TH']"
5290,"['CH', 'TH', 'IY']",-1,CCV,"['CH', 'IH', 'SH']"
5291,"['CH', 'TH', 'EY']",-1,CCV,"['CH', 'EY', 'TH']"
5292,"['CH', 'TH', 'OW']",-1,CCV,"['CH', 'OW', 'TH']"
5293,"['CH', 'TH', 'AE']",-1,CCV,"['CH', 'AE', 'TH']"
5294,"['CH', 'TH', 'AW']",-1,CCV,"['CH', 'AW', 'IH']"
5295,"['CH', 'S', 'AH']",-1,CCV,"['CH', 'AH', 'S']"
5296,"['CH', 'S', 'OY']",-1,CCV,"['CH', 'OY', 'S']"
5297,"['CH', 'S', 'AA']",-1,CCV,"['CH', 'S', 'AA']"
5298,"['CH', 'S', 'AY']",-1,CCV,"['CH', 'AY', 'S']"
5299,"['CH', 'S', 'ER']",-1,CCV,"['CH', 'ER', 'S']"
5300,"['CH', 'S', 'AO']",-1,CCV,"['CH', 'S', 'AO']"
5301,"['CH', 'S', 'UW']",-1,CCV,"['CH', 'UW', 'S']"
5302,"['CH', 'S', 'IH']",-1,CCV,"['CH', 'IH', 'S']"
5303,"['CH', 'S', 'EH']",-1,CCV,"['CH', 'EH', 'S']"
5304,"['CH', 'S', 'UH']",-1,CCV,"['CH', 'UH', 'S']"
5305,"['CH', 'S', 'IY']",-1,CCV,"['CH', 'IH', 'DH']"
5306,"['CH', 'S', 'EY']",-1,CCV,"['CH', 'EY', 'S']"
5307,"['CH', 'S', 'OW']",-1,CCV,"['CH', 'OW', 'S']"
5308,"['CH', 'S', 'AE']",-1,CCV,"['CH', 'AE', 'S']"
5309,"['CH', 'S', 'AW']",-1,CCV,"['CH', 'AW', 'S']"
5310,"['CH', 'SH', 'AH']",-1,CCV,"['CH', 'SH', 'AH']"
5311,"['CH', 'SH', 'OY']",-1,CCV,"['CH', 'OY', 'SH']"
5312,"['CH', 'SH', 'AA']",-1,CCV,"['CH', 'SH', 'AA']"
5313,"['CH', 'SH', 'AY']",-1,CCV,"['CH', 'AY', 'SH']"
5314,"['CH', 'SH', 'ER']",-1,CCV,"['CH', 'ER', 'SH']"
5315,"['CH', 'SH', 'AO']",-1,CCV,"['CH', 'SH', 'AO']"
5316,"['CH', 'SH', 'UW']",-1,CCV,"['CH', 'UW', 'SH']"
5317,"['CH', 'SH', 'IH']",-1,CCV,"['CH', 'SH', 'IH']"
5318,"['CH', 'SH', 'EH']",-1,CCV,"['CH', 'SH', 'EH']"
5319,"['CH', 'SH', 'UH']",-1,CCV,"['CH', 'UH', 'SH']"
5320,"['CH', 'SH', 'IY']",-1,CCV,"['CH', 'SH', 'IY']"
5321,"['CH', 'SH', 'EY']",-1,CCV,"['CH', 'EY', 'SH']"
5322,"['CH', 'SH', 'OW']",-1,CCV,"['CH', 'SH', 'OW']"
5323,"['CH', 'SH', 'AE']",-1,CCV,"['CH', 'SH', 'AE']"
5324,"['CH', 'SH', 'AW']",-1,CCV,"['CH', 'AW', 'SH']"
5325,"['CH', 'Z', 'AH']",-1,CCV,"['CH', 'AH', 'Z']"
5326,"['CH', 'Z', 'OY']",-1,CCV,"['CH', 'EH', 'Z']"
5327,"['CH', 'Z', 'AA']",-1,CCV,"['CH', 'AA', 'Z']"
5328,"['CH', 'Z', 'AY']",-1,CCV,"['CH', 'AY', 'Z']"
5329,"['CH', 'Z', 'ER']",-1,CCV,"['CH', 'ER', 'Z']"
5330,"['CH', 'Z', 'AO']",-1,CCV,"['CH', 'IH', 'Z']"
5331,"['CH', 'Z', 'UW']",-1,CCV,"['CH', 'UW', 'Z']"
5332,"['CH', 'Z', 'IH']",-1,CCV,"['CH', 'IH', 'Z']"
5333,"['CH', 'Z', 'EH']",-1,CCV,"['CH', 'EH', 'Z']"
5334,"['CH', 'Z', 'UH']",-1,CCV,"['CH', 'UH', 'Z']"
5335,"['CH', 'Z', 'IY']",-1,CCV,"['CH', 'IH', 'Z']"
5336,"['CH', 'Z', 'EY']",-1,CCV,"['CH', 'EY', 'Z']"
5337,"['CH', 'Z', 'OW']",-1,CCV,"['CH', 'OW', 'Z']"
5338,"['CH', 'Z', 'AE']",-1,CCV,"['CH', 'AE', 'Z']"
5339,"['CH', 'Z', 'AW']",-1,CCV,"['CH', 'AW', 'Z']"
5340,"['CH', 'ZH', 'AH']",-1,CCV,"['CH', 'ZH', 'AH']"
5341,"['CH', 'ZH', 'OY']",-1,CCV,"['CH', 'OY', 'ZH']"
5342,"['CH', 'ZH', 'AA']",-1,CCV,"['CH', 'ZH', 'AA']"
5343,"['CH', 'ZH', 'AY']",-1,CCV,"['CH', 'ZH', 'AY']"
5344,"['CH', 'ZH', 'ER']",-1,CCV,"['CH', 'ZH', 'ER']"
5345,"['CH', 'ZH', 'AO']",-1,CCV,"['CH', 'ZH', 'IH']"
5346,"['CH', 'ZH', 'UW']",-1,CCV,"['CH', 'UW', 'ZH']"
5347,"['CH', 'ZH', 'IH']",-1,CCV,"['CH', 'ZH', 'IH']"
5348,"['CH', 'ZH', 'EH']",-1,CCV,"['CH', 'ZH', 'EH']"
5349,"['CH', 'ZH', 'UH']",-1,CCV,"['CH', 'ZH', 'UH']"
5350,"['CH', 'ZH', 'IY']",-1,CCV,"['CH', 'ZH', 'IY']"
5351,"['CH', 'ZH', 'EY']",-1,CCV,"['CH', 'ZH', 'EY']"
5352,"['CH', 'ZH', 'OW']",-1,CCV,"['CH', 'ZH', 'OW']"
5353,"['CH', 'ZH', 'AE']",-1,CCV,"['CH', 'ZH', 'AE']"
5354,"['CH', 'ZH', 'AW']",-1,CCV,"['CH', 'ZH', 'AW']"
5355,"['CH', 'V', 'AH']",-1,CCV,"['CH', 'AH', 'V']"
5356,"['CH', 'V', 'OY']",-1,CCV,"['CH', 'OY', 'V']"
5357,"['CH', 'V', 'AA']",-1,CCV,"['CH', 'V', 'AA']"
5358,"['CH', 'V', 'AY']",-1,CCV,"['CH', 'AY', 'V']"
5359,"['CH', 'V', 'ER']",-1,CCV,"['CH', 'ER', 'V']"
5360,"['CH', 'V', 'AO']",-1,CCV,"['CH', 'AO', 'V']"
5361,"['CH', 'V', 'UW']",-1,CCV,"['CH', 'UW', 'V']"
5362,"['CH', 'V', 'IH']",-1,CCV,"['CH', 'IH', 'V']"
5363,"['CH', 'V', 'EH']",-1,CCV,"['CH', 'V', 'EH']"
5364,"['CH', 'V', 'UH']",-1,CCV,"['CH', 'UH', 'V']"
5365,"['CH', 'V', 'IY']",-1,CCV,"['CH', 'V', 'IY']"
5366,"['CH', 'V', 'EY']",-1,CCV,"['CH', 'EY', 'V']"
5367,"['CH', 'V', 'OW']",-1,CCV,"['CH', 'OW', 'V']"
5368,"['CH', 'V', 'AE']",-1,CCV,"['CH', 'AE', 'V']"
5369,"['CH', 'V', 'AW']",-1,CCV,"['CH', 'AW', 'V']"
5370,"['CH', 'DH', 'AH']",-1,CCV,"['CH', 'DH', 'AH']"
5371,"['CH', 'DH', 'OY']",-1,CCV,"['CH', 'DH', 'OY']"
5372,"['CH', 'DH', 'AA']",-1,CCV,"['DH', 'CH', 'AA']"
5373,"['CH', 'DH', 'AY']",-1,CCV,"['CH', 'DH', 'AY']"
5374,"['CH', 'DH', 'ER']",-1,CCV,"['CH', 'DH', 'ER']"
5375,"['CH', 'DH', 'AO']",-1,CCV,"['DH', 'CH', 'AO']"
5376,"['CH', 'DH', 'UW']",-1,CCV,"['CH', 'DH', 'UW']"
5377,"['CH', 'DH', 'IH']",-1,CCV,"['CH', 'DH', 'IH']"
5378,"['CH', 'DH', 'EH']",-1,CCV,"['CH', 'DH', 'EH']"
5379,"['CH', 'DH', 'UH']",-1,CCV,"['CH', 'DH', 'UH']"
5380,"['CH', 'DH', 'IY']",-1,CCV,"['CH', 'DH', 'IY']"
5381,"['CH', 'DH', 'EY']",-1,CCV,"['CH', 'DH', 'EY']"
5382,"['CH', 'DH', 'OW']",-1,CCV,"['CH', 'DH', 'OW']"
5383,"['CH', 'DH', 'AE']",-1,CCV,"['DH', 'AE', 'CH']"
5384,"['CH', 'DH', 'AW']",-1,CCV,"['CH', 'DH', 'AW']"
5385,"['CH', 'HH', 'AH']",-1,CCV,"['CH', 'HH', 'AH']"
5386,"['CH', 'HH', 'OY']",-1,CCV,"['CH', 'OY', 'HH']"
5387,"['CH', 'HH', 'AA']",-1,CCV,"['CH', 'HH', 'IY']"
5388,"['CH', 'HH', 'AY']",-1,CCV,"['CH', 'AY', 'HH']"
5389,"['CH', 'HH', 'ER']",-1,CCV,"['CH', 'ER', 'HH']"
5390,"['CH', 'HH', 'AO']",-1,CCV,"['CH', 'HH', 'AO']"
5391,"['CH', 'HH', 'UW']",-1,CCV,"['CH', 'UW', 'IH']"
5392,"['CH', 'HH', 'IH']",-1,CCV,"['CH', 'IH', 'SH']"
5393,"['CH', 'HH', 'EH']",-1,CCV,"['CH', 'EH', 'HH']"
5394,"['CH', 'HH', 'UH']",-1,CCV,"['CH', 'UH', 'HH']"
5395,"['CH', 'HH', 'IY']",-1,CCV,"['CH', 'IY', '<EOS>']"
5396,"['CH', 'HH', 'EY']",-1,CCV,"['CH', 'EY', 'HH']"
5397,"['CH', 'HH', 'OW']",-1,CCV,"['CH', 'OW', 'HH']"
5398,"['CH', 'HH', 'AE']",-1,CCV,"['CH', 'HH', 'AE']"
5399,"['CH', 'HH', 'AW']",-1,CCV,"['CH', 'AW', '<EOS>']"
5400,"['CH', 'JH', 'AH']",0,CCV,"['CH', 'AH', 'JH']"
5401,"['CH', 'JH', 'OY']",0,CCV,"['CH', 'OY', 'JH']"
5402,"['CH', 'JH', 'AA']",0,CCV,"['CH', 'AA', 'JH']"
5403,"['CH', 'JH', 'AY']",0,CCV,"['CH', 'AY', 'JH']"
5404,"['CH', 'JH', 'ER']",0,CCV,"['CH', 'ER', 'JH']"
5405,"['CH', 'JH', 'AO']",0,CCV,"['CH', 'AO', 'JH']"
5406,"['CH', 'JH', 'UW']",0,CCV,"['CH', 'UW', 'JH']"
5407,"['CH', 'JH', 'IH']",0,CCV,"['CH', 'IH', 'JH']"
5408,"['CH', 'JH', 'EH']",0,CCV,"['CH', 'EH', 'JH']"
5409,"['CH', 'JH', 'UH']",0,CCV,"['CH', 'UH', 'JH']"
5410,"['CH', 'JH', 'IY']",0,CCV,"['CH', 'IY', 'JH']"
5411,"['CH', 'JH', 'EY']",0,CCV,"['CH', 'EY', 'JH']"
5412,"['CH', 'JH', 'OW']",0,CCV,"['CH', 'OW', 'JH']"
5413,"['CH', 'JH', 'AE']",0,CCV,"['CH', 'AE', 'JH']"
5414,"['CH', 'JH', 'AW']",0,CCV,"['CH', 'AW', 'JH']"
5415,"['CH', 'M', 'AH']",1,CCV,"['CH', 'M', 'AH']"
5416,"['CH', 'M', 'OY']",1,CCV,"['CH', 'OY', 'M']"
5417,"['CH', 'M', 'AA']",1,CCV,"['CH', 'M', 'AA']"
5418,"['CH', 'M', 'AY']",1,CCV,"['CH', 'M', 'AY']"
5419,"['CH', 'M', 'ER']",1,CCV,"['CH', 'M', 'ER']"
5420,"['CH', 'M', 'AO']",1,CCV,"['CH', 'M', 'AO']"
5421,"['CH', 'M', 'UW']",1,CCV,"['CH', 'M', 'UW']"
5422,"['CH', 'M', 'IH']",1,CCV,"['CH', 'IH', 'M']"
5423,"['CH', 'M', 'EH']",1,CCV,"['CH', 'M', 'EH']"
5424,"['CH', 'M', 'UH']",1,CCV,"['CH', 'UH', 'M']"
5425,"['CH', 'M', 'IY']",1,CCV,"['CH', 'M', 'IY']"
5426,"['CH', 'M', 'EY']",1,CCV,"['CH', 'M', 'EY']"
5427,"['CH', 'M', 'OW']",1,CCV,"['CH', 'M', 'OW']"
5428,"['CH', 'M', 'AE']",1,CCV,"['CH', 'AE', 'M']"
5429,"['CH', 'M', 'AW']",1,CCV,"['CH', 'AW', 'M']"
5430,"['CH', 'N', 'AH']",1,CCV,"['CH', 'AH', 'N']"
5431,"['CH', 'N', 'OY']",1,CCV,"['CH', 'OY', 'N']"
5432,"['CH', 'N', 'AA']",1,CCV,"['CH', 'AA', 'N']"
5433,"['CH', 'N', 'AY']",1,CCV,"['CH', 'AY', 'N']"
5434,"['CH', 'N', 'ER']",1,CCV,"['CH', 'ER', 'N']"
5435,"['CH', 'N', 'AO']",1,CCV,"['CH', 'N', 'AO']"
5436,"['CH', 'N', 'UW']",1,CCV,"['CH', 'UW', 'N']"
5437,"['CH', 'N', 'IH']",1,CCV,"['CH', 'IH', 'N']"
5438,"['CH', 'N', 'EH']",1,CCV,"['CH', 'EH', 'N']"
5439,"['CH', 'N', 'UH']",1,CCV,"['CH', 'UH', 'N']"
5440,"['CH', 'N', 'IY']",1,CCV,"['CH', 'IY', 'N']"
5441,"['CH', 'N', 'EY']",1,CCV,"['CH', 'EY', 'N']"
5442,"['CH', 'N', 'OW']",1,CCV,"['CH', 'OW', 'N']"
5443,"['CH', 'N', 'AE']",1,CCV,"['CH', 'AE', 'N']"
5444,"['CH', 'N', 'AW']",1,CCV,"['CH', 'AW', 'N']"
5445,"['CH', 'NG', 'AH']",1,CCV,"['CH', 'NG', '<EOS>']"
5446,"['CH', 'NG', 'OY']",1,CCV,"['CH', 'NG', 'OY']"
5447,"['CH', 'NG', 'AA']",1,CCV,"['CH', 'NG', '<EOS>']"
5448,"['CH', 'NG', 'AY']",1,CCV,"['CH', 'NG', 'AY']"
5449,"['CH', 'NG', 'ER']",1,CCV,"['CH', 'NG', 'ER']"
5450,"['CH', 'NG', 'AO']",1,CCV,"['CH', 'NG', 'AO']"
5451,"['CH', 'NG', 'UW']",1,CCV,"['CH', 'NG', 'UW']"
5452,"['CH', 'NG', 'IH']",1,CCV,"['CH', 'IH', 'NG']"
5453,"['CH', 'NG', 'EH']",1,CCV,"['CH', 'EH', 'NG']"
5454,"['CH', 'NG', 'UH']",1,CCV,"['CH', 'UH', 'NG']"
5455,"['CH', 'NG', 'IY']",1,CCV,"['CH', 'IY', 'NG']"
5456,"['CH', 'NG', 'EY']",1,CCV,"['CH', 'EY', 'NG']"
5457,"['CH', 'NG', 'OW']",1,CCV,"['CH', 'OW', 'NG']"
5458,"['CH', 'NG', 'AE']",1,CCV,"['CH', 'AE', 'NG']"
5459,"['CH', 'NG', 'AW']",1,CCV,"['CH', 'NG', 'AW']"
5460,"['CH', 'L', 'AH']",2,CCV,"['CH', 'L', 'AH']"
5461,"['CH', 'L', 'OY']",2,CCV,"['CH', 'OY', 'L']"
5462,"['CH', 'L', 'AA']",2,CCV,"['CH', 'L', 'AA']"
5463,"['CH', 'L', 'AY']",2,CCV,"['CH', 'L', 'AY']"
5464,"['CH', 'L', 'ER']",2,CCV,"['CH', 'L', 'ER']"
5465,"['CH', 'L', 'AO']",2,CCV,"['CH', 'L', 'IH']"
5466,"['CH', 'L', 'UW']",2,CCV,"['CH', 'L', 'UW']"
5467,"['CH', 'L', 'IH']",2,CCV,"['CH', 'IH', 'L']"
5468,"['CH', 'L', 'EH']",2,CCV,"['CH', 'L', 'Z']"
5469,"['CH', 'L', 'UH']",2,CCV,"['CH', 'L', 'UH']"
5470,"['CH', 'L', 'IY']",2,CCV,"['CH', 'L', 'IY']"
5471,"['CH', 'L', 'EY']",2,CCV,"['CH', 'EY', 'L']"
5472,"['CH', 'L', 'OW']",2,CCV,"['CH', 'L', 'OW']"
5473,"['CH', 'L', 'AE']",2,CCV,"['CH', 'L', 'AE']"
5474,"['CH', 'L', 'AW']",2,CCV,"['CH', 'L', 'AW']"
5475,"['CH', 'R', 'AH']",2,CCV,"['CH', 'R', 'AH']"
5476,"['CH', 'R', 'OY']",2,CCV,"['CH', 'R', 'OY']"
5477,"['CH', 'R', 'AA']",2,CCV,"['CH', 'R', '<EOS>']"
5478,"['CH', 'R', 'AY']",2,CCV,"['CH', 'R', 'AY']"
5479,"['CH', 'R', 'ER']",2,CCV,"['CH', 'R', 'ER']"
5480,"['CH', 'R', 'AO']",2,CCV,"['CH', 'R', 'AO']"
5481,"['CH', 'R', 'UW']",2,CCV,"['CH', 'R', 'UW']"
5482,"['CH', 'R', 'IH']",2,CCV,"['CH', 'R', 'IH']"
5483,"['CH', 'R', 'EH']",2,CCV,"['CH', 'R', 'EH']"
5484,"['CH', 'R', 'UH']",2,CCV,"['CH', 'UH', 'R']"
5485,"['CH', 'R', 'IY']",2,CCV,"['CH', 'R', 'IY']"
5486,"['CH', 'R', 'EY']",2,CCV,"['CH', 'R', 'EY']"
5487,"['CH', 'R', 'OW']",2,CCV,"['CH', 'R', 'OW']"
5488,"['CH', 'R', 'AE']",2,CCV,"['CH', 'R', 'AE']"
5489,"['CH', 'R', 'AW']",2,CCV,"['CH', 'R', 'AW']"
5490,"['CH', 'W', 'AH']",3,CCV,"['CH', 'W', 'AH']"
5491,"['CH', 'W', 'OY']",3,CCV,"['CH', 'OY', 'EH']"
5492,"['CH', 'W', 'AA']",3,CCV,"['CH', 'W', 'AA']"
5493,"['CH', 'W', 'AY']",3,CCV,"['CH', 'W', 'AY']"
5494,"['CH', 'W', 'ER']",3,CCV,"['CH', 'W', 'ER']"
5495,"['CH', 'W', 'AO']",3,CCV,"['CH', 'W', 'AO']"
5496,"['CH', 'W', 'UW']",3,CCV,"['CH', 'W', 'UW']"
5497,"['CH', 'W', 'IH']",3,CCV,"['CH', 'W', 'IH']"
5498,"['CH', 'W', 'EH']",3,CCV,"['CH', 'W', 'EH']"
5499,"['CH', 'W', 'UH']",3,CCV,"['CH', 'W', 'UH']"
5500,"['CH', 'W', 'IY']",3,CCV,"['CH', 'W', 'IY']"
5501,"['CH', 'W', 'EY']",3,CCV,"['CH', 'W', 'EY']"
5502,"['CH', 'W', 'OW']",3,CCV,"['CH', 'W', 'OW']"
5503,"['CH', 'W', 'AE']",3,CCV,"['CH', 'W', 'AE']"
5504,"['CH', 'W', 'AW']",3,CCV,"['CH', 'W', 'AW']"
5505,"['CH', 'Y', 'AH']",3,CCV,"['CH', 'Y', 'AH']"
5506,"['CH', 'Y', 'OY']",3,CCV,"['CH', 'OY', 'Y']"
5507,"['CH', 'Y', 'AA']",3,CCV,"['CH', 'Y', 'AA']"
5508,"['CH', 'Y', 'AY']",3,CCV,"['CH', 'Y', 'AY']"
5509,"['CH', 'Y', 'ER']",3,CCV,"['CH', 'Y', 'ER']"
5510,"['CH', 'Y', 'AO']",3,CCV,"['CH', 'AO', 'SH']"
5511,"['CH', 'Y', 'UW']",3,CCV,"['CH', 'Y', 'UW']"
5512,"['CH', 'Y', 'IH']",3,CCV,"['CH', 'IH', 'Y']"
5513,"['CH', 'Y', 'EH']",3,CCV,"['CH', 'Y', 'EH']"
5514,"['CH', 'Y', 'UH']",3,CCV,"['CH', 'Y', 'UH']"
5515,"['CH', 'Y', 'IY']",3,CCV,"['CH', 'Y', 'IY']"
5516,"['CH', 'Y', 'EY']",3,CCV,"['CH', 'EY', 'SH']"
5517,"['CH', 'Y', 'OW']",3,CCV,"['CH', 'Y', 'OW']"
5518,"['CH', 'Y', 'AE']",3,CCV,"['CH', 'Y', 'AE']"
5519,"['CH', 'Y', 'AW']",3,CCV,"['CH', 'Y', 'AW']"
5520,"['JH', 'P', 'AH']",-2,CCV,"['JH', 'P', 'AH']"
5521,"['JH', 'P', 'OY']",-2,CCV,"['JH', 'OY', 'P']"
5522,"['JH', 'P', 'AA']",-2,CCV,"['P', 'AA', 'JH']"
5523,"['JH', 'P', 'AY']",-2,CCV,"['JH', 'AY', 'P']"
5524,"['JH', 'P', 'ER']",-2,CCV,"['JH', 'ER', 'P']"
5525,"['JH', 'P', 'AO']",-2,CCV,"['JH', 'P', 'AO']"
5526,"['JH', 'P', 'UW']",-2,CCV,"['JH', 'P', 'UW']"
5527,"['JH', 'P', 'IH']",-2,CCV,"['P', 'IH', 'JH']"
5528,"['JH', 'P', 'EH']",-2,CCV,"['JH', 'P', 'EH']"
5529,"['JH', 'P', 'UH']",-2,CCV,"['JH', 'UH', 'P']"
5530,"['JH', 'P', 'IY']",-2,CCV,"['JH', 'IY', 'P']"
5531,"['JH', 'P', 'EY']",-2,CCV,"['JH', 'EY', 'P']"
5532,"['JH', 'P', 'OW']",-2,CCV,"['JH', 'OW', 'P']"
5533,"['JH', 'P', 'AE']",-2,CCV,"['JH', 'AE', 'P']"
5534,"['JH', 'P', 'AW']",-2,CCV,"['JH', 'P', 'AW']"
5535,"['JH', 'T', 'AH']",-2,CCV,"['JH', 'T', 'AH']"
5536,"['JH', 'T', 'OY']",-2,CCV,"['JH', 'OY', 'T']"
5537,"['JH', 'T', 'AA']",-2,CCV,"['D', 'W', 'IY']"
5538,"['JH', 'T', 'AY']",-2,CCV,"['JH', 'AY', 'T']"
5539,"['JH', 'T', 'ER']",-2,CCV,"['JH', 'ER', 'T']"
5540,"['JH', 'T', 'AO']",-2,CCV,"['T', 'AO', 'JH']"
5541,"['JH', 'T', 'UW']",-2,CCV,"['T', 'JH', 'UW']"
5542,"['JH', 'T', 'IH']",-2,CCV,"['T', 'IH', 'JH']"
5543,"['JH', 'T', 'EH']",-2,CCV,"['JH', 'EH', 'T']"
5544,"['JH', 'T', 'UH']",-2,CCV,"['JH', 'UH', 'T']"
5545,"['JH', 'T', 'IY']",-2,CCV,"['JH', 'T', 'IY']"
5546,"['JH', 'T', 'EY']",-2,CCV,"['JH', 'EY', 'T']"
5547,"['JH', 'T', 'OW']",-2,CCV,"['JH', 'T', 'OW']"
5548,"['JH', 'T', 'AE']",-2,CCV,"['JH', 'AE', 'T']"
5549,"['JH', 'T', 'AW']",-2,CCV,"['T', 'AW', 'JH']"
5550,"['JH', 'K', 'AH']",-2,CCV,"['JH', 'K', 'AH']"
5551,"['JH', 'K', 'OY']",-2,CCV,"['D', 'OY', 'K']"
5552,"['JH', 'K', 'AA']",-2,CCV,"['K', 'AA', 'JH']"
5553,"['JH', 'K', 'AY']",-2,CCV,"['JH', 'K', 'AY']"
5554,"['JH', 'K', 'ER']",-2,CCV,"['JH', 'ER', 'K']"
5555,"['JH', 'K', 'AO']",-2,CCV,"['D', 'AE', 'K']"
5556,"['JH', 'K', 'UW']",-2,CCV,"['JH', 'UW', 'K']"
5557,"['JH', 'K', 'IH']",-2,CCV,"['JH', 'K', 'IH']"
5558,"['JH', 'K', 'EH']",-2,CCV,"['JH', 'EH', 'K']"
5559,"['JH', 'K', 'UH']",-2,CCV,"['JH', 'UH', 'K']"
5560,"['JH', 'K', 'IY']",-2,CCV,"['JH', 'EH', 'K']"
5561,"['JH', 'K', 'EY']",-2,CCV,"['JH', 'EY', 'K']"
5562,"['JH', 'K', 'OW']",-2,CCV,"['JH', 'OW', 'K']"
5563,"['JH', 'K', 'AE']",-2,CCV,"['JH', 'AE', 'K']"
5564,"['JH', 'K', 'AW']",-2,CCV,"['JH', 'AW', 'K']"
5565,"['JH', 'B', 'AH']",-2,CCV,"['B', 'AH', 'JH']"
5566,"['JH', 'B', 'OY']",-2,CCV,"['B', 'OY', 'JH']"
5567,"['JH', 'B', 'AA']",-2,CCV,"['B', 'AA', 'JH']"
5568,"['JH', 'B', 'AY']",-2,CCV,"['B', 'AY', 'JH']"
5569,"['JH', 'B', 'ER']",-2,CCV,"['B', 'JH', 'ER']"
5570,"['JH', 'B', 'AO']",-2,CCV,"['D', 'AO', 'JH']"
5571,"['JH', 'B', 'UW']",-2,CCV,"['B', 'AE', 'JH']"
5572,"['JH', 'B', 'IH']",-2,CCV,"['B', 'IH', 'JH']"
5573,"['JH', 'B', 'EH']",-2,CCV,"['B', 'EH', 'JH']"
5574,"['JH', 'B', 'UH']",-2,CCV,"['JH', 'UH', 'B']"
5575,"['JH', 'B', 'IY']",-2,CCV,"['B', 'IY', 'JH']"
5576,"['JH', 'B', 'EY']",-2,CCV,"['B', 'AE', 'EY']"
5577,"['JH', 'B', 'OW']",-2,CCV,"['JH', 'OW', 'B']"
5578,"['JH', 'B', 'AE']",-2,CCV,"['JH', 'AE', 'B']"
5579,"['JH', 'B', 'AW']",-2,CCV,"['T', 'AW', 'JH']"
5580,"['JH', 'D', 'AH']",-2,CCV,"['D', 'JH', 'AH']"
5581,"['JH', 'D', 'OY']",-2,CCV,"['D', 'OY', 'JH']"
5582,"['JH', 'D', 'AA']",-2,CCV,"['D', 'AA', 'JH']"
5583,"['JH', 'D', 'AY']",-2,CCV,"['D', 'AY', 'JH']"
5584,"['JH', 'D', 'ER']",-2,CCV,"['D', 'JH', 'ER']"
5585,"['JH', 'D', 'AO']",-2,CCV,"['D', 'AO', 'JH']"
5586,"['JH', 'D', 'UW']",-2,CCV,"['D', 'UW', 'JH']"
5587,"['JH', 'D', 'IH']",-2,CCV,"['D', 'IH', 'JH']"
5588,"['JH', 'D', 'EH']",-2,CCV,"['D', 'EH', 'JH']"
5589,"['JH', 'D', 'UH']",-2,CCV,"['JH', 'UH', 'D']"
5590,"['JH', 'D', 'IY']",-2,CCV,"['D', 'AE', 'JH']"
5591,"['JH', 'D', 'EY']",-2,CCV,"['D', 'EY', 'JH']"
5592,"['JH', 'D', 'OW']",-2,CCV,"['D', 'OW', 'JH']"
5593,"['JH', 'D', 'AE']",-2,CCV,"['JH', 'AE', 'D']"
5594,"['JH', 'D', 'AW']",-2,CCV,"['D', 'AW', 'JH']"
5595,"['JH', 'G', 'AH']",-2,CCV,"['JH', 'AH', 'G']"
5596,"['JH', 'G', 'OY']",-2,CCV,"['G', 'OY', 'JH']"
5597,"['JH', 'G', 'AA']",-2,CCV,"['G', 'JH', 'AA']"
5598,"['JH', 'G', 'AY']",-2,CCV,"['G', 'JH', 'AY']"
5599,"['JH', 'G', 'ER']",-2,CCV,"['G', 'JH', 'ER']"
5600,"['JH', 'G', 'AO']",-2,CCV,"['G', 'JH', 'AO']"
5601,"['JH', 'G', 'UW']",-2,CCV,"['G', 'UW', 'JH']"
5602,"['JH', 'G', 'IH']",-2,CCV,"['G', 'IH', 'JH']"
5603,"['JH', 'G', 'EH']",-2,CCV,"['G', 'JH', 'EH']"
5604,"['JH', 'G', 'UH']",-2,CCV,"['JH', 'UH', 'G']"
5605,"['JH', 'G', 'IY']",-2,CCV,"['G', 'IY', 'JH']"
5606,"['JH', 'G', 'EY']",-2,CCV,"['G', 'EY', 'JH']"
5607,"['JH', 'G', 'OW']",-2,CCV,"['G', 'OW', 'JH']"
5608,"['JH', 'G', 'AE']",-2,CCV,"['JH', 'AE', 'G']"
5609,"['JH', 'G', 'AW']",-2,CCV,"['G', 'AW', 'JH']"
5610,"['JH', 'F', 'AH']",-1,CCV,"['F', 'UH', 'AH']"
5611,"['JH', 'F', 'OY']",-1,CCV,"['F', 'OY', 'JH']"
5612,"['JH', 'F', 'AA']",-1,CCV,"['F', 'AA', 'JH']"
5613,"['JH', 'F', 'AY']",-1,CCV,"['JH', 'AY', 'F']"
5614,"['JH', 'F', 'ER']",-1,CCV,"['F', 'ER', 'JH']"
5615,"['JH', 'F', 'AO']",-1,CCV,"['F', 'AO', 'JH']"
5616,"['JH', 'F', 'UW']",-1,CCV,"['F', 'AE', 'JH']"
5617,"['JH', 'F', 'IH']",-1,CCV,"['F', 'IH', 'JH']"
5618,"['JH', 'F', 'EH']",-1,CCV,"['F', 'EH', 'JH']"
5619,"['JH', 'F', 'UH']",-1,CCV,"['JH', 'UH', 'F']"
5620,"['JH', 'F', 'IY']",-1,CCV,"['F', 'IY', 'JH']"
5621,"['JH', 'F', 'EY']",-1,CCV,"['F', 'EY', 'JH']"
5622,"['JH', 'F', 'OW']",-1,CCV,"['JH', 'F', 'OW']"
5623,"['JH', 'F', 'AE']",-1,CCV,"['JH', 'AE', 'F']"
5624,"['JH', 'F', 'AW']",-1,CCV,"['F', 'AW', 'JH']"
5625,"['JH', 'TH', 'AH']",-1,CCV,"['TH', 'JH', 'AH']"
5626,"['JH', 'TH', 'OY']",-1,CCV,"['TH', 'OY', 'JH']"
5627,"['JH', 'TH', 'AA']",-1,CCV,"['TH', 'AA', 'JH']"
5628,"['JH', 'TH', 'AY']",-1,CCV,"['TH', 'UH', 'AY']"
5629,"['JH', 'TH', 'ER']",-1,CCV,"['TH', 'JH', 'ER']"
5630,"['JH', 'TH', 'AO']",-1,CCV,"['TH', 'AO', 'JH']"
5631,"['JH', 'TH', 'UW']",-1,CCV,"['TH', 'UH', 'UW']"
5632,"['JH', 'TH', 'IH']",-1,CCV,"['TH', 'IH', 'JH']"
5633,"['JH', 'TH', 'EH']",-1,CCV,"['TH', 'UH', 'OY']"
5634,"['JH', 'TH', 'UH']",-1,CCV,"['JH', 'TH', 'UH']"
5635,"['JH', 'TH', 'IY']",-1,CCV,"['TH', 'UH', 'N']"
5636,"['JH', 'TH', 'EY']",-1,CCV,"['JH', 'IH', 'EY']"
5637,"['JH', 'TH', 'OW']",-1,CCV,"['TH', 'UH', 'OW']"
5638,"['JH', 'TH', 'AE']",-1,CCV,"['JH', 'TH', 'AE']"
5639,"['JH', 'TH', 'AW']",-1,CCV,"['TH', 'AW', 'JH']"
5640,"['JH', 'S', 'AH']",-1,CCV,"['D', 'AE', 'JH']"
5641,"['JH', 'S', 'OY']",-1,CCV,"['JH', 'OY', 'L']"
5642,"['JH', 'S', 'AA']",-1,CCV,"['S', 'JH', 'AA']"
5643,"['JH', 'S', 'AY']",-1,CCV,"['JH', 'AY', 'S']"
5644,"['JH', 'S', 'ER']",-1,CCV,"['JH', 'ER', 'S']"
5645,"['JH', 'S', 'AO']",-1,CCV,"['S', 'JH', 'AO']"
5646,"['JH', 'S', 'UW']",-1,CCV,"['S', 'JH', 'UW']"
5647,"['JH', 'S', 'IH']",-1,CCV,"['S', 'IH', 'JH']"
5648,"['JH', 'S', 'EH']",-1,CCV,"['JH', 'EH', 'S']"
5649,"['JH', 'S', 'UH']",-1,CCV,"['JH', 'UH', 'S']"
5650,"['JH', 'S', 'IY']",-1,CCV,"['B', 'IY', 'S']"
5651,"['JH', 'S', 'EY']",-1,CCV,"['JH', 'EY', 'S']"
5652,"['JH', 'S', 'OW']",-1,CCV,"['JH', 'OW', 'S']"
5653,"['JH', 'S', 'AE']",-1,CCV,"['JH', 'AE', 'AE']"
5654,"['JH', 'S', 'AW']",-1,CCV,"['JH', 'AW', 'S']"
5655,"['JH', 'SH', 'AH']",-1,CCV,"['JH', 'SH', 'AH']"
5656,"['JH', 'SH', 'OY']",-1,CCV,"['JH', 'OY', 'SH']"
5657,"['JH', 'SH', 'AA']",-1,CCV,"['SH', 'AA', 'JH']"
5658,"['JH', 'SH', 'AY']",-1,CCV,"['JH', 'AY', 'SH']"
5659,"['JH', 'SH', 'ER']",-1,CCV,"['JH', 'ER', 'SH']"
5660,"['JH', 'SH', 'AO']",-1,CCV,"['SH', 'AO', 'JH']"
5661,"['JH', 'SH', 'UW']",-1,CCV,"['SH', 'AE', 'UW']"
5662,"['JH', 'SH', 'IH']",-1,CCV,"['JH', 'SH', 'IH']"
5663,"['JH', 'SH', 'EH']",-1,CCV,"['JH', 'SH', 'EH']"
5664,"['JH', 'SH', 'UH']",-1,CCV,"['JH', 'UH', 'SH']"
5665,"['JH', 'SH', 'IY']",-1,CCV,"['JH', 'SH', 'IY']"
5666,"['JH', 'SH', 'EY']",-1,CCV,"['JH', 'SH', 'EY']"
5667,"['JH', 'SH', 'OW']",-1,CCV,"['JH', 'OW', 'SH']"
5668,"['JH', 'SH', 'AE']",-1,CCV,"['JH', 'SH', 'AE']"
5669,"['JH', 'SH', 'AW']",-1,CCV,"['JH', 'SH', 'AW']"
5670,"['JH', 'Z', 'AH']",-1,CCV,"['JH', 'AH', 'Z']"
5671,"['JH', 'Z', 'OY']",-1,CCV,"['JH', 'EH', 'Z']"
5672,"['JH', 'Z', 'AA']",-1,CCV,"['Z', 'AA', 'L']"
5673,"['JH', 'Z', 'AY']",-1,CCV,"['JH', 'AY', 'Z']"
5674,"['JH', 'Z', 'ER']",-1,CCV,"['JH', 'ER', 'Z']"
5675,"['JH', 'Z', 'AO']",-1,CCV,"['JH', 'IH', 'Z']"
5676,"['JH', 'Z', 'UW']",-1,CCV,"['JH', 'UW', 'Z']"
5677,"['JH', 'Z', 'IH']",-1,CCV,"['JH', 'IH', 'Z']"
5678,"['JH', 'Z', 'EH']",-1,CCV,"['JH', 'EH', 'Z']"
5679,"['JH', 'Z', 'UH']",-1,CCV,"['JH', 'UH', 'Z']"
5680,"['JH', 'Z', 'IY']",-1,CCV,"['JH', 'IY', 'Z']"
5681,"['JH', 'Z', 'EY']",-1,CCV,"['JH', 'EY', 'Z']"
5682,"['JH', 'Z', 'OW']",-1,CCV,"['JH', 'OW', 'Z']"
5683,"['JH', 'Z', 'AE']",-1,CCV,"['JH', 'AE', 'Z']"
5684,"['JH', 'Z', 'AW']",-1,CCV,"['JH', 'AW', 'Z']"
5685,"['JH', 'ZH', 'AH']",-1,CCV,"['ZH', 'JH', 'AH']"
5686,"['JH', 'ZH', 'OY']",-1,CCV,"['ZH', 'OY', 'JH']"
5687,"['JH', 'ZH', 'AA']",-1,CCV,"['ZH', 'AA', 'JH']"
5688,"['JH', 'ZH', 'AY']",-1,CCV,"['JH', 'ZH', 'AY']"
5689,"['JH', 'ZH', 'ER']",-1,CCV,"['JH', 'ER', 'ZH']"
5690,"['JH', 'ZH', 'AO']",-1,CCV,"['JH', 'ZH', 'AO']"
5691,"['JH', 'ZH', 'UW']",-1,CCV,"['JH', 'UW', 'ZH']"
5692,"['JH', 'ZH', 'IH']",-1,CCV,"['ZH', 'IH', 'JH']"
5693,"['JH', 'ZH', 'EH']",-1,CCV,"['ZH', 'JH', 'EH']"
5694,"['JH', 'ZH', 'UH']",-1,CCV,"['ZH', 'UH', 'JH']"
5695,"['JH', 'ZH', 'IY']",-1,CCV,"['ZH', 'JH', 'IY']"
5696,"['JH', 'ZH', 'EY']",-1,CCV,"['JH', 'EY', 'ZH']"
5697,"['JH', 'ZH', 'OW']",-1,CCV,"['ZH', 'OW', 'JH']"
5698,"['JH', 'ZH', 'AE']",-1,CCV,"['JH', 'ZH', 'AE']"
5699,"['JH', 'ZH', 'AW']",-1,CCV,"['ZH', 'JH', 'AW']"
5700,"['JH', 'V', 'AH']",-1,CCV,"['JH', 'AH', 'V']"
5701,"['JH', 'V', 'OY']",-1,CCV,"['JH', 'OY', 'V']"
5702,"['JH', 'V', 'AA']",-1,CCV,"['V', 'AA', 'JH']"
5703,"['JH', 'V', 'AY']",-1,CCV,"['JH', 'AY', 'V']"
5704,"['JH', 'V', 'ER']",-1,CCV,"['JH', 'ER', 'V']"
5705,"['JH', 'V', 'AO']",-1,CCV,"['V', 'AO', 'JH']"
5706,"['JH', 'V', 'UW']",-1,CCV,"['V', 'AE', 'JH']"
5707,"['JH', 'V', 'IH']",-1,CCV,"['V', 'IH', 'JH']"
5708,"['JH', 'V', 'EH']",-1,CCV,"['JH', 'EH', 'V']"
5709,"['JH', 'V', 'UH']",-1,CCV,"['JH', 'UH', 'V']"
5710,"['JH', 'V', 'IY']",-1,CCV,"['V', 'IY', 'JH']"
5711,"['JH', 'V', 'EY']",-1,CCV,"['JH', 'EY', 'V']"
5712,"['JH', 'V', 'OW']",-1,CCV,"['JH', 'OW', 'V']"
5713,"['JH', 'V', 'AE']",-1,CCV,"['JH', 'AE', 'V']"
5714,"['JH', 'V', 'AW']",-1,CCV,"['JH', 'AW', 'V']"
5715,"['JH', 'DH', 'AH']",-1,CCV,"['DH', 'AH', 'JH']"
5716,"['JH', 'DH', 'OY']",-1,CCV,"['DH', 'OY', 'JH']"
5717,"['JH', 'DH', 'AA']",-1,CCV,"['DH', 'AA', 'JH']"
5718,"['JH', 'DH', 'AY']",-1,CCV,"['JH', 'DH', 'AY']"
5719,"['JH', 'DH', 'ER']",-1,CCV,"['JH', 'ER', 'DH']"
5720,"['JH', 'DH', 'AO']",-1,CCV,"['DH', 'JH', 'AO']"
5721,"['JH', 'DH', 'UW']",-1,CCV,"['DH', 'AE', 'UW']"
5722,"['JH', 'DH', 'IH']",-1,CCV,"['DH', 'IH', 'JH']"
5723,"['JH', 'DH', 'EH']",-1,CCV,"['DH', 'EH', 'JH']"
5724,"['JH', 'DH', 'UH']",-1,CCV,"['JH', 'UH', 'DH']"
5725,"['JH', 'DH', 'IY']",-1,CCV,"['DH', 'IY', 'DH']"
5726,"['JH', 'DH', 'EY']",-1,CCV,"['JH', 'EY', 'DH']"
5727,"['JH', 'DH', 'OW']",-1,CCV,"['JH', 'OW', 'DH']"
5728,"['JH', 'DH', 'AE']",-1,CCV,"['DH', 'AE', 'JH']"
5729,"['JH', 'DH', 'AW']",-1,CCV,"['DH', 'AW', 'N']"
5730,"['JH', 'HH', 'AH']",-1,CCV,"['HH', 'AE', 'JH']"
5731,"['JH', 'HH', 'OY']",-1,CCV,"['HH', 'OY', 'JH']"
5732,"['JH', 'HH', 'AA']",-1,CCV,"['HH', 'AA', 'JH']"
5733,"['JH', 'HH', 'AY']",-1,CCV,"['HH', 'AY', 'JH']"
5734,"['JH', 'HH', 'ER']",-1,CCV,"['HH', 'ER', 'JH']"
5735,"['JH', 'HH', 'AO']",-1,CCV,"['HH', 'AO', 'JH']"
5736,"['JH', 'HH', 'UW']",-1,CCV,"['HH', 'UW', 'JH']"
5737,"['JH', 'HH', 'IH']",-1,CCV,"['HH', 'IH', 'JH']"
5738,"['JH', 'HH', 'EH']",-1,CCV,"['HH', 'EH', 'JH']"
5739,"['JH', 'HH', 'UH']",-1,CCV,"['HH', 'UH', 'SH']"
5740,"['JH', 'HH', 'IY']",-1,CCV,"['HH', 'IY', 'JH']"
5741,"['JH', 'HH', 'EY']",-1,CCV,"['HH', 'EY', 'JH']"
5742,"['JH', 'HH', 'OW']",-1,CCV,"['HH', 'OW', 'JH']"
5743,"['JH', 'HH', 'AE']",-1,CCV,"['HH', 'AE', 'JH']"
5744,"['JH', 'HH', 'AW']",-1,CCV,"['HH', 'AW', 'JH']"
5745,"['JH', 'CH', 'AH']",0,CCV,"['CH', 'AH', 'JH']"
5746,"['JH', 'CH', 'OY']",0,CCV,"['CH', 'OY', 'JH']"
5747,"['JH', 'CH', 'AA']",0,CCV,"['CH', 'AA', 'JH']"
5748,"['JH', 'CH', 'AY']",0,CCV,"['CH', 'AY', 'JH']"
5749,"['JH', 'CH', 'ER']",0,CCV,"['JH', 'CH', 'ER']"
5750,"['JH', 'CH', 'AO']",0,CCV,"['CH', 'AO', 'JH']"
5751,"['JH', 'CH', 'UW']",0,CCV,"['CH', 'UW', 'JH']"
5752,"['JH', 'CH', 'IH']",0,CCV,"['CH', 'IH', 'JH']"
5753,"['JH', 'CH', 'EH']",0,CCV,"['CH', 'EH', 'JH']"
5754,"['JH', 'CH', 'UH']",0,CCV,"['CH', 'UH', 'JH']"
5755,"['JH', 'CH', 'IY']",0,CCV,"['CH', 'IY', 'JH']"
5756,"['JH', 'CH', 'EY']",0,CCV,"['CH', 'EY', 'JH']"
5757,"['JH', 'CH', 'OW']",0,CCV,"['CH', 'OW', 'JH']"
5758,"['JH', 'CH', 'AE']",0,CCV,"['JH', 'AE', 'CH']"
5759,"['JH', 'CH', 'AW']",0,CCV,"['CH', 'AW', 'JH']"
5760,"['JH', 'M', 'AH']",1,CCV,"['JH', 'M', 'AH']"
5761,"['JH', 'M', 'OY']",1,CCV,"['JH', 'OY', 'M']"
5762,"['JH', 'M', 'AA']",1,CCV,"['JH', 'M', 'AA']"
5763,"['JH', 'M', 'AY']",1,CCV,"['JH', 'M', 'AY']"
5764,"['JH', 'M', 'ER']",1,CCV,"['JH', 'ER', 'M']"
5765,"['JH', 'M', 'AO']",1,CCV,"['JH', 'M', 'AO']"
5766,"['JH', 'M', 'UW']",1,CCV,"['JH', 'M', 'UW']"
5767,"['JH', 'M', 'IH']",1,CCV,"['JH', 'IH', 'M']"
5768,"['JH', 'M', 'EH']",1,CCV,"['JH', 'M', 'EH']"
5769,"['JH', 'M', 'UH']",1,CCV,"['JH', 'UH', 'M']"
5770,"['JH', 'M', 'IY']",1,CCV,"['JH', 'M', 'IY']"
5771,"['JH', 'M', 'EY']",1,CCV,"['JH', 'M', 'EY']"
5772,"['JH', 'M', 'OW']",1,CCV,"['JH', 'OW', 'M']"
5773,"['JH', 'M', 'AE']",1,CCV,"['JH', 'AE', 'M']"
5774,"['JH', 'M', 'AW']",1,CCV,"['JH', 'M', 'AW']"
5775,"['JH', 'N', 'AH']",1,CCV,"['JH', 'AH', 'N']"
5776,"['JH', 'N', 'OY']",1,CCV,"['JH', 'OY', 'N']"
5777,"['JH', 'N', 'AA']",1,CCV,"['D', 'N', 'AA']"
5778,"['JH', 'N', 'AY']",1,CCV,"['JH', 'AY', 'N']"
5779,"['JH', 'N', 'ER']",1,CCV,"['JH', 'N', 'ER']"
5780,"['JH', 'N', 'AO']",1,CCV,"['JH', 'IH', 'N']"
5781,"['JH', 'N', 'UW']",1,CCV,"['JH', 'UW', 'N']"
5782,"['JH', 'N', 'IH']",1,CCV,"['JH', 'IH', 'N']"
5783,"['JH', 'N', 'EH']",1,CCV,"['JH', 'EH', 'N']"
5784,"['JH', 'N', 'UH']",1,CCV,"['JH', 'UH', 'N']"
5785,"['JH', 'N', 'IY']",1,CCV,"['JH', 'IY', 'N']"
5786,"['JH', 'N', 'EY']",1,CCV,"['JH', 'EY', 'N']"
5787,"['JH', 'N', 'OW']",1,CCV,"['JH', 'OW', 'N']"
5788,"['JH', 'N', 'AE']",1,CCV,"['JH', 'AE', 'N']"
5789,"['JH', 'N', 'AW']",1,CCV,"['JH', 'AW', 'N']"
5790,"['JH', 'NG', 'AH']",1,CCV,"['JH', 'AH', 'NG']"
5791,"['JH', 'NG', 'OY']",1,CCV,"['JH', 'EH', 'NG']"
5792,"['JH', 'NG', 'AA']",1,CCV,"['NG', 'JH', 'AA']"
5793,"['JH', 'NG', 'AY']",1,CCV,"['JH', 'AY', 'NG']"
5794,"['JH', 'NG', 'ER']",1,CCV,"['JH', 'ER', 'NG']"
5795,"['JH', 'NG', 'AO']",1,CCV,"['JH', 'AO', 'NG']"
5796,"['JH', 'NG', 'UW']",1,CCV,"['NG', 'NG', '<EOS>']"
5797,"['JH', 'NG', 'IH']",1,CCV,"['JH', 'IH', 'NG']"
5798,"['JH', 'NG', 'EH']",1,CCV,"['NG', 'JH', 'EH']"
5799,"['JH', 'NG', 'UH']",1,CCV,"['JH', 'UH', 'NG']"
5800,"['JH', 'NG', 'IY']",1,CCV,"['JH', 'IY', 'NG']"
5801,"['JH', 'NG', 'EY']",1,CCV,"['JH', 'EY', 'NG']"
5802,"['JH', 'NG', 'OW']",1,CCV,"['JH', 'OW', 'NG']"
5803,"['JH', 'NG', 'AE']",1,CCV,"['JH', 'AE', 'NG']"
5804,"['JH', 'NG', 'AW']",1,CCV,"['JH', 'NG', 'AW']"
5805,"['JH', 'L', 'AH']",2,CCV,"['JH', 'L', 'AH']"
5806,"['JH', 'L', 'OY']",2,CCV,"['JH', 'OY', 'L']"
5807,"['JH', 'L', 'AA']",2,CCV,"['JH', 'L', 'AA']"
5808,"['JH', 'L', 'AY']",2,CCV,"['JH', 'L', 'AY']"
5809,"['JH', 'L', 'ER']",2,CCV,"['JH', 'L', 'ER']"
5810,"['JH', 'L', 'AO']",2,CCV,"['JH', 'L', 'AO']"
5811,"['JH', 'L', 'UW']",2,CCV,"['JH', 'L', 'UW']"
5812,"['JH', 'L', 'IH']",2,CCV,"['JH', 'L', 'IH']"
5813,"['JH', 'L', 'EH']",2,CCV,"['JH', 'L', 'EH']"
5814,"['JH', 'L', 'UH']",2,CCV,"['JH', 'L', 'UH']"
5815,"['JH', 'L', 'IY']",2,CCV,"['JH', 'L', 'IY']"
5816,"['JH', 'L', 'EY']",2,CCV,"['JH', 'L', 'EY']"
5817,"['JH', 'L', 'OW']",2,CCV,"['JH', 'L', 'OW']"
5818,"['JH', 'L', 'AE']",2,CCV,"['JH', 'L', 'AE']"
5819,"['JH', 'L', 'AW']",2,CCV,"['JH', 'L', 'AW']"
5820,"['JH', 'R', 'AH']",2,CCV,"['JH', 'R', 'AH']"
5821,"['JH', 'R', 'OY']",2,CCV,"['JH', 'R', 'OY']"
5822,"['JH', 'R', 'AA']",2,CCV,"['D', 'R', 'AA']"
5823,"['JH', 'R', 'AY']",2,CCV,"['JH', 'R', 'AY']"
5824,"['JH', 'R', 'ER']",2,CCV,"['JH', 'R', 'ER']"
5825,"['JH', 'R', 'AO']",2,CCV,"['D', 'R', 'AO']"
5826,"['JH', 'R', 'UW']",2,CCV,"['JH', 'R', 'UW']"
5827,"['JH', 'R', 'IH']",2,CCV,"['JH', 'R', 'IH']"
5828,"['JH', 'R', 'EH']",2,CCV,"['JH', 'R', 'EH']"
5829,"['JH', 'R', 'UH']",2,CCV,"['JH', 'UH', 'R']"
5830,"['JH', 'R', 'IY']",2,CCV,"['JH', 'R', 'IY']"
5831,"['JH', 'R', 'EY']",2,CCV,"['JH', 'R', 'EY']"
5832,"['JH', 'R', 'OW']",2,CCV,"['JH', 'R', 'OW']"
5833,"['JH', 'R', 'AE']",2,CCV,"['JH', 'R', 'AE']"
5834,"['JH', 'R', 'AW']",2,CCV,"['JH', 'R', 'AW']"
5835,"['JH', 'W', 'AH']",3,CCV,"['JH', 'W', 'AH']"
5836,"['JH', 'W', 'OY']",3,CCV,"['JH', 'OY', 'W']"
5837,"['JH', 'W', 'AA']",3,CCV,"['JH', 'W', 'AA']"
5838,"['JH', 'W', 'AY']",3,CCV,"['JH', 'W', 'AY']"
5839,"['JH', 'W', 'ER']",3,CCV,"['JH', 'W', 'ER']"
5840,"['JH', 'W', 'AO']",3,CCV,"['JH', 'W', 'AO']"
5841,"['JH', 'W', 'UW']",3,CCV,"['JH', 'W', 'UW']"
5842,"['JH', 'W', 'IH']",3,CCV,"['JH', 'W', 'IH']"
5843,"['JH', 'W', 'EH']",3,CCV,"['JH', 'W', 'EH']"
5844,"['JH', 'W', 'UH']",3,CCV,"['JH', 'UH', 'W']"
5845,"['JH', 'W', 'IY']",3,CCV,"['JH', 'W', 'IY']"
5846,"['JH', 'W', 'EY']",3,CCV,"['JH', 'W', 'EY']"
5847,"['JH', 'W', 'OW']",3,CCV,"['JH', 'W', 'OW']"
5848,"['JH', 'W', 'AE']",3,CCV,"['JH', 'AE', 'W']"
5849,"['JH', 'W', 'AW']",3,CCV,"['JH', 'W', 'AW']"
5850,"['JH', 'Y', 'AH']",3,CCV,"['JH', 'Y', 'AH']"
5851,"['JH', 'Y', 'OY']",3,CCV,"['JH', 'OY', 'L']"
5852,"['JH', 'Y', 'AA']",3,CCV,"['JH', 'Y', 'AA']"
5853,"['JH', 'Y', 'AY']",3,CCV,"['JH', 'Y', 'AY']"
5854,"['JH', 'Y', 'ER']",3,CCV,"['JH', 'Y', 'ER']"
5855,"['JH', 'Y', 'AO']",3,CCV,"['JH', 'Y', 'AO']"
5856,"['JH', 'Y', 'UW']",3,CCV,"['JH', 'Y', 'UW']"
5857,"['JH', 'Y', 'IH']",3,CCV,"['JH', 'IH', 'Y']"
5858,"['JH', 'Y', 'EH']",3,CCV,"['JH', 'Y', 'EH']"
5859,"['JH', 'Y', 'UH']",3,CCV,"['JH', 'UH', 'Y']"
5860,"['JH', 'Y', 'IY']",3,CCV,"['JH', 'Y', 'IY']"
5861,"['JH', 'Y', 'EY']",3,CCV,"['JH', 'EY', 'Y']"
5862,"['JH', 'Y', 'OW']",3,CCV,"['JH', 'Y', 'OW']"
5863,"['JH', 'Y', 'AE']",3,CCV,"['JH', 'AE', 'Y']"
5864,"['JH', 'Y', 'AW']",3,CCV,"['JH', 'Y', 'AW']"
5865,"['M', 'P', 'AH']",-3,CCV,"['M', 'P', 'AH']"
5866,"['M', 'P', 'OY']",-3,CCV,"['M', 'P', 'OY']"
5867,"['M', 'P', 'AA']",-3,CCV,"['M', 'P', 'AA']"
5868,"['M', 'P', 'AY']",-3,CCV,"['M', 'P', 'AY']"
5869,"['M', 'P', 'ER']",-3,CCV,"['M', 'P', 'ER']"
5870,"['M', 'P', 'AO']",-3,CCV,"['M', 'P', 'AO']"
5871,"['M', 'P', 'UW']",-3,CCV,"['M', 'P', 'UW']"
5872,"['M', 'P', 'IH']",-3,CCV,"['M', 'IH', 'P']"
5873,"['M', 'P', 'EH']",-3,CCV,"['M', 'P', 'EH']"
5874,"['M', 'P', 'UH']",-3,CCV,"['M', 'P', 'UH']"
5875,"['M', 'P', 'IY']",-3,CCV,"['M', 'P', 'IY']"
5876,"['M', 'P', 'EY']",-3,CCV,"['M', 'P', 'EY']"
5877,"['M', 'P', 'OW']",-3,CCV,"['M', 'P', 'OW']"
5878,"['M', 'P', 'AE']",-3,CCV,"['M', 'P', 'AE']"
5879,"['M', 'P', 'AW']",-3,CCV,"['M', 'P', 'AW']"
5880,"['M', 'T', 'AH']",-3,CCV,"['M', 'T', 'AH']"
5881,"['M', 'T', 'OY']",-3,CCV,"['M', 'OY', 'T']"
5882,"['M', 'T', 'AA']",-3,CCV,"['M', 'T', 'AA']"
5883,"['M', 'T', 'AY']",-3,CCV,"['M', 'T', 'AY']"
5884,"['M', 'T', 'ER']",-3,CCV,"['M', 'T', 'ER']"
5885,"['M', 'T', 'AO']",-3,CCV,"['M', 'T', 'AO']"
5886,"['M', 'T', 'UW']",-3,CCV,"['M', 'T', 'UW']"
5887,"['M', 'T', 'IH']",-3,CCV,"['M', 'IH', 'T']"
5888,"['M', 'T', 'EH']",-3,CCV,"['M', 'T', 'EH']"
5889,"['M', 'T', 'UH']",-3,CCV,"['M', 'T', 'UH']"
5890,"['M', 'T', 'IY']",-3,CCV,"['M', 'T', 'IY']"
5891,"['M', 'T', 'EY']",-3,CCV,"['M', 'EY', 'T']"
5892,"['M', 'T', 'OW']",-3,CCV,"['M', 'T', 'OW']"
5893,"['M', 'T', 'AE']",-3,CCV,"['M', 'AE', 'T']"
5894,"['M', 'T', 'AW']",-3,CCV,"['T', 'M', 'AW']"
5895,"['M', 'K', 'AH']",-3,CCV,"['M', 'K', 'AH']"
5896,"['M', 'K', 'OY']",-3,CCV,"['M', 'K', 'OY']"
5897,"['M', 'K', 'AA']",-3,CCV,"['M', 'K', 'AA']"
5898,"['M', 'K', 'AY']",-3,CCV,"['M', 'K', 'AY']"
5899,"['M', 'K', 'ER']",-3,CCV,"['M', 'K', 'ER']"
5900,"['M', 'K', 'AO']",-3,CCV,"['M', 'K', 'AO']"
5901,"['M', 'K', 'UW']",-3,CCV,"['M', 'UW', 'K']"
5902,"['M', 'K', 'IH']",-3,CCV,"['M', 'IH', 'K']"
5903,"['M', 'K', 'EH']",-3,CCV,"['M', 'EH', 'K']"
5904,"['M', 'K', 'UH']",-3,CCV,"['M', 'UH', 'K']"
5905,"['M', 'K', 'IY']",-3,CCV,"['M', 'K', 'IY']"
5906,"['M', 'K', 'EY']",-3,CCV,"['M', 'EY', 'K']"
5907,"['M', 'K', 'OW']",-3,CCV,"['M', 'OW', 'K']"
5908,"['M', 'K', 'AE']",-3,CCV,"['M', 'AE', 'K']"
5909,"['M', 'K', 'AW']",-3,CCV,"['K', 'AW', 'SH']"
5910,"['M', 'B', 'AH']",-3,CCV,"['M', 'B', 'AH']"
5911,"['M', 'B', 'OY']",-3,CCV,"['M', 'B', 'OY']"
5912,"['M', 'B', 'AA']",-3,CCV,"['M', 'B', 'AA']"
5913,"['M', 'B', 'AY']",-3,CCV,"['M', 'B', 'AY']"
5914,"['M', 'B', 'ER']",-3,CCV,"['M', 'B', 'ER']"
5915,"['M', 'B', 'AO']",-3,CCV,"['M', 'B', 'AO']"
5916,"['M', 'B', 'UW']",-3,CCV,"['M', 'B', 'UW']"
5917,"['M', 'B', 'IH']",-3,CCV,"['M', 'IH', 'B']"
5918,"['M', 'B', 'EH']",-3,CCV,"['M', 'B', 'EH']"
5919,"['M', 'B', 'UH']",-3,CCV,"['M', 'UH', 'T']"
5920,"['M', 'B', 'IY']",-3,CCV,"['M', 'B', 'IY']"
5921,"['M', 'B', 'EY']",-3,CCV,"['M', 'EY', 'B']"
5922,"['M', 'B', 'OW']",-3,CCV,"['M', 'B', 'OW']"
5923,"['M', 'B', 'AE']",-3,CCV,"['M', 'B', 'AE']"
5924,"['M', 'B', 'AW']",-3,CCV,"['M', 'B', 'AW']"
5925,"['M', 'D', 'AH']",-3,CCV,"['M', 'D', 'AH']"
5926,"['M', 'D', 'OY']",-3,CCV,"['M', 'D', 'OY']"
5927,"['M', 'D', 'AA']",-3,CCV,"['M', 'D', 'AA']"
5928,"['M', 'D', 'AY']",-3,CCV,"['M', 'AY', 'D']"
5929,"['M', 'D', 'ER']",-3,CCV,"['M', 'D', 'ER']"
5930,"['M', 'D', 'AO']",-3,CCV,"['M', 'D', 'AO']"
5931,"['M', 'D', 'UW']",-3,CCV,"['M', 'D', 'UW']"
5932,"['M', 'D', 'IH']",-3,CCV,"['M', 'IH', 'D']"
5933,"['M', 'D', 'EH']",-3,CCV,"['M', 'D', 'EH']"
5934,"['M', 'D', 'UH']",-3,CCV,"['M', 'D', 'UH']"
5935,"['M', 'D', 'IY']",-3,CCV,"['M', 'D', 'IY']"
5936,"['M', 'D', 'EY']",-3,CCV,"['M', 'EY', 'D']"
5937,"['M', 'D', 'OW']",-3,CCV,"['M', 'D', 'OW']"
5938,"['M', 'D', 'AE']",-3,CCV,"['M', 'AE', 'D']"
5939,"['M', 'D', 'AW']",-3,CCV,"['M', 'D', 'AW']"
5940,"['M', 'G', 'AH']",-3,CCV,"['M', 'IH', 'G']"
5941,"['M', 'G', 'OY']",-3,CCV,"['M', 'OY', 'G']"
5942,"['M', 'G', 'AA']",-3,CCV,"['M', 'G', 'AA']"
5943,"['M', 'G', 'AY']",-3,CCV,"['M', 'AY', 'G']"
5944,"['M', 'G', 'ER']",-3,CCV,"['M', 'G', 'ER']"
5945,"['M', 'G', 'AO']",-3,CCV,"['M', 'AO', 'NG']"
5946,"['M', 'G', 'UW']",-3,CCV,"['M', 'G', 'UW']"
5947,"['M', 'G', 'IH']",-3,CCV,"['M', 'IH', 'G']"
5948,"['M', 'G', 'EH']",-3,CCV,"['M', 'G', 'EH']"
5949,"['M', 'G', 'UH']",-3,CCV,"['M', 'UH', 'L']"
5950,"['M', 'G', 'IY']",-3,CCV,"['M', 'IH', 'IY']"
5951,"['M', 'G', 'EY']",-3,CCV,"['M', 'EY', 'G']"
5952,"['M', 'G', 'OW']",-3,CCV,"['M', 'G', 'OW']"
5953,"['M', 'G', 'AE']",-3,CCV,"['M', 'AE', 'G']"
5954,"['M', 'G', 'AW']",-3,CCV,"['M', 'AW', 'G']"
5955,"['M', 'F', 'AH']",-2,CCV,"['M', 'F', 'UH']"
5956,"['M', 'F', 'OY']",-2,CCV,"['M', 'F', 'OY']"
5957,"['M', 'F', 'AA']",-2,CCV,"['M', 'F', 'AA']"
5958,"['M', 'F', 'AY']",-2,CCV,"['M', 'F', 'AY']"
5959,"['M', 'F', 'ER']",-2,CCV,"['M', 'F', 'ER']"
5960,"['M', 'F', 'AO']",-2,CCV,"['M', 'F', 'AO']"
5961,"['M', 'F', 'UW']",-2,CCV,"['M', 'F', 'UW']"
5962,"['M', 'F', 'IH']",-2,CCV,"['M', 'F', 'IH']"
5963,"['M', 'F', 'EH']",-2,CCV,"['M', 'F', 'EH']"
5964,"['M', 'F', 'UH']",-2,CCV,"['M', 'UH', 'F']"
5965,"['M', 'F', 'IY']",-2,CCV,"['M', 'F', 'IY']"
5966,"['M', 'F', 'EY']",-2,CCV,"['M', 'EY', 'F']"
5967,"['M', 'F', 'OW']",-2,CCV,"['M', 'F', 'OW']"
5968,"['M', 'F', 'AE']",-2,CCV,"['M', 'AE', 'F']"
5969,"['M', 'F', 'AW']",-2,CCV,"['M', 'AW', 'F']"
5970,"['M', 'TH', 'AH']",-2,CCV,"['M', 'TH', '<EOS>']"
5971,"['M', 'TH', 'OY']",-2,CCV,"['M', 'TH', 'OY']"
5972,"['M', 'TH', 'AA']",-2,CCV,"['M', 'TH', '<EOS>']"
5973,"['M', 'TH', 'AY']",-2,CCV,"['M', 'TH', 'AY']"
5974,"['M', 'TH', 'ER']",-2,CCV,"['M', 'TH', 'ER']"
5975,"['M', 'TH', 'AO']",-2,CCV,"['M', 'AO', 'TH']"
5976,"['M', 'TH', 'UW']",-2,CCV,"['M', 'IH', 'UW']"
5977,"['M', 'TH', 'IH']",-2,CCV,"['M', 'IH', 'TH']"
5978,"['M', 'TH', 'EH']",-2,CCV,"['M', 'TH', 'EH']"
5979,"['M', 'TH', 'UH']",-2,CCV,"['M', 'TH', 'UH']"
5980,"['M', 'TH', 'IY']",-2,CCV,"['M', 'TH', 'IY']"
5981,"['M', 'TH', 'EY']",-2,CCV,"['M', 'EY', 'TH']"
5982,"['M', 'TH', 'OW']",-2,CCV,"['M', 'TH', 'OW']"
5983,"['M', 'TH', 'AE']",-2,CCV,"['M', 'AE', 'TH']"
5984,"['M', 'TH', 'AW']",-2,CCV,"['M', 'TH', 'AW']"
5985,"['M', 'S', 'AH']",-2,CCV,"['M', 'S', 'AH']"
5986,"['M', 'S', 'OY']",-2,CCV,"['M', 'OY', 'S']"
5987,"['M', 'S', 'AA']",-2,CCV,"['M', 'AA', 'S']"
5988,"['M', 'S', 'AY']",-2,CCV,"['M', 'AY', 'S']"
5989,"['M', 'S', 'ER']",-2,CCV,"['M', 'S', 'ER']"
5990,"['M', 'S', 'AO']",-2,CCV,"['M', 'AO', 'R']"
5991,"['M', 'S', 'UW']",-2,CCV,"['M', 'S', 'UW']"
5992,"['M', 'S', 'IH']",-2,CCV,"['M', 'IH', 'DH']"
5993,"['M', 'S', 'EH']",-2,CCV,"['M', 'S', 'EH']"
5994,"['M', 'S', 'UH']",-2,CCV,"['M', 'UH', 'S']"
5995,"['M', 'S', 'IY']",-2,CCV,"['M', 'IH', 'DH']"
5996,"['M', 'S', 'EY']",-2,CCV,"['M', 'EY', 'S']"
5997,"['M', 'S', 'OW']",-2,CCV,"['M', 'S', 'OW']"
5998,"['M', 'S', 'AE']",-2,CCV,"['M', 'AE', 'K']"
5999,"['M', 'S', 'AW']",-2,CCV,"['M', 'AW', 'S']"
6000,"['M', 'SH', 'AH']",-2,CCV,"['M', 'SH', 'AH']"
6001,"['M', 'SH', 'OY']",-2,CCV,"['M', 'SH', 'OY']"
6002,"['M', 'SH', 'AA']",-2,CCV,"['M', 'SH', 'AA']"
6003,"['M', 'SH', 'AY']",-2,CCV,"['M', 'AY', 'SH']"
6004,"['M', 'SH', 'ER']",-2,CCV,"['M', 'SH', 'ER']"
6005,"['M', 'SH', 'AO']",-2,CCV,"['M', 'SH', 'AO']"
6006,"['M', 'SH', 'UW']",-2,CCV,"['M', 'SH', 'UW']"
6007,"['M', 'SH', 'IH']",-2,CCV,"['M', 'IH', 'SH']"
6008,"['M', 'SH', 'EH']",-2,CCV,"['M', 'SH', 'EH']"
6009,"['M', 'SH', 'UH']",-2,CCV,"['M', 'UH', 'SH']"
6010,"['M', 'SH', 'IY']",-2,CCV,"['M', 'SH', 'IY']"
6011,"['M', 'SH', 'EY']",-2,CCV,"['M', 'EY', 'SH']"
6012,"['M', 'SH', 'OW']",-2,CCV,"['M', 'SH', 'OW']"
6013,"['M', 'SH', 'AE']",-2,CCV,"['M', 'AE', 'SH']"
6014,"['M', 'SH', 'AW']",-2,CCV,"['M', 'SH', 'AW']"
6015,"['M', 'Z', 'AH']",-2,CCV,"['M', 'Z', 'AH']"
6016,"['M', 'Z', 'OY']",-2,CCV,"['M', 'IH', 'Z']"
6017,"['M', 'Z', 'AA']",-2,CCV,"['M', 'Z', 'AA']"
6018,"['M', 'Z', 'AY']",-2,CCV,"['M', 'AY', 'Z']"
6019,"['M', 'Z', 'ER']",-2,CCV,"['M', 'Z', 'ER']"
6020,"['M', 'Z', 'AO']",-2,CCV,"['M', 'IH', 'Z']"
6021,"['M', 'Z', 'UW']",-2,CCV,"['M', 'IH', 'UW']"
6022,"['M', 'Z', 'IH']",-2,CCV,"['M', 'IH', 'Z']"
6023,"['M', 'Z', 'EH']",-2,CCV,"['M', 'EH', 'Z']"
6024,"['M', 'Z', 'UH']",-2,CCV,"['M', 'Z', 'UH']"
6025,"['M', 'Z', 'IY']",-2,CCV,"['M', 'IH', 'Z']"
6026,"['M', 'Z', 'EY']",-2,CCV,"['M', 'EY', 'Z']"
6027,"['M', 'Z', 'OW']",-2,CCV,"['M', 'OW', 'Z']"
6028,"['M', 'Z', 'AE']",-2,CCV,"['DH', 'AE', 'M']"
6029,"['M', 'Z', 'AW']",-2,CCV,"['M', 'AW', 'Z']"
6030,"['M', 'ZH', 'AH']",-2,CCV,"['M', 'ZH', 'AH']"
6031,"['M', 'ZH', 'OY']",-2,CCV,"['M', 'ZH', 'OY']"
6032,"['M', 'ZH', 'AA']",-2,CCV,"['M', 'ZH', 'AA']"
6033,"['M', 'ZH', 'AY']",-2,CCV,"['M', 'ZH', 'AY']"
6034,"['M', 'ZH', 'ER']",-2,CCV,"['M', 'ZH', 'ER']"
6035,"['M', 'ZH', 'AO']",-2,CCV,"['M', 'ZH', 'AO']"
6036,"['M', 'ZH', 'UW']",-2,CCV,"['M', 'ZH', 'UW']"
6037,"['M', 'ZH', 'IH']",-2,CCV,"['M', 'ZH', 'IH']"
6038,"['M', 'ZH', 'EH']",-2,CCV,"['M', 'ZH', 'EH']"
6039,"['M', 'ZH', 'UH']",-2,CCV,"['M', 'ZH', 'UH']"
6040,"['M', 'ZH', 'IY']",-2,CCV,"['M', 'ZH', 'IY']"
6041,"['M', 'ZH', 'EY']",-2,CCV,"['M', 'ZH', 'EY']"
6042,"['M', 'ZH', 'OW']",-2,CCV,"['M', 'ZH', 'OW']"
6043,"['M', 'ZH', 'AE']",-2,CCV,"['M', 'ZH', 'AE']"
6044,"['M', 'ZH', 'AW']",-2,CCV,"['M', 'ZH', 'AW']"
6045,"['M', 'V', 'AH']",-2,CCV,"['M', 'V', 'AH']"
6046,"['M', 'V', 'OY']",-2,CCV,"['M', 'V', 'OY']"
6047,"['M', 'V', 'AA']",-2,CCV,"['M', 'V', 'AA']"
6048,"['M', 'V', 'AY']",-2,CCV,"['M', 'AY', 'V']"
6049,"['M', 'V', 'ER']",-2,CCV,"['M', 'V', 'ER']"
6050,"['M', 'V', 'AO']",-2,CCV,"['M', 'V', 'AO']"
6051,"['M', 'V', 'UW']",-2,CCV,"['M', 'V', 'UW']"
6052,"['M', 'V', 'IH']",-2,CCV,"['M', 'IH', 'V']"
6053,"['M', 'V', 'EH']",-2,CCV,"['M', 'V', 'EH']"
6054,"['M', 'V', 'UH']",-2,CCV,"['M', 'UH', 'V']"
6055,"['M', 'V', 'IY']",-2,CCV,"['M', 'V', 'IY']"
6056,"['M', 'V', 'EY']",-2,CCV,"['M', 'EY', 'V']"
6057,"['M', 'V', 'OW']",-2,CCV,"['M', 'OW', 'V']"
6058,"['M', 'V', 'AE']",-2,CCV,"['M', 'AE', 'V']"
6059,"['M', 'V', 'AW']",-2,CCV,"['M', 'V', 'AW']"
6060,"['M', 'DH', 'AH']",-2,CCV,"['M', 'DH', 'AH']"
6061,"['M', 'DH', 'OY']",-2,CCV,"['DH', 'M', 'OY']"
6062,"['M', 'DH', 'AA']",-2,CCV,"['DH', 'M', 'AA']"
6063,"['M', 'DH', 'AY']",-2,CCV,"['DH', 'M', 'AY']"
6064,"['M', 'DH', 'ER']",-2,CCV,"['DH', 'M', 'ER']"
6065,"['M', 'DH', 'AO']",-2,CCV,"['DH', 'M', 'AO']"
6066,"['M', 'DH', 'UW']",-2,CCV,"['DH', 'M', 'UW']"
6067,"['M', 'DH', 'IH']",-2,CCV,"['M', 'IH', 'DH']"
6068,"['M', 'DH', 'EH']",-2,CCV,"['DH', 'M', 'EH']"
6069,"['M', 'DH', 'UH']",-2,CCV,"['DH', 'UH', 'M']"
6070,"['M', 'DH', 'IY']",-2,CCV,"['DH', 'M', 'IY']"
6071,"['M', 'DH', 'EY']",-2,CCV,"['DH', 'M', 'EY']"
6072,"['M', 'DH', 'OW']",-2,CCV,"['M', 'DH', 'OW']"
6073,"['M', 'DH', 'AE']",-2,CCV,"['DH', 'AE', 'M']"
6074,"['M', 'DH', 'AW']",-2,CCV,"['DH', 'M', 'AW']"
6075,"['M', 'HH', 'AH']",-2,CCV,"['M', 'HH', 'AH']"
6076,"['M', 'HH', 'OY']",-2,CCV,"['M', 'OY', 'HH']"
6077,"['M', 'HH', 'AA']",-2,CCV,"['M', 'HH', 'AA']"
6078,"['M', 'HH', 'AY']",-2,CCV,"['M', 'HH', 'AY']"
6079,"['M', 'HH', 'ER']",-2,CCV,"['M', 'HH', 'ER']"
6080,"['M', 'HH', 'AO']",-2,CCV,"['M', 'HH', 'AO']"
6081,"['M', 'HH', 'UW']",-2,CCV,"['M', 'HH', 'UW']"
6082,"['M', 'HH', 'IH']",-2,CCV,"['M', 'IH', 'HH']"
6083,"['M', 'HH', 'EH']",-2,CCV,"['M', 'HH', 'EH']"
6084,"['M', 'HH', 'UH']",-2,CCV,"['M', 'HH', 'UH']"
6085,"['M', 'HH', 'IY']",-2,CCV,"['M', 'HH', 'IY']"
6086,"['M', 'HH', 'EY']",-2,CCV,"['M', 'HH', 'EY']"
6087,"['M', 'HH', 'OW']",-2,CCV,"['M', 'HH', 'OW']"
6088,"['M', 'HH', 'AE']",-2,CCV,"['M', 'HH', 'AE']"
6089,"['M', 'HH', 'AW']",-2,CCV,"['M', 'HH', 'AW']"
6090,"['M', 'CH', 'AH']",-1,CCV,"['M', 'CH', '<EOS>']"
6091,"['M', 'CH', 'OY']",-1,CCV,"['M', 'OY', 'CH']"
6092,"['M', 'CH', 'AA']",-1,CCV,"['M', 'CH', '<EOS>']"
6093,"['M', 'CH', 'AY']",-1,CCV,"['M', 'AY', 'CH']"
6094,"['M', 'CH', 'ER']",-1,CCV,"['M', 'CH', 'ER']"
6095,"['M', 'CH', 'AO']",-1,CCV,"['M', 'CH', '<EOS>']"
6096,"['M', 'CH', 'UW']",-1,CCV,"['M', 'CH', 'UW']"
6097,"['M', 'CH', 'IH']",-1,CCV,"['M', 'IH', 'CH']"
6098,"['M', 'CH', 'EH']",-1,CCV,"['M', 'EH', 'CH']"
6099,"['M', 'CH', 'UH']",-1,CCV,"['M', 'UH', 'CH']"
6100,"['M', 'CH', 'IY']",-1,CCV,"['M', 'CH', 'IY']"
6101,"['M', 'CH', 'EY']",-1,CCV,"['M', 'EY', 'CH']"
6102,"['M', 'CH', 'OW']",-1,CCV,"['M', 'OW', 'CH']"
6103,"['M', 'CH', 'AE']",-1,CCV,"['M', 'AE', 'CH']"
6104,"['M', 'CH', 'AW']",-1,CCV,"['M', 'EY', 'V']"
6105,"['M', 'JH', 'AH']",-1,CCV,"['M', 'AE', 'JH']"
6106,"['M', 'JH', 'OY']",-1,CCV,"['M', 'OY', 'JH']"
6107,"['M', 'JH', 'AA']",-1,CCV,"['M', 'AA', 'JH']"
6108,"['M', 'JH', 'AY']",-1,CCV,"['M', 'AY', 'JH']"
6109,"['M', 'JH', 'ER']",-1,CCV,"['M', 'JH', 'ER']"
6110,"['M', 'JH', 'AO']",-1,CCV,"['M', 'AO', 'JH']"
6111,"['M', 'JH', 'UW']",-1,CCV,"['M', 'AE', 'JH']"
6112,"['M', 'JH', 'IH']",-1,CCV,"['M', 'IH', 'JH']"
6113,"['M', 'JH', 'EH']",-1,CCV,"['M', 'EH', 'JH']"
6114,"['M', 'JH', 'UH']",-1,CCV,"['M', 'UH', 'JH']"
6115,"['M', 'JH', 'IY']",-1,CCV,"['M', 'AE', 'JH']"
6116,"['M', 'JH', 'EY']",-1,CCV,"['M', 'EY', 'JH']"
6117,"['M', 'JH', 'OW']",-1,CCV,"['M', 'OW', 'JH']"
6118,"['M', 'JH', 'AE']",-1,CCV,"['DH', 'AE', 'JH']"
6119,"['M', 'JH', 'AW']",-1,CCV,"['M', 'AW', 'JH']"
6120,"['M', 'N', 'AH']",0,CCV,"['M', 'IH', 'N']"
6121,"['M', 'N', 'OY']",0,CCV,"['M', 'OY', 'N']"
6122,"['M', 'N', 'AA']",0,CCV,"['M', 'AA', 'N']"
6123,"['M', 'N', 'AY']",0,CCV,"['M', 'AY', 'N']"
6124,"['M', 'N', 'ER']",0,CCV,"['M', 'ER', 'N']"
6125,"['M', 'N', 'AO']",0,CCV,"['M', 'AO', 'N']"
6126,"['M', 'N', 'UW']",0,CCV,"['M', 'UW', 'N']"
6127,"['M', 'N', 'IH']",0,CCV,"['M', 'IH', 'N']"
6128,"['M', 'N', 'EH']",0,CCV,"['M', 'EH', 'N']"
6129,"['M', 'N', 'UH']",0,CCV,"['M', 'UH', 'N']"
6130,"['M', 'N', 'IY']",0,CCV,"['M', 'AE', 'N']"
6131,"['M', 'N', 'EY']",0,CCV,"['M', 'EY', 'N']"
6132,"['M', 'N', 'OW']",0,CCV,"['M', 'OW', 'N']"
6133,"['M', 'N', 'AE']",0,CCV,"['M', 'AE', 'N']"
6134,"['M', 'N', 'AW']",0,CCV,"['M', 'AW', 'N']"
6135,"['M', 'NG', 'AH']",0,CCV,"['M', 'NG', '<EOS>']"
6136,"['M', 'NG', 'OY']",0,CCV,"['M', 'NG', 'OY']"
6137,"['M', 'NG', 'AA']",0,CCV,"['M', 'AA', 'NG']"
6138,"['M', 'NG', 'AY']",0,CCV,"['M', 'AY', 'NG']"
6139,"['M', 'NG', 'ER']",0,CCV,"['M', 'NG', 'ER']"
6140,"['M', 'NG', 'AO']",0,CCV,"['M', 'NG', 'AO']"
6141,"['M', 'NG', 'UW']",0,CCV,"['M', 'NG', 'UW']"
6142,"['M', 'NG', 'IH']",0,CCV,"['M', 'IH', 'NG']"
6143,"['M', 'NG', 'EH']",0,CCV,"['M', 'EH', 'NG']"
6144,"['M', 'NG', 'UH']",0,CCV,"['M', 'UH', 'NG']"
6145,"['M', 'NG', 'IY']",0,CCV,"['M', 'NG', 'IY']"
6146,"['M', 'NG', 'EY']",0,CCV,"['M', 'EY', 'NG']"
6147,"['M', 'NG', 'OW']",0,CCV,"['M', 'OW', 'NG']"
6148,"['M', 'NG', 'AE']",0,CCV,"['M', 'AE', 'NG']"
6149,"['M', 'NG', 'AW']",0,CCV,"['M', 'NG', 'AW']"
6150,"['M', 'L', 'AH']",1,CCV,"['M', 'L', 'AH']"
6151,"['M', 'L', 'OY']",1,CCV,"['M', 'L', 'OY']"
6152,"['M', 'L', 'AA']",1,CCV,"['M', 'L', 'AA']"
6153,"['M', 'L', 'AY']",1,CCV,"['M', 'L', 'AY']"
6154,"['M', 'L', 'ER']",1,CCV,"['M', 'L', 'ER']"
6155,"['M', 'L', 'AO']",1,CCV,"['M', 'L', 'AO']"
6156,"['M', 'L', 'UW']",1,CCV,"['M', 'L', 'UW']"
6157,"['M', 'L', 'IH']",1,CCV,"['M', 'IH', 'L']"
6158,"['M', 'L', 'EH']",1,CCV,"['M', 'L', 'EH']"
6159,"['M', 'L', 'UH']",1,CCV,"['M', 'L', 'UH']"
6160,"['M', 'L', 'IY']",1,CCV,"['M', 'L', 'IY']"
6161,"['M', 'L', 'EY']",1,CCV,"['M', 'L', 'EY']"
6162,"['M', 'L', 'OW']",1,CCV,"['M', 'L', 'OW']"
6163,"['M', 'L', 'AE']",1,CCV,"['M', 'AE', 'L']"
6164,"['M', 'L', 'AW']",1,CCV,"['L', 'AW', 'M']"
6165,"['M', 'R', 'AH']",1,CCV,"['M', 'R', 'AH']"
6166,"['M', 'R', 'OY']",1,CCV,"['M', 'R', 'OY']"
6167,"['M', 'R', 'AA']",1,CCV,"['M', 'R', 'AA']"
6168,"['M', 'R', 'AY']",1,CCV,"['M', 'R', 'AY']"
6169,"['M', 'R', 'ER']",1,CCV,"['M', 'R', 'ER']"
6170,"['M', 'R', 'AO']",1,CCV,"['M', 'R', 'AO']"
6171,"['M', 'R', 'UW']",1,CCV,"['M', 'R', 'UW']"
6172,"['M', 'R', 'IH']",1,CCV,"['M', 'R', 'IH']"
6173,"['M', 'R', 'EH']",1,CCV,"['M', 'R', 'EH']"
6174,"['M', 'R', 'UH']",1,CCV,"['M', 'R', 'UH']"
6175,"['M', 'R', 'IY']",1,CCV,"['M', 'R', 'IY']"
6176,"['M', 'R', 'EY']",1,CCV,"['M', 'R', 'EY']"
6177,"['M', 'R', 'OW']",1,CCV,"['M', 'R', 'OW']"
6178,"['M', 'R', 'AE']",1,CCV,"['M', 'R', 'AE']"
6179,"['M', 'R', 'AW']",1,CCV,"['M', 'R', 'AW']"
6180,"['M', 'W', 'AH']",2,CCV,"['M', 'W', 'AH']"
6181,"['M', 'W', 'OY']",2,CCV,"['M', 'OY', 'EH']"
6182,"['M', 'W', 'AA']",2,CCV,"['M', 'W', 'AA']"
6183,"['M', 'W', 'AY']",2,CCV,"['M', 'W', 'AY']"
6184,"['M', 'W', 'ER']",2,CCV,"['M', 'W', 'ER']"
6185,"['M', 'W', 'AO']",2,CCV,"['M', 'W', 'AO']"
6186,"['M', 'W', 'UW']",2,CCV,"['M', 'W', 'UW']"
6187,"['M', 'W', 'IH']",2,CCV,"['M', 'W', 'IH']"
6188,"['M', 'W', 'EH']",2,CCV,"['M', 'W', 'EH']"
6189,"['M', 'W', 'UH']",2,CCV,"['M', 'W', 'UH']"
6190,"['M', 'W', 'IY']",2,CCV,"['M', 'W', 'IY']"
6191,"['M', 'W', 'EY']",2,CCV,"['M', 'W', 'EY']"
6192,"['M', 'W', 'OW']",2,CCV,"['M', 'W', 'OW']"
6193,"['M', 'W', 'AE']",2,CCV,"['M', 'W', 'AE']"
6194,"['M', 'W', 'AW']",2,CCV,"['M', 'W', 'AW']"
6195,"['M', 'Y', 'AH']",2,CCV,"['M', 'Y', 'AH']"
6196,"['M', 'Y', 'OY']",2,CCV,"['M', 'OY', 'Y']"
6197,"['M', 'Y', 'AA']",2,CCV,"['M', 'Y', 'AA']"
6198,"['M', 'Y', 'AY']",2,CCV,"['M', 'Y', 'AY']"
6199,"['M', 'Y', 'ER']",2,CCV,"['M', 'Y', 'ER']"
6200,"['M', 'Y', 'AO']",2,CCV,"['M', 'AO', 'Y']"
6201,"['M', 'Y', 'UW']",2,CCV,"['M', 'Y', 'UW']"
6202,"['M', 'Y', 'IH']",2,CCV,"['M', 'IH', 'Y']"
6203,"['M', 'Y', 'EH']",2,CCV,"['M', 'Y', 'EH']"
6204,"['M', 'Y', 'UH']",2,CCV,"['M', 'Y', 'UH']"
6205,"['M', 'Y', 'IY']",2,CCV,"['M', 'Y', 'IY']"
6206,"['M', 'Y', 'EY']",2,CCV,"['M', 'Y', 'EY']"
6207,"['M', 'Y', 'OW']",2,CCV,"['M', 'Y', 'OW']"
6208,"['M', 'Y', 'AE']",2,CCV,"['M', 'Y', 'AE']"
6209,"['M', 'Y', 'AW']",2,CCV,"['M', 'Y', 'AW']"
6210,"['N', 'P', 'AH']",-3,CCV,"['N', 'P', 'AH']"
6211,"['N', 'P', 'OY']",-3,CCV,"['N', 'OY', 'P']"
6212,"['N', 'P', 'AA']",-3,CCV,"['N', 'P', 'AA']"
6213,"['N', 'P', 'AY']",-3,CCV,"['ZH', 'IH', 'AY']"
6214,"['N', 'P', 'ER']",-3,CCV,"['N', 'P', 'ER']"
6215,"['N', 'P', 'AO']",-3,CCV,"['N', 'P', 'AO']"
6216,"['N', 'P', 'UW']",-3,CCV,"['L', 'UW', 'SH']"
6217,"['N', 'P', 'IH']",-3,CCV,"['N', 'IH', 'P']"
6218,"['N', 'P', 'EH']",-3,CCV,"['ZH', 'P', 'EH']"
6219,"['N', 'P', 'UH']",-3,CCV,"['ZH', 'UH', 'IH']"
6220,"['N', 'P', 'IY']",-3,CCV,"['N', 'P', 'IY']"
6221,"['N', 'P', 'EY']",-3,CCV,"['N', 'EY', 'P']"
6222,"['N', 'P', 'OW']",-3,CCV,"['ZH', 'P', 'OW']"
6223,"['N', 'P', 'AE']",-3,CCV,"['ZH', 'AE', 'IH']"
6224,"['N', 'P', 'AW']",-3,CCV,"['N', 'AW', 'P']"
6225,"['N', 'T', 'AH']",-3,CCV,"['T', 'N', 'AH']"
6226,"['N', 'T', 'OY']",-3,CCV,"['N', 'OY', 'T']"
6227,"['N', 'T', 'AA']",-3,CCV,"['N', 'T', 'AA']"
6228,"['N', 'T', 'AY']",-3,CCV,"['N', 'AY', 'T']"
6229,"['N', 'T', 'ER']",-3,CCV,"['N', 'T', 'ER']"
6230,"['N', 'T', 'AO']",-3,CCV,"['T', 'N', 'AO']"
6231,"['N', 'T', 'UW']",-3,CCV,"['T', 'UW', 'N']"
6232,"['N', 'T', 'IH']",-3,CCV,"['T', 'IH', 'IH']"
6233,"['N', 'T', 'EH']",-3,CCV,"['N', 'T', 'EH']"
6234,"['N', 'T', 'UH']",-3,CCV,"['ZH', 'UH', 'N']"
6235,"['N', 'T', 'IY']",-3,CCV,"['N', 'T', 'IY']"
6236,"['N', 'T', 'EY']",-3,CCV,"['N', 'T', 'EY']"
6237,"['N', 'T', 'OW']",-3,CCV,"['N', 'T', 'OW']"
6238,"['N', 'T', 'AE']",-3,CCV,"['N', 'AE', 'T']"
6239,"['N', 'T', 'AW']",-3,CCV,"['T', 'AW', 'N']"
6240,"['N', 'K', 'AH']",-3,CCV,"['K', 'AE', 'N']"
6241,"['N', 'K', 'OY']",-3,CCV,"['N', 'OY', 'K']"
6242,"['N', 'K', 'AA']",-3,CCV,"['K', 'AA', 'N']"
6243,"['N', 'K', 'AY']",-3,CCV,"['K', 'AY', 'N']"
6244,"['N', 'K', 'ER']",-3,CCV,"['K', 'ER', 'N']"
6245,"['N', 'K', 'AO']",-3,CCV,"['K', 'AO', 'N']"
6246,"['N', 'K', 'UW']",-3,CCV,"['L', 'UW', 'K']"
6247,"['N', 'K', 'IH']",-3,CCV,"['K', 'IH', 'N']"
6248,"['N', 'K', 'EH']",-3,CCV,"['K', 'EH', 'N']"
6249,"['N', 'K', 'UH']",-3,CCV,"['K', 'UH', 'N']"
6250,"['N', 'K', 'IY']",-3,CCV,"['K', 'AE', 'N']"
6251,"['N', 'K', 'EY']",-3,CCV,"['N', 'EY', 'K']"
6252,"['N', 'K', 'OW']",-3,CCV,"['N', 'OW', 'K']"
6253,"['N', 'K', 'AE']",-3,CCV,"['K', 'AE', 'N']"
6254,"['N', 'K', 'AW']",-3,CCV,"['K', 'AW', 'N']"
6255,"['N', 'B', 'AH']",-3,CCV,"['B', 'AH', 'N']"
6256,"['N', 'B', 'OY']",-3,CCV,"['N', 'OY', 'B']"
6257,"['N', 'B', 'AA']",-3,CCV,"['B', 'N', 'AA']"
6258,"['N', 'B', 'AY']",-3,CCV,"['B', 'AY', 'N']"
6259,"['N', 'B', 'ER']",-3,CCV,"['B', 'ER', 'N']"
6260,"['N', 'B', 'AO']",-3,CCV,"['B', 'AO', 'N']"
6261,"['N', 'B', 'UW']",-3,CCV,"['B', 'UW', 'N']"
6262,"['N', 'B', 'IH']",-3,CCV,"['B', 'IH', 'N']"
6263,"['N', 'B', 'EH']",-3,CCV,"['B', 'EH', 'N']"
6264,"['N', 'B', 'UH']",-3,CCV,"['N', 'UH', 'B']"
6265,"['N', 'B', 'IY']",-3,CCV,"['B', 'AE', 'N']"
6266,"['N', 'B', 'EY']",-3,CCV,"['N', 'EY', 'B']"
6267,"['N', 'B', 'OW']",-3,CCV,"['S', 'OW', 'N']"
6268,"['N', 'B', 'AE']",-3,CCV,"['B', 'AE', 'N']"
6269,"['N', 'B', 'AW']",-3,CCV,"['N', 'AY', 'AW']"
6270,"['N', 'D', 'AH']",-3,CCV,"['N', 'D', 'AH']"
6271,"['N', 'D', 'OY']",-3,CCV,"['N', 'D', 'OY']"
6272,"['N', 'D', 'AA']",-3,CCV,"['N', 'D', 'AA']"
6273,"['N', 'D', 'AY']",-3,CCV,"['N', 'AY', 'D']"
6274,"['N', 'D', 'ER']",-3,CCV,"['N', 'D', 'ER']"
6275,"['N', 'D', 'AO']",-3,CCV,"['N', 'D', 'AO']"
6276,"['N', 'D', 'UW']",-3,CCV,"['T', 'UW', 'N']"
6277,"['N', 'D', 'IH']",-3,CCV,"['N', 'IH', 'D']"
6278,"['N', 'D', 'EH']",-3,CCV,"['N', 'D', 'EH']"
6279,"['N', 'D', 'UH']",-3,CCV,"['N', 'UH', 'D']"
6280,"['N', 'D', 'IY']",-3,CCV,"['N', 'D', 'IY']"
6281,"['N', 'D', 'EY']",-3,CCV,"['N', 'EY', 'D']"
6282,"['N', 'D', 'OW']",-3,CCV,"['N', 'D', 'OW']"
6283,"['N', 'D', 'AE']",-3,CCV,"['N', 'AE', 'D']"
6284,"['N', 'D', 'AW']",-3,CCV,"['N', 'D', 'AW']"
6285,"['N', 'G', 'AH']",-3,CCV,"['N', 'AE', 'G']"
6286,"['N', 'G', 'OY']",-3,CCV,"['G', 'OY', 'N']"
6287,"['N', 'G', 'AA']",-3,CCV,"['G', 'N', 'AA']"
6288,"['N', 'G', 'AY']",-3,CCV,"['G', 'N', 'AY']"
6289,"['N', 'G', 'ER']",-3,CCV,"['G', 'N', 'ER']"
6290,"['N', 'G', 'AO']",-3,CCV,"['G', 'N', 'AO']"
6291,"['N', 'G', 'UW']",-3,CCV,"['G', 'UW', 'N']"
6292,"['N', 'G', 'IH']",-3,CCV,"['N', 'IH', 'G']"
6293,"['N', 'G', 'EH']",-3,CCV,"['G', 'N', 'EH']"
6294,"['N', 'G', 'UH']",-3,CCV,"['G', 'N', 'UH']"
6295,"['N', 'G', 'IY']",-3,CCV,"['N', 'IY', 'ER']"
6296,"['N', 'G', 'EY']",-3,CCV,"['N', 'EY', 'G']"
6297,"['N', 'G', 'OW']",-3,CCV,"['G', 'N', 'OW']"
6298,"['N', 'G', 'AE']",-3,CCV,"['N', 'AE', 'G']"
6299,"['N', 'G', 'AW']",-3,CCV,"['G', 'N', 'AW']"
6300,"['N', 'F', 'AH']",-2,CCV,"['F', 'N', 'AH']"
6301,"['N', 'F', 'OY']",-2,CCV,"['F', 'OY', 'N']"
6302,"['N', 'F', 'AA']",-2,CCV,"['F', 'AA', 'N']"
6303,"['N', 'F', 'AY']",-2,CCV,"['F', 'AY', 'N']"
6304,"['N', 'F', 'ER']",-2,CCV,"['F', 'ER', 'N']"
6305,"['N', 'F', 'AO']",-2,CCV,"['F', 'AO', 'N']"
6306,"['N', 'F', 'UW']",-2,CCV,"['F', 'UW', 'N']"
6307,"['N', 'F', 'IH']",-2,CCV,"['F', 'IH', 'N']"
6308,"['N', 'F', 'EH']",-2,CCV,"['F', 'EH', 'N']"
6309,"['N', 'F', 'UH']",-2,CCV,"['N', 'UH', 'F']"
6310,"['N', 'F', 'IY']",-2,CCV,"['F', 'AE', 'N']"
6311,"['N', 'F', 'EY']",-2,CCV,"['N', 'EY', 'F']"
6312,"['N', 'F', 'OW']",-2,CCV,"['F', 'OW', 'N']"
6313,"['N', 'F', 'AE']",-2,CCV,"['F', 'AE', 'N']"
6314,"['N', 'F', 'AW']",-2,CCV,"['F', 'AW', 'N']"
6315,"['N', 'TH', 'AH']",-2,CCV,"['TH', 'N', 'AH']"
6316,"['N', 'TH', 'OY']",-2,CCV,"['N', 'OY', 'TH']"
6317,"['N', 'TH', 'AA']",-2,CCV,"['TH', 'N', 'AA']"
6318,"['N', 'TH', 'AY']",-2,CCV,"['TH', 'N', 'AY']"
6319,"['N', 'TH', 'ER']",-2,CCV,"['TH', 'N', 'ER']"
6320,"['N', 'TH', 'AO']",-2,CCV,"['TH', 'N', 'AO']"
6321,"['N', 'TH', 'UW']",-2,CCV,"['TH', 'UW', 'N']"
6322,"['N', 'TH', 'IH']",-2,CCV,"['TH', 'IH', 'N']"
6323,"['N', 'TH', 'EH']",-2,CCV,"['TH', 'EH', 'N']"
6324,"['N', 'TH', 'UH']",-2,CCV,"['TH', 'UH', 'N']"
6325,"['N', 'TH', 'IY']",-2,CCV,"['TH', 'N', 'IY']"
6326,"['N', 'TH', 'EY']",-2,CCV,"['TH', 'EY', 'N']"
6327,"['N', 'TH', 'OW']",-2,CCV,"['TH', 'OW', 'N']"
6328,"['N', 'TH', 'AE']",-2,CCV,"['TH', 'AE', 'N']"
6329,"['N', 'TH', 'AW']",-2,CCV,"['TH', 'N', 'AW']"
6330,"['N', 'S', 'AH']",-2,CCV,"['S', 'AH', 'N']"
6331,"['N', 'S', 'OY']",-2,CCV,"['N', 'OY', 'S']"
6332,"['N', 'S', 'AA']",-2,CCV,"['S', 'N', 'AA']"
6333,"['N', 'S', 'AY']",-2,CCV,"['S', 'AY', 'N']"
6334,"['N', 'S', 'ER']",-2,CCV,"['S', 'N', 'ER']"
6335,"['N', 'S', 'AO']",-2,CCV,"['S', 'AO', 'N']"
6336,"['N', 'S', 'UW']",-2,CCV,"['S', 'UW', 'N']"
6337,"['N', 'S', 'IH']",-2,CCV,"['S', 'IH', 'N']"
6338,"['N', 'S', 'EH']",-2,CCV,"['S', 'EH', 'N']"
6339,"['N', 'S', 'UH']",-2,CCV,"['S', 'UH', 'N']"
6340,"['N', 'S', 'IY']",-2,CCV,"['S', 'N', 'IY']"
6341,"['N', 'S', 'EY']",-2,CCV,"['S', 'N', 'EY']"
6342,"['N', 'S', 'OW']",-2,CCV,"['S', 'OW', 'N']"
6343,"['N', 'S', 'AE']",-2,CCV,"['S', 'AE', 'N']"
6344,"['N', 'S', 'AW']",-2,CCV,"['DH', 'N', 'AW']"
6345,"['N', 'SH', 'AH']",-2,CCV,"['N', 'SH', 'AH']"
6346,"['N', 'SH', 'OY']",-2,CCV,"['N', 'OY', 'SH']"
6347,"['N', 'SH', 'AA']",-2,CCV,"['N', 'SH', 'AA']"
6348,"['N', 'SH', 'AY']",-2,CCV,"['N', 'AY', 'SH']"
6349,"['N', 'SH', 'ER']",-2,CCV,"['N', 'SH', 'ER']"
6350,"['N', 'SH', 'AO']",-2,CCV,"['N', 'SH', 'AO']"
6351,"['N', 'SH', 'UW']",-2,CCV,"['N', 'UW', 'SH']"
6352,"['N', 'SH', 'IH']",-2,CCV,"['N', 'SH', 'IH']"
6353,"['N', 'SH', 'EH']",-2,CCV,"['N', 'SH', 'EH']"
6354,"['N', 'SH', 'UH']",-2,CCV,"['N', 'UH', 'SH']"
6355,"['N', 'SH', 'IY']",-2,CCV,"['N', 'SH', 'IY']"
6356,"['N', 'SH', 'EY']",-2,CCV,"['N', 'EY', 'SH']"
6357,"['N', 'SH', 'OW']",-2,CCV,"['N', 'SH', 'OW']"
6358,"['N', 'SH', 'AE']",-2,CCV,"['N', 'AE', 'SH']"
6359,"['N', 'SH', 'AW']",-2,CCV,"['N', 'SH', 'AW']"
6360,"['N', 'Z', 'AH']",-2,CCV,"['N', 'Z', 'AH']"
6361,"['N', 'Z', 'OY']",-2,CCV,"['N', 'EH', 'Z']"
6362,"['N', 'Z', 'AA']",-2,CCV,"['N', 'Z', 'D']"
6363,"['N', 'Z', 'AY']",-2,CCV,"['N', 'AY', 'Z']"
6364,"['N', 'Z', 'ER']",-2,CCV,"['N', 'Z', 'ER']"
6365,"['N', 'Z', 'AO']",-2,CCV,"['N', 'Z', 'D']"
6366,"['N', 'Z', 'UW']",-2,CCV,"['N', 'UW', 'Z']"
6367,"['N', 'Z', 'IH']",-2,CCV,"['N', 'IH', 'Z']"
6368,"['N', 'Z', 'EH']",-2,CCV,"['N', 'EH', 'Z']"
6369,"['N', 'Z', 'UH']",-2,CCV,"['N', 'UH', 'Z']"
6370,"['N', 'Z', 'IY']",-2,CCV,"['DH', 'N', 'IY']"
6371,"['N', 'Z', 'EY']",-2,CCV,"['N', 'EY', 'Z']"
6372,"['N', 'Z', 'OW']",-2,CCV,"['N', 'OW', 'Z']"
6373,"['N', 'Z', 'AE']",-2,CCV,"['DH', 'AE', 'N']"
6374,"['N', 'Z', 'AW']",-2,CCV,"['N', 'AW', 'Z']"
6375,"['N', 'ZH', 'AH']",-2,CCV,"['ZH', 'IH', 'N']"
6376,"['N', 'ZH', 'OY']",-2,CCV,"['ZH', 'OY', 'N']"
6377,"['N', 'ZH', 'AA']",-2,CCV,"['N', 'ZH', 'AA']"
6378,"['N', 'ZH', 'AY']",-2,CCV,"['ZH', 'AY', 'N']"
6379,"['N', 'ZH', 'ER']",-2,CCV,"['N', 'ZH', 'ER']"
6380,"['N', 'ZH', 'AO']",-2,CCV,"['N', 'AE', 'B']"
6381,"['N', 'ZH', 'UW']",-2,CCV,"['ZH', 'UW', 'N']"
6382,"['N', 'ZH', 'IH']",-2,CCV,"['ZH', 'IH', 'N']"
6383,"['N', 'ZH', 'EH']",-2,CCV,"['ZH', 'EH', 'N']"
6384,"['N', 'ZH', 'UH']",-2,CCV,"['ZH', 'IH', 'UH']"
6385,"['N', 'ZH', 'IY']",-2,CCV,"['ZH', 'IH', 'N']"
6386,"['N', 'ZH', 'EY']",-2,CCV,"['N', 'ZH', 'EY']"
6387,"['N', 'ZH', 'OW']",-2,CCV,"['ZH', 'OW', 'N']"
6388,"['N', 'ZH', 'AE']",-2,CCV,"['ZH', 'AE', 'N']"
6389,"['N', 'ZH', 'AW']",-2,CCV,"['ZH', 'N', 'AW']"
6390,"['N', 'V', 'AH']",-2,CCV,"['N', 'V', 'AH']"
6391,"['N', 'V', 'OY']",-2,CCV,"['N', 'V', 'OY']"
6392,"['N', 'V', 'AA']",-2,CCV,"['N', 'V', 'AA']"
6393,"['N', 'V', 'AY']",-2,CCV,"['N', 'AY', 'V']"
6394,"['N', 'V', 'ER']",-2,CCV,"['N', 'V', 'ER']"
6395,"['N', 'V', 'AO']",-2,CCV,"['N', 'V', 'AO']"
6396,"['N', 'V', 'UW']",-2,CCV,"['L', 'V', 'UW']"
6397,"['N', 'V', 'IH']",-2,CCV,"['N', 'V', 'IH']"
6398,"['N', 'V', 'EH']",-2,CCV,"['N', 'V', 'EH']"
6399,"['N', 'V', 'UH']",-2,CCV,"['N', 'UH', 'V']"
6400,"['N', 'V', 'IY']",-2,CCV,"['N', 'V', 'IY']"
6401,"['N', 'V', 'EY']",-2,CCV,"['N', 'EY', 'V']"
6402,"['N', 'V', 'OW']",-2,CCV,"['N', 'OW', 'V']"
6403,"['N', 'V', 'AE']",-2,CCV,"['N', 'AE', 'V']"
6404,"['N', 'V', 'AW']",-2,CCV,"['N', 'AW', 'V']"
6405,"['N', 'DH', 'AH']",-2,CCV,"['DH', 'AH', 'N']"
6406,"['N', 'DH', 'OY']",-2,CCV,"['DH', 'OY', 'N']"
6407,"['N', 'DH', 'AA']",-2,CCV,"['DH', 'N', 'AA']"
6408,"['N', 'DH', 'AY']",-2,CCV,"['DH', 'AY', 'N']"
6409,"['N', 'DH', 'ER']",-2,CCV,"['DH', 'ER', 'N']"
6410,"['N', 'DH', 'AO']",-2,CCV,"['DH', 'N', 'AO']"
6411,"['N', 'DH', 'UW']",-2,CCV,"['DH', 'UW', 'N']"
6412,"['N', 'DH', 'IH']",-2,CCV,"['DH', 'IH', 'N']"
6413,"['N', 'DH', 'EH']",-2,CCV,"['DH', 'EH', 'N']"
6414,"['N', 'DH', 'UH']",-2,CCV,"['DH', 'UH', 'N']"
6415,"['N', 'DH', 'IY']",-2,CCV,"['DH', 'N', 'IY']"
6416,"['N', 'DH', 'EY']",-2,CCV,"['N', 'DH', 'EY']"
6417,"['N', 'DH', 'OW']",-2,CCV,"['N', 'DH', 'OW']"
6418,"['N', 'DH', 'AE']",-2,CCV,"['DH', 'AE', 'N']"
6419,"['N', 'DH', 'AW']",-2,CCV,"['DH', 'N', 'AW']"
6420,"['N', 'HH', 'AH']",-2,CCV,"['HH', 'AE', 'N']"
6421,"['N', 'HH', 'OY']",-2,CCV,"['N', 'OY', 'HH']"
6422,"['N', 'HH', 'AA']",-2,CCV,"['HH', 'AA', 'N']"
6423,"['N', 'HH', 'AY']",-2,CCV,"['HH', 'AY', 'N']"
6424,"['N', 'HH', 'ER']",-2,CCV,"['HH', 'ER', 'N']"
6425,"['N', 'HH', 'AO']",-2,CCV,"['HH', 'AO', 'N']"
6426,"['N', 'HH', 'UW']",-2,CCV,"['HH', 'UW', 'N']"
6427,"['N', 'HH', 'IH']",-2,CCV,"['HH', 'IH', 'N']"
6428,"['N', 'HH', 'EH']",-2,CCV,"['HH', 'EH', 'N']"
6429,"['N', 'HH', 'UH']",-2,CCV,"['HH', 'UH', 'N']"
6430,"['N', 'HH', 'IY']",-2,CCV,"['HH', 'AE', 'N']"
6431,"['N', 'HH', 'EY']",-2,CCV,"['N', 'HH', 'EY']"
6432,"['N', 'HH', 'OW']",-2,CCV,"['HH', 'OW', 'N']"
6433,"['N', 'HH', 'AE']",-2,CCV,"['HH', 'AE', 'N']"
6434,"['N', 'HH', 'AW']",-2,CCV,"['HH', 'AW', 'N']"
6435,"['N', 'CH', 'AH']",-1,CCV,"['CH', 'AH', 'N']"
6436,"['N', 'CH', 'OY']",-1,CCV,"['N', 'CH', 'OY']"
6437,"['N', 'CH', 'AA']",-1,CCV,"['N', 'CH', 'AA']"
6438,"['N', 'CH', 'AY']",-1,CCV,"['N', 'AY', 'CH']"
6439,"['N', 'CH', 'ER']",-1,CCV,"['N', 'CH', 'ER']"
6440,"['N', 'CH', 'AO']",-1,CCV,"['CH', 'N', 'AO']"
6441,"['N', 'CH', 'UW']",-1,CCV,"['CH', 'UW', 'N']"
6442,"['N', 'CH', 'IH']",-1,CCV,"['CH', 'IH', 'N']"
6443,"['N', 'CH', 'EH']",-1,CCV,"['CH', 'EH', 'N']"
6444,"['N', 'CH', 'UH']",-1,CCV,"['CH', 'N', 'UH']"
6445,"['N', 'CH', 'IY']",-1,CCV,"['CH', 'N', 'IY']"
6446,"['N', 'CH', 'EY']",-1,CCV,"['N', 'EY', 'CH']"
6447,"['N', 'CH', 'OW']",-1,CCV,"['CH', 'N', 'OW']"
6448,"['N', 'CH', 'AE']",-1,CCV,"['CH', 'AE', 'N']"
6449,"['N', 'CH', 'AW']",-1,CCV,"['N', 'CH', 'AW']"
6450,"['N', 'JH', 'AH']",-1,CCV,"['N', 'AE', 'JH']"
6451,"['N', 'JH', 'OY']",-1,CCV,"['N', 'OY', 'JH']"
6452,"['N', 'JH', 'AA']",-1,CCV,"['N', 'AA', 'JH']"
6453,"['N', 'JH', 'AY']",-1,CCV,"['N', 'AY', 'JH']"
6454,"['N', 'JH', 'ER']",-1,CCV,"['N', 'JH', 'ER']"
6455,"['N', 'JH', 'AO']",-1,CCV,"['N', 'AE', 'JH']"
6456,"['N', 'JH', 'UW']",-1,CCV,"['N', 'UW', 'JH']"
6457,"['N', 'JH', 'IH']",-1,CCV,"['N', 'IH', 'JH']"
6458,"['N', 'JH', 'EH']",-1,CCV,"['N', 'EH', 'JH']"
6459,"['N', 'JH', 'UH']",-1,CCV,"['N', 'UH', 'JH']"
6460,"['N', 'JH', 'IY']",-1,CCV,"['N', 'IY', 'JH']"
6461,"['N', 'JH', 'EY']",-1,CCV,"['N', 'EY', 'JH']"
6462,"['N', 'JH', 'OW']",-1,CCV,"['N', 'OW', 'JH']"
6463,"['N', 'JH', 'AE']",-1,CCV,"['N', 'AE', 'JH']"
6464,"['N', 'JH', 'AW']",-1,CCV,"['N', 'AW', 'JH']"
6465,"['N', 'M', 'AH']",0,CCV,"['M', 'IH', 'N']"
6466,"['N', 'M', 'OY']",0,CCV,"['M', 'OY', 'N']"
6467,"['N', 'M', 'AA']",0,CCV,"['M', 'N', 'AA']"
6468,"['N', 'M', 'AY']",0,CCV,"['M', 'AY', 'N']"
6469,"['N', 'M', 'ER']",0,CCV,"['M', 'ER', 'N']"
6470,"['N', 'M', 'AO']",0,CCV,"['M', 'N', 'AO']"
6471,"['N', 'M', 'UW']",0,CCV,"['M', 'UW', 'N']"
6472,"['N', 'M', 'IH']",0,CCV,"['M', 'IH', 'N']"
6473,"['N', 'M', 'EH']",0,CCV,"['M', 'EH', 'N']"
6474,"['N', 'M', 'UH']",0,CCV,"['M', 'UH', 'N']"
6475,"['N', 'M', 'IY']",0,CCV,"['M', 'AE', 'N']"
6476,"['N', 'M', 'EY']",0,CCV,"['N', 'EY', 'M']"
6477,"['N', 'M', 'OW']",0,CCV,"['M', 'OW', 'N']"
6478,"['N', 'M', 'AE']",0,CCV,"['M', 'AE', 'N']"
6479,"['N', 'M', 'AW']",0,CCV,"['M', 'AW', 'N']"
6480,"['N', 'NG', 'AH']",0,CCV,"['NG', 'NG', '<EOS>']"
6481,"['N', 'NG', 'OY']",0,CCV,"['N', 'OY', 'NG']"
6482,"['N', 'NG', 'AA']",0,CCV,"['TH', 'N', 'AA']"
6483,"['N', 'NG', 'AY']",0,CCV,"['S', 'AY', 'NG']"
6484,"['N', 'NG', 'ER']",0,CCV,"['NG', 'N', 'ER']"
6485,"['N', 'NG', 'AO']",0,CCV,"['S', 'N', 'AO']"
6486,"['N', 'NG', 'UW']",0,CCV,"['L', 'NG', 'UW']"
6487,"['N', 'NG', 'IH']",0,CCV,"['TH', 'IH', 'NG']"
6488,"['N', 'NG', 'EH']",0,CCV,"['NG', 'EH', 'N']"
6489,"['N', 'NG', 'UH']",0,CCV,"['S', 'UH', 'N']"
6490,"['N', 'NG', 'IY']",0,CCV,"['TH', 'UH', 'N']"
6491,"['N', 'NG', 'EY']",0,CCV,"['N', 'EY', 'NG']"
6492,"['N', 'NG', 'OW']",0,CCV,"['NG', 'OW', 'N']"
6493,"['N', 'NG', 'AE']",0,CCV,"['TH', 'AE', 'NG']"
6494,"['N', 'NG', 'AW']",0,CCV,"['N', 'NG', 'AW']"
6495,"['N', 'L', 'AH']",1,CCV,"['L', 'AH', 'N']"
6496,"['N', 'L', 'OY']",1,CCV,"['L', 'OY', 'N']"
6497,"['N', 'L', 'AA']",1,CCV,"['L', 'AA', 'N']"
6498,"['N', 'L', 'AY']",1,CCV,"['L', 'AY', 'N']"
6499,"['N', 'L', 'ER']",1,CCV,"['L', 'ER', 'N']"
6500,"['N', 'L', 'AO']",1,CCV,"['L', 'IH', 'AO']"
6501,"['N', 'L', 'UW']",1,CCV,"['L', 'UW', 'N']"
6502,"['N', 'L', 'IH']",1,CCV,"['L', 'IH', 'IH']"
6503,"['N', 'L', 'EH']",1,CCV,"['L', 'EH', 'N']"
6504,"['N', 'L', 'UH']",1,CCV,"['ZH', 'L', 'UH']"
6505,"['N', 'L', 'IY']",1,CCV,"['L', 'AE', 'N']"
6506,"['N', 'L', 'EY']",1,CCV,"['N', 'L', 'EY']"
6507,"['N', 'L', 'OW']",1,CCV,"['L', 'OW', 'N']"
6508,"['N', 'L', 'AE']",1,CCV,"['L', 'AE', 'N']"
6509,"['N', 'L', 'AW']",1,CCV,"['L', 'AW', 'N']"
6510,"['N', 'R', 'AH']",1,CCV,"['R', 'AE', 'N']"
6511,"['N', 'R', 'OY']",1,CCV,"['R', 'OY', 'N']"
6512,"['N', 'R', 'AA']",1,CCV,"['R', 'R', '<EOS>']"
6513,"['N', 'R', 'AY']",1,CCV,"['N', 'R', 'AY']"
6514,"['N', 'R', 'ER']",1,CCV,"['R', 'ER', 'N']"
6515,"['N', 'R', 'AO']",1,CCV,"['R', 'R', '<EOS>']"
6516,"['N', 'R', 'UW']",1,CCV,"['R', 'UW', 'N']"
6517,"['N', 'R', 'IH']",1,CCV,"['R', 'IH', 'N']"
6518,"['N', 'R', 'EH']",1,CCV,"['R', 'EH', 'N']"
6519,"['N', 'R', 'UH']",1,CCV,"['R', 'UH', 'N']"
6520,"['N', 'R', 'IY']",1,CCV,"['R', 'AE', 'N']"
6521,"['N', 'R', 'EY']",1,CCV,"['N', 'R', 'EY']"
6522,"['N', 'R', 'OW']",1,CCV,"['R', 'OW', 'N']"
6523,"['N', 'R', 'AE']",1,CCV,"['R', 'AE', 'N']"
6524,"['N', 'R', 'AW']",1,CCV,"['N', 'R', 'AW']"
6525,"['N', 'W', 'AH']",2,CCV,"['N', 'W', 'AH']"
6526,"['N', 'W', 'OY']",2,CCV,"['N', 'OY', 'EH']"
6527,"['N', 'W', 'AA']",2,CCV,"['N', 'W', 'AA']"
6528,"['N', 'W', 'AY']",2,CCV,"['N', 'W', 'AY']"
6529,"['N', 'W', 'ER']",2,CCV,"['N', 'W', 'ER']"
6530,"['N', 'W', 'AO']",2,CCV,"['N', 'W', 'AO']"
6531,"['N', 'W', 'UW']",2,CCV,"['N', 'UW', 'DH']"
6532,"['N', 'W', 'IH']",2,CCV,"['N', 'W', 'IH']"
6533,"['N', 'W', 'EH']",2,CCV,"['N', 'EH', 'EH']"
6534,"['N', 'W', 'UH']",2,CCV,"['N', 'W', 'UH']"
6535,"['N', 'W', 'IY']",2,CCV,"['N', 'W', 'IY']"
6536,"['N', 'W', 'EY']",2,CCV,"['N', 'EY', 'W']"
6537,"['N', 'W', 'OW']",2,CCV,"['N', 'OW', 'W']"
6538,"['N', 'W', 'AE']",2,CCV,"['N', 'AE', 'EH']"
6539,"['N', 'W', 'AW']",2,CCV,"['N', 'AW', 'AE']"
6540,"['N', 'Y', 'AH']",2,CCV,"['N', 'Y', 'AH']"
6541,"['N', 'Y', 'OY']",2,CCV,"['N', 'OY', 'L']"
6542,"['N', 'Y', 'AA']",2,CCV,"['N', 'Y', 'AA']"
6543,"['N', 'Y', 'AY']",2,CCV,"['Y', 'AY', 'N']"
6544,"['N', 'Y', 'ER']",2,CCV,"['N', 'Y', 'ER']"
6545,"['N', 'Y', 'AO']",2,CCV,"['L', 'Y', 'AO']"
6546,"['N', 'Y', 'UW']",2,CCV,"['L', 'Y', 'UW']"
6547,"['N', 'Y', 'IH']",2,CCV,"['ZH', 'IH', 'IH']"
6548,"['N', 'Y', 'EH']",2,CCV,"['F', 'EH', 'Y']"
6549,"['N', 'Y', 'UH']",2,CCV,"['ZH', 'Y', 'UH']"
6550,"['N', 'Y', 'IY']",2,CCV,"['B', 'Y', 'IY']"
6551,"['N', 'Y', 'EY']",2,CCV,"['N', 'Y', 'EY']"
6552,"['N', 'Y', 'OW']",2,CCV,"['ZH', 'Y', 'OW']"
6553,"['N', 'Y', 'AE']",2,CCV,"['F', 'Y', 'AE']"
6554,"['N', 'Y', 'AW']",2,CCV,"['F', 'Y', 'AW']"
6555,"['NG', 'P', 'AH']",-3,CCV,"['P', 'NG', '<EOS>']"
6556,"['NG', 'P', 'OY']",-3,CCV,"['P', 'OY', 'NG']"
6557,"['NG', 'P', 'AA']",-3,CCV,"['P', 'Y', 'OW']"
6558,"['NG', 'P', 'AY']",-3,CCV,"['P', 'AY', 'NG']"
6559,"['NG', 'P', 'ER']",-3,CCV,"['P', 'ER', 'NG']"
6560,"['NG', 'P', 'AO']",-3,CCV,"['P', 'AO', 'NG']"
6561,"['NG', 'P', 'UW']",-3,CCV,"['NG', 'UW', 'P']"
6562,"['NG', 'P', 'IH']",-3,CCV,"['P', 'IH', 'NG']"
6563,"['NG', 'P', 'EH']",-3,CCV,"['NG', 'P', 'EH']"
6564,"['NG', 'P', 'UH']",-3,CCV,"['M', 'UH', 'NG']"
6565,"['NG', 'P', 'IY']",-3,CCV,"['P', 'IY', 'NG']"
6566,"['NG', 'P', 'EY']",-3,CCV,"['P', 'EY', 'NG']"
6567,"['NG', 'P', 'OW']",-3,CCV,"['P', 'OW', 'NG']"
6568,"['NG', 'P', 'AE']",-3,CCV,"['S', 'AE', 'NG']"
6569,"['NG', 'P', 'AW']",-3,CCV,"['P', 'AW', 'NG']"
6570,"['NG', 'T', 'AH']",-3,CCV,"['T', 'NG', '<EOS>']"
6571,"['NG', 'T', 'OY']",-3,CCV,"['T', 'OY', 'NG']"
6572,"['NG', 'T', 'AA']",-3,CCV,"['T', 'AA', 'NG']"
6573,"['NG', 'T', 'AY']",-3,CCV,"['S', 'T', 'AY']"
6574,"['NG', 'T', 'ER']",-3,CCV,"['S', 'T', 'ER']"
6575,"['NG', 'T', 'AO']",-3,CCV,"['T', 'AO', 'NG']"
6576,"['NG', 'T', 'UW']",-3,CCV,"['T', 'UW', 'NG']"
6577,"['NG', 'T', 'IH']",-3,CCV,"['T', 'IH', 'NG']"
6578,"['NG', 'T', 'EH']",-3,CCV,"['T', 'EH', 'NG']"
6579,"['NG', 'T', 'UH']",-3,CCV,"['S', 'UH', 'T']"
6580,"['NG', 'T', 'IY']",-3,CCV,"['T', 'IY', 'NG']"
6581,"['NG', 'T', 'EY']",-3,CCV,"['S', 'T', 'EY']"
6582,"['NG', 'T', 'OW']",-3,CCV,"['T', 'OW', 'NG']"
6583,"['NG', 'T', 'AE']",-3,CCV,"['T', 'AE', 'NG']"
6584,"['NG', 'T', 'AW']",-3,CCV,"['T', 'AW', 'NG']"
6585,"['NG', 'K', 'AH']",-3,CCV,"['NG', 'K', '<EOS>']"
6586,"['NG', 'K', 'OY']",-3,CCV,"['NG', 'K', 'OY']"
6587,"['NG', 'K', 'AA']",-3,CCV,"['K', 'AA', 'NG']"
6588,"['NG', 'K', 'AY']",-3,CCV,"['K', 'AY', 'NG']"
6589,"['NG', 'K', 'ER']",-3,CCV,"['S', 'EH', 'NG']"
6590,"['NG', 'K', 'AO']",-3,CCV,"['NG', 'K', 'AO']"
6591,"['NG', 'K', 'UW']",-3,CCV,"['NG', 'K', 'UW']"
6592,"['NG', 'K', 'IH']",-3,CCV,"['NG', 'K', 'IH']"
6593,"['NG', 'K', 'EH']",-3,CCV,"['NG', 'K', 'EH']"
6594,"['NG', 'K', 'UH']",-3,CCV,"['NG', 'K', 'UH']"
6595,"['NG', 'K', 'IY']",-3,CCV,"['K', 'IY', 'NG']"
6596,"['NG', 'K', 'EY']",-3,CCV,"['NG', 'K', 'EY']"
6597,"['NG', 'K', 'OW']",-3,CCV,"['NG', 'K', 'OW']"
6598,"['NG', 'K', 'AE']",-3,CCV,"['F', 'AE', 'NG']"
6599,"['NG', 'K', 'AW']",-3,CCV,"['K', 'AW', 'NG']"
6600,"['NG', 'B', 'AH']",-3,CCV,"['B', 'NG', '<EOS>']"
6601,"['NG', 'B', 'OY']",-3,CCV,"['B', 'OY', 'NG']"
6602,"['NG', 'B', 'AA']",-3,CCV,"['B', 'AA', 'NG']"
6603,"['NG', 'B', 'AY']",-3,CCV,"['B', 'AY', 'NG']"
6604,"['NG', 'B', 'ER']",-3,CCV,"['B', 'ER', 'NG']"
6605,"['NG', 'B', 'AO']",-3,CCV,"['B', 'AO', 'NG']"
6606,"['NG', 'B', 'UW']",-3,CCV,"['B', 'UW', 'NG']"
6607,"['NG', 'B', 'IH']",-3,CCV,"['B', 'IH', 'NG']"
6608,"['NG', 'B', 'EH']",-3,CCV,"['B', 'EH', 'NG']"
6609,"['NG', 'B', 'UH']",-3,CCV,"['CH', 'UH', 'B']"
6610,"['NG', 'B', 'IY']",-3,CCV,"['B', 'IY', 'NG']"
6611,"['NG', 'B', 'EY']",-3,CCV,"['B', 'OW', 'EY']"
6612,"['NG', 'B', 'OW']",-3,CCV,"['B', 'OW', 'NG']"
6613,"['NG', 'B', 'AE']",-3,CCV,"['B', 'AE', 'NG']"
6614,"['NG', 'B', 'AW']",-3,CCV,"['B', 'AW', 'NG']"
6615,"['NG', 'D', 'AH']",-3,CCV,"['D', 'NG', '<EOS>']"
6616,"['NG', 'D', 'OY']",-3,CCV,"['D', 'OY', 'NG']"
6617,"['NG', 'D', 'AA']",-3,CCV,"['D', 'AA', 'NG']"
6618,"['NG', 'D', 'AY']",-3,CCV,"['D', 'AY', 'NG']"
6619,"['NG', 'D', 'ER']",-3,CCV,"['S', 'D', 'ER']"
6620,"['NG', 'D', 'AO']",-3,CCV,"['D', 'AO', 'NG']"
6621,"['NG', 'D', 'UW']",-3,CCV,"['D', 'UW', 'NG']"
6622,"['NG', 'D', 'IH']",-3,CCV,"['S', 'IH', 'NG']"
6623,"['NG', 'D', 'EH']",-3,CCV,"['D', 'EH', 'NG']"
6624,"['NG', 'D', 'UH']",-3,CCV,"['S', 'UH', 'NG']"
6625,"['NG', 'D', 'IY']",-3,CCV,"['D', 'NG', 'IY']"
6626,"['NG', 'D', 'EY']",-3,CCV,"['S', 'EY', 'NG']"
6627,"['NG', 'D', 'OW']",-3,CCV,"['S', 'OW', 'NG']"
6628,"['NG', 'D', 'AE']",-3,CCV,"['DH', 'AE', 'NG']"
6629,"['NG', 'D', 'AW']",-3,CCV,"['DH', 'EY', 'IH']"
6630,"['NG', 'G', 'AH']",-3,CCV,"['M', 'IH', 'NG']"
6631,"['NG', 'G', 'OY']",-3,CCV,"['M', 'B', 'OY']"
6632,"['NG', 'G', 'AA']",-3,CCV,"['NG', 'G', 'AA']"
6633,"['NG', 'G', 'AY']",-3,CCV,"['S', 'AY', 'NG']"
6634,"['NG', 'G', 'ER']",-3,CCV,"['S', 'ER', 'NG']"
6635,"['NG', 'G', 'AO']",-3,CCV,"['M', 'AO', 'NG']"
6636,"['NG', 'G', 'UW']",-3,CCV,"['NG', 'G', 'UW']"
6637,"['NG', 'G', 'IH']",-3,CCV,"['S', 'IH', 'NG']"
6638,"['NG', 'G', 'EH']",-3,CCV,"['NG', 'G', 'EH']"
6639,"['NG', 'G', 'UH']",-3,CCV,"['M', 'UH', 'NG']"
6640,"['NG', 'G', 'IY']",-3,CCV,"['S', 'IY', 'NG']"
6641,"['NG', 'G', 'EY']",-3,CCV,"['S', 'EY', 'NG']"
6642,"['NG', 'G', 'OW']",-3,CCV,"['S', 'OW', 'NG']"
6643,"['NG', 'G', 'AE']",-3,CCV,"['S', 'AE', 'NG']"
6644,"['NG', 'G', 'AW']",-3,CCV,"['NG', 'G', 'AW']"
6645,"['NG', 'F', 'AH']",-2,CCV,"['F', 'UH', 'NG']"
6646,"['NG', 'F', 'OY']",-2,CCV,"['F', 'OY', 'NG']"
6647,"['NG', 'F', 'AA']",-2,CCV,"['F', 'AA', 'NG']"
6648,"['NG', 'F', 'AY']",-2,CCV,"['F', 'AY', 'NG']"
6649,"['NG', 'F', 'ER']",-2,CCV,"['F', 'ER', 'NG']"
6650,"['NG', 'F', 'AO']",-2,CCV,"['F', 'AO', 'NG']"
6651,"['NG', 'F', 'UW']",-2,CCV,"['F', 'UW', 'NG']"
6652,"['NG', 'F', 'IH']",-2,CCV,"['F', 'IH', 'NG']"
6653,"['NG', 'F', 'EH']",-2,CCV,"['F', 'EH', 'NG']"
6654,"['NG', 'F', 'UH']",-2,CCV,"['F', 'UH', 'NG']"
6655,"['NG', 'F', 'IY']",-2,CCV,"['F', 'UH', 'NG']"
6656,"['NG', 'F', 'EY']",-2,CCV,"['F', 'EY', 'NG']"
6657,"['NG', 'F', 'OW']",-2,CCV,"['F', 'OW', 'NG']"
6658,"['NG', 'F', 'AE']",-2,CCV,"['F', 'AE', 'NG']"
6659,"['NG', 'F', 'AW']",-2,CCV,"['F', 'AW', 'NG']"
6660,"['NG', 'TH', 'AH']",-2,CCV,"['TH', 'NG', '<EOS>']"
6661,"['NG', 'TH', 'OY']",-2,CCV,"['TH', 'NG', 'OY']"
6662,"['NG', 'TH', 'AA']",-2,CCV,"['TH', 'NG', '<EOS>']"
6663,"['NG', 'TH', 'AY']",-2,CCV,"['TH', 'NG', 'AY']"
6664,"['NG', 'TH', 'ER']",-2,CCV,"['TH', 'NG', 'ER']"
6665,"['NG', 'TH', 'AO']",-2,CCV,"['TH', 'AO', 'NG']"
6666,"['NG', 'TH', 'UW']",-2,CCV,"['TH', 'UW', 'NG']"
6667,"['NG', 'TH', 'IH']",-2,CCV,"['TH', 'IH', 'NG']"
6668,"['NG', 'TH', 'EH']",-2,CCV,"['TH', 'NG', '<EOS>']"
6669,"['NG', 'TH', 'UH']",-2,CCV,"['TH', 'UH', 'NG']"
6670,"['NG', 'TH', 'IY']",-2,CCV,"['TH', 'NG', '<EOS>']"
6671,"['NG', 'TH', 'EY']",-2,CCV,"['TH', 'EY', 'NG']"
6672,"['NG', 'TH', 'OW']",-2,CCV,"['TH', 'OW', 'NG']"
6673,"['NG', 'TH', 'AE']",-2,CCV,"['TH', 'AE', 'NG']"
6674,"['NG', 'TH', 'AW']",-2,CCV,"['TH', 'NG', '<EOS>']"
6675,"['NG', 'S', 'AH']",-2,CCV,"['S', 'AH', 'NG']"
6676,"['NG', 'S', 'OY']",-2,CCV,"['S', 'OY', 'NG']"
6677,"['NG', 'S', 'AA']",-2,CCV,"['S', 'AA', 'NG']"
6678,"['NG', 'S', 'AY']",-2,CCV,"['S', 'AY', 'NG']"
6679,"['NG', 'S', 'ER']",-2,CCV,"['S', 'ER', 'NG']"
6680,"['NG', 'S', 'AO']",-2,CCV,"['S', 'AO', 'NG']"
6681,"['NG', 'S', 'UW']",-2,CCV,"['S', 'NG', '<EOS>']"
6682,"['NG', 'S', 'IH']",-2,CCV,"['S', 'IH', 'NG']"
6683,"['NG', 'S', 'EH']",-2,CCV,"['S', 'EH', 'NG']"
6684,"['NG', 'S', 'UH']",-2,CCV,"['S', 'UH', 'NG']"
6685,"['NG', 'S', 'IY']",-2,CCV,"['S', 'IY', 'NG']"
6686,"['NG', 'S', 'EY']",-2,CCV,"['S', 'EY', 'NG']"
6687,"['NG', 'S', 'OW']",-2,CCV,"['S', 'OW', 'NG']"
6688,"['NG', 'S', 'AE']",-2,CCV,"['S', 'AE', 'NG']"
6689,"['NG', 'S', 'AW']",-2,CCV,"['DH', 'AO', '<EOS>']"
6690,"['NG', 'SH', 'AH']",-2,CCV,"['NG', 'SH', 'AH']"
6691,"['NG', 'SH', 'OY']",-2,CCV,"['SH', 'NG', 'OY']"
6692,"['NG', 'SH', 'AA']",-2,CCV,"['SH', 'NG', 'AA']"
6693,"['NG', 'SH', 'AY']",-2,CCV,"['SH', 'AY', 'NG']"
6694,"['NG', 'SH', 'ER']",-2,CCV,"['SH', 'NG', 'ER']"
6695,"['NG', 'SH', 'AO']",-2,CCV,"['SH', 'AO', 'NG']"
6696,"['NG', 'SH', 'UW']",-2,CCV,"['SH', 'NG', 'UW']"
6697,"['NG', 'SH', 'IH']",-2,CCV,"['SH', 'NG', 'IH']"
6698,"['NG', 'SH', 'EH']",-2,CCV,"['NG', 'SH', 'EH']"
6699,"['NG', 'SH', 'UH']",-2,CCV,"['SH', 'NG', 'UH']"
6700,"['NG', 'SH', 'IY']",-2,CCV,"['SH', 'NG', '<EOS>']"
6701,"['NG', 'SH', 'EY']",-2,CCV,"['SH', 'NG', 'EY']"
6702,"['NG', 'SH', 'OW']",-2,CCV,"['NG', 'SH', 'OW']"
6703,"['NG', 'SH', 'AE']",-2,CCV,"['SH', 'NG', '<EOS>']"
6704,"['NG', 'SH', 'AW']",-2,CCV,"['SH', 'NG', 'AW']"
6705,"['NG', 'Z', 'AH']",-2,CCV,"['NG', 'Z', '<EOS>']"
6706,"['NG', 'Z', 'OY']",-2,CCV,"['NG', 'Z', '<EOS>']"
6707,"['NG', 'Z', 'AA']",-2,CCV,"['NG', 'AA', 'Z']"
6708,"['NG', 'Z', 'AY']",-2,CCV,"['B', 'AY', 'NG']"
6709,"['NG', 'Z', 'ER']",-2,CCV,"['NG', 'Z', 'ER']"
6710,"['NG', 'Z', 'AO']",-2,CCV,"['NG', 'Z', 'AO']"
6711,"['NG', 'Z', 'UW']",-2,CCV,"['NG', 'UW', 'Z']"
6712,"['NG', 'Z', 'IH']",-2,CCV,"['NG', 'IH', 'Z']"
6713,"['NG', 'Z', 'EH']",-2,CCV,"['NG', 'Z', '<EOS>']"
6714,"['NG', 'Z', 'UH']",-2,CCV,"['NG', 'UH', 'Z']"
6715,"['NG', 'Z', 'IY']",-2,CCV,"['F', 'EH', 'NG']"
6716,"['NG', 'Z', 'EY']",-2,CCV,"['NG', 'EY', 'Z']"
6717,"['NG', 'Z', 'OW']",-2,CCV,"['NG', 'OW', 'P']"
6718,"['NG', 'Z', 'AE']",-2,CCV,"['F', 'AE', 'NG']"
6719,"['NG', 'Z', 'AW']",-2,CCV,"['NG', 'Z', '<EOS>']"
6720,"['NG', 'ZH', 'AH']",-2,CCV,"['M', 'OW', 'ZH']"
6721,"['NG', 'ZH', 'OY']",-2,CCV,"['M', 'ZH', 'OY']"
6722,"['NG', 'ZH', 'AA']",-2,CCV,"['DH', 'Y', 'OW']"
6723,"['NG', 'ZH', 'AY']",-2,CCV,"['TH', 'UH', 'S']"
6724,"['NG', 'ZH', 'ER']",-2,CCV,"['S', 'JH', 'ER']"
6725,"['NG', 'ZH', 'AO']",-2,CCV,"['M', 'B', 'OW']"
6726,"['NG', 'ZH', 'UW']",-2,CCV,"['L', 'UW', 'ZH']"
6727,"['NG', 'ZH', 'IH']",-2,CCV,"['M', 'IH', 'NG']"
6728,"['NG', 'ZH', 'EH']",-2,CCV,"['M', 'ZH', 'EH']"
6729,"['NG', 'ZH', 'UH']",-2,CCV,"['M', 'UH', 'D']"
6730,"['NG', 'ZH', 'IY']",-2,CCV,"['M', 'OW', 'NG']"
6731,"['NG', 'ZH', 'EY']",-2,CCV,"['M', 'OW', 'EY']"
6732,"['NG', 'ZH', 'OW']",-2,CCV,"['M', 'OW', 'ZH']"
6733,"['NG', 'ZH', 'AE']",-2,CCV,"['DH', 'Y', 'AE']"
6734,"['NG', 'ZH', 'AW']",-2,CCV,"['DH', 'OW', 'P']"
6735,"['NG', 'V', 'AH']",-2,CCV,"['NG', 'NG', '<EOS>']"
6736,"['NG', 'V', 'OY']",-2,CCV,"['NG', 'V', 'OY']"
6737,"['NG', 'V', 'AA']",-2,CCV,"['V', 'AA', 'NG']"
6738,"['NG', 'V', 'AY']",-2,CCV,"['V', 'AY', 'NG']"
6739,"['NG', 'V', 'ER']",-2,CCV,"['V', 'ER', 'NG']"
6740,"['NG', 'V', 'AO']",-2,CCV,"['V', 'AO', 'NG']"
6741,"['NG', 'V', 'UW']",-2,CCV,"['NG', 'NG', 'UW']"
6742,"['NG', 'V', 'IH']",-2,CCV,"['V', 'IH', 'NG']"
6743,"['NG', 'V', 'EH']",-2,CCV,"['NG', 'V', 'EH']"
6744,"['NG', 'V', 'UH']",-2,CCV,"['NG', 'UH', 'V']"
6745,"['NG', 'V', 'IY']",-2,CCV,"['V', 'IY', 'NG']"
6746,"['NG', 'V', 'EY']",-2,CCV,"['V', 'EY', 'NG']"
6747,"['NG', 'V', 'OW']",-2,CCV,"['NG', 'OW', 'V']"
6748,"['NG', 'V', 'AE']",-2,CCV,"['S', 'V', 'AE']"
6749,"['NG', 'V', 'AW']",-2,CCV,"['NG', 'V', '<EOS>']"
6750,"['NG', 'DH', 'AH']",-2,CCV,"['DH', 'AH', 'NG']"
6751,"['NG', 'DH', 'OY']",-2,CCV,"['DH', 'M', 'OW']"
6752,"['NG', 'DH', 'AA']",-2,CCV,"['DH', 'NG', 'AA']"
6753,"['NG', 'DH', 'AY']",-2,CCV,"['DH', 'AY', 'NG']"
6754,"['NG', 'DH', 'ER']",-2,CCV,"['DH', 'NG', 'ER']"
6755,"['NG', 'DH', 'AO']",-2,CCV,"['DH', 'AO', 'NG']"
6756,"['NG', 'DH', 'UW']",-2,CCV,"['DH', 'NG', 'UW']"
6757,"['NG', 'DH', 'IH']",-2,CCV,"['DH', 'IH', 'NG']"
6758,"['NG', 'DH', 'EH']",-2,CCV,"['DH', 'EH', 'NG']"
6759,"['NG', 'DH', 'UH']",-2,CCV,"['DH', 'UH', 'M']"
6760,"['NG', 'DH', 'IY']",-2,CCV,"['DH', 'IY', 'NG']"
6761,"['NG', 'DH', 'EY']",-2,CCV,"['DH', 'EY', 'NG']"
6762,"['NG', 'DH', 'OW']",-2,CCV,"['DH', 'OW', 'NG']"
6763,"['NG', 'DH', 'AE']",-2,CCV,"['DH', 'AE', 'NG']"
6764,"['NG', 'DH', 'AW']",-2,CCV,"['DH', 'NG', 'AW']"
6765,"['NG', 'HH', 'AH']",-2,CCV,"['CH', 'HH', '<EOS>']"
6766,"['NG', 'HH', 'OY']",-2,CCV,"['CH', 'OY', '<EOS>']"
6767,"['NG', 'HH', 'AA']",-2,CCV,"['HH', 'AA', 'NG']"
6768,"['NG', 'HH', 'AY']",-2,CCV,"['HH', 'AY', 'NG']"
6769,"['NG', 'HH', 'ER']",-2,CCV,"['HH', 'ER', '<EOS>']"
6770,"['NG', 'HH', 'AO']",-2,CCV,"['NG', 'HH', 'AO']"
6771,"['NG', 'HH', 'UW']",-2,CCV,"['NG', 'HH', 'UW']"
6772,"['NG', 'HH', 'IH']",-2,CCV,"['HH', 'IH', '<EOS>']"
6773,"['NG', 'HH', 'EH']",-2,CCV,"['HH', 'EH', '<EOS>']"
6774,"['NG', 'HH', 'UH']",-2,CCV,"['NG', 'UH', '<EOS>']"
6775,"['NG', 'HH', 'IY']",-2,CCV,"['HH', 'IY', 'NG']"
6776,"['NG', 'HH', 'EY']",-2,CCV,"['HH', 'EY', '<EOS>']"
6777,"['NG', 'HH', 'OW']",-2,CCV,"['NG', 'OW', 'HH']"
6778,"['NG', 'HH', 'AE']",-2,CCV,"['HH', 'AE', 'NG']"
6779,"['NG', 'HH', 'AW']",-2,CCV,"['HH', 'AW', '<EOS>']"
6780,"['NG', 'CH', 'AH']",-1,CCV,"['CH', 'NG', '<EOS>']"
6781,"['NG', 'CH', 'OY']",-1,CCV,"['CH', 'EH', 'IH']"
6782,"['NG', 'CH', 'AA']",-1,CCV,"['CH', 'AA', 'NG']"
6783,"['NG', 'CH', 'AY']",-1,CCV,"['CH', 'AY', 'NG']"
6784,"['NG', 'CH', 'ER']",-1,CCV,"['CH', 'ER', 'NG']"
6785,"['NG', 'CH', 'AO']",-1,CCV,"['CH', 'AO', 'NG']"
6786,"['NG', 'CH', 'UW']",-1,CCV,"['CH', 'NG', 'UW']"
6787,"['NG', 'CH', 'IH']",-1,CCV,"['CH', 'IH', 'NG']"
6788,"['NG', 'CH', 'EH']",-1,CCV,"['CH', 'EH', 'NG']"
6789,"['NG', 'CH', 'UH']",-1,CCV,"['CH', 'UH', 'UH']"
6790,"['NG', 'CH', 'IY']",-1,CCV,"['CH', 'NG', '<EOS>']"
6791,"['NG', 'CH', 'EY']",-1,CCV,"['CH', 'EY', 'NG']"
6792,"['NG', 'CH', 'OW']",-1,CCV,"['CH', 'OW', 'NG']"
6793,"['NG', 'CH', 'AE']",-1,CCV,"['CH', 'AE', 'NG']"
6794,"['NG', 'CH', 'AW']",-1,CCV,"['CH', 'AW', '<EOS>']"
6795,"['NG', 'JH', 'AH']",-1,CCV,"['CH', 'OW', '<EOS>']"
6796,"['NG', 'JH', 'OY']",-1,CCV,"['CH', 'OY', 'NG']"
6797,"['NG', 'JH', 'AA']",-1,CCV,"['NG', 'JH', 'AA']"
6798,"['NG', 'JH', 'AY']",-1,CCV,"['JH', 'AY', 'NG']"
6799,"['NG', 'JH', 'ER']",-1,CCV,"['NG', 'JH', 'ER']"
6800,"['NG', 'JH', 'AO']",-1,CCV,"['NG', 'JH', 'AO']"
6801,"['NG', 'JH', 'UW']",-1,CCV,"['NG', 'NG', 'UW']"
6802,"['NG', 'JH', 'IH']",-1,CCV,"['CH', 'OW', 'IH']"
6803,"['NG', 'JH', 'EH']",-1,CCV,"['NG', 'JH', 'EH']"
6804,"['NG', 'JH', 'UH']",-1,CCV,"['CH', 'UH', 'NG']"
6805,"['NG', 'JH', 'IY']",-1,CCV,"['JH', 'IY', 'NG']"
6806,"['NG', 'JH', 'EY']",-1,CCV,"['NG', 'JH', 'EY']"
6807,"['NG', 'JH', 'OW']",-1,CCV,"['JH', 'OW', 'NG']"
6808,"['NG', 'JH', 'AE']",-1,CCV,"['JH', 'AE', 'NG']"
6809,"['NG', 'JH', 'AW']",-1,CCV,"['JH', 'NG', 'AW']"
6810,"['NG', 'M', 'AH']",0,CCV,"['M', 'NG', '<EOS>']"
6811,"['NG', 'M', 'OY']",0,CCV,"['M', 'OY', 'NG']"
6812,"['NG', 'M', 'AA']",0,CCV,"['M', 'AA', 'NG']"
6813,"['NG', 'M', 'AY']",0,CCV,"['M', 'AY', 'NG']"
6814,"['NG', 'M', 'ER']",0,CCV,"['M', 'NG', 'ER']"
6815,"['NG', 'M', 'AO']",0,CCV,"['M', 'AO', 'NG']"
6816,"['NG', 'M', 'UW']",0,CCV,"['M', 'NG', 'UW']"
6817,"['NG', 'M', 'IH']",0,CCV,"['M', 'IH', 'NG']"
6818,"['NG', 'M', 'EH']",0,CCV,"['M', 'NG', '<EOS>']"
6819,"['NG', 'M', 'UH']",0,CCV,"['M', 'UH', 'NG']"
6820,"['NG', 'M', 'IY']",0,CCV,"['M', 'NG', '<EOS>']"
6821,"['NG', 'M', 'EY']",0,CCV,"['M', 'EY', 'NG']"
6822,"['NG', 'M', 'OW']",0,CCV,"['M', 'OW', 'NG']"
6823,"['NG', 'M', 'AE']",0,CCV,"['M', 'AE', 'NG']"
6824,"['NG', 'M', 'AW']",0,CCV,"['M', 'NG', 'AW']"
6825,"['NG', 'N', 'AH']",0,CCV,"['NG', 'NG', '<EOS>']"
6826,"['NG', 'N', 'OY']",0,CCV,"['N', 'NG', 'OY']"
6827,"['NG', 'N', 'AA']",0,CCV,"['TH', 'N', 'AA']"
6828,"['NG', 'N', 'AY']",0,CCV,"['TH', 'UH', 'N']"
6829,"['NG', 'N', 'ER']",0,CCV,"['NG', 'N', 'ER']"
6830,"['NG', 'N', 'AO']",0,CCV,"['S', 'AO', 'N']"
6831,"['NG', 'N', 'UW']",0,CCV,"['NG', 'UW', 'N']"
6832,"['NG', 'N', 'IH']",0,CCV,"['TH', 'N', 'IH']"
6833,"['NG', 'N', 'EH']",0,CCV,"['NG', 'N', 'EH']"
6834,"['NG', 'N', 'UH']",0,CCV,"['TH', 'UH', 'N']"
6835,"['NG', 'N', 'IY']",0,CCV,"['TH', 'IY', 'N']"
6836,"['NG', 'N', 'EY']",0,CCV,"['N', 'EY', 'NG']"
6837,"['NG', 'N', 'OW']",0,CCV,"['NG', 'OW', 'N']"
6838,"['NG', 'N', 'AE']",0,CCV,"['F', 'AE', 'NG']"
6839,"['NG', 'N', 'AW']",0,CCV,"['N', 'AW', 'NG']"
6840,"['NG', 'L', 'AH']",1,CCV,"['L', 'NG', '<EOS>']"
6841,"['NG', 'L', 'OY']",1,CCV,"['L', 'OY', 'NG']"
6842,"['NG', 'L', 'AA']",1,CCV,"['L', 'Y', 'AA']"
6843,"['NG', 'L', 'AY']",1,CCV,"['S', 'L', 'AY']"
6844,"['NG', 'L', 'ER']",1,CCV,"['L', 'NG', 'ER']"
6845,"['NG', 'L', 'AO']",1,CCV,"['L', 'AO', 'NG']"
6846,"['NG', 'L', 'UW']",1,CCV,"['L', 'NG', 'UW']"
6847,"['NG', 'L', 'IH']",1,CCV,"['S', 'L', 'IH']"
6848,"['NG', 'L', 'EH']",1,CCV,"['S', 'L', 'UH']"
6849,"['NG', 'L', 'UH']",1,CCV,"['S', 'UH', 'L']"
6850,"['NG', 'L', 'IY']",1,CCV,"['L', 'IY', 'NG']"
6851,"['NG', 'L', 'EY']",1,CCV,"['L', 'EY', 'NG']"
6852,"['NG', 'L', 'OW']",1,CCV,"['L', 'OW', 'NG']"
6853,"['NG', 'L', 'AE']",1,CCV,"['L', 'AE', 'NG']"
6854,"['NG', 'L', 'AW']",1,CCV,"['L', 'NG', 'AW']"
6855,"['NG', 'R', 'AH']",1,CCV,"['R', 'NG', '<EOS>']"
6856,"['NG', 'R', 'OY']",1,CCV,"['R', 'OY', 'NG']"
6857,"['NG', 'R', 'AA']",1,CCV,"['R', 'AA', 'NG']"
6858,"['NG', 'R', 'AY']",1,CCV,"['R', 'AY', 'NG']"
6859,"['NG', 'R', 'ER']",1,CCV,"['R', 'NG', 'ER']"
6860,"['NG', 'R', 'AO']",1,CCV,"['R', 'AO', 'NG']"
6861,"['NG', 'R', 'UW']",1,CCV,"['R', 'NG', 'UW']"
6862,"['NG', 'R', 'IH']",1,CCV,"['R', 'IH', 'NG']"
6863,"['NG', 'R', 'EH']",1,CCV,"['R', 'EH', 'NG']"
6864,"['NG', 'R', 'UH']",1,CCV,"['S', 'UH', 'UH']"
6865,"['NG', 'R', 'IY']",1,CCV,"['R', 'IY', 'NG']"
6866,"['NG', 'R', 'EY']",1,CCV,"['R', 'EY', 'NG']"
6867,"['NG', 'R', 'OW']",1,CCV,"['R', 'OW', 'NG']"
6868,"['NG', 'R', 'AE']",1,CCV,"['R', 'AE', 'NG']"
6869,"['NG', 'R', 'AW']",1,CCV,"['R', 'AW', 'NG']"
6870,"['NG', 'W', 'AH']",2,CCV,"['NG', 'NG', 'W']"
6871,"['NG', 'W', 'OY']",2,CCV,"['CH', 'W', 'OY']"
6872,"['NG', 'W', 'AA']",2,CCV,"['NG', 'W', 'AA']"
6873,"['NG', 'W', 'AY']",2,CCV,"['S', 'W', 'AY']"
6874,"['NG', 'W', 'ER']",2,CCV,"['NG', 'W', 'ER']"
6875,"['NG', 'W', 'AO']",2,CCV,"['S', 'W', 'AO']"
6876,"['NG', 'W', 'UW']",2,CCV,"['NG', 'NG', 'W']"
6877,"['NG', 'W', 'IH']",2,CCV,"['TH', 'W', 'IH']"
6878,"['NG', 'W', 'EH']",2,CCV,"['NG', 'W', 'EH']"
6879,"['NG', 'W', 'UH']",2,CCV,"['NG', 'UH', 'W']"
6880,"['NG', 'W', 'IY']",2,CCV,"['W', 'UH', 'NG']"
6881,"['NG', 'W', 'EY']",2,CCV,"['W', 'EY', 'NG']"
6882,"['NG', 'W', 'OW']",2,CCV,"['NG', 'OW', 'W']"
6883,"['NG', 'W', 'AE']",2,CCV,"['F', 'AE', 'NG']"
6884,"['NG', 'W', 'AW']",2,CCV,"['W', 'AW', 'N']"
6885,"['NG', 'Y', 'AH']",2,CCV,"['Y', 'NG', '<EOS>']"
6886,"['NG', 'Y', 'OY']",2,CCV,"['Y', 'UW', 'JH']"
6887,"['NG', 'Y', 'AA']",2,CCV,"['Y', 'Y', 'AA']"
6888,"['NG', 'Y', 'AY']",2,CCV,"['Y', 'AY', 'NG']"
6889,"['NG', 'Y', 'ER']",2,CCV,"['Y', 'ER', 'NG']"
6890,"['NG', 'Y', 'AO']",2,CCV,"['Y', 'AO', 'NG']"
6891,"['NG', 'Y', 'UW']",2,CCV,"['Y', 'UW', 'NG']"
6892,"['NG', 'Y', 'IH']",2,CCV,"['Y', 'IH', 'NG']"
6893,"['NG', 'Y', 'EH']",2,CCV,"['Y', 'EH', 'NG']"
6894,"['NG', 'Y', 'UH']",2,CCV,"['Y', 'UH', 'NG']"
6895,"['NG', 'Y', 'IY']",2,CCV,"['Y', 'IY', 'NG']"
6896,"['NG', 'Y', 'EY']",2,CCV,"['Y', 'EY', 'NG']"
6897,"['NG', 'Y', 'OW']",2,CCV,"['Y', 'OW', 'NG']"
6898,"['NG', 'Y', 'AE']",2,CCV,"['Y', 'AE', 'NG']"
6899,"['NG', 'Y', 'AW']",2,CCV,"['Y', 'AO', 'NG']"
6900,"['L', 'P', 'AH']",-4,CCV,"['L', 'P', 'AH']"
6901,"['L', 'P', 'OY']",-4,CCV,"['L', 'OY', 'P']"
6902,"['L', 'P', 'AA']",-4,CCV,"['L', 'P', 'AA']"
6903,"['L', 'P', 'AY']",-4,CCV,"['L', 'AY', 'P']"
6904,"['L', 'P', 'ER']",-4,CCV,"['L', 'ER', 'P']"
6905,"['L', 'P', 'AO']",-4,CCV,"['L', 'P', 'AO']"
6906,"['L', 'P', 'UW']",-4,CCV,"['L', 'UW', 'P']"
6907,"['L', 'P', 'IH']",-4,CCV,"['L', 'IH', 'P']"
6908,"['L', 'P', 'EH']",-4,CCV,"['L', 'EH', 'P']"
6909,"['L', 'P', 'UH']",-4,CCV,"['L', 'UH', 'P']"
6910,"['L', 'P', 'IY']",-4,CCV,"['L', 'IY', 'P']"
6911,"['L', 'P', 'EY']",-4,CCV,"['L', 'EY', 'P']"
6912,"['L', 'P', 'OW']",-4,CCV,"['L', 'OW', 'P']"
6913,"['L', 'P', 'AE']",-4,CCV,"['L', 'AE', 'P']"
6914,"['L', 'P', 'AW']",-4,CCV,"['L', 'AW', 'P']"
6915,"['L', 'T', 'AH']",-4,CCV,"['L', 'T', 'AH']"
6916,"['L', 'T', 'OY']",-4,CCV,"['L', 'OY', 'T']"
6917,"['L', 'T', 'AA']",-4,CCV,"['L', 'T', 'AA']"
6918,"['L', 'T', 'AY']",-4,CCV,"['L', 'T', 'AY']"
6919,"['L', 'T', 'ER']",-4,CCV,"['L', 'T', 'ER']"
6920,"['L', 'T', 'AO']",-4,CCV,"['L', 'T', 'AO']"
6921,"['L', 'T', 'UW']",-4,CCV,"['L', 'T', 'UW']"
6922,"['L', 'T', 'IH']",-4,CCV,"['L', 'T', 'IH']"
6923,"['L', 'T', 'EH']",-4,CCV,"['L', 'T', 'EH']"
6924,"['L', 'T', 'UH']",-4,CCV,"['L', 'UH', 'T']"
6925,"['L', 'T', 'IY']",-4,CCV,"['L', 'T', 'IY']"
6926,"['L', 'T', 'EY']",-4,CCV,"['L', 'T', 'EY']"
6927,"['L', 'T', 'OW']",-4,CCV,"['L', 'T', 'OW']"
6928,"['L', 'T', 'AE']",-4,CCV,"['L', 'AE', 'AE']"
6929,"['L', 'T', 'AW']",-4,CCV,"['L', 'T', 'AW']"
6930,"['L', 'K', 'AH']",-4,CCV,"['L', 'K', 'AH']"
6931,"['L', 'K', 'OY']",-4,CCV,"['L', 'OY', 'K']"
6932,"['L', 'K', 'AA']",-4,CCV,"['L', 'K', 'AA']"
6933,"['L', 'K', 'AY']",-4,CCV,"['L', 'AY', 'K']"
6934,"['L', 'K', 'ER']",-4,CCV,"['L', 'K', 'ER']"
6935,"['L', 'K', 'AO']",-4,CCV,"['L', 'K', 'AO']"
6936,"['L', 'K', 'UW']",-4,CCV,"['L', 'UW', 'K']"
6937,"['L', 'K', 'IH']",-4,CCV,"['L', 'IH', 'K']"
6938,"['L', 'K', 'EH']",-4,CCV,"['L', 'EH', 'K']"
6939,"['L', 'K', 'UH']",-4,CCV,"['L', 'UH', 'K']"
6940,"['L', 'K', 'IY']",-4,CCV,"['L', 'IY', 'K']"
6941,"['L', 'K', 'EY']",-4,CCV,"['L', 'EY', 'K']"
6942,"['L', 'K', 'OW']",-4,CCV,"['L', 'OW', 'K']"
6943,"['L', 'K', 'AE']",-4,CCV,"['L', 'AE', 'K']"
6944,"['L', 'K', 'AW']",-4,CCV,"['L', 'AW', 'K']"
6945,"['L', 'B', 'AH']",-4,CCV,"['L', 'B', 'AH']"
6946,"['L', 'B', 'OY']",-4,CCV,"['L', 'OY', 'B']"
6947,"['L', 'B', 'AA']",-4,CCV,"['L', 'B', 'AA']"
6948,"['L', 'B', 'AY']",-4,CCV,"['L', 'AY', 'B']"
6949,"['L', 'B', 'ER']",-4,CCV,"['L', 'B', 'ER']"
6950,"['L', 'B', 'AO']",-4,CCV,"['L', 'B', 'AO']"
6951,"['L', 'B', 'UW']",-4,CCV,"['L', 'IH', 'UW']"
6952,"['L', 'B', 'IH']",-4,CCV,"['L', 'IH', 'B']"
6953,"['L', 'B', 'EH']",-4,CCV,"['L', 'B', 'EH']"
6954,"['L', 'B', 'UH']",-4,CCV,"['L', 'UH', 'UH']"
6955,"['L', 'B', 'IY']",-4,CCV,"['L', 'B', 'IY']"
6956,"['L', 'B', 'EY']",-4,CCV,"['L', 'EY', 'B']"
6957,"['L', 'B', 'OW']",-4,CCV,"['L', 'OW', 'B']"
6958,"['L', 'B', 'AE']",-4,CCV,"['L', 'AE', 'B']"
6959,"['L', 'B', 'AW']",-4,CCV,"['L', 'AW', 'B']"
6960,"['L', 'D', 'AH']",-4,CCV,"['L', 'D', 'AH']"
6961,"['L', 'D', 'OY']",-4,CCV,"['L', 'D', 'OY']"
6962,"['L', 'D', 'AA']",-4,CCV,"['L', 'D', 'AA']"
6963,"['L', 'D', 'AY']",-4,CCV,"['L', 'AY', 'D']"
6964,"['L', 'D', 'ER']",-4,CCV,"['L', 'D', 'ER']"
6965,"['L', 'D', 'AO']",-4,CCV,"['L', 'D', 'AO']"
6966,"['L', 'D', 'UW']",-4,CCV,"['L', 'D', 'UW']"
6967,"['L', 'D', 'IH']",-4,CCV,"['L', 'D', 'IH']"
6968,"['L', 'D', 'EH']",-4,CCV,"['L', 'D', 'EH']"
6969,"['L', 'D', 'UH']",-4,CCV,"['L', 'UH', 'D']"
6970,"['L', 'D', 'IY']",-4,CCV,"['L', 'D', 'IY']"
6971,"['L', 'D', 'EY']",-4,CCV,"['L', 'D', 'EY']"
6972,"['L', 'D', 'OW']",-4,CCV,"['L', 'D', 'OW']"
6973,"['L', 'D', 'AE']",-4,CCV,"['L', 'AE', 'D']"
6974,"['L', 'D', 'AW']",-4,CCV,"['L', 'D', 'AW']"
6975,"['L', 'G', 'AH']",-4,CCV,"['L', 'G', 'AH']"
6976,"['L', 'G', 'OY']",-4,CCV,"['L', 'OY', 'G']"
6977,"['L', 'G', 'AA']",-4,CCV,"['G', 'L', 'AA']"
6978,"['L', 'G', 'AY']",-4,CCV,"['G', 'L', 'AY']"
6979,"['L', 'G', 'ER']",-4,CCV,"['L', 'ER', 'G']"
6980,"['L', 'G', 'AO']",-4,CCV,"['L', 'AO', 'G']"
6981,"['L', 'G', 'UW']",-4,CCV,"['L', 'G', 'UW']"
6982,"['L', 'G', 'IH']",-4,CCV,"['L', 'IH', 'G']"
6983,"['L', 'G', 'EH']",-4,CCV,"['L', 'G', 'EH']"
6984,"['L', 'G', 'UH']",-4,CCV,"['L', 'UH', 'G']"
6985,"['L', 'G', 'IY']",-4,CCV,"['L', 'IY', 'G']"
6986,"['L', 'G', 'EY']",-4,CCV,"['L', 'G', 'EY']"
6987,"['L', 'G', 'OW']",-4,CCV,"['L', 'G', 'OW']"
6988,"['L', 'G', 'AE']",-4,CCV,"['L', 'AE', 'G']"
6989,"['L', 'G', 'AW']",-4,CCV,"['L', 'AW', 'G']"
6990,"['L', 'F', 'AH']",-3,CCV,"['L', 'F', 'AH']"
6991,"['L', 'F', 'OY']",-3,CCV,"['L', 'F', 'OY']"
6992,"['L', 'F', 'AA']",-3,CCV,"['L', 'F', 'AA']"
6993,"['L', 'F', 'AY']",-3,CCV,"['L', 'F', 'AY']"
6994,"['L', 'F', 'ER']",-3,CCV,"['L', 'F', 'ER']"
6995,"['L', 'F', 'AO']",-3,CCV,"['L', 'F', 'AO']"
6996,"['L', 'F', 'UW']",-3,CCV,"['L', 'F', 'UW']"
6997,"['L', 'F', 'IH']",-3,CCV,"['L', 'F', 'IH']"
6998,"['L', 'F', 'EH']",-3,CCV,"['F', 'L', 'EH']"
6999,"['L', 'F', 'UH']",-3,CCV,"['L', 'UH', 'F']"
7000,"['L', 'F', 'IY']",-3,CCV,"['L', 'F', 'IY']"
7001,"['L', 'F', 'EY']",-3,CCV,"['L', 'EY', 'F']"
7002,"['L', 'F', 'OW']",-3,CCV,"['L', 'F', 'OW']"
7003,"['L', 'F', 'AE']",-3,CCV,"['L', 'F', 'AE']"
7004,"['L', 'F', 'AW']",-3,CCV,"['L', 'AW', 'F']"
7005,"['L', 'TH', 'AH']",-3,CCV,"['L', 'TH', 'AH']"
7006,"['L', 'TH', 'OY']",-3,CCV,"['L', 'OY', 'TH']"
7007,"['L', 'TH', 'AA']",-3,CCV,"['L', 'TH', 'AA']"
7008,"['L', 'TH', 'AY']",-3,CCV,"['L', 'TH', 'AY']"
7009,"['L', 'TH', 'ER']",-3,CCV,"['L', 'TH', 'ER']"
7010,"['L', 'TH', 'AO']",-3,CCV,"['L', 'AO', 'TH']"
7011,"['L', 'TH', 'UW']",-3,CCV,"['L', 'TH', 'UW']"
7012,"['L', 'TH', 'IH']",-3,CCV,"['L', 'TH', 'IH']"
7013,"['L', 'TH', 'EH']",-3,CCV,"['L', 'TH', 'EH']"
7014,"['L', 'TH', 'UH']",-3,CCV,"['L', 'UH', 'TH']"
7015,"['L', 'TH', 'IY']",-3,CCV,"['L', 'TH', 'IY']"
7016,"['L', 'TH', 'EY']",-3,CCV,"['L', 'EY', 'TH']"
7017,"['L', 'TH', 'OW']",-3,CCV,"['L', 'TH', 'OW']"
7018,"['L', 'TH', 'AE']",-3,CCV,"['L', 'AE', 'TH']"
7019,"['L', 'TH', 'AW']",-3,CCV,"['L', 'AW', 'TH']"
7020,"['L', 'S', 'AH']",-3,CCV,"['L', 'AH', 'S']"
7021,"['L', 'S', 'OY']",-3,CCV,"['L', 'OY', 'OY']"
7022,"['L', 'S', 'AA']",-3,CCV,"['L', 'R', 'AA']"
7023,"['L', 'S', 'AY']",-3,CCV,"['L', 'AY', 'S']"
7024,"['L', 'S', 'ER']",-3,CCV,"['L', 'ER', 'S']"
7025,"['L', 'S', 'AO']",-3,CCV,"['L', 'AO', 'S']"
7026,"['L', 'S', 'UW']",-3,CCV,"['L', 'IH', 'UW']"
7027,"['L', 'S', 'IH']",-3,CCV,"['L', 'IH', 'S']"
7028,"['L', 'S', 'EH']",-3,CCV,"['L', 'S', 'EH']"
7029,"['L', 'S', 'UH']",-3,CCV,"['L', 'UH', 'S']"
7030,"['L', 'S', 'IY']",-3,CCV,"['L', 'IY', 'S']"
7031,"['L', 'S', 'EY']",-3,CCV,"['L', 'EY', 'S']"
7032,"['L', 'S', 'OW']",-3,CCV,"['L', 'OW', 'S']"
7033,"['L', 'S', 'AE']",-3,CCV,"['L', 'AE', 'S']"
7034,"['L', 'S', 'AW']",-3,CCV,"['L', 'AW', 'S']"
7035,"['L', 'SH', 'AH']",-3,CCV,"['L', 'SH', 'AH']"
7036,"['L', 'SH', 'OY']",-3,CCV,"['L', 'OY', 'SH']"
7037,"['L', 'SH', 'AA']",-3,CCV,"['L', 'SH', 'AA']"
7038,"['L', 'SH', 'AY']",-3,CCV,"['L', 'AY', 'SH']"
7039,"['L', 'SH', 'ER']",-3,CCV,"['L', 'ER', 'SH']"
7040,"['L', 'SH', 'AO']",-3,CCV,"['L', 'SH', 'AO']"
7041,"['L', 'SH', 'UW']",-3,CCV,"['L', 'SH', 'UW']"
7042,"['L', 'SH', 'IH']",-3,CCV,"['L', 'SH', 'IH']"
7043,"['L', 'SH', 'EH']",-3,CCV,"['L', 'SH', 'EH']"
7044,"['L', 'SH', 'UH']",-3,CCV,"['L', 'UH', 'SH']"
7045,"['L', 'SH', 'IY']",-3,CCV,"['L', 'SH', 'IY']"
7046,"['L', 'SH', 'EY']",-3,CCV,"['L', 'EY', 'SH']"
7047,"['L', 'SH', 'OW']",-3,CCV,"['L', 'OW', 'SH']"
7048,"['L', 'SH', 'AE']",-3,CCV,"['L', 'SH', 'AE']"
7049,"['L', 'SH', 'AW']",-3,CCV,"['L', 'AW', 'SH']"
7050,"['L', 'Z', 'AH']",-3,CCV,"['L', 'Z', 'AH']"
7051,"['L', 'Z', 'OY']",-3,CCV,"['L', 'EH', 'Z']"
7052,"['L', 'Z', 'AA']",-3,CCV,"['L', 'AA', 'Z']"
7053,"['L', 'Z', 'AY']",-3,CCV,"['L', 'AY', 'Z']"
7054,"['L', 'Z', 'ER']",-3,CCV,"['L', 'Z', 'ER']"
7055,"['L', 'Z', 'AO']",-3,CCV,"['L', 'AO', 'Z']"
7056,"['L', 'Z', 'UW']",-3,CCV,"['L', 'UW', 'Z']"
7057,"['L', 'Z', 'IH']",-3,CCV,"['L', 'IH', 'Z']"
7058,"['L', 'Z', 'EH']",-3,CCV,"['L', 'EH', 'Z']"
7059,"['L', 'Z', 'UH']",-3,CCV,"['L', 'UH', 'Z']"
7060,"['L', 'Z', 'IY']",-3,CCV,"['L', 'Z', 'IY']"
7061,"['L', 'Z', 'EY']",-3,CCV,"['L', 'EY', 'Z']"
7062,"['L', 'Z', 'OW']",-3,CCV,"['L', 'OW', 'Z']"
7063,"['L', 'Z', 'AE']",-3,CCV,"['L', 'AE', 'Z']"
7064,"['L', 'Z', 'AW']",-3,CCV,"['L', 'AW', 'Z']"
7065,"['L', 'ZH', 'AH']",-3,CCV,"['L', 'ZH', 'AH']"
7066,"['L', 'ZH', 'OY']",-3,CCV,"['L', 'ZH', 'OY']"
7067,"['L', 'ZH', 'AA']",-3,CCV,"['L', 'ZH', 'AA']"
7068,"['L', 'ZH', 'AY']",-3,CCV,"['L', 'ZH', 'AY']"
7069,"['L', 'ZH', 'ER']",-3,CCV,"['L', 'ZH', 'ER']"
7070,"['L', 'ZH', 'AO']",-3,CCV,"['L', 'ZH', 'AO']"
7071,"['L', 'ZH', 'UW']",-3,CCV,"['L', 'ZH', 'UW']"
7072,"['L', 'ZH', 'IH']",-3,CCV,"['L', 'ZH', 'IH']"
7073,"['L', 'ZH', 'EH']",-3,CCV,"['L', 'ZH', 'EH']"
7074,"['L', 'ZH', 'UH']",-3,CCV,"['L', 'ZH', 'UH']"
7075,"['L', 'ZH', 'IY']",-3,CCV,"['L', 'ZH', 'IY']"
7076,"['L', 'ZH', 'EY']",-3,CCV,"['L', 'ZH', 'EY']"
7077,"['L', 'ZH', 'OW']",-3,CCV,"['L', 'ZH', 'OW']"
7078,"['L', 'ZH', 'AE']",-3,CCV,"['L', 'ZH', 'AE']"
7079,"['L', 'ZH', 'AW']",-3,CCV,"['L', 'ZH', 'AW']"
7080,"['L', 'V', 'AH']",-3,CCV,"['L', 'V', 'AH']"
7081,"['L', 'V', 'OY']",-3,CCV,"['L', 'V', 'OY']"
7082,"['L', 'V', 'AA']",-3,CCV,"['L', 'V', 'AA']"
7083,"['L', 'V', 'AY']",-3,CCV,"['L', 'AY', 'V']"
7084,"['L', 'V', 'ER']",-3,CCV,"['L', 'V', 'ER']"
7085,"['L', 'V', 'AO']",-3,CCV,"['L', 'V', 'AO']"
7086,"['L', 'V', 'UW']",-3,CCV,"['L', 'UW', 'V']"
7087,"['L', 'V', 'IH']",-3,CCV,"['L', 'IH', 'V']"
7088,"['L', 'V', 'EH']",-3,CCV,"['L', 'V', 'EH']"
7089,"['L', 'V', 'UH']",-3,CCV,"['L', 'UH', 'V']"
7090,"['L', 'V', 'IY']",-3,CCV,"['L', 'V', 'IY']"
7091,"['L', 'V', 'EY']",-3,CCV,"['L', 'EY', 'V']"
7092,"['L', 'V', 'OW']",-3,CCV,"['L', 'OW', 'V']"
7093,"['L', 'V', 'AE']",-3,CCV,"['L', 'AE', 'V']"
7094,"['L', 'V', 'AW']",-3,CCV,"['L', 'AW', 'V']"
7095,"['L', 'DH', 'AH']",-3,CCV,"['L', 'DH', 'AH']"
7096,"['L', 'DH', 'OY']",-3,CCV,"['L', 'DH', 'OY']"
7097,"['L', 'DH', 'AA']",-3,CCV,"['L', 'DH', 'AA']"
7098,"['L', 'DH', 'AY']",-3,CCV,"['L', 'DH', 'AY']"
7099,"['L', 'DH', 'ER']",-3,CCV,"['L', 'DH', 'ER']"
7100,"['L', 'DH', 'AO']",-3,CCV,"['L', 'DH', 'AO']"
7101,"['L', 'DH', 'UW']",-3,CCV,"['L', 'DH', 'UW']"
7102,"['L', 'DH', 'IH']",-3,CCV,"['L', 'DH', 'IH']"
7103,"['L', 'DH', 'EH']",-3,CCV,"['L', 'DH', 'EH']"
7104,"['L', 'DH', 'UH']",-3,CCV,"['L', 'DH', 'UH']"
7105,"['L', 'DH', 'IY']",-3,CCV,"['L', 'DH', 'IY']"
7106,"['L', 'DH', 'EY']",-3,CCV,"['L', 'DH', 'EY']"
7107,"['L', 'DH', 'OW']",-3,CCV,"['L', 'DH', 'OW']"
7108,"['L', 'DH', 'AE']",-3,CCV,"['L', 'DH', 'AE']"
7109,"['L', 'DH', 'AW']",-3,CCV,"['L', 'DH', 'AW']"
7110,"['L', 'HH', 'AH']",-3,CCV,"['L', 'HH', 'AH']"
7111,"['L', 'HH', 'OY']",-3,CCV,"['L', 'OY', 'HH']"
7112,"['L', 'HH', 'AA']",-3,CCV,"['L', 'HH', 'AA']"
7113,"['L', 'HH', 'AY']",-3,CCV,"['L', 'AY', 'HH']"
7114,"['L', 'HH', 'ER']",-3,CCV,"['L', 'HH', 'ER']"
7115,"['L', 'HH', 'AO']",-3,CCV,"['L', 'HH', 'AO']"
7116,"['L', 'HH', 'UW']",-3,CCV,"['L', 'HH', 'UW']"
7117,"['L', 'HH', 'IH']",-3,CCV,"['L', 'IH', 'HH']"
7118,"['L', 'HH', 'EH']",-3,CCV,"['L', 'HH', 'EH']"
7119,"['L', 'HH', 'UH']",-3,CCV,"['L', 'UH', 'HH']"
7120,"['L', 'HH', 'IY']",-3,CCV,"['L', 'HH', 'IY']"
7121,"['L', 'HH', 'EY']",-3,CCV,"['L', 'HH', 'EY']"
7122,"['L', 'HH', 'OW']",-3,CCV,"['L', 'HH', 'OW']"
7123,"['L', 'HH', 'AE']",-3,CCV,"['L', 'HH', 'AE']"
7124,"['L', 'HH', 'AW']",-3,CCV,"['L', 'HH', 'AW']"
7125,"['L', 'CH', 'AH']",-2,CCV,"['L', 'CH', 'AH']"
7126,"['L', 'CH', 'OY']",-2,CCV,"['L', 'CH', 'OY']"
7127,"['L', 'CH', 'AA']",-2,CCV,"['L', 'CH', 'AA']"
7128,"['L', 'CH', 'AY']",-2,CCV,"['L', 'AY', 'CH']"
7129,"['L', 'CH', 'ER']",-2,CCV,"['L', 'CH', 'ER']"
7130,"['L', 'CH', 'AO']",-2,CCV,"['L', 'CH', '<EOS>']"
7131,"['L', 'CH', 'UW']",-2,CCV,"['L', 'CH', 'UW']"
7132,"['L', 'CH', 'IH']",-2,CCV,"['L', 'CH', 'IH']"
7133,"['L', 'CH', 'EH']",-2,CCV,"['L', 'CH', 'EH']"
7134,"['L', 'CH', 'UH']",-2,CCV,"['L', 'UH', 'CH']"
7135,"['L', 'CH', 'IY']",-2,CCV,"['L', 'CH', 'IY']"
7136,"['L', 'CH', 'EY']",-2,CCV,"['L', 'EY', 'CH']"
7137,"['L', 'CH', 'OW']",-2,CCV,"['L', 'CH', 'OW']"
7138,"['L', 'CH', 'AE']",-2,CCV,"['L', 'AE', 'CH']"
7139,"['L', 'CH', 'AW']",-2,CCV,"['L', 'AW', 'CH']"
7140,"['L', 'JH', 'AH']",-2,CCV,"['L', 'AH', 'JH']"
7141,"['L', 'JH', 'OY']",-2,CCV,"['L', 'OY', 'JH']"
7142,"['L', 'JH', 'AA']",-2,CCV,"['L', 'AA', 'JH']"
7143,"['L', 'JH', 'AY']",-2,CCV,"['L', 'AY', 'JH']"
7144,"['L', 'JH', 'ER']",-2,CCV,"['L', 'ER', 'JH']"
7145,"['L', 'JH', 'AO']",-2,CCV,"['L', 'AO', 'JH']"
7146,"['L', 'JH', 'UW']",-2,CCV,"['L', 'UW', 'JH']"
7147,"['L', 'JH', 'IH']",-2,CCV,"['L', 'IH', 'JH']"
7148,"['L', 'JH', 'EH']",-2,CCV,"['L', 'EH', 'JH']"
7149,"['L', 'JH', 'UH']",-2,CCV,"['L', 'UH', 'JH']"
7150,"['L', 'JH', 'IY']",-2,CCV,"['L', 'IY', 'JH']"
7151,"['L', 'JH', 'EY']",-2,CCV,"['L', 'EY', 'JH']"
7152,"['L', 'JH', 'OW']",-2,CCV,"['L', 'OW', 'JH']"
7153,"['L', 'JH', 'AE']",-2,CCV,"['L', 'AE', 'JH']"
7154,"['L', 'JH', 'AW']",-2,CCV,"['L', 'AW', 'JH']"
7155,"['L', 'M', 'AH']",-1,CCV,"['L', 'M', 'AH']"
7156,"['L', 'M', 'OY']",-1,CCV,"['L', 'OY', 'M']"
7157,"['L', 'M', 'AA']",-1,CCV,"['L', 'M', 'AA']"
7158,"['L', 'M', 'AY']",-1,CCV,"['L', 'AY', 'M']"
7159,"['L', 'M', 'ER']",-1,CCV,"['L', 'ER', 'NG']"
7160,"['L', 'M', 'AO']",-1,CCV,"['L', 'AO', 'M']"
7161,"['L', 'M', 'UW']",-1,CCV,"['L', 'UW', 'M']"
7162,"['L', 'M', 'IH']",-1,CCV,"['L', 'IH', 'M']"
7163,"['L', 'M', 'EH']",-1,CCV,"['L', 'M', 'EH']"
7164,"['L', 'M', 'UH']",-1,CCV,"['M', 'L', 'UH']"
7165,"['L', 'M', 'IY']",-1,CCV,"['L', 'M', 'IY']"
7166,"['L', 'M', 'EY']",-1,CCV,"['L', 'EY', 'M']"
7167,"['L', 'M', 'OW']",-1,CCV,"['L', 'OW', 'M']"
7168,"['L', 'M', 'AE']",-1,CCV,"['L', 'AE', 'M']"
7169,"['L', 'M', 'AW']",-1,CCV,"['L', 'AW', 'M']"
7170,"['L', 'N', 'AH']",-1,CCV,"['L', 'AH', 'N']"
7171,"['L', 'N', 'OY']",-1,CCV,"['L', 'OY', 'N']"
7172,"['L', 'N', 'AA']",-1,CCV,"['L', 'AA', 'N']"
7173,"['L', 'N', 'AY']",-1,CCV,"['L', 'AY', 'N']"
7174,"['L', 'N', 'ER']",-1,CCV,"['L', 'ER', 'N']"
7175,"['L', 'N', 'AO']",-1,CCV,"['L', 'IH', 'N']"
7176,"['L', 'N', 'UW']",-1,CCV,"['L', 'UW', 'N']"
7177,"['L', 'N', 'IH']",-1,CCV,"['L', 'IH', 'N']"
7178,"['L', 'N', 'EH']",-1,CCV,"['L', 'EH', 'N']"
7179,"['L', 'N', 'UH']",-1,CCV,"['L', 'UH', 'N']"
7180,"['L', 'N', 'IY']",-1,CCV,"['L', 'AE', 'N']"
7181,"['L', 'N', 'EY']",-1,CCV,"['L', 'EY', 'N']"
7182,"['L', 'N', 'OW']",-1,CCV,"['L', 'OW', 'N']"
7183,"['L', 'N', 'AE']",-1,CCV,"['L', 'AE', 'N']"
7184,"['L', 'N', 'AW']",-1,CCV,"['L', 'AW', 'N']"
7185,"['L', 'NG', 'AH']",-1,CCV,"['L', 'NG', '<EOS>']"
7186,"['L', 'NG', 'OY']",-1,CCV,"['L', 'NG', 'OY']"
7187,"['L', 'NG', 'AA']",-1,CCV,"['L', 'NG', 'AA']"
7188,"['L', 'NG', 'AY']",-1,CCV,"['L', 'AY', 'NG']"
7189,"['L', 'NG', 'ER']",-1,CCV,"['L', 'NG', 'ER']"
7190,"['L', 'NG', 'AO']",-1,CCV,"['L', 'NG', 'AO']"
7191,"['L', 'NG', 'UW']",-1,CCV,"['L', 'NG', 'UW']"
7192,"['L', 'NG', 'IH']",-1,CCV,"['L', 'IH', 'NG']"
7193,"['L', 'NG', 'EH']",-1,CCV,"['L', 'NG', 'EH']"
7194,"['L', 'NG', 'UH']",-1,CCV,"['L', 'UH', 'NG']"
7195,"['L', 'NG', 'IY']",-1,CCV,"['L', 'IY', 'NG']"
7196,"['L', 'NG', 'EY']",-1,CCV,"['L', 'EY', 'NG']"
7197,"['L', 'NG', 'OW']",-1,CCV,"['L', 'OW', 'NG']"
7198,"['L', 'NG', 'AE']",-1,CCV,"['L', 'AE', 'NG']"
7199,"['L', 'NG', 'AW']",-1,CCV,"['L', 'NG', 'AW']"
7200,"['L', 'R', 'AH']",0,CCV,"['L', 'R', 'AH']"
7201,"['L', 'R', 'OY']",0,CCV,"['L', 'R', 'OY']"
7202,"['L', 'R', 'AA']",0,CCV,"['L', 'R', 'AA']"
7203,"['L', 'R', 'AY']",0,CCV,"['L', 'R', 'AY']"
7204,"['L', 'R', 'ER']",0,CCV,"['L', 'R', 'ER']"
7205,"['L', 'R', 'AO']",0,CCV,"['L', 'R', 'AO']"
7206,"['L', 'R', 'UW']",0,CCV,"['L', 'R', 'UW']"
7207,"['L', 'R', 'IH']",0,CCV,"['R', 'L', 'IH']"
7208,"['L', 'R', 'EH']",0,CCV,"['L', 'R', 'EH']"
7209,"['L', 'R', 'UH']",0,CCV,"['L', 'R', 'UH']"
7210,"['L', 'R', 'IY']",0,CCV,"['L', 'R', 'IY']"
7211,"['L', 'R', 'EY']",0,CCV,"['L', 'R', 'EY']"
7212,"['L', 'R', 'OW']",0,CCV,"['R', 'L', 'OW']"
7213,"['L', 'R', 'AE']",0,CCV,"['L', 'R', 'AE']"
7214,"['L', 'R', 'AW']",0,CCV,"['L', 'R', 'AW']"
7215,"['L', 'W', 'AH']",1,CCV,"['L', 'W', 'AH']"
7216,"['L', 'W', 'OY']",1,CCV,"['L', 'OY', 'EH']"
7217,"['L', 'W', 'AA']",1,CCV,"['L', 'W', 'AA']"
7218,"['L', 'W', 'AY']",1,CCV,"['L', 'AY', 'EH']"
7219,"['L', 'W', 'ER']",1,CCV,"['L', 'W', 'ER']"
7220,"['L', 'W', 'AO']",1,CCV,"['L', 'AO', 'AE']"
7221,"['L', 'W', 'UW']",1,CCV,"['L', 'W', 'UW']"
7222,"['L', 'W', 'IH']",1,CCV,"['L', 'IH', 'IH']"
7223,"['L', 'W', 'EH']",1,CCV,"['L', 'EH', 'W']"
7224,"['L', 'W', 'UH']",1,CCV,"['L', 'UH', 'W']"
7225,"['L', 'W', 'IY']",1,CCV,"['L', 'W', 'IY']"
7226,"['L', 'W', 'EY']",1,CCV,"['L', 'W', 'EY']"
7227,"['L', 'W', 'OW']",1,CCV,"['L', 'OW', 'W']"
7228,"['L', 'W', 'AE']",1,CCV,"['L', 'AE', 'AE']"
7229,"['L', 'W', 'AW']",1,CCV,"['L', 'AW', 'AE']"
7230,"['L', 'Y', 'AH']",1,CCV,"['L', 'Y', 'AH']"
7231,"['L', 'Y', 'OY']",1,CCV,"['L', 'OY', 'K']"
7232,"['L', 'Y', 'AA']",1,CCV,"['L', 'Y', 'AA']"
7233,"['L', 'Y', 'AY']",1,CCV,"['L', 'Y', 'AY']"
7234,"['L', 'Y', 'ER']",1,CCV,"['L', 'Y', 'ER']"
7235,"['L', 'Y', 'AO']",1,CCV,"['L', 'Y', 'AO']"
7236,"['L', 'Y', 'UW']",1,CCV,"['L', 'Y', 'UW']"
7237,"['L', 'Y', 'IH']",1,CCV,"['L', 'IH', 'Y']"
7238,"['L', 'Y', 'EH']",1,CCV,"['L', 'Y', 'EH']"
7239,"['L', 'Y', 'UH']",1,CCV,"['L', 'Y', 'UH']"
7240,"['L', 'Y', 'IY']",1,CCV,"['L', 'Y', 'IY']"
7241,"['L', 'Y', 'EY']",1,CCV,"['L', 'Y', 'EY']"
7242,"['L', 'Y', 'OW']",1,CCV,"['L', 'Y', 'OW']"
7243,"['L', 'Y', 'AE']",1,CCV,"['L', 'Y', 'AE']"
7244,"['L', 'Y', 'AW']",1,CCV,"['L', 'AW', 'Y']"
7245,"['R', 'P', 'AH']",-4,CCV,"['R', 'P', 'AH']"
7246,"['R', 'P', 'OY']",-4,CCV,"['R', 'OY', 'P']"
7247,"['R', 'P', 'AA']",-4,CCV,"['R', 'P', 'AA']"
7248,"['R', 'P', 'AY']",-4,CCV,"['R', 'AY', 'P']"
7249,"['R', 'P', 'ER']",-4,CCV,"['P', 'R', 'ER']"
7250,"['R', 'P', 'AO']",-4,CCV,"['R', 'P', 'AO']"
7251,"['R', 'P', 'UW']",-4,CCV,"['R', 'UW', 'P']"
7252,"['R', 'P', 'IH']",-4,CCV,"['R', 'P', 'IH']"
7253,"['R', 'P', 'EH']",-4,CCV,"['R', 'P', 'EH']"
7254,"['R', 'P', 'UH']",-4,CCV,"['P', 'R', 'UH']"
7255,"['R', 'P', 'IY']",-4,CCV,"['R', 'IY', 'P']"
7256,"['R', 'P', 'EY']",-4,CCV,"['R', 'EY', 'P']"
7257,"['R', 'P', 'OW']",-4,CCV,"['R', 'OW', 'P']"
7258,"['R', 'P', 'AE']",-4,CCV,"['R', 'AE', 'P']"
7259,"['R', 'P', 'AW']",-4,CCV,"['R', 'AW', 'P']"
7260,"['R', 'T', 'AH']",-4,CCV,"['R', 'T', 'AH']"
7261,"['R', 'T', 'OY']",-4,CCV,"['R', 'OY', 'T']"
7262,"['R', 'T', 'AA']",-4,CCV,"['R', 'T', 'AA']"
7263,"['R', 'T', 'AY']",-4,CCV,"['R', 'AY', 'T']"
7264,"['R', 'T', 'ER']",-4,CCV,"['R', 'T', 'ER']"
7265,"['R', 'T', 'AO']",-4,CCV,"['R', 'T', 'AO']"
7266,"['R', 'T', 'UW']",-4,CCV,"['R', 'T', 'UW']"
7267,"['R', 'T', 'IH']",-4,CCV,"['R', 'T', 'IH']"
7268,"['R', 'T', 'EH']",-4,CCV,"['R', 'EH', 'T']"
7269,"['R', 'T', 'UH']",-4,CCV,"['R', 'UH', 'T']"
7270,"['R', 'T', 'IY']",-4,CCV,"['R', 'T', 'IY']"
7271,"['R', 'T', 'EY']",-4,CCV,"['R', 'EY', 'T']"
7272,"['R', 'T', 'OW']",-4,CCV,"['R', 'OW', 'T']"
7273,"['R', 'T', 'AE']",-4,CCV,"['R', 'AE', 'T']"
7274,"['R', 'T', 'AW']",-4,CCV,"['T', 'R', 'AW']"
7275,"['R', 'K', 'AH']",-4,CCV,"['R', 'K', 'AH']"
7276,"['R', 'K', 'OY']",-4,CCV,"['R', 'OY', 'K']"
7277,"['R', 'K', 'AA']",-4,CCV,"['R', 'K', 'AA']"
7278,"['R', 'K', 'AY']",-4,CCV,"['R', 'AY', 'K']"
7279,"['R', 'K', 'ER']",-4,CCV,"['R', 'K', 'ER']"
7280,"['R', 'K', 'AO']",-4,CCV,"['R', 'K', 'AO']"
7281,"['R', 'K', 'UW']",-4,CCV,"['R', 'UW', 'K']"
7282,"['R', 'K', 'IH']",-4,CCV,"['R', 'K', 'IH']"
7283,"['R', 'K', 'EH']",-4,CCV,"['R', 'EH', 'K']"
7284,"['R', 'K', 'UH']",-4,CCV,"['R', 'UH', 'K']"
7285,"['R', 'K', 'IY']",-4,CCV,"['R', 'EH', 'K']"
7286,"['R', 'K', 'EY']",-4,CCV,"['R', 'EY', 'K']"
7287,"['R', 'K', 'OW']",-4,CCV,"['R', 'OW', 'K']"
7288,"['R', 'K', 'AE']",-4,CCV,"['R', 'AE', 'K']"
7289,"['R', 'K', 'AW']",-4,CCV,"['K', 'R', 'AW']"
7290,"['R', 'B', 'AH']",-4,CCV,"['R', 'B', 'AH']"
7291,"['R', 'B', 'OY']",-4,CCV,"['R', 'OY', 'B']"
7292,"['R', 'B', 'AA']",-4,CCV,"['R', 'B', 'AA']"
7293,"['R', 'B', 'AY']",-4,CCV,"['R', 'AY', 'B']"
7294,"['R', 'B', 'ER']",-4,CCV,"['R', 'B', 'ER']"
7295,"['R', 'B', 'AO']",-4,CCV,"['R', 'AO', 'B']"
7296,"['R', 'B', 'UW']",-4,CCV,"['R', 'UW', 'B']"
7297,"['R', 'B', 'IH']",-4,CCV,"['R', 'IH', 'B']"
7298,"['R', 'B', 'EH']",-4,CCV,"['R', 'EH', 'B']"
7299,"['R', 'B', 'UH']",-4,CCV,"['R', 'UH', 'B']"
7300,"['R', 'B', 'IY']",-4,CCV,"['R', 'IY', 'B']"
7301,"['R', 'B', 'EY']",-4,CCV,"['R', 'EY', 'B']"
7302,"['R', 'B', 'OW']",-4,CCV,"['R', 'OW', 'B']"
7303,"['R', 'B', 'AE']",-4,CCV,"['R', 'AE', 'B']"
7304,"['R', 'B', 'AW']",-4,CCV,"['R', 'AW', 'B']"
7305,"['R', 'D', 'AH']",-4,CCV,"['R', 'D', 'AH']"
7306,"['R', 'D', 'OY']",-4,CCV,"['R', 'OY', 'D']"
7307,"['R', 'D', 'AA']",-4,CCV,"['R', 'D', 'AA']"
7308,"['R', 'D', 'AY']",-4,CCV,"['R', 'AY', 'D']"
7309,"['R', 'D', 'ER']",-4,CCV,"['R', 'D', 'ER']"
7310,"['R', 'D', 'AO']",-4,CCV,"['R', 'D', 'AO']"
7311,"['R', 'D', 'UW']",-4,CCV,"['R', 'UW', 'D']"
7312,"['R', 'D', 'IH']",-4,CCV,"['R', 'IH', 'D']"
7313,"['R', 'D', 'EH']",-4,CCV,"['R', 'EH', 'D']"
7314,"['R', 'D', 'UH']",-4,CCV,"['R', 'UH', 'D']"
7315,"['R', 'D', 'IY']",-4,CCV,"['R', 'IY', 'D']"
7316,"['R', 'D', 'EY']",-4,CCV,"['R', 'EY', 'D']"
7317,"['R', 'D', 'OW']",-4,CCV,"['R', 'OW', 'D']"
7318,"['R', 'D', 'AE']",-4,CCV,"['R', 'AE', 'D']"
7319,"['R', 'D', 'AW']",-4,CCV,"['R', 'AW', 'D']"
7320,"['R', 'G', 'AH']",-4,CCV,"['R', 'G', 'AH']"
7321,"['R', 'G', 'OY']",-4,CCV,"['R', 'OY', 'G']"
7322,"['R', 'G', 'AA']",-4,CCV,"['R', 'G', 'AA']"
7323,"['R', 'G', 'AY']",-4,CCV,"['G', 'R', 'AY']"
7324,"['R', 'G', 'ER']",-4,CCV,"['G', 'R', 'ER']"
7325,"['R', 'G', 'AO']",-4,CCV,"['R', 'G', 'AO']"
7326,"['R', 'G', 'UW']",-4,CCV,"['G', 'R', 'UW']"
7327,"['R', 'G', 'IH']",-4,CCV,"['R', 'IH', 'G']"
7328,"['R', 'G', 'EH']",-4,CCV,"['G', 'R', 'EH']"
7329,"['R', 'G', 'UH']",-4,CCV,"['G', 'R', 'UH']"
7330,"['R', 'G', 'IY']",-4,CCV,"['R', 'G', 'IY']"
7331,"['R', 'G', 'EY']",-4,CCV,"['R', 'EY', 'G']"
7332,"['R', 'G', 'OW']",-4,CCV,"['R', 'G', 'OW']"
7333,"['R', 'G', 'AE']",-4,CCV,"['R', 'AE', 'G']"
7334,"['R', 'G', 'AW']",-4,CCV,"['G', 'R', 'AW']"
7335,"['R', 'F', 'AH']",-3,CCV,"['R', 'F', 'AH']"
7336,"['R', 'F', 'OY']",-3,CCV,"['R', 'OY', 'F']"
7337,"['R', 'F', 'AA']",-3,CCV,"['R', 'F', 'AA']"
7338,"['R', 'F', 'AY']",-3,CCV,"['R', 'AY', 'F']"
7339,"['R', 'F', 'ER']",-3,CCV,"['F', 'R', 'ER']"
7340,"['R', 'F', 'AO']",-3,CCV,"['R', 'F', 'AO']"
7341,"['R', 'F', 'UW']",-3,CCV,"['R', 'F', 'UW']"
7342,"['R', 'F', 'IH']",-3,CCV,"['R', 'F', 'IH']"
7343,"['R', 'F', 'EH']",-3,CCV,"['F', 'R', 'EH']"
7344,"['R', 'F', 'UH']",-3,CCV,"['R', 'UH', 'F']"
7345,"['R', 'F', 'IY']",-3,CCV,"['F', 'R', 'IY']"
7346,"['R', 'F', 'EY']",-3,CCV,"['R', 'EY', 'F']"
7347,"['R', 'F', 'OW']",-3,CCV,"['R', 'OW', 'F']"
7348,"['R', 'F', 'AE']",-3,CCV,"['F', 'R', 'AE']"
7349,"['R', 'F', 'AW']",-3,CCV,"['F', 'R', 'AW']"
7350,"['R', 'TH', 'AH']",-3,CCV,"['R', 'TH', 'AH']"
7351,"['R', 'TH', 'OY']",-3,CCV,"['R', 'OY', 'TH']"
7352,"['R', 'TH', 'AA']",-3,CCV,"['R', 'TH', 'AA']"
7353,"['R', 'TH', 'AY']",-3,CCV,"['R', 'TH', 'AY']"
7354,"['R', 'TH', 'ER']",-3,CCV,"['R', 'TH', 'ER']"
7355,"['R', 'TH', 'AO']",-3,CCV,"['R', 'AO', 'TH']"
7356,"['R', 'TH', 'UW']",-3,CCV,"['R', 'TH', 'UW']"
7357,"['R', 'TH', 'IH']",-3,CCV,"['R', 'TH', 'IH']"
7358,"['R', 'TH', 'EH']",-3,CCV,"['R', 'TH', 'EH']"
7359,"['R', 'TH', 'UH']",-3,CCV,"['R', 'UH', 'TH']"
7360,"['R', 'TH', 'IY']",-3,CCV,"['R', 'TH', 'IY']"
7361,"['R', 'TH', 'EY']",-3,CCV,"['R', 'EY', 'TH']"
7362,"['R', 'TH', 'OW']",-3,CCV,"['R', 'TH', 'OW']"
7363,"['R', 'TH', 'AE']",-3,CCV,"['R', 'AE', 'TH']"
7364,"['R', 'TH', 'AW']",-3,CCV,"['R', 'TH', 'AW']"
7365,"['R', 'S', 'AH']",-3,CCV,"['R', 'S', 'AH']"
7366,"['R', 'S', 'OY']",-3,CCV,"['R', 'OY', 'L']"
7367,"['R', 'S', 'AA']",-3,CCV,"['R', 'S', 'AA']"
7368,"['R', 'S', 'AY']",-3,CCV,"['S', 'R', 'AY']"
7369,"['R', 'S', 'ER']",-3,CCV,"['R', 'S', 'ER']"
7370,"['R', 'S', 'AO']",-3,CCV,"['R', 'AO', 'S']"
7371,"['R', 'S', 'UW']",-3,CCV,"['R', 'S', 'UW']"
7372,"['R', 'S', 'IH']",-3,CCV,"['R', 'IH', 'S']"
7373,"['R', 'S', 'EH']",-3,CCV,"['R', 'EH', 'S']"
7374,"['R', 'S', 'UH']",-3,CCV,"['S', 'R', 'UH']"
7375,"['R', 'S', 'IY']",-3,CCV,"['R', 'IY', 'S']"
7376,"['R', 'S', 'EY']",-3,CCV,"['R', 'EY', 'S']"
7377,"['R', 'S', 'OW']",-3,CCV,"['R', 'OW', 'S']"
7378,"['R', 'S', 'AE']",-3,CCV,"['R', 'AE', 'S']"
7379,"['R', 'S', 'AW']",-3,CCV,"['R', 'AW', 'S']"
7380,"['R', 'SH', 'AH']",-3,CCV,"['R', 'SH', 'AH']"
7381,"['R', 'SH', 'OY']",-3,CCV,"['R', 'OY', 'SH']"
7382,"['R', 'SH', 'AA']",-3,CCV,"['R', 'SH', 'AA']"
7383,"['R', 'SH', 'AY']",-3,CCV,"['R', 'AY', 'SH']"
7384,"['R', 'SH', 'ER']",-3,CCV,"['R', 'SH', 'ER']"
7385,"['R', 'SH', 'AO']",-3,CCV,"['R', 'SH', 'AO']"
7386,"['R', 'SH', 'UW']",-3,CCV,"['R', 'SH', 'UW']"
7387,"['R', 'SH', 'IH']",-3,CCV,"['R', 'IH', 'SH']"
7388,"['R', 'SH', 'EH']",-3,CCV,"['R', 'SH', 'EH']"
7389,"['R', 'SH', 'UH']",-3,CCV,"['R', 'UH', 'SH']"
7390,"['R', 'SH', 'IY']",-3,CCV,"['R', 'SH', 'IY']"
7391,"['R', 'SH', 'EY']",-3,CCV,"['R', 'EY', 'SH']"
7392,"['R', 'SH', 'OW']",-3,CCV,"['R', 'OW', 'SH']"
7393,"['R', 'SH', 'AE']",-3,CCV,"['R', 'AE', 'SH']"
7394,"['R', 'SH', 'AW']",-3,CCV,"['R', 'AW', 'SH']"
7395,"['R', 'Z', 'AH']",-3,CCV,"['R', 'Z', 'AH']"
7396,"['R', 'Z', 'OY']",-3,CCV,"['R', 'EH', 'P']"
7397,"['R', 'Z', 'AA']",-3,CCV,"['R', 'AA', 'Z']"
7398,"['R', 'Z', 'AY']",-3,CCV,"['R', 'AY', 'Z']"
7399,"['R', 'Z', 'ER']",-3,CCV,"['R', 'EH', 'Z']"
7400,"['R', 'Z', 'AO']",-3,CCV,"['R', 'AO', 'Z']"
7401,"['R', 'Z', 'UW']",-3,CCV,"['R', 'UW', 'Z']"
7402,"['R', 'Z', 'IH']",-3,CCV,"['R', 'IH', 'Z']"
7403,"['R', 'Z', 'EH']",-3,CCV,"['R', 'EH', 'Z']"
7404,"['R', 'Z', 'UH']",-3,CCV,"['R', 'UH', 'Z']"
7405,"['R', 'Z', 'IY']",-3,CCV,"['R', 'EH', 'Z']"
7406,"['R', 'Z', 'EY']",-3,CCV,"['R', 'EY', 'Z']"
7407,"['R', 'Z', 'OW']",-3,CCV,"['R', 'OW', 'Z']"
7408,"['R', 'Z', 'AE']",-3,CCV,"['R', 'AE', 'Z']"
7409,"['R', 'Z', 'AW']",-3,CCV,"['R', 'AW', 'Z']"
7410,"['R', 'ZH', 'AH']",-3,CCV,"['R', 'ZH', 'AH']"
7411,"['R', 'ZH', 'OY']",-3,CCV,"['R', 'ZH', 'OY']"
7412,"['R', 'ZH', 'AA']",-3,CCV,"['R', 'ZH', 'AA']"
7413,"['R', 'ZH', 'AY']",-3,CCV,"['R', 'ZH', 'AY']"
7414,"['R', 'ZH', 'ER']",-3,CCV,"['R', 'ZH', 'ER']"
7415,"['R', 'ZH', 'AO']",-3,CCV,"['R', 'ZH', 'AO']"
7416,"['R', 'ZH', 'UW']",-3,CCV,"['R', 'UW', 'ZH']"
7417,"['R', 'ZH', 'IH']",-3,CCV,"['R', 'ZH', 'IH']"
7418,"['R', 'ZH', 'EH']",-3,CCV,"['R', 'ZH', 'EH']"
7419,"['R', 'ZH', 'UH']",-3,CCV,"['R', 'ZH', 'UH']"
7420,"['R', 'ZH', 'IY']",-3,CCV,"['R', 'ZH', 'IY']"
7421,"['R', 'ZH', 'EY']",-3,CCV,"['R', 'ZH', 'EY']"
7422,"['R', 'ZH', 'OW']",-3,CCV,"['R', 'ZH', 'OW']"
7423,"['R', 'ZH', 'AE']",-3,CCV,"['R', 'ZH', 'AE']"
7424,"['R', 'ZH', 'AW']",-3,CCV,"['R', 'ZH', 'AW']"
7425,"['R', 'V', 'AH']",-3,CCV,"['R', 'V', 'AH']"
7426,"['R', 'V', 'OY']",-3,CCV,"['R', 'OY', 'V']"
7427,"['R', 'V', 'AA']",-3,CCV,"['R', 'V', 'AA']"
7428,"['R', 'V', 'AY']",-3,CCV,"['R', 'AY', 'V']"
7429,"['R', 'V', 'ER']",-3,CCV,"['R', 'V', 'ER']"
7430,"['R', 'V', 'AO']",-3,CCV,"['R', 'V', 'AO']"
7431,"['R', 'V', 'UW']",-3,CCV,"['R', 'V', 'UW']"
7432,"['R', 'V', 'IH']",-3,CCV,"['R', 'V', 'IH']"
7433,"['R', 'V', 'EH']",-3,CCV,"['R', 'V', 'EH']"
7434,"['R', 'V', 'UH']",-3,CCV,"['R', 'UH', 'V']"
7435,"['R', 'V', 'IY']",-3,CCV,"['R', 'V', 'IY']"
7436,"['R', 'V', 'EY']",-3,CCV,"['R', 'EY', 'V']"
7437,"['R', 'V', 'OW']",-3,CCV,"['R', 'OW', 'V']"
7438,"['R', 'V', 'AE']",-3,CCV,"['R', 'V', 'AE']"
7439,"['R', 'V', 'AW']",-3,CCV,"['R', 'V', 'AW']"
7440,"['R', 'DH', 'AH']",-3,CCV,"['R', 'DH', 'AH']"
7441,"['R', 'DH', 'OY']",-3,CCV,"['R', 'OY', 'DH']"
7442,"['R', 'DH', 'AA']",-3,CCV,"['R', 'DH', 'AA']"
7443,"['R', 'DH', 'AY']",-3,CCV,"['R', 'DH', 'AY']"
7444,"['R', 'DH', 'ER']",-3,CCV,"['R', 'DH', 'ER']"
7445,"['R', 'DH', 'AO']",-3,CCV,"['R', 'DH', 'AO']"
7446,"['R', 'DH', 'UW']",-3,CCV,"['R', 'DH', 'UW']"
7447,"['R', 'DH', 'IH']",-3,CCV,"['R', 'IH', 'DH']"
7448,"['R', 'DH', 'EH']",-3,CCV,"['R', 'DH', 'EH']"
7449,"['R', 'DH', 'UH']",-3,CCV,"['S', 'R', 'UH']"
7450,"['R', 'DH', 'IY']",-3,CCV,"['DH', 'R', 'IY']"
7451,"['R', 'DH', 'EY']",-3,CCV,"['R', 'DH', 'EY']"
7452,"['R', 'DH', 'OW']",-3,CCV,"['R', 'DH', 'OW']"
7453,"['R', 'DH', 'AE']",-3,CCV,"['DH', 'R', 'AE']"
7454,"['R', 'DH', 'AW']",-3,CCV,"['DH', 'R', 'AW']"
7455,"['R', 'HH', 'AH']",-3,CCV,"['R', 'HH', 'AH']"
7456,"['R', 'HH', 'OY']",-3,CCV,"['R', 'OY', 'HH']"
7457,"['R', 'HH', 'AA']",-3,CCV,"['R', 'HH', 'AA']"
7458,"['R', 'HH', 'AY']",-3,CCV,"['R', 'AY', 'HH']"
7459,"['R', 'HH', 'ER']",-3,CCV,"['R', 'HH', 'ER']"
7460,"['R', 'HH', 'AO']",-3,CCV,"['R', 'HH', 'AO']"
7461,"['R', 'HH', 'UW']",-3,CCV,"['R', 'HH', 'UW']"
7462,"['R', 'HH', 'IH']",-3,CCV,"['R', 'HH', 'IH']"
7463,"['R', 'HH', 'EH']",-3,CCV,"['R', 'EH', 'HH']"
7464,"['R', 'HH', 'UH']",-3,CCV,"['R', 'UH', 'L']"
7465,"['R', 'HH', 'IY']",-3,CCV,"['R', 'HH', 'IY']"
7466,"['R', 'HH', 'EY']",-3,CCV,"['R', 'EY', 'HH']"
7467,"['R', 'HH', 'OW']",-3,CCV,"['R', 'OW', 'HH']"
7468,"['R', 'HH', 'AE']",-3,CCV,"['R', 'AE', 'HH']"
7469,"['R', 'HH', 'AW']",-3,CCV,"['R', 'AW', 'HH']"
7470,"['R', 'CH', 'AH']",-2,CCV,"['R', 'CH', 'AH']"
7471,"['R', 'CH', 'OY']",-2,CCV,"['R', 'OY', 'CH']"
7472,"['R', 'CH', 'AA']",-2,CCV,"['R', 'CH', 'AA']"
7473,"['R', 'CH', 'AY']",-2,CCV,"['R', 'AY', 'CH']"
7474,"['R', 'CH', 'ER']",-2,CCV,"['R', 'CH', 'ER']"
7475,"['R', 'CH', 'AO']",-2,CCV,"['R', 'CH', 'AO']"
7476,"['R', 'CH', 'UW']",-2,CCV,"['R', 'CH', 'UW']"
7477,"['R', 'CH', 'IH']",-2,CCV,"['R', 'CH', 'IH']"
7478,"['R', 'CH', 'EH']",-2,CCV,"['R', 'CH', 'EH']"
7479,"['R', 'CH', 'UH']",-2,CCV,"['R', 'UH', 'UH']"
7480,"['R', 'CH', 'IY']",-2,CCV,"['R', 'UH', 'CH']"
7481,"['R', 'CH', 'EY']",-2,CCV,"['R', 'EY', 'CH']"
7482,"['R', 'CH', 'OW']",-2,CCV,"['R', 'OW', 'CH']"
7483,"['R', 'CH', 'AE']",-2,CCV,"['R', 'AE', 'CH']"
7484,"['R', 'CH', 'AW']",-2,CCV,"['R', 'EY', 'V']"
7485,"['R', 'JH', 'AH']",-2,CCV,"['R', 'AE', 'JH']"
7486,"['R', 'JH', 'OY']",-2,CCV,"['R', 'OY', 'JH']"
7487,"['R', 'JH', 'AA']",-2,CCV,"['R', 'AA', 'JH']"
7488,"['R', 'JH', 'AY']",-2,CCV,"['R', 'AY', 'JH']"
7489,"['R', 'JH', 'ER']",-2,CCV,"['R', 'ER', 'JH']"
7490,"['R', 'JH', 'AO']",-2,CCV,"['R', 'AO', 'JH']"
7491,"['R', 'JH', 'UW']",-2,CCV,"['R', 'UW', 'JH']"
7492,"['R', 'JH', 'IH']",-2,CCV,"['R', 'IH', 'JH']"
7493,"['R', 'JH', 'EH']",-2,CCV,"['R', 'EH', 'JH']"
7494,"['R', 'JH', 'UH']",-2,CCV,"['R', 'UH', 'JH']"
7495,"['R', 'JH', 'IY']",-2,CCV,"['R', 'IY', 'JH']"
7496,"['R', 'JH', 'EY']",-2,CCV,"['R', 'EY', 'JH']"
7497,"['R', 'JH', 'OW']",-2,CCV,"['R', 'OW', 'JH']"
7498,"['R', 'JH', 'AE']",-2,CCV,"['R', 'AE', 'JH']"
7499,"['R', 'JH', 'AW']",-2,CCV,"['R', 'AW', 'JH']"
7500,"['R', 'M', 'AH']",-1,CCV,"['R', 'M', 'AH']"
7501,"['R', 'M', 'OY']",-1,CCV,"['R', 'OY', 'M']"
7502,"['R', 'M', 'AA']",-1,CCV,"['R', 'M', 'AA']"
7503,"['R', 'M', 'AY']",-1,CCV,"['R', 'AY', 'M']"
7504,"['R', 'M', 'ER']",-1,CCV,"['R', 'M', 'ER']"
7505,"['R', 'M', 'AO']",-1,CCV,"['R', 'M', 'AO']"
7506,"['R', 'M', 'UW']",-1,CCV,"['R', 'M', 'UW']"
7507,"['R', 'M', 'IH']",-1,CCV,"['R', 'IH', 'M']"
7508,"['R', 'M', 'EH']",-1,CCV,"['R', 'EH', 'SH']"
7509,"['R', 'M', 'UH']",-1,CCV,"['R', 'UH', 'M']"
7510,"['R', 'M', 'IY']",-1,CCV,"['R', 'M', 'IY']"
7511,"['R', 'M', 'EY']",-1,CCV,"['R', 'EY', 'M']"
7512,"['R', 'M', 'OW']",-1,CCV,"['R', 'OW', 'M']"
7513,"['R', 'M', 'AE']",-1,CCV,"['R', 'AE', 'M']"
7514,"['R', 'M', 'AW']",-1,CCV,"['R', 'AW', 'M']"
7515,"['R', 'N', 'AH']",-1,CCV,"['R', 'AE', 'N']"
7516,"['R', 'N', 'OY']",-1,CCV,"['R', 'OY', 'N']"
7517,"['R', 'N', 'AA']",-1,CCV,"['R', 'AA', 'N']"
7518,"['R', 'N', 'AY']",-1,CCV,"['R', 'AY', 'N']"
7519,"['R', 'N', 'ER']",-1,CCV,"['R', 'ER', 'N']"
7520,"['R', 'N', 'AO']",-1,CCV,"['R', 'R', 'N']"
7521,"['R', 'N', 'UW']",-1,CCV,"['R', 'UW', 'N']"
7522,"['R', 'N', 'IH']",-1,CCV,"['R', 'IH', 'N']"
7523,"['R', 'N', 'EH']",-1,CCV,"['R', 'EH', 'N']"
7524,"['R', 'N', 'UH']",-1,CCV,"['R', 'UH', 'N']"
7525,"['R', 'N', 'IY']",-1,CCV,"['R', 'AE', 'N']"
7526,"['R', 'N', 'EY']",-1,CCV,"['R', 'EY', 'N']"
7527,"['R', 'N', 'OW']",-1,CCV,"['R', 'OW', 'N']"
7528,"['R', 'N', 'AE']",-1,CCV,"['R', 'AE', 'N']"
7529,"['R', 'N', 'AW']",-1,CCV,"['R', 'AW', 'N']"
7530,"['R', 'NG', 'AH']",-1,CCV,"['R', 'NG', '<EOS>']"
7531,"['R', 'NG', 'OY']",-1,CCV,"['R', 'OY', 'NG']"
7532,"['R', 'NG', 'AA']",-1,CCV,"['R', 'NG', '<EOS>']"
7533,"['R', 'NG', 'AY']",-1,CCV,"['R', 'AY', 'NG']"
7534,"['R', 'NG', 'ER']",-1,CCV,"['R', 'NG', 'ER']"
7535,"['R', 'NG', 'AO']",-1,CCV,"['R', 'AO', 'NG']"
7536,"['R', 'NG', 'UW']",-1,CCV,"['R', 'NG', 'UW']"
7537,"['R', 'NG', 'IH']",-1,CCV,"['R', 'IH', 'NG']"
7538,"['R', 'NG', 'EH']",-1,CCV,"['R', 'EH', 'NG']"
7539,"['R', 'NG', 'UH']",-1,CCV,"['R', 'UH', 'NG']"
7540,"['R', 'NG', 'IY']",-1,CCV,"['R', 'IY', 'NG']"
7541,"['R', 'NG', 'EY']",-1,CCV,"['R', 'EY', 'NG']"
7542,"['R', 'NG', 'OW']",-1,CCV,"['R', 'OW', 'NG']"
7543,"['R', 'NG', 'AE']",-1,CCV,"['R', 'AE', 'NG']"
7544,"['R', 'NG', 'AW']",-1,CCV,"['R', 'NG', 'AW']"
7545,"['R', 'L', 'AH']",0,CCV,"['R', 'L', 'AH']"
7546,"['R', 'L', 'OY']",0,CCV,"['R', 'OY', 'L']"
7547,"['R', 'L', 'AA']",0,CCV,"['R', 'L', 'AA']"
7548,"['R', 'L', 'AY']",0,CCV,"['R', 'L', 'AY']"
7549,"['R', 'L', 'ER']",0,CCV,"['R', 'L', 'ER']"
7550,"['R', 'L', 'AO']",0,CCV,"['R', 'L', 'AO']"
7551,"['R', 'L', 'UW']",0,CCV,"['R', 'L', 'UW']"
7552,"['R', 'L', 'IH']",0,CCV,"['R', 'L', 'IH']"
7553,"['R', 'L', 'EH']",0,CCV,"['R', 'L', 'EH']"
7554,"['R', 'L', 'UH']",0,CCV,"['R', 'L', 'UH']"
7555,"['R', 'L', 'IY']",0,CCV,"['R', 'L', 'IY']"
7556,"['R', 'L', 'EY']",0,CCV,"['R', 'L', 'EY']"
7557,"['R', 'L', 'OW']",0,CCV,"['R', 'L', 'OW']"
7558,"['R', 'L', 'AE']",0,CCV,"['R', 'L', 'AE']"
7559,"['R', 'L', 'AW']",0,CCV,"['L', 'R', 'AW']"
7560,"['R', 'W', 'AH']",1,CCV,"['R', 'W', 'AH']"
7561,"['R', 'W', 'OY']",1,CCV,"['R', 'OY', 'EH']"
7562,"['R', 'W', 'AA']",1,CCV,"['R', 'W', 'AA']"
7563,"['R', 'W', 'AY']",1,CCV,"['R', 'AY', 'W']"
7564,"['R', 'W', 'ER']",1,CCV,"['R', 'W', 'ER']"
7565,"['R', 'W', 'AO']",1,CCV,"['R', 'W', 'AO']"
7566,"['R', 'W', 'UW']",1,CCV,"['R', 'W', 'UW']"
7567,"['R', 'W', 'IH']",1,CCV,"['R', 'IH', 'AE']"
7568,"['R', 'W', 'EH']",1,CCV,"['R', 'EH', 'EH']"
7569,"['R', 'W', 'UH']",1,CCV,"['R', 'UH', 'W']"
7570,"['R', 'W', 'IY']",1,CCV,"['R', 'W', 'IY']"
7571,"['R', 'W', 'EY']",1,CCV,"['R', 'EY', 'W']"
7572,"['R', 'W', 'OW']",1,CCV,"['R', 'OW', 'W']"
7573,"['R', 'W', 'AE']",1,CCV,"['R', 'AE', 'AE']"
7574,"['R', 'W', 'AW']",1,CCV,"['R', 'W', 'AW']"
7575,"['R', 'Y', 'AH']",1,CCV,"['R', 'Y', 'AH']"
7576,"['R', 'Y', 'OY']",1,CCV,"['R', 'OY', 'L']"
7577,"['R', 'Y', 'AA']",1,CCV,"['R', 'Y', 'AA']"
7578,"['R', 'Y', 'AY']",1,CCV,"['R', 'Y', 'AY']"
7579,"['R', 'Y', 'ER']",1,CCV,"['R', 'Y', 'ER']"
7580,"['R', 'Y', 'AO']",1,CCV,"['R', 'Y', 'AO']"
7581,"['R', 'Y', 'UW']",1,CCV,"['R', 'Y', 'UW']"
7582,"['R', 'Y', 'IH']",1,CCV,"['R', 'Y', 'IH']"
7583,"['R', 'Y', 'EH']",1,CCV,"['R', 'Y', 'EH']"
7584,"['R', 'Y', 'UH']",1,CCV,"['R', 'Y', 'UH']"
7585,"['R', 'Y', 'IY']",1,CCV,"['R', 'Y', 'IY']"
7586,"['R', 'Y', 'EY']",1,CCV,"['R', 'Y', 'EY']"
7587,"['R', 'Y', 'OW']",1,CCV,"['R', 'Y', 'OW']"
7588,"['R', 'Y', 'AE']",1,CCV,"['R', 'Y', 'AE']"
7589,"['R', 'Y', 'AW']",1,CCV,"['R', 'Y', 'AW']"
7590,"['W', 'P', 'AH']",-5,CCV,"['P', 'W', 'AH']"
7591,"['W', 'P', 'OY']",-5,CCV,"['P', 'OY', 'K']"
7592,"['W', 'P', 'AA']",-5,CCV,"['P', 'W', 'AA']"
7593,"['W', 'P', 'AY']",-5,CCV,"['P', 'AY', 'N']"
7594,"['W', 'P', 'ER']",-5,CCV,"['P', 'ER', 'W']"
7595,"['W', 'P', 'AO']",-5,CCV,"['P', 'W', 'AO']"
7596,"['W', 'P', 'UW']",-5,CCV,"['P', 'W', 'UW']"
7597,"['W', 'P', 'IH']",-5,CCV,"['P', 'W', 'IH']"
7598,"['W', 'P', 'EH']",-5,CCV,"['P', 'W', 'EH']"
7599,"['W', 'P', 'UH']",-5,CCV,"['ZH', 'UH', 'K']"
7600,"['W', 'P', 'IY']",-5,CCV,"['P', 'W', 'IY']"
7601,"['W', 'P', 'EY']",-5,CCV,"['P', 'EY', 'W']"
7602,"['W', 'P', 'OW']",-5,CCV,"['P', 'W', 'OW']"
7603,"['W', 'P', 'AE']",-5,CCV,"['P', 'AE', 'SH']"
7604,"['W', 'P', 'AW']",-5,CCV,"['W', 'AW', 'P']"
7605,"['W', 'T', 'AH']",-5,CCV,"['T', 'W', 'AH']"
7606,"['W', 'T', 'OY']",-5,CCV,"['T', 'W', 'OY']"
7607,"['W', 'T', 'AA']",-5,CCV,"['T', 'W', 'AA']"
7608,"['W', 'T', 'AY']",-5,CCV,"['T', 'W', 'AY']"
7609,"['W', 'T', 'ER']",-5,CCV,"['W', 'ER', 'T']"
7610,"['W', 'T', 'AO']",-5,CCV,"['T', 'W', 'AO']"
7611,"['W', 'T', 'UW']",-5,CCV,"['T', 'W', 'UW']"
7612,"['W', 'T', 'IH']",-5,CCV,"['T', 'W', 'IH']"
7613,"['W', 'T', 'EH']",-5,CCV,"['T', 'W', 'EH']"
7614,"['W', 'T', 'UH']",-5,CCV,"['W', 'UH', 'T']"
7615,"['W', 'T', 'IY']",-5,CCV,"['T', 'W', 'IY']"
7616,"['W', 'T', 'EY']",-5,CCV,"['W', 'EY', 'T']"
7617,"['W', 'T', 'OW']",-5,CCV,"['T', 'W', 'OW']"
7618,"['W', 'T', 'AE']",-5,CCV,"['T', 'W', 'AE']"
7619,"['W', 'T', 'AW']",-5,CCV,"['T', 'W', 'AW']"
7620,"['W', 'K', 'AH']",-5,CCV,"['K', 'W', 'AH']"
7621,"['W', 'K', 'OY']",-5,CCV,"['K', 'W', 'OY']"
7622,"['W', 'K', 'AA']",-5,CCV,"['K', 'W', 'AA']"
7623,"['W', 'K', 'AY']",-5,CCV,"['K', 'W', 'AY']"
7624,"['W', 'K', 'ER']",-5,CCV,"['W', 'ER', 'K']"
7625,"['W', 'K', 'AO']",-5,CCV,"['K', 'W', 'AO']"
7626,"['W', 'K', 'UW']",-5,CCV,"['K', 'UW', 'L']"
7627,"['W', 'K', 'IH']",-5,CCV,"['K', 'W', 'IH']"
7628,"['W', 'K', 'EH']",-5,CCV,"['K', 'EH', 'SH']"
7629,"['W', 'K', 'UH']",-5,CCV,"['W', 'UH', 'K']"
7630,"['W', 'K', 'IY']",-5,CCV,"['W', 'IY', 'K']"
7631,"['W', 'K', 'EY']",-5,CCV,"['W', 'EY', 'K']"
7632,"['W', 'K', 'OW']",-5,CCV,"['K', 'W', 'OW']"
7633,"['W', 'K', 'AE']",-5,CCV,"['K', 'W', 'AE']"
7634,"['W', 'K', 'AW']",-5,CCV,"['W', 'AW', 'K']"
7635,"['W', 'B', 'AH']",-5,CCV,"['T', 'W', 'AH']"
7636,"['W', 'B', 'OY']",-5,CCV,"['T', 'OY', 'B']"
7637,"['W', 'B', 'AA']",-5,CCV,"['B', 'W', 'AA']"
7638,"['W', 'B', 'AY']",-5,CCV,"['B', 'AY', 'EH']"
7639,"['W', 'B', 'ER']",-5,CCV,"['B', 'ER', 'W']"
7640,"['W', 'B', 'AO']",-5,CCV,"['T', 'W', 'AO']"
7641,"['W', 'B', 'UW']",-5,CCV,"['B', 'UW', 'K']"
7642,"['W', 'B', 'IH']",-5,CCV,"['T', 'W', 'IH']"
7643,"['W', 'B', 'EH']",-5,CCV,"['B', 'EH', 'W']"
7644,"['W', 'B', 'UH']",-5,CCV,"['W', 'UH', 'B']"
7645,"['W', 'B', 'IY']",-5,CCV,"['B', 'IY', 'W']"
7646,"['W', 'B', 'EY']",-5,CCV,"['B', 'EY', 'T']"
7647,"['W', 'B', 'OW']",-5,CCV,"['T', 'W', 'OW']"
7648,"['W', 'B', 'AE']",-5,CCV,"['B', 'AE', 'L']"
7649,"['W', 'B', 'AW']",-5,CCV,"['T', 'W', 'AW']"
7650,"['W', 'D', 'AH']",-5,CCV,"['W', 'D', 'AH']"
7651,"['W', 'D', 'OY']",-5,CCV,"['D', 'W', 'OY']"
7652,"['W', 'D', 'AA']",-5,CCV,"['W', 'D', 'AA']"
7653,"['W', 'D', 'AY']",-5,CCV,"['W', 'AY', 'D']"
7654,"['W', 'D', 'ER']",-5,CCV,"['W', 'ER', 'D']"
7655,"['W', 'D', 'AO']",-5,CCV,"['D', 'W', 'AO']"
7656,"['W', 'D', 'UW']",-5,CCV,"['W', 'D', 'UW']"
7657,"['W', 'D', 'IH']",-5,CCV,"['W', 'IH', 'D']"
7658,"['W', 'D', 'EH']",-5,CCV,"['W', 'EH', 'D']"
7659,"['W', 'D', 'UH']",-5,CCV,"['W', 'UH', 'D']"
7660,"['W', 'D', 'IY']",-5,CCV,"['W', 'UH', 'D']"
7661,"['W', 'D', 'EY']",-5,CCV,"['W', 'EY', 'D']"
7662,"['W', 'D', 'OW']",-5,CCV,"['W', 'D', 'OW']"
7663,"['W', 'D', 'AE']",-5,CCV,"['W', 'D', 'AE']"
7664,"['W', 'D', 'AW']",-5,CCV,"['W', 'AW', 'D']"
7665,"['W', 'G', 'AH']",-5,CCV,"['G', 'W', 'AH']"
7666,"['W', 'G', 'OY']",-5,CCV,"['G', 'W', 'OY']"
7667,"['W', 'G', 'AA']",-5,CCV,"['G', 'W', 'AA']"
7668,"['W', 'G', 'AY']",-5,CCV,"['G', 'W', 'AY']"
7669,"['W', 'G', 'ER']",-5,CCV,"['G', 'W', 'ER']"
7670,"['W', 'G', 'AO']",-5,CCV,"['G', 'W', 'AO']"
7671,"['W', 'G', 'UW']",-5,CCV,"['G', 'W', 'UW']"
7672,"['W', 'G', 'IH']",-5,CCV,"['G', 'W', 'IH']"
7673,"['W', 'G', 'EH']",-5,CCV,"['G', 'W', 'EH']"
7674,"['W', 'G', 'UH']",-5,CCV,"['G', 'W', 'UH']"
7675,"['W', 'G', 'IY']",-5,CCV,"['W', 'IY', 'L']"
7676,"['W', 'G', 'EY']",-5,CCV,"['G', 'W', 'EY']"
7677,"['W', 'G', 'OW']",-5,CCV,"['G', 'W', 'OW']"
7678,"['W', 'G', 'AE']",-5,CCV,"['G', 'W', 'AE']"
7679,"['W', 'G', 'AW']",-5,CCV,"['G', 'W', 'AW']"
7680,"['W', 'F', 'AH']",-4,CCV,"['F', 'W', 'AH']"
7681,"['W', 'F', 'OY']",-4,CCV,"['F', 'OY', 'EH']"
7682,"['W', 'F', 'AA']",-4,CCV,"['F', 'W', 'AA']"
7683,"['W', 'F', 'AY']",-4,CCV,"['F', 'AY', 'L']"
7684,"['W', 'F', 'ER']",-4,CCV,"['F', 'W', 'ER']"
7685,"['W', 'F', 'AO']",-4,CCV,"['F', 'W', 'AO']"
7686,"['W', 'F', 'UW']",-4,CCV,"['F', 'UW', 'SH']"
7687,"['W', 'F', 'IH']",-4,CCV,"['F', 'IH', 'AE']"
7688,"['W', 'F', 'EH']",-4,CCV,"['F', 'EH', 'EH']"
7689,"['W', 'F', 'UH']",-4,CCV,"['W', 'UH', 'F']"
7690,"['W', 'F', 'IY']",-4,CCV,"['F', 'W', 'IY']"
7691,"['W', 'F', 'EY']",-4,CCV,"['F', 'EY', 'T']"
7692,"['W', 'F', 'OW']",-4,CCV,"['F', 'W', 'OW']"
7693,"['W', 'F', 'AE']",-4,CCV,"['F', 'AE', 'SH']"
7694,"['W', 'F', 'AW']",-4,CCV,"['F', 'AW', 'N']"
7695,"['W', 'TH', 'AH']",-4,CCV,"['TH', 'W', 'AH']"
7696,"['W', 'TH', 'OY']",-4,CCV,"['TH', 'OY', 'N']"
7697,"['W', 'TH', 'AA']",-4,CCV,"['TH', 'W', 'AA']"
7698,"['W', 'TH', 'AY']",-4,CCV,"['TH', 'W', 'AY']"
7699,"['W', 'TH', 'ER']",-4,CCV,"['TH', 'W', 'ER']"
7700,"['W', 'TH', 'AO']",-4,CCV,"['TH', 'AO', '<EOS>']"
7701,"['W', 'TH', 'UW']",-4,CCV,"['TH', 'UW', 'W']"
7702,"['W', 'TH', 'IH']",-4,CCV,"['TH', 'W', 'IH']"
7703,"['W', 'TH', 'EH']",-4,CCV,"['TH', 'W', 'EH']"
7704,"['W', 'TH', 'UH']",-4,CCV,"['TH', 'UH', 'K']"
7705,"['W', 'TH', 'IY']",-4,CCV,"['TH', 'W', 'IY']"
7706,"['W', 'TH', 'EY']",-4,CCV,"['W', 'EY', 'TH']"
7707,"['W', 'TH', 'OW']",-4,CCV,"['TH', 'W', 'OW']"
7708,"['W', 'TH', 'AE']",-4,CCV,"['TH', 'AE', 'K']"
7709,"['W', 'TH', 'AW']",-4,CCV,"['W', 'AW', 'TH']"
7710,"['W', 'S', 'AH']",-4,CCV,"['S', 'W', 'AH']"
7711,"['W', 'S', 'OY']",-4,CCV,"['DH', 'OY', 'N']"
7712,"['W', 'S', 'AA']",-4,CCV,"['S', 'W', 'AA']"
7713,"['W', 'S', 'AY']",-4,CCV,"['S', 'W', 'AY']"
7714,"['W', 'S', 'ER']",-4,CCV,"['S', 'W', 'ER']"
7715,"['W', 'S', 'AO']",-4,CCV,"['S', 'W', 'AO']"
7716,"['W', 'S', 'UW']",-4,CCV,"['S', 'W', 'UW']"
7717,"['W', 'S', 'IH']",-4,CCV,"['S', 'W', 'IH']"
7718,"['W', 'S', 'EH']",-4,CCV,"['DH', 'EH', 'S']"
7719,"['W', 'S', 'UH']",-4,CCV,"['S', 'UH', 'W']"
7720,"['W', 'S', 'IY']",-4,CCV,"['DH', 'W', 'IY']"
7721,"['W', 'S', 'EY']",-4,CCV,"['W', 'EY', 'S']"
7722,"['W', 'S', 'OW']",-4,CCV,"['S', 'OW', 'W']"
7723,"['W', 'S', 'AE']",-4,CCV,"['DH', 'AE', 'AO']"
7724,"['W', 'S', 'AW']",-4,CCV,"['DH', 'AW', 'N']"
7725,"['W', 'SH', 'AH']",-4,CCV,"['W', 'SH', 'AH']"
7726,"['W', 'SH', 'OY']",-4,CCV,"['W', 'SH', 'OY']"
7727,"['W', 'SH', 'AA']",-4,CCV,"['W', 'SH', 'AA']"
7728,"['W', 'SH', 'AY']",-4,CCV,"['W', 'SH', 'AY']"
7729,"['W', 'SH', 'ER']",-4,CCV,"['W', 'ER', 'SH']"
7730,"['W', 'SH', 'AO']",-4,CCV,"['SH', 'W', 'AO']"
7731,"['W', 'SH', 'UW']",-4,CCV,"['SH', 'W', 'UW']"
7732,"['W', 'SH', 'IH']",-4,CCV,"['W', 'SH', 'IH']"
7733,"['W', 'SH', 'EH']",-4,CCV,"['W', 'SH', 'EH']"
7734,"['W', 'SH', 'UH']",-4,CCV,"['W', 'UH', 'SH']"
7735,"['W', 'SH', 'IY']",-4,CCV,"['W', 'SH', 'IY']"
7736,"['W', 'SH', 'EY']",-4,CCV,"['W', 'SH', 'EY']"
7737,"['W', 'SH', 'OW']",-4,CCV,"['W', 'SH', 'OW']"
7738,"['W', 'SH', 'AE']",-4,CCV,"['W', 'SH', 'AE']"
7739,"['W', 'SH', 'AW']",-4,CCV,"['W', 'SH', 'AW']"
7740,"['W', 'Z', 'AH']",-4,CCV,"['W', 'IH', 'Z']"
7741,"['W', 'Z', 'OY']",-4,CCV,"['W', 'EH', 'Z']"
7742,"['W', 'Z', 'AA']",-4,CCV,"['W', 'AA', 'Z']"
7743,"['W', 'Z', 'AY']",-4,CCV,"['W', 'AY', 'Z']"
7744,"['W', 'Z', 'ER']",-4,CCV,"['W', 'EH', 'ER']"
7745,"['W', 'Z', 'AO']",-4,CCV,"['W', 'IH', 'Z']"
7746,"['W', 'Z', 'UW']",-4,CCV,"['W', 'EH', 'UW']"
7747,"['W', 'Z', 'IH']",-4,CCV,"['W', 'IH', 'Z']"
7748,"['W', 'Z', 'EH']",-4,CCV,"['W', 'EH', 'Z']"
7749,"['W', 'Z', 'UH']",-4,CCV,"['W', 'UH', 'Z']"
7750,"['W', 'Z', 'IY']",-4,CCV,"['W', 'EH', 'Z']"
7751,"['W', 'Z', 'EY']",-4,CCV,"['W', 'EY', 'Z']"
7752,"['W', 'Z', 'OW']",-4,CCV,"['W', 'EH', 'Z']"
7753,"['W', 'Z', 'AE']",-4,CCV,"['W', 'AE', 'Z']"
7754,"['W', 'Z', 'AW']",-4,CCV,"['W', 'AW', 'Z']"
7755,"['W', 'ZH', 'AH']",-4,CCV,"['ZH', 'W', 'AH']"
7756,"['W', 'ZH', 'OY']",-4,CCV,"['ZH', 'W', 'OY']"
7757,"['W', 'ZH', 'AA']",-4,CCV,"['ZH', 'W', 'AA']"
7758,"['W', 'ZH', 'AY']",-4,CCV,"['ZH', 'W', 'AY']"
7759,"['W', 'ZH', 'ER']",-4,CCV,"['ZH', 'W', 'ER']"
7760,"['W', 'ZH', 'AO']",-4,CCV,"['ZH', 'W', 'AO']"
7761,"['W', 'ZH', 'UW']",-4,CCV,"['ZH', 'UW', 'K']"
7762,"['W', 'ZH', 'IH']",-4,CCV,"['ZH', 'IH', 'K']"
7763,"['W', 'ZH', 'EH']",-4,CCV,"['ZH', 'EH', 'N']"
7764,"['W', 'ZH', 'UH']",-4,CCV,"['ZH', 'UH', 'N']"
7765,"['W', 'ZH', 'IY']",-4,CCV,"['ZH', 'W', 'IY']"
7766,"['W', 'ZH', 'EY']",-4,CCV,"['W', 'EY', 'ZH']"
7767,"['W', 'ZH', 'OW']",-4,CCV,"['ZH', 'W', 'OW']"
7768,"['W', 'ZH', 'AE']",-4,CCV,"['ZH', 'W', 'AE']"
7769,"['W', 'ZH', 'AW']",-4,CCV,"['ZH', 'W', 'AW']"
7770,"['W', 'V', 'AH']",-4,CCV,"['DH', 'AH', 'V']"
7771,"['W', 'V', 'OY']",-4,CCV,"['DH', 'OY', 'N']"
7772,"['W', 'V', 'AA']",-4,CCV,"['W', 'AA', 'V']"
7773,"['W', 'V', 'AY']",-4,CCV,"['W', 'AY', 'V']"
7774,"['W', 'V', 'ER']",-4,CCV,"['W', 'ER', 'V']"
7775,"['W', 'V', 'AO']",-4,CCV,"['DH', 'AO', 'R']"
7776,"['W', 'V', 'UW']",-4,CCV,"['W', 'UW', 'V']"
7777,"['W', 'V', 'IH']",-4,CCV,"['W', 'IH', 'V']"
7778,"['W', 'V', 'EH']",-4,CCV,"['W', 'EH', 'V']"
7779,"['W', 'V', 'UH']",-4,CCV,"['W', 'UH', 'V']"
7780,"['W', 'V', 'IY']",-4,CCV,"['W', 'UH', 'V']"
7781,"['W', 'V', 'EY']",-4,CCV,"['W', 'EY', 'V']"
7782,"['W', 'V', 'OW']",-4,CCV,"['W', 'EY', 'V']"
7783,"['W', 'V', 'AE']",-4,CCV,"['DH', 'AE', 'V']"
7784,"['W', 'V', 'AW']",-4,CCV,"['W', 'AW', 'V']"
7785,"['W', 'DH', 'AH']",-4,CCV,"['DH', 'AH', 'HH']"
7786,"['W', 'DH', 'OY']",-4,CCV,"['DH', 'W', 'OY']"
7787,"['W', 'DH', 'AA']",-4,CCV,"['DH', 'W', 'AA']"
7788,"['W', 'DH', 'AY']",-4,CCV,"['DH', 'W', 'AY']"
7789,"['W', 'DH', 'ER']",-4,CCV,"['DH', 'W', 'ER']"
7790,"['W', 'DH', 'AO']",-4,CCV,"['DH', 'DH', 'AO']"
7791,"['W', 'DH', 'UW']",-4,CCV,"['DH', 'W', 'UW']"
7792,"['W', 'DH', 'IH']",-4,CCV,"['DH', 'IH', 'DH']"
7793,"['W', 'DH', 'EH']",-4,CCV,"['DH', 'EH', 'W']"
7794,"['W', 'DH', 'UH']",-4,CCV,"['DH', 'UH', 'DH']"
7795,"['W', 'DH', 'IY']",-4,CCV,"['DH', 'W', 'IY']"
7796,"['W', 'DH', 'EY']",-4,CCV,"['W', 'EH', 'DH']"
7797,"['W', 'DH', 'OW']",-4,CCV,"['W', 'DH', 'OW']"
7798,"['W', 'DH', 'AE']",-4,CCV,"['DH', 'AE', 'L']"
7799,"['W', 'DH', 'AW']",-4,CCV,"['DH', 'AW', 'N']"
7800,"['W', 'HH', 'AH']",-4,CCV,"['HH', 'W', 'AH']"
7801,"['W', 'HH', 'OY']",-4,CCV,"['HH', 'W', 'OY']"
7802,"['W', 'HH', 'AA']",-4,CCV,"['HH', 'W', 'AA']"
7803,"['W', 'HH', 'AY']",-4,CCV,"['HH', 'AY', 'N']"
7804,"['W', 'HH', 'ER']",-4,CCV,"['HH', 'W', 'ER']"
7805,"['W', 'HH', 'AO']",-4,CCV,"['HH', 'W', 'AO']"
7806,"['W', 'HH', 'UW']",-4,CCV,"['HH', 'W', 'UW']"
7807,"['W', 'HH', 'IH']",-4,CCV,"['HH', 'W', 'IH']"
7808,"['W', 'HH', 'EH']",-4,CCV,"['HH', 'W', 'EH']"
7809,"['W', 'HH', 'UH']",-4,CCV,"['W', 'UH', 'L']"
7810,"['W', 'HH', 'IY']",-4,CCV,"['HH', 'W', 'IY']"
7811,"['W', 'HH', 'EY']",-4,CCV,"['W', 'EY', 'HH']"
7812,"['W', 'HH', 'OW']",-4,CCV,"['W', 'ER', 'HH']"
7813,"['W', 'HH', 'AE']",-4,CCV,"['DH', 'HH', 'AE']"
7814,"['W', 'HH', 'AW']",-4,CCV,"['W', 'AW', 'HH']"
7815,"['W', 'CH', 'AH']",-3,CCV,"['CH', 'W', 'AH']"
7816,"['W', 'CH', 'OY']",-3,CCV,"['CH', 'OY', 'N']"
7817,"['W', 'CH', 'AA']",-3,CCV,"['W', 'EY', 'CH']"
7818,"['W', 'CH', 'AY']",-3,CCV,"['W', 'AY', 'CH']"
7819,"['W', 'CH', 'ER']",-3,CCV,"['W', 'ER', 'CH']"
7820,"['W', 'CH', 'AO']",-3,CCV,"['CH', 'W', 'AO']"
7821,"['W', 'CH', 'UW']",-3,CCV,"['CH', 'UW', 'AE']"
7822,"['W', 'CH', 'IH']",-3,CCV,"['CH', 'W', 'IH']"
7823,"['W', 'CH', 'EH']",-3,CCV,"['W', 'EH', 'CH']"
7824,"['W', 'CH', 'UH']",-3,CCV,"['W', 'UH', 'CH']"
7825,"['W', 'CH', 'IY']",-3,CCV,"['W', 'UH', 'CH']"
7826,"['W', 'CH', 'EY']",-3,CCV,"['W', 'EY', 'CH']"
7827,"['W', 'CH', 'OW']",-3,CCV,"['W', 'OW', 'CH']"
7828,"['W', 'CH', 'AE']",-3,CCV,"['W', 'AE', 'CH']"
7829,"['W', 'CH', 'AW']",-3,CCV,"['W', 'EY', 'V']"
7830,"['W', 'JH', 'AH']",-3,CCV,"['W', 'AH', 'JH']"
7831,"['W', 'JH', 'OY']",-3,CCV,"['W', 'OY', 'JH']"
7832,"['W', 'JH', 'AA']",-3,CCV,"['W', 'AA', 'JH']"
7833,"['W', 'JH', 'AY']",-3,CCV,"['W', 'AY', 'JH']"
7834,"['W', 'JH', 'ER']",-3,CCV,"['W', 'ER', 'JH']"
7835,"['W', 'JH', 'AO']",-3,CCV,"['W', 'AO', 'JH']"
7836,"['W', 'JH', 'UW']",-3,CCV,"['W', 'UW', 'JH']"
7837,"['W', 'JH', 'IH']",-3,CCV,"['W', 'IH', 'JH']"
7838,"['W', 'JH', 'EH']",-3,CCV,"['W', 'EH', 'JH']"
7839,"['W', 'JH', 'UH']",-3,CCV,"['W', 'UH', 'JH']"
7840,"['W', 'JH', 'IY']",-3,CCV,"['W', 'IY', 'JH']"
7841,"['W', 'JH', 'EY']",-3,CCV,"['W', 'EY', 'JH']"
7842,"['W', 'JH', 'OW']",-3,CCV,"['W', 'OW', 'JH']"
7843,"['W', 'JH', 'AE']",-3,CCV,"['W', 'AE', 'JH']"
7844,"['W', 'JH', 'AW']",-3,CCV,"['W', 'AW', 'JH']"
7845,"['W', 'M', 'AH']",-2,CCV,"['M', 'W', 'AH']"
7846,"['W', 'M', 'OY']",-2,CCV,"['M', 'W', 'OY']"
7847,"['W', 'M', 'AA']",-2,CCV,"['M', 'W', 'AA']"
7848,"['W', 'M', 'AY']",-2,CCV,"['W', 'AY', 'M']"
7849,"['W', 'M', 'ER']",-2,CCV,"['M', 'W', 'ER']"
7850,"['W', 'M', 'AO']",-2,CCV,"['M', 'W', 'AO']"
7851,"['W', 'M', 'UW']",-2,CCV,"['M', 'UW', 'N']"
7852,"['W', 'M', 'IH']",-2,CCV,"['M', 'IH', 'JH']"
7853,"['W', 'M', 'EH']",-2,CCV,"['M', 'EH', 'N']"
7854,"['W', 'M', 'UH']",-2,CCV,"['M', 'UH', 'N']"
7855,"['W', 'M', 'IY']",-2,CCV,"['W', 'IY', 'M']"
7856,"['W', 'M', 'EY']",-2,CCV,"['W', 'EY', 'M']"
7857,"['W', 'M', 'OW']",-2,CCV,"['M', 'OW', 'N']"
7858,"['W', 'M', 'AE']",-2,CCV,"['DH', 'AE', 'AO']"
7859,"['W', 'M', 'AW']",-2,CCV,"['W', 'AW', 'M']"
7860,"['W', 'N', 'AH']",-2,CCV,"['W', 'AH', 'N']"
7861,"['W', 'N', 'OY']",-2,CCV,"['W', 'OY', 'N']"
7862,"['W', 'N', 'AA']",-2,CCV,"['W', 'AA', 'N']"
7863,"['W', 'N', 'AY']",-2,CCV,"['W', 'AY', 'N']"
7864,"['W', 'N', 'ER']",-2,CCV,"['W', 'ER', 'N']"
7865,"['W', 'N', 'AO']",-2,CCV,"['W', 'IH', 'N']"
7866,"['W', 'N', 'UW']",-2,CCV,"['S', 'N', 'UW']"
7867,"['W', 'N', 'IH']",-2,CCV,"['W', 'IH', 'N']"
7868,"['W', 'N', 'EH']",-2,CCV,"['W', 'EH', 'N']"
7869,"['W', 'N', 'UH']",-2,CCV,"['W', 'UH', 'N']"
7870,"['W', 'N', 'IY']",-2,CCV,"['W', 'IY', 'N']"
7871,"['W', 'N', 'EY']",-2,CCV,"['W', 'EY', 'N']"
7872,"['W', 'N', 'OW']",-2,CCV,"['W', 'OW', 'N']"
7873,"['W', 'N', 'AE']",-2,CCV,"['W', 'AE', 'N']"
7874,"['W', 'N', 'AW']",-2,CCV,"['W', 'AW', 'N']"
7875,"['W', 'NG', 'AH']",-2,CCV,"['NG', 'NG', '<EOS>']"
7876,"['W', 'NG', 'OY']",-2,CCV,"['W', 'EH', 'NG']"
7877,"['W', 'NG', 'AA']",-2,CCV,"['W', 'AA', 'NG']"
7878,"['W', 'NG', 'AY']",-2,CCV,"['W', 'AY', 'NG']"
7879,"['W', 'NG', 'ER']",-2,CCV,"['NG', 'NG', 'W']"
7880,"['W', 'NG', 'AO']",-2,CCV,"['NG', 'W', 'AO']"
7881,"['W', 'NG', 'UW']",-2,CCV,"['NG', 'NG', 'UW']"
7882,"['W', 'NG', 'IH']",-2,CCV,"['W', 'IH', 'NG']"
7883,"['W', 'NG', 'EH']",-2,CCV,"['NG', 'W', 'EH']"
7884,"['W', 'NG', 'UH']",-2,CCV,"['W', 'UH', 'NG']"
7885,"['W', 'NG', 'IY']",-2,CCV,"['W', 'IY', 'NG']"
7886,"['W', 'NG', 'EY']",-2,CCV,"['W', 'EY', 'NG']"
7887,"['W', 'NG', 'OW']",-2,CCV,"['W', 'OW', 'NG']"
7888,"['W', 'NG', 'AE']",-2,CCV,"['W', 'AE', 'NG']"
7889,"['W', 'NG', 'AW']",-2,CCV,"['W', 'AW', 'NG']"
7890,"['W', 'L', 'AH']",-1,CCV,"['L', 'W', 'AH']"
7891,"['W', 'L', 'OY']",-1,CCV,"['L', 'W', 'OY']"
7892,"['W', 'L', 'AA']",-1,CCV,"['L', 'W', 'AA']"
7893,"['W', 'L', 'AY']",-1,CCV,"['W', 'AY', 'L']"
7894,"['W', 'L', 'ER']",-1,CCV,"['W', 'ER', 'L']"
7895,"['W', 'L', 'AO']",-1,CCV,"['L', 'W', 'AO']"
7896,"['W', 'L', 'UW']",-1,CCV,"['L', 'W', 'UW']"
7897,"['W', 'L', 'IH']",-1,CCV,"['L', 'W', 'IH']"
7898,"['W', 'L', 'EH']",-1,CCV,"['W', 'EH', 'L']"
7899,"['W', 'L', 'UH']",-1,CCV,"['W', 'L', 'UH']"
7900,"['W', 'L', 'IY']",-1,CCV,"['W', 'L', 'IY']"
7901,"['W', 'L', 'EY']",-1,CCV,"['W', 'EY', 'L']"
7902,"['W', 'L', 'OW']",-1,CCV,"['W', 'L', 'OW']"
7903,"['W', 'L', 'AE']",-1,CCV,"['W', 'L', 'AE']"
7904,"['W', 'L', 'AW']",-1,CCV,"['W', 'L', 'AW']"
7905,"['W', 'R', 'AH']",-1,CCV,"['W', 'R', 'AH']"
7906,"['W', 'R', 'OY']",-1,CCV,"['W', 'R', 'OY']"
7907,"['W', 'R', 'AA']",-1,CCV,"['W', 'R', 'AA']"
7908,"['W', 'R', 'AY']",-1,CCV,"['W', 'R', 'AY']"
7909,"['W', 'R', 'ER']",-1,CCV,"['W', 'ER', 'R']"
7910,"['W', 'R', 'AO']",-1,CCV,"['W', 'R', 'AO']"
7911,"['W', 'R', 'UW']",-1,CCV,"['W', 'R', 'UW']"
7912,"['W', 'R', 'IH']",-1,CCV,"['W', 'IH', 'R']"
7913,"['W', 'R', 'EH']",-1,CCV,"['W', 'EH', 'R']"
7914,"['W', 'R', 'UH']",-1,CCV,"['W', 'UH', 'R']"
7915,"['W', 'R', 'IY']",-1,CCV,"['W', 'R', 'IY']"
7916,"['W', 'R', 'EY']",-1,CCV,"['W', 'R', 'EY']"
7917,"['W', 'R', 'OW']",-1,CCV,"['W', 'R', 'OW']"
7918,"['W', 'R', 'AE']",-1,CCV,"['W', 'R', 'AE']"
7919,"['W', 'R', 'AW']",-1,CCV,"['W', 'R', 'AW']"
7920,"['W', 'Y', 'AH']",0,CCV,"['T', 'Y', 'AH']"
7921,"['W', 'Y', 'OY']",0,CCV,"['T', 'OY', 'L']"
7922,"['W', 'Y', 'AA']",0,CCV,"['T', 'Y', 'AA']"
7923,"['W', 'Y', 'AY']",0,CCV,"['Y', 'AY', 'W']"
7924,"['W', 'Y', 'ER']",0,CCV,"['Y', 'W', 'ER']"
7925,"['W', 'Y', 'AO']",0,CCV,"['T', 'W', 'AO']"
7926,"['W', 'Y', 'UW']",0,CCV,"['T', 'Y', 'UW']"
7927,"['W', 'Y', 'IH']",0,CCV,"['T', 'W', 'IH']"
7928,"['W', 'Y', 'EH']",0,CCV,"['F', 'Y', 'EH']"
7929,"['W', 'Y', 'UH']",0,CCV,"['ZH', 'Y', 'UH']"
7930,"['W', 'Y', 'IY']",0,CCV,"['W', 'Y', 'IY']"
7931,"['W', 'Y', 'EY']",0,CCV,"['W', 'EY', 'L']"
7932,"['W', 'Y', 'OW']",0,CCV,"['T', 'W', 'OW']"
7933,"['W', 'Y', 'AE']",0,CCV,"['F', 'Y', 'AE']"
7934,"['W', 'Y', 'AW']",0,CCV,"['W', 'AW', 'OY']"
7935,"['Y', 'P', 'AH']",-5,CCV,"['T', 'Y', 'AH']"
7936,"['Y', 'P', 'OY']",-5,CCV,"['T', 'OY', 'P']"
7937,"['Y', 'P', 'AA']",-5,CCV,"['Y', 'P', 'AA']"
7938,"['Y', 'P', 'AY']",-5,CCV,"['Y', 'AY', 'P']"
7939,"['Y', 'P', 'ER']",-5,CCV,"['Y', 'ER', 'P']"
7940,"['Y', 'P', 'AO']",-5,CCV,"['T', 'Y', 'AO']"
7941,"['Y', 'P', 'UW']",-5,CCV,"['T', 'Y', 'UW']"
7942,"['Y', 'P', 'IH']",-5,CCV,"['Y', 'IH', 'P']"
7943,"['Y', 'P', 'EH']",-5,CCV,"['Y', 'P', 'EH']"
7944,"['Y', 'P', 'UH']",-5,CCV,"['Y', 'UH', 'P']"
7945,"['Y', 'P', 'IY']",-5,CCV,"['Y', 'IY', 'P']"
7946,"['Y', 'P', 'EY']",-5,CCV,"['Y', 'EY', 'P']"
7947,"['Y', 'P', 'OW']",-5,CCV,"['Y', 'P', 'OW']"
7948,"['Y', 'P', 'AE']",-5,CCV,"['Y', 'AE', 'P']"
7949,"['Y', 'P', 'AW']",-5,CCV,"['T', 'AW', 'P']"
7950,"['Y', 'T', 'AH']",-5,CCV,"['T', 'Y', 'AH']"
7951,"['Y', 'T', 'OY']",-5,CCV,"['T', 'OY', 'Y']"
7952,"['Y', 'T', 'AA']",-5,CCV,"['Y', 'T', 'AA']"
7953,"['Y', 'T', 'AY']",-5,CCV,"['Y', 'T', 'AY']"
7954,"['Y', 'T', 'ER']",-5,CCV,"['Y', 'T', 'ER']"
7955,"['Y', 'T', 'AO']",-5,CCV,"['T', 'Y', 'AO']"
7956,"['Y', 'T', 'UW']",-5,CCV,"['T', 'Y', 'UW']"
7957,"['Y', 'T', 'IH']",-5,CCV,"['T', 'Y', 'IH']"
7958,"['Y', 'T', 'EH']",-5,CCV,"['Y', 'T', 'EH']"
7959,"['Y', 'T', 'UH']",-5,CCV,"['F', 'Y', 'UH']"
7960,"['Y', 'T', 'IY']",-5,CCV,"['Y', 'T', 'IY']"
7961,"['Y', 'T', 'EY']",-5,CCV,"['Y', 'T', 'EY']"
7962,"['Y', 'T', 'OW']",-5,CCV,"['Y', 'T', 'OW']"
7963,"['Y', 'T', 'AE']",-5,CCV,"['Y', 'AE', 'T']"
7964,"['Y', 'T', 'AW']",-5,CCV,"['T', 'Y', 'AW']"
7965,"['Y', 'K', 'AH']",-5,CCV,"['F', 'Y', 'AH']"
7966,"['Y', 'K', 'OY']",-5,CCV,"['T', 'OY', 'K']"
7967,"['Y', 'K', 'AA']",-5,CCV,"['Y', 'K', 'AA']"
7968,"['Y', 'K', 'AY']",-5,CCV,"['Y', 'K', 'AY']"
7969,"['Y', 'K', 'ER']",-5,CCV,"['Y', 'ER', 'K']"
7970,"['Y', 'K', 'AO']",-5,CCV,"['T', 'Y', 'AO']"
7971,"['Y', 'K', 'UW']",-5,CCV,"['T', 'Y', 'UW']"
7972,"['Y', 'K', 'IH']",-5,CCV,"['Y', 'IH', 'K']"
7973,"['Y', 'K', 'EH']",-5,CCV,"['F', 'EH', 'K']"
7974,"['Y', 'K', 'UH']",-5,CCV,"['Y', 'UH', 'K']"
7975,"['Y', 'K', 'IY']",-5,CCV,"['Y', 'IY', 'K']"
7976,"['Y', 'K', 'EY']",-5,CCV,"['F', 'Y', 'EY']"
7977,"['Y', 'K', 'OW']",-5,CCV,"['Y', 'OW', 'K']"
7978,"['Y', 'K', 'AE']",-5,CCV,"['F', 'Y', 'AE']"
7979,"['Y', 'K', 'AW']",-5,CCV,"['T', 'AW', 'K']"
7980,"['Y', 'B', 'AH']",-5,CCV,"['B', 'Y', 'AH']"
7981,"['Y', 'B', 'OY']",-5,CCV,"['B', 'OY', 'L']"
7982,"['Y', 'B', 'AA']",-5,CCV,"['B', 'Y', 'AA']"
7983,"['Y', 'B', 'AY']",-5,CCV,"['B', 'Y', 'AY']"
7984,"['Y', 'B', 'ER']",-5,CCV,"['B', 'Y', 'ER']"
7985,"['Y', 'B', 'AO']",-5,CCV,"['B', 'Y', 'AO']"
7986,"['Y', 'B', 'UW']",-5,CCV,"['B', 'Y', 'UW']"
7987,"['Y', 'B', 'IH']",-5,CCV,"['B', 'IH', 'Y']"
7988,"['Y', 'B', 'EH']",-5,CCV,"['Y', 'B', 'EH']"
7989,"['Y', 'B', 'UH']",-5,CCV,"['B', 'UH', 'L']"
7990,"['Y', 'B', 'IY']",-5,CCV,"['B', 'Y', 'IY']"
7991,"['Y', 'B', 'EY']",-5,CCV,"['B', 'Y', 'EY']"
7992,"['Y', 'B', 'OW']",-5,CCV,"['Y', 'OW', 'B']"
7993,"['Y', 'B', 'AE']",-5,CCV,"['B', 'Y', 'AE']"
7994,"['Y', 'B', 'AW']",-5,CCV,"['B', 'AW', 'Y']"
7995,"['Y', 'D', 'AH']",-5,CCV,"['D', 'Y', 'AH']"
7996,"['Y', 'D', 'OY']",-5,CCV,"['D', 'Y', 'OY']"
7997,"['Y', 'D', 'AA']",-5,CCV,"['Y', 'D', 'AA']"
7998,"['Y', 'D', 'AY']",-5,CCV,"['Y', 'AY', 'D']"
7999,"['Y', 'D', 'ER']",-5,CCV,"['Y', 'D', 'ER']"
8000,"['Y', 'D', 'AO']",-5,CCV,"['D', 'Y', 'AO']"
8001,"['Y', 'D', 'UW']",-5,CCV,"['D', 'Y', 'UW']"
8002,"['Y', 'D', 'IH']",-5,CCV,"['Y', 'IH', 'D']"
8003,"['Y', 'D', 'EH']",-5,CCV,"['Y', 'D', 'EH']"
8004,"['Y', 'D', 'UH']",-5,CCV,"['Y', 'UH', 'D']"
8005,"['Y', 'D', 'IY']",-5,CCV,"['Y', 'IY', 'D']"
8006,"['Y', 'D', 'EY']",-5,CCV,"['Y', 'EY', 'D']"
8007,"['Y', 'D', 'OW']",-5,CCV,"['Y', 'D', 'OW']"
8008,"['Y', 'D', 'AE']",-5,CCV,"['Y', 'AE', 'D']"
8009,"['Y', 'D', 'AW']",-5,CCV,"['T', 'AW', 'Y']"
8010,"['Y', 'G', 'AH']",-5,CCV,"['Y', 'AH', 'G']"
8011,"['Y', 'G', 'OY']",-5,CCV,"['G', 'OY', 'L']"
8012,"['Y', 'G', 'AA']",-5,CCV,"['Y', 'G', 'AA']"
8013,"['Y', 'G', 'AY']",-5,CCV,"['Y', 'AY', 'G']"
8014,"['Y', 'G', 'ER']",-5,CCV,"['Y', 'G', 'ER']"
8015,"['Y', 'G', 'AO']",-5,CCV,"['G', 'Y', 'AO']"
8016,"['Y', 'G', 'UW']",-5,CCV,"['G', 'Y', 'UW']"
8017,"['Y', 'G', 'IH']",-5,CCV,"['S', 'IH', 'G']"
8018,"['Y', 'G', 'EH']",-5,CCV,"['Y', 'G', 'EH']"
8019,"['Y', 'G', 'UH']",-5,CCV,"['S', 'Y', 'UH']"
8020,"['Y', 'G', 'IY']",-5,CCV,"['Y', 'IY', 'NG']"
8021,"['Y', 'G', 'EY']",-5,CCV,"['Y', 'G', 'EY']"
8022,"['Y', 'G', 'OW']",-5,CCV,"['Y', 'G', 'OW']"
8023,"['Y', 'G', 'AE']",-5,CCV,"['Y', 'AE', 'G']"
8024,"['Y', 'G', 'AW']",-5,CCV,"['Y', 'G', 'AW']"
8025,"['Y', 'F', 'AH']",-4,CCV,"['F', 'Y', 'AH']"
8026,"['Y', 'F', 'OY']",-4,CCV,"['F', 'OY', 'Y']"
8027,"['Y', 'F', 'AA']",-4,CCV,"['F', 'Y', 'AA']"
8028,"['Y', 'F', 'AY']",-4,CCV,"['F', 'Y', 'AY']"
8029,"['Y', 'F', 'ER']",-4,CCV,"['F', 'Y', 'ER']"
8030,"['Y', 'F', 'AO']",-4,CCV,"['F', 'Y', 'AO']"
8031,"['Y', 'F', 'UW']",-4,CCV,"['F', 'Y', 'UW']"
8032,"['Y', 'F', 'IH']",-4,CCV,"['F', 'IH', 'Y']"
8033,"['Y', 'F', 'EH']",-4,CCV,"['F', 'Y', 'EH']"
8034,"['Y', 'F', 'UH']",-4,CCV,"['F', 'UH', 'Y']"
8035,"['Y', 'F', 'IY']",-4,CCV,"['F', 'Y', 'IY']"
8036,"['Y', 'F', 'EY']",-4,CCV,"['F', 'Y', 'EY']"
8037,"['Y', 'F', 'OW']",-4,CCV,"['F', 'Y', 'OW']"
8038,"['Y', 'F', 'AE']",-4,CCV,"['F', 'Y', 'AE']"
8039,"['Y', 'F', 'AW']",-4,CCV,"['F', 'Y', 'AW']"
8040,"['Y', 'TH', 'AH']",-4,CCV,"['TH', 'Y', 'AH']"
8041,"['Y', 'TH', 'OY']",-4,CCV,"['TH', 'Y', 'OY']"
8042,"['Y', 'TH', 'AA']",-4,CCV,"['TH', 'Y', 'AA']"
8043,"['Y', 'TH', 'AY']",-4,CCV,"['TH', 'Y', 'AY']"
8044,"['Y', 'TH', 'ER']",-4,CCV,"['TH', 'Y', 'ER']"
8045,"['Y', 'TH', 'AO']",-4,CCV,"['TH', 'Y', 'AO']"
8046,"['Y', 'TH', 'UW']",-4,CCV,"['TH', 'Y', 'UW']"
8047,"['Y', 'TH', 'IH']",-4,CCV,"['TH', 'Y', 'IH']"
8048,"['Y', 'TH', 'EH']",-4,CCV,"['Y', 'TH', 'EH']"
8049,"['Y', 'TH', 'UH']",-4,CCV,"['TH', 'UH', 'Y']"
8050,"['Y', 'TH', 'IY']",-4,CCV,"['TH', 'Y', 'IY']"
8051,"['Y', 'TH', 'EY']",-4,CCV,"['TH', 'Y', 'EY']"
8052,"['Y', 'TH', 'OW']",-4,CCV,"['TH', 'Y', 'OW']"
8053,"['Y', 'TH', 'AE']",-4,CCV,"['TH', 'Y', 'AE']"
8054,"['Y', 'TH', 'AW']",-4,CCV,"['TH', 'AW', 'Y']"
8055,"['Y', 'S', 'AH']",-4,CCV,"['S', 'Y', 'AH']"
8056,"['Y', 'S', 'OY']",-4,CCV,"['S', 'Y', 'OY']"
8057,"['Y', 'S', 'AA']",-4,CCV,"['S', 'Y', 'AA']"
8058,"['Y', 'S', 'AY']",-4,CCV,"['Y', 'AY', 'S']"
8059,"['Y', 'S', 'ER']",-4,CCV,"['S', 'Y', 'ER']"
8060,"['Y', 'S', 'AO']",-4,CCV,"['S', 'Y', 'AO']"
8061,"['Y', 'S', 'UW']",-4,CCV,"['S', 'Y', 'UW']"
8062,"['Y', 'S', 'IH']",-4,CCV,"['S', 'IH', 'Y']"
8063,"['Y', 'S', 'EH']",-4,CCV,"['Y', 'S', 'EH']"
8064,"['Y', 'S', 'UH']",-4,CCV,"['S', 'Y', 'UH']"
8065,"['Y', 'S', 'IY']",-4,CCV,"['Y', 'IY', 'S']"
8066,"['Y', 'S', 'EY']",-4,CCV,"['S', 'Y', 'EY']"
8067,"['Y', 'S', 'OW']",-4,CCV,"['S', 'Y', 'OW']"
8068,"['Y', 'S', 'AE']",-4,CCV,"['S', 'AE', 'Y']"
8069,"['Y', 'S', 'AW']",-4,CCV,"['Y', 'AW', 'S']"
8070,"['Y', 'SH', 'AH']",-4,CCV,"['F', 'Y', 'AH']"
8071,"['Y', 'SH', 'OY']",-4,CCV,"['F', 'OY', 'Y']"
8072,"['Y', 'SH', 'AA']",-4,CCV,"['Y', 'SH', 'AA']"
8073,"['Y', 'SH', 'AY']",-4,CCV,"['Y', 'AY', 'SH']"
8074,"['Y', 'SH', 'ER']",-4,CCV,"['Y', 'SH', 'ER']"
8075,"['Y', 'SH', 'AO']",-4,CCV,"['Y', 'SH', 'AO']"
8076,"['Y', 'SH', 'UW']",-4,CCV,"['Y', 'SH', 'UW']"
8077,"['Y', 'SH', 'IH']",-4,CCV,"['Y', 'SH', 'IH']"
8078,"['Y', 'SH', 'EH']",-4,CCV,"['Y', 'SH', 'EH']"
8079,"['Y', 'SH', 'UH']",-4,CCV,"['Y', 'UH', 'SH']"
8080,"['Y', 'SH', 'IY']",-4,CCV,"['Y', 'SH', 'IY']"
8081,"['Y', 'SH', 'EY']",-4,CCV,"['Y', 'SH', 'EY']"
8082,"['Y', 'SH', 'OW']",-4,CCV,"['Y', 'SH', 'OW']"
8083,"['Y', 'SH', 'AE']",-4,CCV,"['Y', 'AE', 'SH']"
8084,"['Y', 'SH', 'AW']",-4,CCV,"['Y', 'SH', 'AW']"
8085,"['Y', 'Z', 'AH']",-4,CCV,"['Y', 'AH', 'Z']"
8086,"['Y', 'Z', 'OY']",-4,CCV,"['F', 'AY', 'P']"
8087,"['Y', 'Z', 'AA']",-4,CCV,"['Y', 'AA', 'Z']"
8088,"['Y', 'Z', 'AY']",-4,CCV,"['Y', 'AY', 'Z']"
8089,"['Y', 'Z', 'ER']",-4,CCV,"['Y', 'ER', 'Z']"
8090,"['Y', 'Z', 'AO']",-4,CCV,"['F', 'Y', 'AO']"
8091,"['Y', 'Z', 'UW']",-4,CCV,"['Y', 'UW', 'Z']"
8092,"['Y', 'Z', 'IH']",-4,CCV,"['Y', 'IH', 'Z']"
8093,"['Y', 'Z', 'EH']",-4,CCV,"['Y', 'EH', 'Z']"
8094,"['Y', 'Z', 'UH']",-4,CCV,"['Y', 'UH', 'Z']"
8095,"['Y', 'Z', 'IY']",-4,CCV,"['Y', 'EH', 'Z']"
8096,"['Y', 'Z', 'EY']",-4,CCV,"['Y', 'EY', 'Z']"
8097,"['Y', 'Z', 'OW']",-4,CCV,"['Y', 'OW', 'Z']"
8098,"['Y', 'Z', 'AE']",-4,CCV,"['Y', 'AE', 'Z']"
8099,"['Y', 'Z', 'AW']",-4,CCV,"['Y', 'AW', 'Z']"
8100,"['Y', 'ZH', 'AH']",-4,CCV,"['ZH', 'Y', 'AH']"
8101,"['Y', 'ZH', 'OY']",-4,CCV,"['ZH', 'OY', 'L']"
8102,"['Y', 'ZH', 'AA']",-4,CCV,"['ZH', 'Y', 'AA']"
8103,"['Y', 'ZH', 'AY']",-4,CCV,"['Y', 'ZH', 'AY']"
8104,"['Y', 'ZH', 'ER']",-4,CCV,"['Y', 'ZH', 'ER']"
8105,"['Y', 'ZH', 'AO']",-4,CCV,"['ZH', 'Y', 'AO']"
8106,"['Y', 'ZH', 'UW']",-4,CCV,"['ZH', 'Y', 'UW']"
8107,"['Y', 'ZH', 'IH']",-4,CCV,"['ZH', 'IH', 'ZH']"
8108,"['Y', 'ZH', 'EH']",-4,CCV,"['Y', 'ZH', 'EH']"
8109,"['Y', 'ZH', 'UH']",-4,CCV,"['ZH', 'Y', 'UH']"
8110,"['Y', 'ZH', 'IY']",-4,CCV,"['Y', 'ZH', 'IY']"
8111,"['Y', 'ZH', 'EY']",-4,CCV,"['Y', 'ZH', 'EY']"
8112,"['Y', 'ZH', 'OW']",-4,CCV,"['ZH', 'Y', 'OW']"
8113,"['Y', 'ZH', 'AE']",-4,CCV,"['F', 'Y', 'ZH']"
8114,"['Y', 'ZH', 'AW']",-4,CCV,"['ZH', 'Y', 'AW']"
8115,"['Y', 'V', 'AH']",-4,CCV,"['V', 'Y', 'AH']"
8116,"['Y', 'V', 'OY']",-4,CCV,"['F', 'OY', 'V']"
8117,"['Y', 'V', 'AA']",-4,CCV,"['Y', 'V', 'AA']"
8118,"['Y', 'V', 'AY']",-4,CCV,"['Y', 'AY', 'V']"
8119,"['Y', 'V', 'ER']",-4,CCV,"['Y', 'V', 'ER']"
8120,"['Y', 'V', 'AO']",-4,CCV,"['V', 'Y', 'AO']"
8121,"['Y', 'V', 'UW']",-4,CCV,"['Y', 'UW', 'V']"
8122,"['Y', 'V', 'IH']",-4,CCV,"['IH', 'V', 'Y']"
8123,"['Y', 'V', 'EH']",-4,CCV,"['Y', 'V', 'EH']"
8124,"['Y', 'V', 'UH']",-4,CCV,"['Y', 'UH', 'V']"
8125,"['Y', 'V', 'IY']",-4,CCV,"['Y', 'V', 'IY']"
8126,"['Y', 'V', 'EY']",-4,CCV,"['F', 'EY', 'V']"
8127,"['Y', 'V', 'OW']",-4,CCV,"['Y', 'V', 'OW']"
8128,"['Y', 'V', 'AE']",-4,CCV,"['Y', 'AE', 'V']"
8129,"['Y', 'V', 'AW']",-4,CCV,"['F', 'Y', 'AW']"
8130,"['Y', 'DH', 'AH']",-4,CCV,"['F', 'Y', 'DH']"
8131,"['Y', 'DH', 'OY']",-4,CCV,"['F', 'OY', 'DH']"
8132,"['Y', 'DH', 'AA']",-4,CCV,"['DH', 'Y', 'AA']"
8133,"['Y', 'DH', 'AY']",-4,CCV,"['Y', 'DH', 'AY']"
8134,"['Y', 'DH', 'ER']",-4,CCV,"['S', 'Y', 'ER']"
8135,"['Y', 'DH', 'AO']",-4,CCV,"['DH', 'Y', 'AO']"
8136,"['Y', 'DH', 'UW']",-4,CCV,"['DH', 'Y', 'UW']"
8137,"['Y', 'DH', 'IH']",-4,CCV,"['S', 'IH', 'DH']"
8138,"['Y', 'DH', 'EH']",-4,CCV,"['F', 'AY', 'DH']"
8139,"['Y', 'DH', 'UH']",-4,CCV,"['S', 'UH', 'DH']"
8140,"['Y', 'DH', 'IY']",-4,CCV,"['F', 'AY', 'DH']"
8141,"['Y', 'DH', 'EY']",-4,CCV,"['F', 'Y', 'DH']"
8142,"['Y', 'DH', 'OW']",-4,CCV,"['F', 'Y', 'OW']"
8143,"['Y', 'DH', 'AE']",-4,CCV,"['F', 'Y', 'DH']"
8144,"['Y', 'DH', 'AW']",-4,CCV,"['DH', 'Y', 'AW']"
8145,"['Y', 'HH', 'AH']",-4,CCV,"['HH', 'Y', 'AH']"
8146,"['Y', 'HH', 'OY']",-4,CCV,"['HH', 'Y', 'OY']"
8147,"['Y', 'HH', 'AA']",-4,CCV,"['HH', 'Y', 'AA']"
8148,"['Y', 'HH', 'AY']",-4,CCV,"['Y', 'AY', 'L']"
8149,"['Y', 'HH', 'ER']",-4,CCV,"['HH', 'Y', 'ER']"
8150,"['Y', 'HH', 'AO']",-4,CCV,"['T', 'HH', 'AO']"
8151,"['Y', 'HH', 'UW']",-4,CCV,"['HH', 'Y', 'UW']"
8152,"['Y', 'HH', 'IH']",-4,CCV,"['HH', 'Y', 'IH']"
8153,"['Y', 'HH', 'EH']",-4,CCV,"['Y', 'HH', 'EH']"
8154,"['Y', 'HH', 'UH']",-4,CCV,"['Y', 'UH', 'L']"
8155,"['Y', 'HH', 'IY']",-4,CCV,"['HH', 'Y', 'IY']"
8156,"['Y', 'HH', 'EY']",-4,CCV,"['Y', 'HH', 'EY']"
8157,"['Y', 'HH', 'OW']",-4,CCV,"['HH', 'Y', 'OW']"
8158,"['Y', 'HH', 'AE']",-4,CCV,"['HH', 'Y', 'AE']"
8159,"['Y', 'HH', 'AW']",-4,CCV,"['HH', 'Y', 'AW']"
8160,"['Y', 'CH', 'AH']",-3,CCV,"['CH', 'Y', 'AH']"
8161,"['Y', 'CH', 'OY']",-3,CCV,"['CH', 'OY', 'Y']"
8162,"['Y', 'CH', 'AA']",-3,CCV,"['Y', 'CH', 'AA']"
8163,"['Y', 'CH', 'AY']",-3,CCV,"['Y', 'AY', 'NG']"
8164,"['Y', 'CH', 'ER']",-3,CCV,"['Y', 'CH', 'ER']"
8165,"['Y', 'CH', 'AO']",-3,CCV,"['T', 'R', 'AO']"
8166,"['Y', 'CH', 'UW']",-3,CCV,"['T', 'Y', 'UW']"
8167,"['Y', 'CH', 'IH']",-3,CCV,"['T', 'Y', 'IH']"
8168,"['Y', 'CH', 'EH']",-3,CCV,"['Y', 'CH', 'EH']"
8169,"['Y', 'CH', 'UH']",-3,CCV,"['CH', 'Y', 'UH']"
8170,"['Y', 'CH', 'IY']",-3,CCV,"['Y', 'UH', 'CH']"
8171,"['Y', 'CH', 'EY']",-3,CCV,"['Y', 'EY', 'CH']"
8172,"['Y', 'CH', 'OW']",-3,CCV,"['Y', 'UH', 'OW']"
8173,"['Y', 'CH', 'AE']",-3,CCV,"['Y', 'AE', 'CH']"
8174,"['Y', 'CH', 'AW']",-3,CCV,"['T', 'Y', 'AW']"
8175,"['Y', 'JH', 'AH']",-3,CCV,"['T', 'Y', 'AH']"
8176,"['Y', 'JH', 'OY']",-3,CCV,"['T', 'OY', 'JH']"
8177,"['Y', 'JH', 'AA']",-3,CCV,"['Y', 'JH', 'AA']"
8178,"['Y', 'JH', 'AY']",-3,CCV,"['Y', 'AY', 'JH']"
8179,"['Y', 'JH', 'ER']",-3,CCV,"['Y', 'ER', 'JH']"
8180,"['Y', 'JH', 'AO']",-3,CCV,"['T', 'Y', 'AO']"
8181,"['Y', 'JH', 'UW']",-3,CCV,"['T', 'Y', 'UW']"
8182,"['Y', 'JH', 'IH']",-3,CCV,"['T', 'Y', 'IH']"
8183,"['Y', 'JH', 'EH']",-3,CCV,"['Y', 'EH', 'JH']"
8184,"['Y', 'JH', 'UH']",-3,CCV,"['Y', 'UH', 'JH']"
8185,"['Y', 'JH', 'IY']",-3,CCV,"['Y', 'IY', 'JH']"
8186,"['Y', 'JH', 'EY']",-3,CCV,"['Y', 'EY', 'JH']"
8187,"['Y', 'JH', 'OW']",-3,CCV,"['Y', 'OW', 'JH']"
8188,"['Y', 'JH', 'AE']",-3,CCV,"['Y', 'AE', 'JH']"
8189,"['Y', 'JH', 'AW']",-3,CCV,"['T', 'Y', 'AW']"
8190,"['Y', 'M', 'AH']",-2,CCV,"['M', 'Y', 'AH']"
8191,"['Y', 'M', 'OY']",-2,CCV,"['F', 'OY', 'M']"
8192,"['Y', 'M', 'AA']",-2,CCV,"['Y', 'M', 'AA']"
8193,"['Y', 'M', 'AY']",-2,CCV,"['Y', 'M', 'AY']"
8194,"['Y', 'M', 'ER']",-2,CCV,"['Y', 'M', 'ER']"
8195,"['Y', 'M', 'AO']",-2,CCV,"['M', 'Y', 'AO']"
8196,"['Y', 'M', 'UW']",-2,CCV,"['M', 'Y', 'UW']"
8197,"['Y', 'M', 'IH']",-2,CCV,"['M', 'IH', 'Y']"
8198,"['Y', 'M', 'EH']",-2,CCV,"['Y', 'M', 'EH']"
8199,"['Y', 'M', 'UH']",-2,CCV,"['M', 'Y', 'UH']"
8200,"['Y', 'M', 'IY']",-2,CCV,"['F', 'Y', 'IY']"
8201,"['Y', 'M', 'EY']",-2,CCV,"['F', 'Y', 'M']"
8202,"['Y', 'M', 'OW']",-2,CCV,"['Y', 'M', 'OW']"
8203,"['Y', 'M', 'AE']",-2,CCV,"['F', 'Y', 'AE']"
8204,"['Y', 'M', 'AW']",-2,CCV,"['Y', 'M', 'AW']"
8205,"['Y', 'N', 'AH']",-2,CCV,"['Y', 'AH', 'N']"
8206,"['Y', 'N', 'OY']",-2,CCV,"['F', 'OY', 'N']"
8207,"['Y', 'N', 'AA']",-2,CCV,"['Y', 'N', 'AA']"
8208,"['Y', 'N', 'AY']",-2,CCV,"['Y', 'AY', 'N']"
8209,"['Y', 'N', 'ER']",-2,CCV,"['Y', 'N', 'ER']"
8210,"['Y', 'N', 'AO']",-2,CCV,"['S', 'AO', 'N']"
8211,"['Y', 'N', 'UW']",-2,CCV,"['S', 'Y', 'UW']"
8212,"['Y', 'N', 'IH']",-2,CCV,"['Y', 'IH', 'N']"
8213,"['Y', 'N', 'EH']",-2,CCV,"['Y', 'EH', 'N']"
8214,"['Y', 'N', 'UH']",-2,CCV,"['S', 'Y', 'UH']"
8215,"['Y', 'N', 'IY']",-2,CCV,"['Y', 'IY', 'N']"
8216,"['Y', 'N', 'EY']",-2,CCV,"['Y', 'EY', 'N']"
8217,"['Y', 'N', 'OW']",-2,CCV,"['Y', 'OW', 'N']"
8218,"['Y', 'N', 'AE']",-2,CCV,"['F', 'Y', 'AE']"
8219,"['Y', 'N', 'AW']",-2,CCV,"['T', 'AW', 'N']"
8220,"['Y', 'NG', 'AH']",-2,CCV,"['Y', 'NG', '<EOS>']"
8221,"['Y', 'NG', 'OY']",-2,CCV,"['Y', 'NG', 'OY']"
8222,"['Y', 'NG', 'AA']",-2,CCV,"['Y', 'NG', 'AA']"
8223,"['Y', 'NG', 'AY']",-2,CCV,"['Y', 'AY', 'NG']"
8224,"['Y', 'NG', 'ER']",-2,CCV,"['Y', 'NG', 'ER']"
8225,"['Y', 'NG', 'AO']",-2,CCV,"['Y', 'NG', 'AO']"
8226,"['Y', 'NG', 'UW']",-2,CCV,"['Y', 'UW', 'NG']"
8227,"['Y', 'NG', 'IH']",-2,CCV,"['Y', 'IH', 'NG']"
8228,"['Y', 'NG', 'EH']",-2,CCV,"['Y', 'NG', 'L']"
8229,"['Y', 'NG', 'UH']",-2,CCV,"['Y', 'UH', 'NG']"
8230,"['Y', 'NG', 'IY']",-2,CCV,"['Y', 'IY', 'NG']"
8231,"['Y', 'NG', 'EY']",-2,CCV,"['Y', 'EY', 'NG']"
8232,"['Y', 'NG', 'OW']",-2,CCV,"['Y', 'OW', 'NG']"
8233,"['Y', 'NG', 'AE']",-2,CCV,"['Y', 'AE', 'NG']"
8234,"['Y', 'NG', 'AW']",-2,CCV,"['Y', 'NG', 'AW']"
8235,"['Y', 'L', 'AH']",-1,CCV,"['L', 'Y', 'AH']"
8236,"['Y', 'L', 'OY']",-1,CCV,"['L', 'Y', 'OY']"
8237,"['Y', 'L', 'AA']",-1,CCV,"['Y', 'L', 'AA']"
8238,"['Y', 'L', 'AY']",-1,CCV,"['Y', 'L', 'AY']"
8239,"['Y', 'L', 'ER']",-1,CCV,"['Y', 'L', 'ER']"
8240,"['Y', 'L', 'AO']",-1,CCV,"['L', 'Y', 'AO']"
8241,"['Y', 'L', 'UW']",-1,CCV,"['L', 'Y', 'UW']"
8242,"['Y', 'L', 'IH']",-1,CCV,"['Y', 'IH', 'L']"
8243,"['Y', 'L', 'EH']",-1,CCV,"['Y', 'L', 'EH']"
8244,"['Y', 'L', 'UH']",-1,CCV,"['Y', 'UH', 'L']"
8245,"['Y', 'L', 'IY']",-1,CCV,"['Y', 'L', 'IY']"
8246,"['Y', 'L', 'EY']",-1,CCV,"['Y', 'L', 'EY']"
8247,"['Y', 'L', 'OW']",-1,CCV,"['Y', 'L', 'OW']"
8248,"['Y', 'L', 'AE']",-1,CCV,"['Y', 'L', 'AE']"
8249,"['Y', 'L', 'AW']",-1,CCV,"['L', 'Y', 'AW']"
8250,"['Y', 'R', 'AH']",-1,CCV,"['R', 'Y', 'AH']"
8251,"['Y', 'R', 'OY']",-1,CCV,"['R', 'OY', 'L']"
8252,"['Y', 'R', 'AA']",-1,CCV,"['Y', 'R', 'AA']"
8253,"['Y', 'R', 'AY']",-1,CCV,"['Y', 'R', 'AY']"
8254,"['Y', 'R', 'ER']",-1,CCV,"['Y', 'R', 'ER']"
8255,"['Y', 'R', 'AO']",-1,CCV,"['R', 'AO', 'Y']"
8256,"['Y', 'R', 'UW']",-1,CCV,"['Y', 'R', 'UW']"
8257,"['Y', 'R', 'IH']",-1,CCV,"['R', 'Y', 'IH']"
8258,"['Y', 'R', 'EH']",-1,CCV,"['Y', 'R', 'EH']"
8259,"['Y', 'R', 'UH']",-1,CCV,"['Y', 'UH', 'R']"
8260,"['Y', 'R', 'IY']",-1,CCV,"['Y', 'R', 'IY']"
8261,"['Y', 'R', 'EY']",-1,CCV,"['Y', 'R', 'EY']"
8262,"['Y', 'R', 'OW']",-1,CCV,"['Y', 'R', 'OW']"
8263,"['Y', 'R', 'AE']",-1,CCV,"['Y', 'R', 'AE']"
8264,"['Y', 'R', 'AW']",-1,CCV,"['Y', 'R', 'AW']"
8265,"['Y', 'W', 'AH']",0,CCV,"['T', 'Y', 'AH']"
8266,"['Y', 'W', 'OY']",0,CCV,"['T', 'OY', 'L']"
8267,"['Y', 'W', 'AA']",0,CCV,"['T', 'Y', 'AA']"
8268,"['Y', 'W', 'AY']",0,CCV,"['Y', 'AY', 'W']"
8269,"['Y', 'W', 'ER']",0,CCV,"['S', 'Y', 'ER']"
8270,"['Y', 'W', 'AO']",0,CCV,"['T', 'Y', 'AO']"
8271,"['Y', 'W', 'UW']",0,CCV,"['T', 'Y', 'UW']"
8272,"['Y', 'W', 'IH']",0,CCV,"['T', 'Y', 'IH']"
8273,"['Y', 'W', 'EH']",0,CCV,"['Y', 'W', 'EH']"
8274,"['Y', 'W', 'UH']",0,CCV,"['S', 'Y', 'UH']"
8275,"['Y', 'W', 'IY']",0,CCV,"['T', 'Y', 'DH']"
8276,"['Y', 'W', 'EY']",0,CCV,"['T', 'Y', 'EY']"
8277,"['Y', 'W', 'OW']",0,CCV,"['T', 'Y', 'OW']"
8278,"['Y', 'W', 'AE']",0,CCV,"['F', 'Y', 'AE']"
8279,"['Y', 'W', 'AW']",0,CCV,"['T', 'Y', 'AW']"
0,"['AH', 'P', 'T']",0,VCC,"['AH', 'P', 'T']"
1,"['OY', 'P', 'T']",0,VCC,"['OY', 'P', 'T']"
2,"['AA', 'P', 'T']",0,VCC,"['AA', 'P', 'T']"
3,"['AY', 'P', 'T']",0,VCC,"['AY', 'P', 'T']"
4,"['ER', 'P', 'T']",0,VCC,"['ER', 'P', 'T']"
5,"['AO', 'P', 'T']",0,VCC,"['AO', 'P', 'T']"
6,"['UW', 'P', 'T']",0,VCC,"['UW', 'P', 'T']"
7,"['IH', 'P', 'T']",0,VCC,"['IH', 'P', 'T']"
8,"['EH', 'P', 'T']",0,VCC,"['EH', 'P', 'T']"
9,"['UH', 'P', 'T']",0,VCC,"['P', 'UH', 'T']"
10,"['IY', 'P', 'T']",0,VCC,"['IY', 'P', 'T']"
11,"['EY', 'P', 'T']",0,VCC,"['EY', 'P', 'T']"
12,"['OW', 'P', 'T']",0,VCC,"['OW', 'P', 'T']"
13,"['AE', 'P', 'T']",0,VCC,"['AE', 'P', 'T']"
14,"['AW', 'P', 'T']",0,VCC,"['P', 'AW', 'T']"
15,"['AH', 'P', 'K']",0,VCC,"['AH', 'P', 'K']"
16,"['OY', 'P', 'K']",0,VCC,"['OY', 'K', 'P']"
17,"['AA', 'P', 'K']",0,VCC,"['AA', 'P', 'K']"
18,"['AY', 'P', 'K']",0,VCC,"['AY', 'P', 'K']"
19,"['ER', 'P', 'K']",0,VCC,"['ER', 'P', 'K']"
20,"['AO', 'P', 'K']",0,VCC,"['AO', 'P', 'K']"
21,"['UW', 'P', 'K']",0,VCC,"['UW', 'P', 'K']"
22,"['IH', 'P', 'K']",0,VCC,"['IH', 'P', 'K']"
23,"['EH', 'P', 'K']",0,VCC,"['EH', 'P', 'K']"
24,"['UH', 'P', 'K']",0,VCC,"['UH', 'P', 'K']"
25,"['IY', 'P', 'K']",0,VCC,"['IY', 'P', 'K']"
26,"['EY', 'P', 'K']",0,VCC,"['EY', 'P', 'K']"
27,"['OW', 'P', 'K']",0,VCC,"['OW', 'P', 'K']"
28,"['AE', 'P', 'K']",0,VCC,"['AE', 'P', 'K']"
29,"['AW', 'P', 'K']",0,VCC,"['AW', 'K', 'P']"
30,"['AH', 'P', 'B']",0,VCC,"['AH', 'P', 'B']"
31,"['OY', 'P', 'B']",0,VCC,"['OY', 'P', 'B']"
32,"['AA', 'P', 'B']",0,VCC,"['AA', 'P', 'B']"
33,"['AY', 'P', 'B']",0,VCC,"['AY', 'P', 'B']"
34,"['ER', 'P', 'B']",0,VCC,"['ER', 'P', 'B']"
35,"['AO', 'P', 'B']",0,VCC,"['AO', 'P', 'B']"
36,"['UW', 'P', 'B']",0,VCC,"['UW', 'P', 'B']"
37,"['IH', 'P', 'B']",0,VCC,"['IH', 'P', 'B']"
38,"['EH', 'P', 'B']",0,VCC,"['EH', 'P', 'B']"
39,"['UH', 'P', 'B']",0,VCC,"['IH', 'P', 'B']"
40,"['IY', 'P', 'B']",0,VCC,"['IY', 'P', 'B']"
41,"['EY', 'P', 'B']",0,VCC,"['EY', 'P', 'B']"
42,"['OW', 'P', 'B']",0,VCC,"['OW', 'P', 'B']"
43,"['AE', 'P', 'B']",0,VCC,"['AE', 'P', 'B']"
44,"['AW', 'P', 'B']",0,VCC,"['AW', 'P', 'B']"
45,"['AH', 'P', 'D']",0,VCC,"['AH', 'P', 'D']"
46,"['OY', 'P', 'D']",0,VCC,"['OY', 'P', 'D']"
47,"['AA', 'P', 'D']",0,VCC,"['AA', 'P', 'D']"
48,"['AY', 'P', 'D']",0,VCC,"['AY', 'P', 'D']"
49,"['ER', 'P', 'D']",0,VCC,"['ER', 'P', 'D']"
50,"['AO', 'P', 'D']",0,VCC,"['AO', 'P', 'D']"
51,"['UW', 'P', 'D']",0,VCC,"['UW', 'P', 'D']"
52,"['IH', 'P', 'D']",0,VCC,"['IH', 'P', 'D']"
53,"['EH', 'P', 'D']",0,VCC,"['EH', 'P', 'D']"
54,"['UH', 'P', 'D']",0,VCC,"['UH', 'P', 'D']"
55,"['IY', 'P', 'D']",0,VCC,"['IY', 'P', 'D']"
56,"['EY', 'P', 'D']",0,VCC,"['EY', 'P', 'D']"
57,"['OW', 'P', 'D']",0,VCC,"['OW', 'P', 'D']"
58,"['AE', 'P', 'D']",0,VCC,"['AE', 'P', 'D']"
59,"['AW', 'P', 'D']",0,VCC,"['AW', 'P', 'D']"
60,"['AH', 'P', 'G']",0,VCC,"['AH', 'G', 'P']"
61,"['OY', 'P', 'G']",0,VCC,"['OY', 'G', 'P']"
62,"['AA', 'P', 'G']",0,VCC,"['AA', 'G', 'P']"
63,"['AY', 'P', 'G']",0,VCC,"['AY', 'G', 'P']"
64,"['ER', 'P', 'G']",0,VCC,"['ER', 'G', 'P']"
65,"['AO', 'P', 'G']",0,VCC,"['AO', 'G', 'P']"
66,"['UW', 'P', 'G']",0,VCC,"['UW', 'G', 'P']"
67,"['IH', 'P', 'G']",0,VCC,"['IH', 'G', 'P']"
68,"['EH', 'P', 'G']",0,VCC,"['EH', 'G', 'P']"
69,"['UH', 'P', 'G']",0,VCC,"['UH', 'G', 'P']"
70,"['IY', 'P', 'G']",0,VCC,"['IY', 'G', 'P']"
71,"['EY', 'P', 'G']",0,VCC,"['EY', 'P', 'G']"
72,"['OW', 'P', 'G']",0,VCC,"['OW', 'P', 'G']"
73,"['AE', 'P', 'G']",0,VCC,"['AE', 'G', 'P']"
74,"['AW', 'P', 'G']",0,VCC,"['AW', 'G', 'P']"
75,"['AH', 'P', 'F']",-1,VCC,"['AH', 'P', 'F']"
76,"['OY', 'P', 'F']",-1,VCC,"['OY', 'P', 'F']"
77,"['AA', 'P', 'F']",-1,VCC,"['AA', 'P', 'F']"
78,"['AY', 'P', 'F']",-1,VCC,"['AY', 'P', 'F']"
79,"['ER', 'P', 'F']",-1,VCC,"['ER', 'P', 'F']"
80,"['AO', 'P', 'F']",-1,VCC,"['AO', 'F', 'P']"
81,"['UW', 'P', 'F']",-1,VCC,"['UW', 'P', 'F']"
82,"['IH', 'P', 'F']",-1,VCC,"['IH', 'F', 'P']"
83,"['EH', 'P', 'F']",-1,VCC,"['EH', 'P', 'F']"
84,"['UH', 'P', 'F']",-1,VCC,"['UH', 'P', 'F']"
85,"['IY', 'P', 'F']",-1,VCC,"['IY', 'P', 'F']"
86,"['EY', 'P', 'F']",-1,VCC,"['EY', 'P', 'F']"
87,"['OW', 'P', 'F']",-1,VCC,"['OW', 'P', 'F']"
88,"['AE', 'P', 'F']",-1,VCC,"['AE', 'P', 'F']"
89,"['AW', 'P', 'F']",-1,VCC,"['AW', 'P', 'F']"
90,"['AH', 'P', 'TH']",-1,VCC,"['P', 'AH', 'TH']"
91,"['OY', 'P', 'TH']",-1,VCC,"['OY', 'TH', 'P']"
92,"['AA', 'P', 'TH']",-1,VCC,"['P', 'AA', 'TH']"
93,"['AY', 'P', 'TH']",-1,VCC,"['AY', 'P', 'TH']"
94,"['ER', 'P', 'TH']",-1,VCC,"['ER', 'P', 'TH']"
95,"['AO', 'P', 'TH']",-1,VCC,"['AO', 'P', 'TH']"
96,"['UW', 'P', 'TH']",-1,VCC,"['UW', 'P', 'TH']"
97,"['IH', 'P', 'TH']",-1,VCC,"['IH', 'P', 'TH']"
98,"['EH', 'P', 'TH']",-1,VCC,"['EH', 'P', 'TH']"
99,"['UH', 'P', 'TH']",-1,VCC,"['P', 'UH', 'TH']"
100,"['IY', 'P', 'TH']",-1,VCC,"['IY', 'P', 'TH']"
101,"['EY', 'P', 'TH']",-1,VCC,"['EY', 'P', 'TH']"
102,"['OW', 'P', 'TH']",-1,VCC,"['P', 'OW', 'TH']"
103,"['AE', 'P', 'TH']",-1,VCC,"['AE', 'P', 'TH']"
104,"['AW', 'P', 'TH']",-1,VCC,"['AW', 'P', 'TH']"
105,"['AH', 'P', 'S']",-1,VCC,"['AH', 'P', 'S']"
106,"['OY', 'P', 'S']",-1,VCC,"['OY', 'P', 'S']"
107,"['AA', 'P', 'S']",-1,VCC,"['AA', 'P', 'S']"
108,"['AY', 'P', 'S']",-1,VCC,"['AY', 'P', 'S']"
109,"['ER', 'P', 'S']",-1,VCC,"['ER', 'P', 'S']"
110,"['AO', 'P', 'S']",-1,VCC,"['AO', 'P', 'S']"
111,"['UW', 'P', 'S']",-1,VCC,"['UW', 'P', 'S']"
112,"['IH', 'P', 'S']",-1,VCC,"['IH', 'P', 'S']"
113,"['EH', 'P', 'S']",-1,VCC,"['EH', 'P', 'S']"
114,"['UH', 'P', 'S']",-1,VCC,"['P', 'UH', 'S']"
115,"['IY', 'P', 'S']",-1,VCC,"['IY', 'P', 'S']"
116,"['EY', 'P', 'S']",-1,VCC,"['EY', 'P', 'S']"
117,"['OW', 'P', 'S']",-1,VCC,"['OW', 'P', 'S']"
118,"['AE', 'P', 'S']",-1,VCC,"['AE', 'P', 'S']"
119,"['AW', 'P', 'S']",-1,VCC,"['AW', 'P', 'S']"
120,"['AH', 'P', 'SH']",-1,VCC,"['AH', 'P', 'SH']"
121,"['OY', 'P', 'SH']",-1,VCC,"['OY', 'SH', 'P']"
122,"['AA', 'P', 'SH']",-1,VCC,"['AA', 'P', 'SH']"
123,"['AY', 'P', 'SH']",-1,VCC,"['AY', 'P', 'SH']"
124,"['ER', 'P', 'SH']",-1,VCC,"['ER', 'P', 'SH']"
125,"['AO', 'P', 'SH']",-1,VCC,"['AO', 'P', 'SH']"
126,"['UW', 'P', 'SH']",-1,VCC,"['AE', 'P', 'SH']"
127,"['IH', 'P', 'SH']",-1,VCC,"['IH', 'P', 'SH']"
128,"['EH', 'P', 'SH']",-1,VCC,"['EH', 'P', 'SH']"
129,"['UH', 'P', 'SH']",-1,VCC,"['UH', 'P', 'SH']"
130,"['IY', 'P', 'SH']",-1,VCC,"['IY', 'P', 'SH']"
131,"['EY', 'P', 'SH']",-1,VCC,"['EY', 'P', 'SH']"
132,"['OW', 'P', 'SH']",-1,VCC,"['OW', 'P', 'SH']"
133,"['AE', 'P', 'SH']",-1,VCC,"['AE', 'P', 'SH']"
134,"['AW', 'P', 'SH']",-1,VCC,"['AW', 'SH', 'P']"
135,"['AH', 'P', 'Z']",-1,VCC,"['AH', 'P', 'Z']"
136,"['OY', 'P', 'Z']",-1,VCC,"['OY', 'P', 'Z']"
137,"['AA', 'P', 'Z']",-1,VCC,"['AA', 'P', 'Z']"
138,"['AY', 'P', 'Z']",-1,VCC,"['AY', 'P', 'Z']"
139,"['ER', 'P', 'Z']",-1,VCC,"['ER', 'P', 'Z']"
140,"['AO', 'P', 'Z']",-1,VCC,"['AO', 'P', 'Z']"
141,"['UW', 'P', 'Z']",-1,VCC,"['UW', 'P', 'Z']"
142,"['IH', 'P', 'Z']",-1,VCC,"['IH', 'P', 'Z']"
143,"['EH', 'P', 'Z']",-1,VCC,"['EH', 'P', 'Z']"
144,"['UH', 'P', 'Z']",-1,VCC,"['UH', 'P', 'Z']"
145,"['IY', 'P', 'Z']",-1,VCC,"['IY', 'P', 'Z']"
146,"['EY', 'P', 'Z']",-1,VCC,"['EY', 'P', 'Z']"
147,"['OW', 'P', 'Z']",-1,VCC,"['OW', 'P', 'Z']"
148,"['AE', 'P', 'Z']",-1,VCC,"['AE', 'P', 'Z']"
149,"['AW', 'P', 'Z']",-1,VCC,"['AW', 'P', 'Z']"
150,"['AH', 'P', 'ZH']",-1,VCC,"['AH', 'P', 'ZH']"
151,"['OY', 'P', 'ZH']",-1,VCC,"['OY', 'ZH', 'P']"
152,"['AA', 'P', 'ZH']",-1,VCC,"['AA', 'P', 'ZH']"
153,"['AY', 'P', 'ZH']",-1,VCC,"['AY', 'P', 'P']"
154,"['ER', 'P', 'ZH']",-1,VCC,"['ER', 'P', 'AE']"
155,"['AO', 'P', 'ZH']",-1,VCC,"['AO', 'P', 'ZH']"
156,"['UW', 'P', 'ZH']",-1,VCC,"['AE', 'P', 'ZH']"
157,"['IH', 'P', 'ZH']",-1,VCC,"['IH', 'P', 'ZH']"
158,"['EH', 'P', 'ZH']",-1,VCC,"['EH', 'P', 'ZH']"
159,"['UH', 'P', 'ZH']",-1,VCC,"['UH', 'P', 'ZH']"
160,"['IY', 'P', 'ZH']",-1,VCC,"['AE', 'P', 'SH']"
161,"['EY', 'P', 'ZH']",-1,VCC,"['EY', 'P', 'AE']"
162,"['OW', 'P', 'ZH']",-1,VCC,"['OW', 'P', 'ZH']"
163,"['AE', 'P', 'ZH']",-1,VCC,"['AE', 'P', 'ZH']"
164,"['AW', 'P', 'ZH']",-1,VCC,"['AW', 'ZH', 'P']"
165,"['AH', 'P', 'V']",-1,VCC,"['AH', 'P', 'V']"
166,"['OY', 'P', 'V']",-1,VCC,"['OY', 'P', 'V']"
167,"['AA', 'P', 'V']",-1,VCC,"['AA', 'P', 'V']"
168,"['AY', 'P', 'V']",-1,VCC,"['AY', 'P', 'V']"
169,"['ER', 'P', 'V']",-1,VCC,"['ER', 'P', 'V']"
170,"['AO', 'P', 'V']",-1,VCC,"['AO', 'P', 'V']"
171,"['UW', 'P', 'V']",-1,VCC,"['UW', 'V', 'P']"
172,"['IH', 'P', 'V']",-1,VCC,"['IH', 'P', 'V']"
173,"['EH', 'P', 'V']",-1,VCC,"['EH', 'P', 'V']"
174,"['UH', 'P', 'V']",-1,VCC,"['UH', 'P', 'V']"
175,"['IY', 'P', 'V']",-1,VCC,"['IH', 'P', 'V']"
176,"['EY', 'P', 'V']",-1,VCC,"['EY', 'P', 'V']"
177,"['OW', 'P', 'V']",-1,VCC,"['OW', 'P', 'V']"
178,"['AE', 'P', 'V']",-1,VCC,"['AE', 'P', 'V']"
179,"['AW', 'P', 'V']",-1,VCC,"['AW', 'P', 'V']"
180,"['AH', 'P', 'DH']",-1,VCC,"['AH', 'DH', 'P']"
181,"['OY', 'P', 'DH']",-1,VCC,"['OY', 'DH', 'P']"
182,"['AA', 'P', 'DH']",-1,VCC,"['AA', 'DH', 'P']"
183,"['AY', 'P', 'DH']",-1,VCC,"['AY', 'DH', 'P']"
184,"['ER', 'P', 'DH']",-1,VCC,"['ER', 'DH', 'P']"
185,"['AO', 'P', 'DH']",-1,VCC,"['AO', 'DH', 'P']"
186,"['UW', 'P', 'DH']",-1,VCC,"['AE', 'M', 'V']"
187,"['IH', 'P', 'DH']",-1,VCC,"['IH', 'DH', 'P']"
188,"['EH', 'P', 'DH']",-1,VCC,"['EH', 'DH', 'P']"
189,"['UH', 'P', 'DH']",-1,VCC,"['IH', 'DH', 'P']"
190,"['IY', 'P', 'DH']",-1,VCC,"['IY', 'DH', 'P']"
191,"['EY', 'P', 'DH']",-1,VCC,"['EY', 'DH', 'P']"
192,"['OW', 'P', 'DH']",-1,VCC,"['OW', 'DH', 'P']"
193,"['AE', 'P', 'DH']",-1,VCC,"['AE', 'DH', 'P']"
194,"['AW', 'P', 'DH']",-1,VCC,"['AW', 'DH', 'P']"
195,"['AH', 'P', 'HH']",-1,VCC,"['AH', 'P', 'HH']"
196,"['OY', 'P', 'HH']",-1,VCC,"['OY', 'HH', 'P']"
197,"['AA', 'P', 'HH']",-1,VCC,"['AA', 'P', 'HH']"
198,"['AY', 'P', 'HH']",-1,VCC,"['AY', 'P', 'HH']"
199,"['ER', 'P', 'HH']",-1,VCC,"['ER', 'HH', 'P']"
200,"['AO', 'P', 'HH']",-1,VCC,"['AO', 'P', 'HH']"
201,"['UW', 'P', 'HH']",-1,VCC,"['UW', 'P', 'HH']"
202,"['IH', 'P', 'HH']",-1,VCC,"['IH', 'P', 'HH']"
203,"['EH', 'P', 'HH']",-1,VCC,"['EH', 'P', 'HH']"
204,"['UH', 'P', 'HH']",-1,VCC,"['UH', 'P', 'HH']"
205,"['IY', 'P', 'HH']",-1,VCC,"['IY', 'P', 'HH']"
206,"['EY', 'P', 'HH']",-1,VCC,"['EY', 'P', 'HH']"
207,"['OW', 'P', 'HH']",-1,VCC,"['OW', 'P', 'HH']"
208,"['AE', 'P', 'HH']",-1,VCC,"['AE', 'P', 'HH']"
209,"['AW', 'P', 'HH']",-1,VCC,"['AW', 'EH', 'P']"
210,"['AH', 'P', 'CH']",-2,VCC,"['AH', 'P', 'CH']"
211,"['OY', 'P', 'CH']",-2,VCC,"['OY', 'P', 'CH']"
212,"['AA', 'P', 'CH']",-2,VCC,"['AA', 'P', 'CH']"
213,"['AY', 'P', 'CH']",-2,VCC,"['AY', 'P', 'CH']"
214,"['ER', 'P', 'CH']",-2,VCC,"['ER', 'P', 'CH']"
215,"['AO', 'P', 'CH']",-2,VCC,"['AO', 'P', 'CH']"
216,"['UW', 'P', 'CH']",-2,VCC,"['UW', 'P', 'CH']"
217,"['IH', 'P', 'CH']",-2,VCC,"['IH', 'P', 'CH']"
218,"['EH', 'P', 'CH']",-2,VCC,"['EH', 'P', 'CH']"
219,"['UH', 'P', 'CH']",-2,VCC,"['IH', 'P', 'CH']"
220,"['IY', 'P', 'CH']",-2,VCC,"['IY', 'P', 'CH']"
221,"['EY', 'P', 'CH']",-2,VCC,"['EY', 'P', 'CH']"
222,"['OW', 'P', 'CH']",-2,VCC,"['OW', 'P', 'CH']"
223,"['AE', 'P', 'CH']",-2,VCC,"['AE', 'P', 'CH']"
224,"['AW', 'P', 'CH']",-2,VCC,"['AW', 'P', 'CH']"
225,"['AH', 'P', 'JH']",-2,VCC,"['AH', 'P', 'JH']"
226,"['OY', 'P', 'JH']",-2,VCC,"['OY', 'P', 'JH']"
227,"['AA', 'P', 'JH']",-2,VCC,"['AA', 'P', 'JH']"
228,"['AY', 'P', 'JH']",-2,VCC,"['AY', 'P', 'JH']"
229,"['ER', 'P', 'JH']",-2,VCC,"['ER', 'P', 'JH']"
230,"['AO', 'P', 'JH']",-2,VCC,"['AO', 'P', 'JH']"
231,"['UW', 'P', 'JH']",-2,VCC,"['UW', 'P', 'JH']"
232,"['IH', 'P', 'JH']",-2,VCC,"['IH', 'P', 'JH']"
233,"['EH', 'P', 'JH']",-2,VCC,"['EH', 'P', 'JH']"
234,"['UH', 'P', 'JH']",-2,VCC,"['UH', 'P', 'JH']"
235,"['IY', 'P', 'JH']",-2,VCC,"['IY', 'P', 'JH']"
236,"['EY', 'P', 'JH']",-2,VCC,"['EY', 'P', 'JH']"
237,"['OW', 'P', 'JH']",-2,VCC,"['OW', 'P', 'JH']"
238,"['AE', 'P', 'JH']",-2,VCC,"['AE', 'P', 'JH']"
239,"['AW', 'P', 'JH']",-2,VCC,"['AW', 'P', 'JH']"
240,"['AH', 'P', 'M']",-3,VCC,"['AH', 'P', 'M']"
241,"['OY', 'P', 'M']",-3,VCC,"['OY', 'M', 'P']"
242,"['AA', 'P', 'M']",-3,VCC,"['AA', 'P', 'M']"
243,"['AY', 'P', 'M']",-3,VCC,"['AY', 'P', 'M']"
244,"['ER', 'P', 'M']",-3,VCC,"['ER', 'P', 'M']"
245,"['AO', 'P', 'M']",-3,VCC,"['P', 'AO', 'M']"
246,"['UW', 'P', 'M']",-3,VCC,"['UW', 'M', 'P']"
247,"['IH', 'P', 'M']",-3,VCC,"['IH', 'P', 'M']"
248,"['EH', 'P', 'M']",-3,VCC,"['EH', 'M', 'P']"
249,"['UH', 'P', 'M']",-3,VCC,"['P', 'UH', 'M']"
250,"['IY', 'P', 'M']",-3,VCC,"['IY', 'P', 'M']"
251,"['EY', 'P', 'M']",-3,VCC,"['EY', 'P', 'M']"
252,"['OW', 'P', 'M']",-3,VCC,"['OW', 'P', 'M']"
253,"['AE', 'P', 'M']",-3,VCC,"['AE', 'P', 'M']"
254,"['AW', 'P', 'M']",-3,VCC,"['AW', 'P', 'M']"
255,"['AH', 'P', 'N']",-3,VCC,"['AH', 'P', 'N']"
256,"['OY', 'P', 'N']",-3,VCC,"['OY', 'N', 'P']"
257,"['AA', 'P', 'N']",-3,VCC,"['AA', 'P', 'N']"
258,"['AY', 'P', 'N']",-3,VCC,"['AY', 'P', '<EOS>']"
259,"['ER', 'P', 'N']",-3,VCC,"['ER', 'P', 'N']"
260,"['AO', 'P', 'N']",-3,VCC,"['AO', 'P', 'N']"
261,"['UW', 'P', 'N']",-3,VCC,"['UW', 'P', 'N']"
262,"['IH', 'P', 'N']",-3,VCC,"['IH', 'P', 'N']"
263,"['EH', 'P', 'N']",-3,VCC,"['EH', 'P', 'N']"
264,"['UH', 'P', 'N']",-3,VCC,"['P', 'UH', 'N']"
265,"['IY', 'P', 'N']",-3,VCC,"['IY', 'P', 'N']"
266,"['EY', 'P', 'N']",-3,VCC,"['EY', 'P', 'N']"
267,"['OW', 'P', 'N']",-3,VCC,"['OW', 'P', 'N']"
268,"['AE', 'P', 'N']",-3,VCC,"['AE', 'P', 'N']"
269,"['AW', 'P', 'N']",-3,VCC,"['AW', 'N', 'P']"
270,"['AH', 'P', 'NG']",-3,VCC,"['AH', 'P', 'NG']"
271,"['OY', 'P', 'NG']",-3,VCC,"['OY', 'NG', 'P']"
272,"['AA', 'P', 'NG']",-3,VCC,"['AA', 'P', 'NG']"
273,"['AY', 'P', 'NG']",-3,VCC,"['AY', 'NG', 'NG']"
274,"['ER', 'P', 'NG']",-3,VCC,"['ER', 'P', 'NG']"
275,"['AO', 'P', 'NG']",-3,VCC,"['P', 'AO', 'NG']"
276,"['UW', 'P', 'NG']",-3,VCC,"['UW', 'P', 'NG']"
277,"['IH', 'P', 'NG']",-3,VCC,"['IH', 'NG', 'P']"
278,"['EH', 'P', 'NG']",-3,VCC,"['EH', 'NG', 'P']"
279,"['UH', 'P', 'NG']",-3,VCC,"['UH', 'P', 'NG']"
280,"['IY', 'P', 'NG']",-3,VCC,"['IY', 'P', 'NG']"
281,"['EY', 'P', 'NG']",-3,VCC,"['EY', 'P', 'NG']"
282,"['OW', 'P', 'NG']",-3,VCC,"['OW', 'P', 'NG']"
283,"['AE', 'P', 'NG']",-3,VCC,"['AE', 'NG', 'NG']"
284,"['AW', 'P', 'NG']",-3,VCC,"['AW', 'P', 'NG']"
285,"['AH', 'P', 'L']",-4,VCC,"['AH', 'P', 'L']"
286,"['OY', 'P', 'L']",-4,VCC,"['OY', 'P', 'L']"
287,"['AA', 'P', 'L']",-4,VCC,"['AA', 'P', 'L']"
288,"['AY', 'P', 'L']",-4,VCC,"['AY', 'P', 'L']"
289,"['ER', 'P', 'L']",-4,VCC,"['ER', 'P', 'L']"
290,"['AO', 'P', 'L']",-4,VCC,"['AO', 'P', 'L']"
291,"['UW', 'P', 'L']",-4,VCC,"['UW', 'P', 'L']"
292,"['IH', 'P', 'L']",-4,VCC,"['IH', 'P', 'L']"
293,"['EH', 'P', 'L']",-4,VCC,"['EH', 'P', 'L']"
294,"['UH', 'P', 'L']",-4,VCC,"['UH', 'P', 'L']"
295,"['IY', 'P', 'L']",-4,VCC,"['IY', 'P', 'L']"
296,"['EY', 'P', 'L']",-4,VCC,"['EY', 'P', 'L']"
297,"['OW', 'P', 'L']",-4,VCC,"['OW', 'P', 'L']"
298,"['AE', 'P', 'L']",-4,VCC,"['AE', 'P', 'L']"
299,"['AW', 'P', 'L']",-4,VCC,"['AW', 'P', 'L']"
300,"['AH', 'P', 'R']",-4,VCC,"['AH', 'P', 'R']"
301,"['OY', 'P', 'R']",-4,VCC,"['OY', 'P', 'R']"
302,"['AA', 'P', 'R']",-4,VCC,"['AA', 'P', 'R']"
303,"['AY', 'P', 'R']",-4,VCC,"['AY', 'P', 'R']"
304,"['ER', 'P', 'R']",-4,VCC,"['ER', 'P', 'R']"
305,"['AO', 'P', 'R']",-4,VCC,"['AO', 'P', 'R']"
306,"['UW', 'P', 'R']",-4,VCC,"['UW', 'P', 'R']"
307,"['IH', 'P', 'R']",-4,VCC,"['IH', 'P', 'R']"
308,"['EH', 'P', 'R']",-4,VCC,"['EH', 'P', 'R']"
309,"['UH', 'P', 'R']",-4,VCC,"['UH', 'P', 'R']"
310,"['IY', 'P', 'R']",-4,VCC,"['IH', 'P', 'R']"
311,"['EY', 'P', 'R']",-4,VCC,"['EY', 'P', 'R']"
312,"['OW', 'P', 'R']",-4,VCC,"['OW', 'P', 'R']"
313,"['AE', 'P', 'R']",-4,VCC,"['AE', 'P', 'R']"
314,"['AW', 'P', 'R']",-4,VCC,"['AW', 'P', 'R']"
315,"['AH', 'P', 'W']",-5,VCC,"['AH', 'P', 'W']"
316,"['OY', 'P', 'W']",-5,VCC,"['OY', 'P', 'W']"
317,"['AA', 'P', 'W']",-5,VCC,"['AA', 'P', 'W']"
318,"['AY', 'P', 'W']",-5,VCC,"['AY', 'P', 'W']"
319,"['ER', 'P', 'W']",-5,VCC,"['ER', 'P', 'W']"
320,"['AO', 'P', 'W']",-5,VCC,"['AO', 'P', 'W']"
321,"['UW', 'P', 'W']",-5,VCC,"['UW', 'P', 'W']"
322,"['IH', 'P', 'W']",-5,VCC,"['IH', 'P', 'W']"
323,"['EH', 'P', 'W']",-5,VCC,"['EH', 'P', 'W']"
324,"['UH', 'P', 'W']",-5,VCC,"['ER', 'P', 'W']"
325,"['IY', 'P', 'W']",-5,VCC,"['IY', 'P', 'W']"
326,"['EY', 'P', 'W']",-5,VCC,"['EY', 'P', 'W']"
327,"['OW', 'P', 'W']",-5,VCC,"['OW', 'P', 'W']"
328,"['AE', 'P', 'W']",-5,VCC,"['AE', 'P', 'W']"
329,"['AW', 'P', 'W']",-5,VCC,"['AW', 'AE', 'P']"
330,"['AH', 'P', 'Y']",-5,VCC,"['AH', 'P', 'Y']"
331,"['OY', 'P', 'Y']",-5,VCC,"['OY', 'P', 'P']"
332,"['AA', 'P', 'Y']",-5,VCC,"['AA', 'P', 'Y']"
333,"['AY', 'P', 'Y']",-5,VCC,"['AY', 'P', 'Y']"
334,"['ER', 'P', 'Y']",-5,VCC,"['ER', 'P', 'Y']"
335,"['AO', 'P', 'Y']",-5,VCC,"['AO', 'P', 'Y']"
336,"['UW', 'P', 'Y']",-5,VCC,"['AA', 'P', 'Y']"
337,"['IH', 'P', 'Y']",-5,VCC,"['IH', 'P', 'Y']"
338,"['EH', 'P', 'Y']",-5,VCC,"['EH', 'P', 'Y']"
339,"['UH', 'P', 'Y']",-5,VCC,"['UH', 'P', 'Y']"
340,"['IY', 'P', 'Y']",-5,VCC,"['IH', 'P', 'Y']"
341,"['EY', 'P', 'Y']",-5,VCC,"['EY', 'P', 'Y']"
342,"['OW', 'P', 'Y']",-5,VCC,"['OW', 'P', 'Y']"
343,"['AE', 'P', 'Y']",-5,VCC,"['AE', 'P', 'Y']"
344,"['AW', 'P', 'Y']",-5,VCC,"['AW', 'P', 'Y']"
345,"['AH', 'T', 'P']",0,VCC,"['AH', 'T', 'P']"
346,"['OY', 'T', 'P']",0,VCC,"['OY', 'T', 'P']"
347,"['AA', 'T', 'P']",0,VCC,"['AA', 'T', 'P']"
348,"['AY', 'T', 'P']",0,VCC,"['AY', 'T', 'P']"
349,"['ER', 'T', 'P']",0,VCC,"['ER', 'T', 'P']"
350,"['AO', 'T', 'P']",0,VCC,"['AO', 'T', 'P']"
351,"['UW', 'T', 'P']",0,VCC,"['AE', 'T', 'P']"
352,"['IH', 'T', 'P']",0,VCC,"['IH', 'T', 'P']"
353,"['EH', 'T', 'P']",0,VCC,"['EH', 'T', 'P']"
354,"['UH', 'T', 'P']",0,VCC,"['IH', 'T', 'P']"
355,"['IY', 'T', 'P']",0,VCC,"['IY', 'T', 'P']"
356,"['EY', 'T', 'P']",0,VCC,"['EY', 'T', 'P']"
357,"['OW', 'T', 'P']",0,VCC,"['OW', 'T', 'P']"
358,"['AE', 'T', 'P']",0,VCC,"['AE', 'T', 'P']"
359,"['AW', 'T', 'P']",0,VCC,"['AW', 'T', 'P']"
360,"['AH', 'T', 'K']",0,VCC,"['AH', 'T', 'K']"
361,"['OY', 'T', 'K']",0,VCC,"['OY', 'T', 'K']"
362,"['AA', 'T', 'K']",0,VCC,"['AA', 'T', 'K']"
363,"['AY', 'T', 'K']",0,VCC,"['AY', 'T', 'K']"
364,"['ER', 'T', 'K']",0,VCC,"['ER', 'T', 'K']"
365,"['AO', 'T', 'K']",0,VCC,"['AO', 'T', 'K']"
366,"['UW', 'T', 'K']",0,VCC,"['UW', 'T', 'K']"
367,"['IH', 'T', 'K']",0,VCC,"['IH', 'T', 'K']"
368,"['EH', 'T', 'K']",0,VCC,"['EH', 'T', 'K']"
369,"['UH', 'T', 'K']",0,VCC,"['UH', 'T', 'K']"
370,"['IY', 'T', 'K']",0,VCC,"['IY', 'T', 'K']"
371,"['EY', 'T', 'K']",0,VCC,"['EY', 'T', 'K']"
372,"['OW', 'T', 'K']",0,VCC,"['OW', 'T', 'K']"
373,"['AE', 'T', 'K']",0,VCC,"['AE', 'T', 'K']"
374,"['AW', 'T', 'K']",0,VCC,"['AW', 'T', 'K']"
375,"['AH', 'T', 'B']",0,VCC,"['AH', 'T', 'B']"
376,"['OY', 'T', 'B']",0,VCC,"['OY', 'T', 'B']"
377,"['AA', 'T', 'B']",0,VCC,"['AA', 'T', 'B']"
378,"['AY', 'T', 'B']",0,VCC,"['AY', 'T', 'B']"
379,"['ER', 'T', 'B']",0,VCC,"['ER', 'T', 'B']"
380,"['AO', 'T', 'B']",0,VCC,"['AO', 'T', 'B']"
381,"['UW', 'T', 'B']",0,VCC,"['UW', 'T', 'B']"
382,"['IH', 'T', 'B']",0,VCC,"['IH', 'T', 'B']"
383,"['EH', 'T', 'B']",0,VCC,"['EH', 'T', 'B']"
384,"['UH', 'T', 'B']",0,VCC,"['UH', 'T', 'B']"
385,"['IY', 'T', 'B']",0,VCC,"['IY', 'T', 'B']"
386,"['EY', 'T', 'B']",0,VCC,"['EY', 'T', 'B']"
387,"['OW', 'T', 'B']",0,VCC,"['OW', 'T', 'B']"
388,"['AE', 'T', 'B']",0,VCC,"['AE', 'T', 'B']"
389,"['AW', 'T', 'B']",0,VCC,"['AW', 'T', 'B']"
390,"['AH', 'T', 'D']",0,VCC,"['AH', 'T', 'D']"
391,"['OY', 'T', 'D']",0,VCC,"['OY', 'T', 'D']"
392,"['AA', 'T', 'D']",0,VCC,"['AA', 'T', 'D']"
393,"['AY', 'T', 'D']",0,VCC,"['AY', 'T', 'D']"
394,"['ER', 'T', 'D']",0,VCC,"['ER', 'T', 'D']"
395,"['AO', 'T', 'D']",0,VCC,"['AO', 'T', 'D']"
396,"['UW', 'T', 'D']",0,VCC,"['UW', 'T', 'D']"
397,"['IH', 'T', 'D']",0,VCC,"['IH', 'T', 'D']"
398,"['EH', 'T', 'D']",0,VCC,"['EH', 'T', 'D']"
399,"['UH', 'T', 'D']",0,VCC,"['UH', 'T', 'D']"
400,"['IY', 'T', 'D']",0,VCC,"['IY', 'T', 'D']"
401,"['EY', 'T', 'D']",0,VCC,"['EY', 'T', 'D']"
402,"['OW', 'T', 'D']",0,VCC,"['OW', 'T', 'D']"
403,"['AE', 'T', 'D']",0,VCC,"['AE', 'T', 'D']"
404,"['AW', 'T', 'D']",0,VCC,"['AW', 'T', 'D']"
405,"['AH', 'T', 'G']",0,VCC,"['AH', 'T', 'G']"
406,"['OY', 'T', 'G']",0,VCC,"['OY', 'T', 'G']"
407,"['AA', 'T', 'G']",0,VCC,"['AA', 'T', 'G']"
408,"['AY', 'T', 'G']",0,VCC,"['AY', 'T', 'G']"
409,"['ER', 'T', 'G']",0,VCC,"['ER', 'T', 'G']"
410,"['AO', 'T', 'G']",0,VCC,"['AO', 'T', 'G']"
411,"['UW', 'T', 'G']",0,VCC,"['AE', 'T', 'G']"
412,"['IH', 'T', 'G']",0,VCC,"['IH', 'T', 'G']"
413,"['EH', 'T', 'G']",0,VCC,"['EH', 'T', 'G']"
414,"['UH', 'T', 'G']",0,VCC,"['UH', 'T', 'G']"
415,"['IY', 'T', 'G']",0,VCC,"['IY', 'T', 'G']"
416,"['EY', 'T', 'G']",0,VCC,"['EY', 'T', 'G']"
417,"['OW', 'T', 'G']",0,VCC,"['OW', 'T', 'G']"
418,"['AE', 'T', 'G']",0,VCC,"['AE', 'T', 'G']"
419,"['AW', 'T', 'G']",0,VCC,"['AW', 'T', 'G']"
420,"['AH', 'T', 'F']",-1,VCC,"['AH', 'T', 'F']"
421,"['OY', 'T', 'F']",-1,VCC,"['OY', 'T', 'F']"
422,"['AA', 'T', 'F']",-1,VCC,"['AA', 'T', 'F']"
423,"['AY', 'T', 'F']",-1,VCC,"['AY', 'T', 'F']"
424,"['ER', 'T', 'F']",-1,VCC,"['ER', 'T', 'F']"
425,"['AO', 'T', 'F']",-1,VCC,"['AO', 'T', 'F']"
426,"['UW', 'T', 'F']",-1,VCC,"['AE', 'T', 'F']"
427,"['IH', 'T', 'F']",-1,VCC,"['IH', 'T', 'F']"
428,"['EH', 'T', 'F']",-1,VCC,"['EH', 'T', 'F']"
429,"['UH', 'T', 'F']",-1,VCC,"['IH', 'T', 'F']"
430,"['IY', 'T', 'F']",-1,VCC,"['IY', 'T', 'F']"
431,"['EY', 'T', 'F']",-1,VCC,"['EY', 'T', 'F']"
432,"['OW', 'T', 'F']",-1,VCC,"['OW', 'T', 'F']"
433,"['AE', 'T', 'F']",-1,VCC,"['AE', 'T', 'F']"
434,"['AW', 'T', 'F']",-1,VCC,"['AW', 'T', 'F']"
435,"['AH', 'T', 'TH']",-1,VCC,"['AH', 'T', 'TH']"
436,"['OY', 'T', 'TH']",-1,VCC,"['OY', 'T', 'TH']"
437,"['AA', 'T', 'TH']",-1,VCC,"['AA', 'T', 'TH']"
438,"['AY', 'T', 'TH']",-1,VCC,"['AY', 'T', 'TH']"
439,"['ER', 'T', 'TH']",-1,VCC,"['ER', 'T', 'TH']"
440,"['AO', 'T', 'TH']",-1,VCC,"['AO', 'T', 'TH']"
441,"['UW', 'T', 'TH']",-1,VCC,"['T', 'UW', 'TH']"
442,"['IH', 'T', 'TH']",-1,VCC,"['IH', 'T', 'TH']"
443,"['EH', 'T', 'TH']",-1,VCC,"['EH', 'T', 'TH']"
444,"['UH', 'T', 'TH']",-1,VCC,"['T', 'UH', 'TH']"
445,"['IY', 'T', 'TH']",-1,VCC,"['IY', 'T', 'TH']"
446,"['EY', 'T', 'TH']",-1,VCC,"['EY', 'T', 'TH']"
447,"['OW', 'T', 'TH']",-1,VCC,"['OW', 'T', 'TH']"
448,"['AE', 'T', 'TH']",-1,VCC,"['AE', 'T', 'TH']"
449,"['AW', 'T', 'TH']",-1,VCC,"['AW', 'T', 'TH']"
450,"['AH', 'T', 'S']",-1,VCC,"['AH', 'T', 'S']"
451,"['OY', 'T', 'S']",-1,VCC,"['OY', 'T', 'S']"
452,"['AA', 'T', 'S']",-1,VCC,"['AA', 'T', 'S']"
453,"['AY', 'T', 'S']",-1,VCC,"['AY', 'T', 'S']"
454,"['ER', 'T', 'S']",-1,VCC,"['ER', 'T', 'S']"
455,"['AO', 'T', 'S']",-1,VCC,"['AO', 'T', 'S']"
456,"['UW', 'T', 'S']",-1,VCC,"['UW', 'T', 'S']"
457,"['IH', 'T', 'S']",-1,VCC,"['IH', 'T', 'S']"
458,"['EH', 'T', 'S']",-1,VCC,"['EH', 'T', 'S']"
459,"['UH', 'T', 'S']",-1,VCC,"['UH', 'T', 'S']"
460,"['IY', 'T', 'S']",-1,VCC,"['IY', 'T', 'S']"
461,"['EY', 'T', 'S']",-1,VCC,"['EY', 'T', 'S']"
462,"['OW', 'T', 'S']",-1,VCC,"['OW', 'T', 'S']"
463,"['AE', 'T', 'S']",-1,VCC,"['AE', 'T', 'S']"
464,"['AW', 'T', 'S']",-1,VCC,"['AW', 'T', 'S']"
465,"['AH', 'T', 'SH']",-1,VCC,"['AH', 'T', 'SH']"
466,"['OY', 'T', 'SH']",-1,VCC,"['OY', 'T', 'SH']"
467,"['AA', 'T', 'SH']",-1,VCC,"['AA', 'T', 'SH']"
468,"['AY', 'T', 'SH']",-1,VCC,"['AY', 'T', 'SH']"
469,"['ER', 'T', 'SH']",-1,VCC,"['ER', 'T', 'SH']"
470,"['AO', 'T', 'SH']",-1,VCC,"['AO', 'T', 'SH']"
471,"['UW', 'T', 'SH']",-1,VCC,"['UW', 'T', 'SH']"
472,"['IH', 'T', 'SH']",-1,VCC,"['IH', 'T', 'SH']"
473,"['EH', 'T', 'SH']",-1,VCC,"['EH', 'T', 'SH']"
474,"['UH', 'T', 'SH']",-1,VCC,"['UH', 'T', 'SH']"
475,"['IY', 'T', 'SH']",-1,VCC,"['AE', 'T', 'SH']"
476,"['EY', 'T', 'SH']",-1,VCC,"['EY', 'T', 'SH']"
477,"['OW', 'T', 'SH']",-1,VCC,"['OW', 'T', 'SH']"
478,"['AE', 'T', 'SH']",-1,VCC,"['AE', 'T', 'SH']"
479,"['AW', 'T', 'SH']",-1,VCC,"['AW', 'T', 'SH']"
480,"['AH', 'T', 'Z']",-1,VCC,"['AH', 'T', 'Z']"
481,"['OY', 'T', 'Z']",-1,VCC,"['OY', 'T', 'Z']"
482,"['AA', 'T', 'Z']",-1,VCC,"['AA', 'T', 'Z']"
483,"['AY', 'T', 'Z']",-1,VCC,"['AY', 'T', 'Z']"
484,"['ER', 'T', 'Z']",-1,VCC,"['ER', 'T', 'Z']"
485,"['AO', 'T', 'Z']",-1,VCC,"['AO', 'T', 'Z']"
486,"['UW', 'T', 'Z']",-1,VCC,"['UW', 'T', 'Z']"
487,"['IH', 'T', 'Z']",-1,VCC,"['IH', 'T', 'Z']"
488,"['EH', 'T', 'Z']",-1,VCC,"['EH', 'T', 'Z']"
489,"['UH', 'T', 'Z']",-1,VCC,"['UH', 'T', 'Z']"
490,"['IY', 'T', 'Z']",-1,VCC,"['IY', 'T', 'Z']"
491,"['EY', 'T', 'Z']",-1,VCC,"['EY', 'T', 'Z']"
492,"['OW', 'T', 'Z']",-1,VCC,"['OW', 'T', 'Z']"
493,"['AE', 'T', 'Z']",-1,VCC,"['AE', 'T', 'Z']"
494,"['AW', 'T', 'Z']",-1,VCC,"['AW', 'T', 'Z']"
495,"['AH', 'T', 'ZH']",-1,VCC,"['AH', 'T', 'ZH']"
496,"['OY', 'T', 'ZH']",-1,VCC,"['OY', 'T', 'ZH']"
497,"['AA', 'T', 'ZH']",-1,VCC,"['AE', 'T', 'AA']"
498,"['AY', 'T', 'ZH']",-1,VCC,"['AY', 'T', '<EOS>']"
499,"['ER', 'T', 'ZH']",-1,VCC,"['ER', 'T', 'AE']"
500,"['AO', 'T', 'ZH']",-1,VCC,"['AO', 'T', 'ZH']"
501,"['UW', 'T', 'ZH']",-1,VCC,"['UW', 'ZH', 'T']"
502,"['IH', 'T', 'ZH']",-1,VCC,"['IH', 'T', 'ZH']"
503,"['EH', 'T', 'ZH']",-1,VCC,"['EH', 'T', 'ZH']"
504,"['UH', 'T', 'ZH']",-1,VCC,"['UH', 'T', 'ZH']"
505,"['IY', 'T', 'ZH']",-1,VCC,"['IY', 'T', 'ZH']"
506,"['EY', 'T', 'ZH']",-1,VCC,"['EY', 'T', 'ZH']"
507,"['OW', 'T', 'ZH']",-1,VCC,"['OW', 'ZH', 'T']"
508,"['AE', 'T', 'ZH']",-1,VCC,"['AE', 'T', 'ZH']"
509,"['AW', 'T', 'ZH']",-1,VCC,"['AW', 'T', 'ZH']"
510,"['AH', 'T', 'V']",-1,VCC,"['AH', 'T', 'V']"
511,"['OY', 'T', 'V']",-1,VCC,"['OY', 'T', 'V']"
512,"['AA', 'T', 'V']",-1,VCC,"['AA', 'T', 'V']"
513,"['AY', 'T', 'V']",-1,VCC,"['AY', 'T', 'V']"
514,"['ER', 'T', 'V']",-1,VCC,"['ER', 'T', 'V']"
515,"['AO', 'T', 'V']",-1,VCC,"['AO', 'T', 'V']"
516,"['UW', 'T', 'V']",-1,VCC,"['UW', 'T', 'V']"
517,"['IH', 'T', 'V']",-1,VCC,"['IH', 'T', 'V']"
518,"['EH', 'T', 'V']",-1,VCC,"['EH', 'T', 'V']"
519,"['UH', 'T', 'V']",-1,VCC,"['UH', 'T', 'V']"
520,"['IY', 'T', 'V']",-1,VCC,"['T', 'IY', 'V']"
521,"['EY', 'T', 'V']",-1,VCC,"['EY', 'T', 'V']"
522,"['OW', 'T', 'V']",-1,VCC,"['OW', 'T', 'V']"
523,"['AE', 'T', 'V']",-1,VCC,"['AE', 'T', 'V']"
524,"['AW', 'T', 'V']",-1,VCC,"['AW', 'T', 'V']"
525,"['AH', 'T', 'DH']",-1,VCC,"['AH', 'T', 'DH']"
526,"['OY', 'T', 'DH']",-1,VCC,"['OY', 'T', 'DH']"
527,"['AA', 'T', 'DH']",-1,VCC,"['AA', 'T', 'DH']"
528,"['AY', 'T', 'DH']",-1,VCC,"['AY', 'T', 'DH']"
529,"['ER', 'T', 'DH']",-1,VCC,"['ER', 'T', 'DH']"
530,"['AO', 'T', 'DH']",-1,VCC,"['AO', 'DH', 'T']"
531,"['UW', 'T', 'DH']",-1,VCC,"['UW', 'DH', 'T']"
532,"['IH', 'T', 'DH']",-1,VCC,"['IH', 'T', 'DH']"
533,"['EH', 'T', 'DH']",-1,VCC,"['EH', 'DH', 'T']"
534,"['UH', 'T', 'DH']",-1,VCC,"['UH', 'T', 'DH']"
535,"['IY', 'T', 'DH']",-1,VCC,"['IY', 'T', 'DH']"
536,"['EY', 'T', 'DH']",-1,VCC,"['EY', 'T', 'DH']"
537,"['OW', 'T', 'DH']",-1,VCC,"['OW', 'DH', 'T']"
538,"['AE', 'T', 'DH']",-1,VCC,"['AE', 'T', 'DH']"
539,"['AW', 'T', 'DH']",-1,VCC,"['AW', 'T', 'DH']"
540,"['AH', 'T', 'HH']",-1,VCC,"['AH', 'T', 'HH']"
541,"['OY', 'T', 'HH']",-1,VCC,"['OY', 'T', 'HH']"
542,"['AA', 'T', 'HH']",-1,VCC,"['AA', 'T', 'HH']"
543,"['AY', 'T', 'HH']",-1,VCC,"['AY', 'T', 'HH']"
544,"['ER', 'T', 'HH']",-1,VCC,"['ER', 'T', 'HH']"
545,"['AO', 'T', 'HH']",-1,VCC,"['AO', 'T', 'HH']"
546,"['UW', 'T', 'HH']",-1,VCC,"['AE', 'UW', 'T']"
547,"['IH', 'T', 'HH']",-1,VCC,"['IH', 'T', 'HH']"
548,"['EH', 'T', 'HH']",-1,VCC,"['EH', 'T', 'HH']"
549,"['UH', 'T', 'HH']",-1,VCC,"['T', 'UH', 'HH']"
550,"['IY', 'T', 'HH']",-1,VCC,"['IY', 'T', 'HH']"
551,"['EY', 'T', 'HH']",-1,VCC,"['EY', 'T', 'HH']"
552,"['OW', 'T', 'HH']",-1,VCC,"['OW', 'T', 'HH']"
553,"['AE', 'T', 'HH']",-1,VCC,"['AE', 'T', 'HH']"
554,"['AW', 'T', 'HH']",-1,VCC,"['AW', 'T', 'HH']"
555,"['AH', 'T', 'CH']",-2,VCC,"['AH', 'T', 'CH']"
556,"['OY', 'T', 'CH']",-2,VCC,"['OY', 'T', 'CH']"
557,"['AA', 'T', 'CH']",-2,VCC,"['AA', 'T', 'CH']"
558,"['AY', 'T', 'CH']",-2,VCC,"['AY', 'T', 'CH']"
559,"['ER', 'T', 'CH']",-2,VCC,"['ER', 'T', 'CH']"
560,"['AO', 'T', 'CH']",-2,VCC,"['AO', 'T', 'CH']"
561,"['UW', 'T', 'CH']",-2,VCC,"['UW', 'T', 'CH']"
562,"['IH', 'T', 'CH']",-2,VCC,"['IH', 'T', 'CH']"
563,"['EH', 'T', 'CH']",-2,VCC,"['EH', 'T', 'CH']"
564,"['UH', 'T', 'CH']",-2,VCC,"['T', 'UH', 'CH']"
565,"['IY', 'T', 'CH']",-2,VCC,"['IY', 'T', 'CH']"
566,"['EY', 'T', 'CH']",-2,VCC,"['EY', 'T', 'CH']"
567,"['OW', 'T', 'CH']",-2,VCC,"['OW', 'T', 'CH']"
568,"['AE', 'T', 'CH']",-2,VCC,"['AE', 'T', 'CH']"
569,"['AW', 'T', 'CH']",-2,VCC,"['AW', 'T', 'CH']"
570,"['AH', 'T', 'JH']",-2,VCC,"['AH', 'T', 'JH']"
571,"['OY', 'T', 'JH']",-2,VCC,"['OY', 'T', 'JH']"
572,"['AA', 'T', 'JH']",-2,VCC,"['AA', 'T', 'JH']"
573,"['AY', 'T', 'JH']",-2,VCC,"['AY', 'T', 'JH']"
574,"['ER', 'T', 'JH']",-2,VCC,"['ER', 'T', 'JH']"
575,"['AO', 'T', 'JH']",-2,VCC,"['AO', 'T', 'JH']"
576,"['UW', 'T', 'JH']",-2,VCC,"['AE', 'T', 'V']"
577,"['IH', 'T', 'JH']",-2,VCC,"['IH', 'T', 'JH']"
578,"['EH', 'T', 'JH']",-2,VCC,"['EH', 'T', 'JH']"
579,"['UH', 'T', 'JH']",-2,VCC,"['UH', 'T', 'JH']"
580,"['IY', 'T', 'JH']",-2,VCC,"['IY', 'T', 'JH']"
581,"['EY', 'T', 'JH']",-2,VCC,"['EY', 'T', 'JH']"
582,"['OW', 'T', 'JH']",-2,VCC,"['OW', 'T', 'JH']"
583,"['AE', 'T', 'JH']",-2,VCC,"['AE', 'T', 'JH']"
584,"['AW', 'T', 'JH']",-2,VCC,"['AW', 'T', 'JH']"
585,"['AH', 'T', 'M']",-3,VCC,"['AH', 'T', 'M']"
586,"['OY', 'T', 'M']",-3,VCC,"['OY', 'T', 'M']"
587,"['AA', 'T', 'M']",-3,VCC,"['AA', 'T', 'M']"
588,"['AY', 'T', 'M']",-3,VCC,"['AY', 'T', 'M']"
589,"['ER', 'T', 'M']",-3,VCC,"['ER', 'T', 'M']"
590,"['AO', 'T', 'M']",-3,VCC,"['AO', 'T', 'M']"
591,"['UW', 'T', 'M']",-3,VCC,"['UW', 'T', 'M']"
592,"['IH', 'T', 'M']",-3,VCC,"['IH', 'T', 'M']"
593,"['EH', 'T', 'M']",-3,VCC,"['EH', 'T', 'M']"
594,"['UH', 'T', 'M']",-3,VCC,"['UH', 'T', 'M']"
595,"['IY', 'T', 'M']",-3,VCC,"['IY', 'T', 'M']"
596,"['EY', 'T', 'M']",-3,VCC,"['EY', 'T', 'M']"
597,"['OW', 'T', 'M']",-3,VCC,"['OW', 'T', 'M']"
598,"['AE', 'T', 'M']",-3,VCC,"['AE', 'T', 'M']"
599,"['AW', 'T', 'M']",-3,VCC,"['AW', 'T', 'M']"
600,"['AH', 'T', 'N']",-3,VCC,"['AH', 'T', 'N']"
601,"['OY', 'T', 'N']",-3,VCC,"['OY', 'T', 'N']"
602,"['AA', 'T', 'N']",-3,VCC,"['AA', 'T', 'N']"
603,"['AY', 'T', 'N']",-3,VCC,"['AY', 'T', '<EOS>']"
604,"['ER', 'T', 'N']",-3,VCC,"['ER', 'T', 'N']"
605,"['AO', 'T', 'N']",-3,VCC,"['AO', 'T', 'N']"
606,"['UW', 'T', 'N']",-3,VCC,"['UW', 'T', 'N']"
607,"['IH', 'T', 'N']",-3,VCC,"['IH', 'T', 'N']"
608,"['EH', 'T', 'N']",-3,VCC,"['EH', 'T', 'N']"
609,"['UH', 'T', 'N']",-3,VCC,"['UH', 'T', 'N']"
610,"['IY', 'T', 'N']",-3,VCC,"['IY', 'T', 'N']"
611,"['EY', 'T', 'N']",-3,VCC,"['EY', 'T', 'N']"
612,"['OW', 'T', 'N']",-3,VCC,"['OW', 'T', 'N']"
613,"['AE', 'T', 'N']",-3,VCC,"['AE', 'T', 'N']"
614,"['AW', 'T', 'N']",-3,VCC,"['AW', 'T', 'N']"
615,"['AH', 'T', 'NG']",-3,VCC,"['AH', 'T', 'NG']"
616,"['OY', 'T', 'NG']",-3,VCC,"['OY', 'T', 'NG']"
617,"['AA', 'T', 'NG']",-3,VCC,"['AA', 'T', 'NG']"
618,"['AY', 'T', 'NG']",-3,VCC,"['AY', 'T', 'NG']"
619,"['ER', 'T', 'NG']",-3,VCC,"['ER', 'T', 'NG']"
620,"['AO', 'T', 'NG']",-3,VCC,"['AO', 'T', 'NG']"
621,"['UW', 'T', 'NG']",-3,VCC,"['UW', 'T', 'NG']"
622,"['IH', 'T', 'NG']",-3,VCC,"['IH', 'T', 'NG']"
623,"['EH', 'T', 'NG']",-3,VCC,"['EH', 'T', 'NG']"
624,"['UH', 'T', 'NG']",-3,VCC,"['UH', 'T', 'NG']"
625,"['IY', 'T', 'NG']",-3,VCC,"['IY', 'T', 'NG']"
626,"['EY', 'T', 'NG']",-3,VCC,"['EY', 'T', 'NG']"
627,"['OW', 'T', 'NG']",-3,VCC,"['OW', 'T', 'NG']"
628,"['AE', 'T', 'NG']",-3,VCC,"['AE', 'NG', 'T']"
629,"['AW', 'T', 'NG']",-3,VCC,"['AW', 'T', 'NG']"
630,"['AH', 'T', 'L']",-4,VCC,"['AH', 'T', 'L']"
631,"['OY', 'T', 'L']",-4,VCC,"['OY', 'T', 'L']"
632,"['AA', 'T', 'L']",-4,VCC,"['AA', 'T', 'L']"
633,"['AY', 'T', 'L']",-4,VCC,"['AY', 'T', 'L']"
634,"['ER', 'T', 'L']",-4,VCC,"['ER', 'T', 'L']"
635,"['AO', 'T', 'L']",-4,VCC,"['AO', 'T', 'L']"
636,"['UW', 'T', 'L']",-4,VCC,"['UW', 'T', 'L']"
637,"['IH', 'T', 'L']",-4,VCC,"['IH', 'T', 'L']"
638,"['EH', 'T', 'L']",-4,VCC,"['EH', 'T', 'L']"
639,"['UH', 'T', 'L']",-4,VCC,"['T', 'UH', 'L']"
640,"['IY', 'T', 'L']",-4,VCC,"['IY', 'T', 'L']"
641,"['EY', 'T', 'L']",-4,VCC,"['EY', 'T', 'L']"
642,"['OW', 'T', 'L']",-4,VCC,"['OW', 'T', 'L']"
643,"['AE', 'T', 'L']",-4,VCC,"['AE', 'T', 'L']"
644,"['AW', 'T', 'L']",-4,VCC,"['AW', 'T', 'L']"
645,"['AH', 'T', 'R']",-4,VCC,"['AH', 'T', 'R']"
646,"['OY', 'T', 'R']",-4,VCC,"['OY', 'T', 'R']"
647,"['AA', 'T', 'R']",-4,VCC,"['AA', 'T', 'R']"
648,"['AY', 'T', 'R']",-4,VCC,"['AY', 'T', 'R']"
649,"['ER', 'T', 'R']",-4,VCC,"['ER', 'T', 'R']"
650,"['AO', 'T', 'R']",-4,VCC,"['AO', 'T', 'R']"
651,"['UW', 'T', 'R']",-4,VCC,"['UW', 'T', 'R']"
652,"['IH', 'T', 'R']",-4,VCC,"['IH', 'T', 'R']"
653,"['EH', 'T', 'R']",-4,VCC,"['EH', 'R', 'T']"
654,"['UH', 'T', 'R']",-4,VCC,"['UH', 'T', 'R']"
655,"['IY', 'T', 'R']",-4,VCC,"['IY', 'T', 'R']"
656,"['EY', 'T', 'R']",-4,VCC,"['EY', 'T', 'R']"
657,"['OW', 'T', 'R']",-4,VCC,"['OW', 'T', 'R']"
658,"['AE', 'T', 'R']",-4,VCC,"['AE', 'T', 'R']"
659,"['AW', 'T', 'R']",-4,VCC,"['AW', 'T', 'R']"
660,"['AH', 'T', 'W']",-5,VCC,"['AH', 'T', 'W']"
661,"['OY', 'T', 'W']",-5,VCC,"['OY', 'T', 'W']"
662,"['AA', 'T', 'W']",-5,VCC,"['AA', 'T', 'W']"
663,"['AY', 'T', 'W']",-5,VCC,"['AY', 'T', 'W']"
664,"['ER', 'T', 'W']",-5,VCC,"['ER', 'T', 'W']"
665,"['AO', 'T', 'W']",-5,VCC,"['AO', 'T', 'W']"
666,"['UW', 'T', 'W']",-5,VCC,"['T', 'UW', 'W']"
667,"['IH', 'T', 'W']",-5,VCC,"['IH', 'T', 'W']"
668,"['EH', 'T', 'W']",-5,VCC,"['EH', 'T', 'W']"
669,"['UH', 'T', 'W']",-5,VCC,"['T', 'UH', 'W']"
670,"['IY', 'T', 'W']",-5,VCC,"['T', 'IY', 'W']"
671,"['EY', 'T', 'W']",-5,VCC,"['EY', 'T', 'W']"
672,"['OW', 'T', 'W']",-5,VCC,"['OW', 'T', 'W']"
673,"['AE', 'T', 'W']",-5,VCC,"['AE', 'T', 'W']"
674,"['AW', 'T', 'W']",-5,VCC,"['AW', 'T', 'W']"
675,"['AH', 'T', 'Y']",-5,VCC,"['AH', 'T', 'Y']"
676,"['OY', 'T', 'Y']",-5,VCC,"['OY', 'T', 'Y']"
677,"['AA', 'T', 'Y']",-5,VCC,"['AA', 'T', 'P']"
678,"['AY', 'T', 'Y']",-5,VCC,"['AY', 'T', 'Y']"
679,"['ER', 'T', 'Y']",-5,VCC,"['ER', 'T', 'Y']"
680,"['AO', 'T', 'Y']",-5,VCC,"['AO', 'T', 'Y']"
681,"['UW', 'T', 'Y']",-5,VCC,"['AE', 'T', 'Y']"
682,"['IH', 'T', 'Y']",-5,VCC,"['IH', 'T', 'Y']"
683,"['EH', 'T', 'Y']",-5,VCC,"['EH', 'T', 'Y']"
684,"['UH', 'T', 'Y']",-5,VCC,"['UH', 'T', 'Y']"
685,"['IY', 'T', 'Y']",-5,VCC,"['IY', 'T', 'Y']"
686,"['EY', 'T', 'Y']",-5,VCC,"['EY', 'T', 'Y']"
687,"['OW', 'T', 'Y']",-5,VCC,"['OW', 'T', 'Y']"
688,"['AE', 'T', 'Y']",-5,VCC,"['AE', 'T', 'Y']"
689,"['AW', 'T', 'Y']",-5,VCC,"['AW', 'T', 'Y']"
690,"['AH', 'K', 'P']",0,VCC,"['AH', 'K', 'P']"
691,"['OY', 'K', 'P']",0,VCC,"['OY', 'K', 'P']"
692,"['AA', 'K', 'P']",0,VCC,"['AA', 'K', 'P']"
693,"['AY', 'K', 'P']",0,VCC,"['AY', 'K', 'P']"
694,"['ER', 'K', 'P']",0,VCC,"['ER', 'K', 'P']"
695,"['AO', 'K', 'P']",0,VCC,"['AO', 'K', 'P']"
696,"['UW', 'K', 'P']",0,VCC,"['UW', 'K', 'P']"
697,"['IH', 'K', 'P']",0,VCC,"['IH', 'K', 'P']"
698,"['EH', 'K', 'P']",0,VCC,"['EH', 'K', 'P']"
699,"['UH', 'K', 'P']",0,VCC,"['IH', 'K', 'P']"
700,"['IY', 'K', 'P']",0,VCC,"['IY', 'K', 'P']"
701,"['EY', 'K', 'P']",0,VCC,"['EY', 'K', 'P']"
702,"['OW', 'K', 'P']",0,VCC,"['OW', 'K', 'P']"
703,"['AE', 'K', 'P']",0,VCC,"['AE', 'K', 'P']"
704,"['AW', 'K', 'P']",0,VCC,"['AW', 'K', 'P']"
705,"['AH', 'K', 'T']",0,VCC,"['AH', 'K', 'T']"
706,"['OY', 'K', 'T']",0,VCC,"['OY', 'K', 'T']"
707,"['AA', 'K', 'T']",0,VCC,"['AA', 'K', 'T']"
708,"['AY', 'K', 'T']",0,VCC,"['AY', 'K', 'T']"
709,"['ER', 'K', 'T']",0,VCC,"['ER', 'K', 'T']"
710,"['AO', 'K', 'T']",0,VCC,"['AO', 'K', 'T']"
711,"['UW', 'K', 'T']",0,VCC,"['UW', 'K', 'T']"
712,"['IH', 'K', 'T']",0,VCC,"['IH', 'K', 'T']"
713,"['EH', 'K', 'T']",0,VCC,"['EH', 'K', 'T']"
714,"['UH', 'K', 'T']",0,VCC,"['UH', 'K', 'T']"
715,"['IY', 'K', 'T']",0,VCC,"['IY', 'K', 'T']"
716,"['EY', 'K', 'T']",0,VCC,"['EY', 'K', 'T']"
717,"['OW', 'K', 'T']",0,VCC,"['OW', 'K', 'T']"
718,"['AE', 'K', 'T']",0,VCC,"['AE', 'K', 'T']"
719,"['AW', 'K', 'T']",0,VCC,"['AW', 'K', 'T']"
720,"['AH', 'K', 'B']",0,VCC,"['AH', 'K', 'B']"
721,"['OY', 'K', 'B']",0,VCC,"['OY', 'K', 'B']"
722,"['AA', 'K', 'B']",0,VCC,"['AA', 'K', 'B']"
723,"['AY', 'K', 'B']",0,VCC,"['AY', 'K', 'B']"
724,"['ER', 'K', 'B']",0,VCC,"['ER', 'K', 'B']"
725,"['AO', 'K', 'B']",0,VCC,"['AO', 'K', 'B']"
726,"['UW', 'K', 'B']",0,VCC,"['UW', 'K', 'B']"
727,"['IH', 'K', 'B']",0,VCC,"['IH', 'K', 'B']"
728,"['EH', 'K', 'B']",0,VCC,"['EH', 'K', 'B']"
729,"['UH', 'K', 'B']",0,VCC,"['UH', 'K', 'B']"
730,"['IY', 'K', 'B']",0,VCC,"['IY', 'K', 'B']"
731,"['EY', 'K', 'B']",0,VCC,"['EY', 'K', 'B']"
732,"['OW', 'K', 'B']",0,VCC,"['OW', 'K', 'B']"
733,"['AE', 'K', 'B']",0,VCC,"['AE', 'K', 'B']"
734,"['AW', 'K', 'B']",0,VCC,"['AW', 'K', 'B']"
735,"['AH', 'K', 'D']",0,VCC,"['AH', 'K', 'D']"
736,"['OY', 'K', 'D']",0,VCC,"['OY', 'K', 'D']"
737,"['AA', 'K', 'D']",0,VCC,"['AA', 'K', 'D']"
738,"['AY', 'K', 'D']",0,VCC,"['AY', 'K', 'D']"
739,"['ER', 'K', 'D']",0,VCC,"['ER', 'K', 'D']"
740,"['AO', 'K', 'D']",0,VCC,"['AO', 'K', 'D']"
741,"['UW', 'K', 'D']",0,VCC,"['UW', 'K', 'D']"
742,"['IH', 'K', 'D']",0,VCC,"['IH', 'K', 'D']"
743,"['EH', 'K', 'D']",0,VCC,"['EH', 'K', 'D']"
744,"['UH', 'K', 'D']",0,VCC,"['UH', 'K', 'D']"
745,"['IY', 'K', 'D']",0,VCC,"['IY', 'K', 'D']"
746,"['EY', 'K', 'D']",0,VCC,"['EY', 'K', 'D']"
747,"['OW', 'K', 'D']",0,VCC,"['OW', 'K', 'D']"
748,"['AE', 'K', 'D']",0,VCC,"['AE', 'K', 'D']"
749,"['AW', 'K', 'D']",0,VCC,"['AW', 'K', 'D']"
750,"['AH', 'K', 'G']",0,VCC,"['AH', 'K', 'G']"
751,"['OY', 'K', 'G']",0,VCC,"['OY', 'K', 'G']"
752,"['AA', 'K', 'G']",0,VCC,"['AA', 'K', 'G']"
753,"['AY', 'K', 'G']",0,VCC,"['AY', 'K', 'G']"
754,"['ER', 'K', 'G']",0,VCC,"['ER', 'K', 'G']"
755,"['AO', 'K', 'G']",0,VCC,"['AO', 'K', 'G']"
756,"['UW', 'K', 'G']",0,VCC,"['UW', 'K', 'G']"
757,"['IH', 'K', 'G']",0,VCC,"['IH', 'K', 'G']"
758,"['EH', 'K', 'G']",0,VCC,"['EH', 'K', 'G']"
759,"['UH', 'K', 'G']",0,VCC,"['UH', 'K', 'G']"
760,"['IY', 'K', 'G']",0,VCC,"['IY', 'K', 'G']"
761,"['EY', 'K', 'G']",0,VCC,"['EY', 'K', 'G']"
762,"['OW', 'K', 'G']",0,VCC,"['OW', 'K', 'G']"
763,"['AE', 'K', 'G']",0,VCC,"['AE', 'K', 'G']"
764,"['AW', 'K', 'G']",0,VCC,"['AW', 'K', 'G']"
765,"['AH', 'K', 'F']",-1,VCC,"['AH', 'K', 'F']"
766,"['OY', 'K', 'F']",-1,VCC,"['OY', 'K', 'F']"
767,"['AA', 'K', 'F']",-1,VCC,"['AA', 'K', 'F']"
768,"['AY', 'K', 'F']",-1,VCC,"['AY', 'K', 'F']"
769,"['ER', 'K', 'F']",-1,VCC,"['ER', 'K', 'F']"
770,"['AO', 'K', 'F']",-1,VCC,"['AO', 'K', 'F']"
771,"['UW', 'K', 'F']",-1,VCC,"['UW', 'K', 'F']"
772,"['IH', 'K', 'F']",-1,VCC,"['IH', 'K', 'F']"
773,"['EH', 'K', 'F']",-1,VCC,"['EH', 'K', 'F']"
774,"['UH', 'K', 'F']",-1,VCC,"['UH', 'K', 'F']"
775,"['IY', 'K', 'F']",-1,VCC,"['IY', 'K', 'F']"
776,"['EY', 'K', 'F']",-1,VCC,"['EY', 'K', 'F']"
777,"['OW', 'K', 'F']",-1,VCC,"['OW', 'K', 'F']"
778,"['AE', 'K', 'F']",-1,VCC,"['AE', 'K', 'F']"
779,"['AW', 'K', 'F']",-1,VCC,"['AW', 'K', 'F']"
780,"['AH', 'K', 'TH']",-1,VCC,"['AH', 'K', 'TH']"
781,"['OY', 'K', 'TH']",-1,VCC,"['OY', 'K', 'TH']"
782,"['AA', 'K', 'TH']",-1,VCC,"['AA', 'K', 'TH']"
783,"['AY', 'K', 'TH']",-1,VCC,"['AY', 'K', 'TH']"
784,"['ER', 'K', 'TH']",-1,VCC,"['ER', 'K', 'TH']"
785,"['AO', 'K', 'TH']",-1,VCC,"['AO', 'K', 'TH']"
786,"['UW', 'K', 'TH']",-1,VCC,"['UW', 'K', 'TH']"
787,"['IH', 'K', 'TH']",-1,VCC,"['IH', 'K', 'TH']"
788,"['EH', 'K', 'TH']",-1,VCC,"['EH', 'K', 'TH']"
789,"['UH', 'K', 'TH']",-1,VCC,"['UH', 'K', 'TH']"
790,"['IY', 'K', 'TH']",-1,VCC,"['IY', 'K', 'TH']"
791,"['EY', 'K', 'TH']",-1,VCC,"['EY', 'K', 'TH']"
792,"['OW', 'K', 'TH']",-1,VCC,"['OW', 'K', 'TH']"
793,"['AE', 'K', 'TH']",-1,VCC,"['AE', 'K', 'TH']"
794,"['AW', 'K', 'TH']",-1,VCC,"['AW', 'K', 'TH']"
795,"['AH', 'K', 'S']",-1,VCC,"['AH', 'K', 'S']"
796,"['OY', 'K', 'S']",-1,VCC,"['OY', 'K', 'S']"
797,"['AA', 'K', 'S']",-1,VCC,"['AA', 'K', 'S']"
798,"['AY', 'K', 'S']",-1,VCC,"['AY', 'K', 'S']"
799,"['ER', 'K', 'S']",-1,VCC,"['ER', 'K', 'S']"
800,"['AO', 'K', 'S']",-1,VCC,"['AO', 'K', 'S']"
801,"['UW', 'K', 'S']",-1,VCC,"['UW', 'K', 'S']"
802,"['IH', 'K', 'S']",-1,VCC,"['IH', 'K', 'S']"
803,"['EH', 'K', 'S']",-1,VCC,"['EH', 'K', 'S']"
804,"['UH', 'K', 'S']",-1,VCC,"['UH', 'K', 'S']"
805,"['IY', 'K', 'S']",-1,VCC,"['IY', 'K', 'S']"
806,"['EY', 'K', 'S']",-1,VCC,"['EY', 'K', 'S']"
807,"['OW', 'K', 'S']",-1,VCC,"['OW', 'K', 'S']"
808,"['AE', 'K', 'S']",-1,VCC,"['AE', 'K', 'S']"
809,"['AW', 'K', 'S']",-1,VCC,"['AW', 'K', 'S']"
810,"['AH', 'K', 'SH']",-1,VCC,"['AH', 'K', 'SH']"
811,"['OY', 'K', 'SH']",-1,VCC,"['OY', 'K', 'SH']"
812,"['AA', 'K', 'SH']",-1,VCC,"['AA', 'K', 'SH']"
813,"['AY', 'K', 'SH']",-1,VCC,"['AY', 'K', 'SH']"
814,"['ER', 'K', 'SH']",-1,VCC,"['ER', 'K', 'SH']"
815,"['AO', 'K', 'SH']",-1,VCC,"['AO', 'K', 'SH']"
816,"['UW', 'K', 'SH']",-1,VCC,"['UW', 'K', 'SH']"
817,"['IH', 'K', 'SH']",-1,VCC,"['IH', 'K', 'SH']"
818,"['EH', 'K', 'SH']",-1,VCC,"['EH', 'K', 'SH']"
819,"['UH', 'K', 'SH']",-1,VCC,"['UH', 'K', 'SH']"
820,"['IY', 'K', 'SH']",-1,VCC,"['IY', 'K', 'SH']"
821,"['EY', 'K', 'SH']",-1,VCC,"['EY', 'K', 'SH']"
822,"['OW', 'K', 'SH']",-1,VCC,"['OW', 'K', 'SH']"
823,"['AE', 'K', 'SH']",-1,VCC,"['AE', 'K', 'SH']"
824,"['AW', 'K', 'SH']",-1,VCC,"['AW', 'K', 'SH']"
825,"['AH', 'K', 'Z']",-1,VCC,"['AH', 'K', 'Z']"
826,"['OY', 'K', 'Z']",-1,VCC,"['OY', 'K', 'Z']"
827,"['AA', 'K', 'Z']",-1,VCC,"['AA', 'K', 'Z']"
828,"['AY', 'K', 'Z']",-1,VCC,"['AY', 'K', 'Z']"
829,"['ER', 'K', 'Z']",-1,VCC,"['ER', 'K', 'Z']"
830,"['AO', 'K', 'Z']",-1,VCC,"['AO', 'K', 'Z']"
831,"['UW', 'K', 'Z']",-1,VCC,"['UW', 'K', 'Z']"
832,"['IH', 'K', 'Z']",-1,VCC,"['IH', 'K', 'Z']"
833,"['EH', 'K', 'Z']",-1,VCC,"['EH', 'K', 'Z']"
834,"['UH', 'K', 'Z']",-1,VCC,"['UH', 'K', 'Z']"
835,"['IY', 'K', 'Z']",-1,VCC,"['IY', 'K', 'Z']"
836,"['EY', 'K', 'Z']",-1,VCC,"['EY', 'K', 'Z']"
837,"['OW', 'K', 'Z']",-1,VCC,"['OW', 'K', 'Z']"
838,"['AE', 'K', 'Z']",-1,VCC,"['AE', 'K', 'Z']"
839,"['AW', 'K', 'Z']",-1,VCC,"['AW', 'K', 'Z']"
840,"['AH', 'K', 'ZH']",-1,VCC,"['AH', 'K', 'SH']"
841,"['OY', 'K', 'ZH']",-1,VCC,"['OY', 'K', 'ZH']"
842,"['AA', 'K', 'ZH']",-1,VCC,"['AA', 'K', 'ZH']"
843,"['AY', 'K', 'ZH']",-1,VCC,"['AY', 'K', '<EOS>']"
844,"['ER', 'K', 'ZH']",-1,VCC,"['ER', 'K', 'AE']"
845,"['AO', 'K', 'ZH']",-1,VCC,"['AO', 'K', 'SH']"
846,"['UW', 'K', 'ZH']",-1,VCC,"['UW', 'K', 'AE']"
847,"['IH', 'K', 'ZH']",-1,VCC,"['IH', 'K', 'SH']"
848,"['EH', 'K', 'ZH']",-1,VCC,"['EH', 'K', 'ZH']"
849,"['UH', 'K', 'ZH']",-1,VCC,"['UH', 'K', 'SH']"
850,"['IY', 'K', 'ZH']",-1,VCC,"['IY', 'K', 'AE']"
851,"['EY', 'K', 'ZH']",-1,VCC,"['EY', 'K', 'SH']"
852,"['OW', 'K', 'ZH']",-1,VCC,"['OW', 'K', 'ZH']"
853,"['AE', 'K', 'ZH']",-1,VCC,"['AE', 'K', 'ZH']"
854,"['AW', 'K', 'ZH']",-1,VCC,"['AW', 'K', 'SH']"
855,"['AH', 'K', 'V']",-1,VCC,"['AH', 'K', 'V']"
856,"['OY', 'K', 'V']",-1,VCC,"['OY', 'K', 'V']"
857,"['AA', 'K', 'V']",-1,VCC,"['AA', 'K', 'V']"
858,"['AY', 'K', 'V']",-1,VCC,"['AY', 'K', 'V']"
859,"['ER', 'K', 'V']",-1,VCC,"['ER', 'K', 'V']"
860,"['AO', 'K', 'V']",-1,VCC,"['AO', 'K', 'V']"
861,"['UW', 'K', 'V']",-1,VCC,"['UW', 'K', 'V']"
862,"['IH', 'K', 'V']",-1,VCC,"['IH', 'K', 'V']"
863,"['EH', 'K', 'V']",-1,VCC,"['EH', 'K', 'V']"
864,"['UH', 'K', 'V']",-1,VCC,"['UH', 'K', 'V']"
865,"['IY', 'K', 'V']",-1,VCC,"['IH', 'K', 'V']"
866,"['EY', 'K', 'V']",-1,VCC,"['EY', 'K', 'V']"
867,"['OW', 'K', 'V']",-1,VCC,"['OW', 'K', 'V']"
868,"['AE', 'K', 'V']",-1,VCC,"['AE', 'K', 'V']"
869,"['AW', 'K', 'V']",-1,VCC,"['AW', 'K', 'V']"
870,"['AH', 'K', 'DH']",-1,VCC,"['AH', 'K', 'DH']"
871,"['OY', 'K', 'DH']",-1,VCC,"['OY', 'K', 'DH']"
872,"['AA', 'K', 'DH']",-1,VCC,"['AA', 'K', 'DH']"
873,"['AY', 'K', 'DH']",-1,VCC,"['AY', 'K', 'DH']"
874,"['ER', 'K', 'DH']",-1,VCC,"['ER', 'K', 'DH']"
875,"['AO', 'K', 'DH']",-1,VCC,"['AO', 'K', 'DH']"
876,"['UW', 'K', 'DH']",-1,VCC,"['DH', 'UW', 'K']"
877,"['IH', 'K', 'DH']",-1,VCC,"['IH', 'K', 'DH']"
878,"['EH', 'K', 'DH']",-1,VCC,"['EH', 'K', 'DH']"
879,"['UH', 'K', 'DH']",-1,VCC,"['UH', 'K', 'DH']"
880,"['IY', 'K', 'DH']",-1,VCC,"['IY', 'K', 'DH']"
881,"['EY', 'K', 'DH']",-1,VCC,"['EY', 'K', 'DH']"
882,"['OW', 'K', 'DH']",-1,VCC,"['OW', 'K', 'DH']"
883,"['AE', 'K', 'DH']",-1,VCC,"['AE', 'K', 'DH']"
884,"['AW', 'K', 'DH']",-1,VCC,"['AW', 'DH', 'K']"
885,"['AH', 'K', 'HH']",-1,VCC,"['AH', 'K', 'HH']"
886,"['OY', 'K', 'HH']",-1,VCC,"['OY', 'K', 'HH']"
887,"['AA', 'K', 'HH']",-1,VCC,"['AA', 'K', 'HH']"
888,"['AY', 'K', 'HH']",-1,VCC,"['AY', 'K', 'HH']"
889,"['ER', 'K', 'HH']",-1,VCC,"['ER', 'K', 'HH']"
890,"['AO', 'K', 'HH']",-1,VCC,"['AO', 'K', 'HH']"
891,"['UW', 'K', 'HH']",-1,VCC,"['UW', 'K', 'HH']"
892,"['IH', 'K', 'HH']",-1,VCC,"['IH', 'K', 'HH']"
893,"['EH', 'K', 'HH']",-1,VCC,"['EH', 'K', 'HH']"
894,"['UH', 'K', 'HH']",-1,VCC,"['EH', 'K', 'UH']"
895,"['IY', 'K', 'HH']",-1,VCC,"['IY', 'K', 'HH']"
896,"['EY', 'K', 'HH']",-1,VCC,"['EY', 'K', 'HH']"
897,"['OW', 'K', 'HH']",-1,VCC,"['OW', 'K', 'HH']"
898,"['AE', 'K', 'HH']",-1,VCC,"['AE', 'K', 'HH']"
899,"['AW', 'K', 'HH']",-1,VCC,"['AW', 'K', 'HH']"
900,"['AH', 'K', 'CH']",-2,VCC,"['AH', 'K', 'CH']"
901,"['OY', 'K', 'CH']",-2,VCC,"['OY', 'K', 'CH']"
902,"['AA', 'K', 'CH']",-2,VCC,"['AA', 'K', 'CH']"
903,"['AY', 'K', 'CH']",-2,VCC,"['AY', 'K', 'CH']"
904,"['ER', 'K', 'CH']",-2,VCC,"['ER', 'K', 'CH']"
905,"['AO', 'K', 'CH']",-2,VCC,"['AO', 'K', 'CH']"
906,"['UW', 'K', 'CH']",-2,VCC,"['UW', 'K', 'CH']"
907,"['IH', 'K', 'CH']",-2,VCC,"['IH', 'K', 'CH']"
908,"['EH', 'K', 'CH']",-2,VCC,"['EH', 'K', 'CH']"
909,"['UH', 'K', 'CH']",-2,VCC,"['UH', 'K', 'CH']"
910,"['IY', 'K', 'CH']",-2,VCC,"['IY', 'K', 'CH']"
911,"['EY', 'K', 'CH']",-2,VCC,"['EY', 'K', 'CH']"
912,"['OW', 'K', 'CH']",-2,VCC,"['OW', 'K', 'CH']"
913,"['AE', 'K', 'CH']",-2,VCC,"['AE', 'K', 'CH']"
914,"['AW', 'K', 'CH']",-2,VCC,"['AW', 'K', 'CH']"
915,"['AH', 'K', 'JH']",-2,VCC,"['AH', 'K', 'JH']"
916,"['OY', 'K', 'JH']",-2,VCC,"['OY', 'K', 'JH']"
917,"['AA', 'K', 'JH']",-2,VCC,"['AA', 'K', 'JH']"
918,"['AY', 'K', 'JH']",-2,VCC,"['AY', 'K', 'JH']"
919,"['ER', 'K', 'JH']",-2,VCC,"['ER', 'K', 'JH']"
920,"['AO', 'K', 'JH']",-2,VCC,"['AO', 'K', 'JH']"
921,"['UW', 'K', 'JH']",-2,VCC,"['EH', 'K', 'V']"
922,"['IH', 'K', 'JH']",-2,VCC,"['IH', 'K', 'JH']"
923,"['EH', 'K', 'JH']",-2,VCC,"['EH', 'K', 'SH']"
924,"['UH', 'K', 'JH']",-2,VCC,"['UH', 'K', 'JH']"
925,"['IY', 'K', 'JH']",-2,VCC,"['IY', 'K', 'JH']"
926,"['EY', 'K', 'JH']",-2,VCC,"['EY', 'K', 'JH']"
927,"['OW', 'K', 'JH']",-2,VCC,"['OW', 'K', 'JH']"
928,"['AE', 'K', 'JH']",-2,VCC,"['AE', 'K', 'JH']"
929,"['AW', 'K', 'JH']",-2,VCC,"['AW', 'K', 'JH']"
930,"['AH', 'K', 'M']",-3,VCC,"['AH', 'K', 'M']"
931,"['OY', 'K', 'M']",-3,VCC,"['OY', 'K', 'M']"
932,"['AA', 'K', 'M']",-3,VCC,"['AA', 'K', 'M']"
933,"['AY', 'K', 'M']",-3,VCC,"['AY', 'K', 'M']"
934,"['ER', 'K', 'M']",-3,VCC,"['ER', 'K', 'M']"
935,"['AO', 'K', 'M']",-3,VCC,"['AO', 'K', 'M']"
936,"['UW', 'K', 'M']",-3,VCC,"['UW', 'K', 'M']"
937,"['IH', 'K', 'M']",-3,VCC,"['IH', 'K', 'M']"
938,"['EH', 'K', 'M']",-3,VCC,"['EH', 'K', 'M']"
939,"['UH', 'K', 'M']",-3,VCC,"['EH', 'K', 'M']"
940,"['IY', 'K', 'M']",-3,VCC,"['EH', 'K', 'M']"
941,"['EY', 'K', 'M']",-3,VCC,"['EY', 'K', 'M']"
942,"['OW', 'K', 'M']",-3,VCC,"['OW', 'K', 'M']"
943,"['AE', 'K', 'M']",-3,VCC,"['AE', 'K', 'M']"
944,"['AW', 'K', 'M']",-3,VCC,"['AW', 'K', 'M']"
945,"['AH', 'K', 'N']",-3,VCC,"['AH', 'K', 'N']"
946,"['OY', 'K', 'N']",-3,VCC,"['OY', 'K', 'N']"
947,"['AA', 'K', 'N']",-3,VCC,"['AA', 'K', 'N']"
948,"['AY', 'K', 'N']",-3,VCC,"['AY', 'K', 'L']"
949,"['ER', 'K', 'N']",-3,VCC,"['ER', 'K', 'N']"
950,"['AO', 'K', 'N']",-3,VCC,"['AO', 'K', 'N']"
951,"['UW', 'K', 'N']",-3,VCC,"['UW', 'K', 'N']"
952,"['IH', 'K', 'N']",-3,VCC,"['IH', 'K', 'N']"
953,"['EH', 'K', 'N']",-3,VCC,"['EH', 'K', 'SH']"
954,"['UH', 'K', 'N']",-3,VCC,"['EH', 'K', 'CH']"
955,"['IY', 'K', 'N']",-3,VCC,"['IY', 'K', 'N']"
956,"['EY', 'K', 'N']",-3,VCC,"['EY', 'K', 'N']"
957,"['OW', 'K', 'N']",-3,VCC,"['OW', 'K', 'N']"
958,"['AE', 'K', 'N']",-3,VCC,"['AE', 'K', 'N']"
959,"['AW', 'K', 'N']",-3,VCC,"['AW', 'K', 'N']"
960,"['AH', 'K', 'NG']",-3,VCC,"['AH', 'NG', 'K']"
961,"['OY', 'K', 'NG']",-3,VCC,"['OY', 'K', 'NG']"
962,"['AA', 'K', 'NG']",-3,VCC,"['AA', 'NG', 'K']"
963,"['AY', 'K', 'NG']",-3,VCC,"['AY', 'NG', 'K']"
964,"['ER', 'K', 'NG']",-3,VCC,"['ER', 'NG', 'K']"
965,"['AO', 'K', 'NG']",-3,VCC,"['AO', 'NG', 'K']"
966,"['UW', 'K', 'NG']",-3,VCC,"['UW', 'NG', 'K']"
967,"['IH', 'K', 'NG']",-3,VCC,"['IH', 'NG', 'K']"
968,"['EH', 'K', 'NG']",-3,VCC,"['EH', 'NG', 'K']"
969,"['UH', 'K', 'NG']",-3,VCC,"['UH', 'K', 'NG']"
970,"['IY', 'K', 'NG']",-3,VCC,"['IY', 'K', 'NG']"
971,"['EY', 'K', 'NG']",-3,VCC,"['EY', 'NG', 'K']"
972,"['OW', 'K', 'NG']",-3,VCC,"['OW', 'K', 'NG']"
973,"['AE', 'K', 'NG']",-3,VCC,"['AE', 'NG', 'K']"
974,"['AW', 'K', 'NG']",-3,VCC,"['AW', 'K', 'NG']"
975,"['AH', 'K', 'L']",-4,VCC,"['AH', 'K', 'L']"
976,"['OY', 'K', 'L']",-4,VCC,"['OY', 'K', 'L']"
977,"['AA', 'K', 'L']",-4,VCC,"['AA', 'K', 'L']"
978,"['AY', 'K', 'L']",-4,VCC,"['AY', 'K', 'L']"
979,"['ER', 'K', 'L']",-4,VCC,"['ER', 'K', 'L']"
980,"['AO', 'K', 'L']",-4,VCC,"['AO', 'K', 'L']"
981,"['UW', 'K', 'L']",-4,VCC,"['UW', 'K', 'L']"
982,"['IH', 'K', 'L']",-4,VCC,"['IH', 'K', 'L']"
983,"['EH', 'K', 'L']",-4,VCC,"['EH', 'K', 'L']"
984,"['UH', 'K', 'L']",-4,VCC,"['EH', 'K', 'L']"
985,"['IY', 'K', 'L']",-4,VCC,"['IY', 'K', 'L']"
986,"['EY', 'K', 'L']",-4,VCC,"['EY', 'K', 'L']"
987,"['OW', 'K', 'L']",-4,VCC,"['OW', 'K', 'L']"
988,"['AE', 'K', 'L']",-4,VCC,"['AE', 'K', 'L']"
989,"['AW', 'K', 'L']",-4,VCC,"['AW', 'K', 'L']"
990,"['AH', 'K', 'R']",-4,VCC,"['AH', 'K', 'R']"
991,"['OY', 'K', 'R']",-4,VCC,"['OY', 'K', 'R']"
992,"['AA', 'K', 'R']",-4,VCC,"['AA', 'K', 'R']"
993,"['AY', 'K', 'R']",-4,VCC,"['AY', 'K', 'R']"
994,"['ER', 'K', 'R']",-4,VCC,"['ER', 'K', 'R']"
995,"['AO', 'K', 'R']",-4,VCC,"['AO', 'K', 'R']"
996,"['UW', 'K', 'R']",-4,VCC,"['UW', 'K', 'R']"
997,"['IH', 'K', 'R']",-4,VCC,"['IH', 'K', 'R']"
998,"['EH', 'K', 'R']",-4,VCC,"['EH', 'K', 'R']"
999,"['UH', 'K', 'R']",-4,VCC,"['UH', 'K', 'R']"
1000,"['IY', 'K', 'R']",-4,VCC,"['IY', 'K', 'R']"
1001,"['EY', 'K', 'R']",-4,VCC,"['EY', 'K', 'R']"
1002,"['OW', 'K', 'R']",-4,VCC,"['OW', 'K', 'R']"
1003,"['AE', 'K', 'R']",-4,VCC,"['AE', 'K', 'R']"
1004,"['AW', 'K', 'R']",-4,VCC,"['AW', 'K', 'R']"
1005,"['AH', 'K', 'W']",-5,VCC,"['AH', 'K', 'W']"
1006,"['OY', 'K', 'W']",-5,VCC,"['OY', 'K', 'W']"
1007,"['AA', 'K', 'W']",-5,VCC,"['AA', 'K', 'W']"
1008,"['AY', 'K', 'W']",-5,VCC,"['AY', 'K', 'W']"
1009,"['ER', 'K', 'W']",-5,VCC,"['ER', 'K', 'W']"
1010,"['AO', 'K', 'W']",-5,VCC,"['AO', 'K', 'W']"
1011,"['UW', 'K', 'W']",-5,VCC,"['UW', 'K', 'W']"
1012,"['IH', 'K', 'W']",-5,VCC,"['IH', 'K', 'W']"
1013,"['EH', 'K', 'W']",-5,VCC,"['EH', 'K', 'W']"
1014,"['UH', 'K', 'W']",-5,VCC,"['ER', 'K', 'W']"
1015,"['IY', 'K', 'W']",-5,VCC,"['IY', 'K', 'W']"
1016,"['EY', 'K', 'W']",-5,VCC,"['EY', 'K', 'W']"
1017,"['OW', 'K', 'W']",-5,VCC,"['OW', 'K', 'W']"
1018,"['AE', 'K', 'W']",-5,VCC,"['AE', 'K', 'W']"
1019,"['AW', 'K', 'W']",-5,VCC,"['AW', 'K', 'W']"
1020,"['AH', 'K', 'Y']",-5,VCC,"['AH', 'K', 'Y']"
1021,"['OY', 'K', 'Y']",-5,VCC,"['OY', 'K', 'Y']"
1022,"['AA', 'K', 'Y']",-5,VCC,"['AA', 'K', 'Y']"
1023,"['AY', 'K', 'Y']",-5,VCC,"['AY', 'K', 'Y']"
1024,"['ER', 'K', 'Y']",-5,VCC,"['ER', 'K', 'Y']"
1025,"['AO', 'K', 'Y']",-5,VCC,"['AO', 'K', 'Y']"
1026,"['UW', 'K', 'Y']",-5,VCC,"['EH', 'M', 'Y']"
1027,"['IH', 'K', 'Y']",-5,VCC,"['IH', 'K', 'Y']"
1028,"['EH', 'K', 'Y']",-5,VCC,"['EH', 'K', 'Y']"
1029,"['UH', 'K', 'Y']",-5,VCC,"['UH', 'K', 'Y']"
1030,"['IY', 'K', 'Y']",-5,VCC,"['IY', 'K', 'Y']"
1031,"['EY', 'K', 'Y']",-5,VCC,"['EY', 'K', 'Y']"
1032,"['OW', 'K', 'Y']",-5,VCC,"['OW', 'K', 'Y']"
1033,"['AE', 'K', 'Y']",-5,VCC,"['AE', 'K', 'Y']"
1034,"['AW', 'K', 'Y']",-5,VCC,"['AW', 'K', 'Y']"
1035,"['AH', 'B', 'P']",0,VCC,"['AH', 'B', 'P']"
1036,"['OY', 'B', 'P']",0,VCC,"['OY', 'B', 'P']"
1037,"['AA', 'B', 'P']",0,VCC,"['AA', 'B', 'P']"
1038,"['AY', 'B', 'P']",0,VCC,"['AY', 'B', 'P']"
1039,"['ER', 'B', 'P']",0,VCC,"['ER', 'B', 'P']"
1040,"['AO', 'B', 'P']",0,VCC,"['AO', 'B', 'P']"
1041,"['UW', 'B', 'P']",0,VCC,"['IH', 'UW', 'P']"
1042,"['IH', 'B', 'P']",0,VCC,"['IH', 'B', 'P']"
1043,"['EH', 'B', 'P']",0,VCC,"['EH', 'B', 'P']"
1044,"['UH', 'B', 'P']",0,VCC,"['IH', 'B', 'P']"
1045,"['IY', 'B', 'P']",0,VCC,"['IY', 'B', 'P']"
1046,"['EY', 'B', 'P']",0,VCC,"['EY', 'B', 'P']"
1047,"['OW', 'B', 'P']",0,VCC,"['OW', 'B', 'P']"
1048,"['AE', 'B', 'P']",0,VCC,"['AE', 'B', 'P']"
1049,"['AW', 'B', 'P']",0,VCC,"['AW', 'B', 'P']"
1050,"['AH', 'B', 'T']",0,VCC,"['AH', 'B', 'T']"
1051,"['OY', 'B', 'T']",0,VCC,"['OY', 'B', 'T']"
1052,"['AA', 'B', 'T']",0,VCC,"['AA', 'B', 'T']"
1053,"['AY', 'B', 'T']",0,VCC,"['AY', 'B', 'T']"
1054,"['ER', 'B', 'T']",0,VCC,"['ER', 'B', 'T']"
1055,"['AO', 'B', 'T']",0,VCC,"['AO', 'B', 'T']"
1056,"['UW', 'B', 'T']",0,VCC,"['UW', 'B', 'T']"
1057,"['IH', 'B', 'T']",0,VCC,"['IH', 'B', 'T']"
1058,"['EH', 'B', 'T']",0,VCC,"['EH', 'B', 'T']"
1059,"['UH', 'B', 'T']",0,VCC,"['B', 'UH', 'T']"
1060,"['IY', 'B', 'T']",0,VCC,"['IY', 'B', 'T']"
1061,"['EY', 'B', 'T']",0,VCC,"['EY', 'B', 'T']"
1062,"['OW', 'B', 'T']",0,VCC,"['OW', 'B', 'T']"
1063,"['AE', 'B', 'T']",0,VCC,"['AE', 'B', 'T']"
1064,"['AW', 'B', 'T']",0,VCC,"['F', 'AY', 'K']"
1065,"['AH', 'B', 'K']",0,VCC,"['AH', 'B', 'K']"
1066,"['OY', 'B', 'K']",0,VCC,"['OY', 'B', 'K']"
1067,"['AA', 'B', 'K']",0,VCC,"['AA', 'B', 'K']"
1068,"['AY', 'B', 'K']",0,VCC,"['AY', 'B', 'K']"
1069,"['ER', 'B', 'K']",0,VCC,"['ER', 'B', 'K']"
1070,"['AO', 'B', 'K']",0,VCC,"['AO', 'B', 'K']"
1071,"['UW', 'B', 'K']",0,VCC,"['UW', 'B', 'K']"
1072,"['IH', 'B', 'K']",0,VCC,"['IH', 'B', 'K']"
1073,"['EH', 'B', 'K']",0,VCC,"['EH', 'B', 'K']"
1074,"['UH', 'B', 'K']",0,VCC,"['UH', 'K', 'B']"
1075,"['IY', 'B', 'K']",0,VCC,"['IY', 'B', 'K']"
1076,"['EY', 'B', 'K']",0,VCC,"['EY', 'B', 'K']"
1077,"['OW', 'B', 'K']",0,VCC,"['OW', 'B', 'K']"
1078,"['AE', 'B', 'K']",0,VCC,"['AE', 'B', 'K']"
1079,"['AW', 'B', 'K']",0,VCC,"['AW', 'B', 'K']"
1080,"['AH', 'B', 'D']",0,VCC,"['AH', 'B', 'D']"
1081,"['OY', 'B', 'D']",0,VCC,"['OY', 'B', 'D']"
1082,"['AA', 'B', 'D']",0,VCC,"['AA', 'B', 'D']"
1083,"['AY', 'B', 'D']",0,VCC,"['AY', 'B', 'D']"
1084,"['ER', 'B', 'D']",0,VCC,"['ER', 'B', 'D']"
1085,"['AO', 'B', 'D']",0,VCC,"['AO', 'B', 'D']"
1086,"['UW', 'B', 'D']",0,VCC,"['UW', 'B', 'D']"
1087,"['IH', 'B', 'D']",0,VCC,"['IH', 'B', 'D']"
1088,"['EH', 'B', 'D']",0,VCC,"['EH', 'B', 'D']"
1089,"['UH', 'B', 'D']",0,VCC,"['UH', 'B', 'D']"
1090,"['IY', 'B', 'D']",0,VCC,"['IY', 'B', 'D']"
1091,"['EY', 'B', 'D']",0,VCC,"['EY', 'B', 'D']"
1092,"['OW', 'B', 'D']",0,VCC,"['OW', 'B', 'D']"
1093,"['AE', 'B', 'D']",0,VCC,"['AE', 'B', 'D']"
1094,"['AW', 'B', 'D']",0,VCC,"['AW', 'B', 'D']"
1095,"['AH', 'B', 'G']",0,VCC,"['AH', 'B', 'G']"
1096,"['OY', 'B', 'G']",0,VCC,"['OY', 'B', 'G']"
1097,"['AA', 'B', 'G']",0,VCC,"['AA', 'G', 'G']"
1098,"['AY', 'B', 'G']",0,VCC,"['AY', 'B', 'G']"
1099,"['ER', 'B', 'G']",0,VCC,"['ER', 'B', 'G']"
1100,"['AO', 'B', 'G']",0,VCC,"['AO', 'G', 'G']"
1101,"['UW', 'B', 'G']",0,VCC,"['IH', 'G', 'UW']"
1102,"['IH', 'B', 'G']",0,VCC,"['IH', 'G', 'B']"
1103,"['EH', 'B', 'G']",0,VCC,"['EH', 'B', 'G']"
1104,"['UH', 'B', 'G']",0,VCC,"['UH', 'B', 'G']"
1105,"['IY', 'B', 'G']",0,VCC,"['IH', 'B', 'G']"
1106,"['EY', 'B', 'G']",0,VCC,"['EY', 'B', 'G']"
1107,"['OW', 'B', 'G']",0,VCC,"['OW', 'B', 'G']"
1108,"['AE', 'B', 'G']",0,VCC,"['AE', 'B', 'G']"
1109,"['AW', 'B', 'G']",0,VCC,"['AW', 'B', 'G']"
1110,"['AH', 'B', 'F']",-1,VCC,"['AH', 'B', 'F']"
1111,"['OY', 'B', 'F']",-1,VCC,"['OY', 'B', 'F']"
1112,"['AA', 'B', 'F']",-1,VCC,"['AA', 'F', 'T']"
1113,"['AY', 'B', 'F']",-1,VCC,"['AY', 'B', 'F']"
1114,"['ER', 'B', 'F']",-1,VCC,"['ER', 'F', 'B']"
1115,"['AO', 'B', 'F']",-1,VCC,"['AO', 'F', 'B']"
1116,"['UW', 'B', 'F']",-1,VCC,"['UW', 'B', 'F']"
1117,"['IH', 'B', 'F']",-1,VCC,"['IH', 'F', 'T']"
1118,"['EH', 'B', 'F']",-1,VCC,"['EH', 'F', 'T']"
1119,"['UH', 'B', 'F']",-1,VCC,"['UH', 'F', 'B']"
1120,"['IY', 'B', 'F']",-1,VCC,"['IY', 'B', 'F']"
1121,"['EY', 'B', 'F']",-1,VCC,"['EY', 'F', 'T']"
1122,"['OW', 'B', 'F']",-1,VCC,"['OW', 'B', 'F']"
1123,"['AE', 'B', 'F']",-1,VCC,"['AE', 'F', 'T']"
1124,"['AW', 'B', 'F']",-1,VCC,"['AW', 'B', 'F']"
1125,"['AH', 'B', 'TH']",-1,VCC,"['AH', 'B', 'TH']"
1126,"['OY', 'B', 'TH']",-1,VCC,"['OY', 'B', 'TH']"
1127,"['AA', 'B', 'TH']",-1,VCC,"['AA', 'B', 'TH']"
1128,"['AY', 'B', 'TH']",-1,VCC,"['AY', 'B', 'TH']"
1129,"['ER', 'B', 'TH']",-1,VCC,"['ER', 'B', 'TH']"
1130,"['AO', 'B', 'TH']",-1,VCC,"['AO', 'B', 'TH']"
1131,"['UW', 'B', 'TH']",-1,VCC,"['UW', 'B', 'TH']"
1132,"['IH', 'B', 'TH']",-1,VCC,"['IH', 'B', 'TH']"
1133,"['EH', 'B', 'TH']",-1,VCC,"['EH', 'B', 'TH']"
1134,"['UH', 'B', 'TH']",-1,VCC,"['UH', 'B', 'TH']"
1135,"['IY', 'B', 'TH']",-1,VCC,"['IY', 'B', 'TH']"
1136,"['EY', 'B', 'TH']",-1,VCC,"['EY', 'B', 'TH']"
1137,"['OW', 'B', 'TH']",-1,VCC,"['OW', 'B', 'TH']"
1138,"['AE', 'B', 'TH']",-1,VCC,"['AE', 'B', 'TH']"
1139,"['AW', 'B', 'TH']",-1,VCC,"['AW', 'B', 'TH']"
1140,"['AH', 'B', 'S']",-1,VCC,"['AH', 'B', 'S']"
1141,"['OY', 'B', 'S']",-1,VCC,"['OY', 'B', 'S']"
1142,"['AA', 'B', 'S']",-1,VCC,"['AA', 'B', 'S']"
1143,"['AY', 'B', 'S']",-1,VCC,"['AY', 'B', 'S']"
1144,"['ER', 'B', 'S']",-1,VCC,"['ER', 'B', 'S']"
1145,"['AO', 'B', 'S']",-1,VCC,"['AO', 'B', 'S']"
1146,"['UW', 'B', 'S']",-1,VCC,"['UW', 'B', 'S']"
1147,"['IH', 'B', 'S']",-1,VCC,"['IH', 'B', 'S']"
1148,"['EH', 'B', 'S']",-1,VCC,"['EH', 'B', 'S']"
1149,"['UH', 'B', 'S']",-1,VCC,"['UH', 'B', 'S']"
1150,"['IY', 'B', 'S']",-1,VCC,"['IY', 'B', 'S']"
1151,"['EY', 'B', 'S']",-1,VCC,"['EY', 'B', 'S']"
1152,"['OW', 'B', 'S']",-1,VCC,"['OW', 'B', 'S']"
1153,"['AE', 'B', 'S']",-1,VCC,"['AE', 'B', 'S']"
1154,"['AW', 'B', 'S']",-1,VCC,"['AW', 'B', 'S']"
1155,"['AH', 'B', 'SH']",-1,VCC,"['AH', 'B', 'SH']"
1156,"['OY', 'B', 'SH']",-1,VCC,"['OY', 'B', 'SH']"
1157,"['AA', 'B', 'SH']",-1,VCC,"['AA', 'B', 'SH']"
1158,"['AY', 'B', 'SH']",-1,VCC,"['AY', 'B', 'SH']"
1159,"['ER', 'B', 'SH']",-1,VCC,"['ER', 'B', 'SH']"
1160,"['AO', 'B', 'SH']",-1,VCC,"['AO', 'B', 'SH']"
1161,"['UW', 'B', 'SH']",-1,VCC,"['UW', 'B', 'SH']"
1162,"['IH', 'B', 'SH']",-1,VCC,"['IH', 'B', 'SH']"
1163,"['EH', 'B', 'SH']",-1,VCC,"['EH', 'B', 'SH']"
1164,"['UH', 'B', 'SH']",-1,VCC,"['UH', 'B', 'SH']"
1165,"['IY', 'B', 'SH']",-1,VCC,"['IY', 'B', 'SH']"
1166,"['EY', 'B', 'SH']",-1,VCC,"['EY', 'B', 'SH']"
1167,"['OW', 'B', 'SH']",-1,VCC,"['OW', 'B', 'SH']"
1168,"['AE', 'B', 'SH']",-1,VCC,"['AE', 'B', 'SH']"
1169,"['AW', 'B', 'SH']",-1,VCC,"['AW', 'B', 'SH']"
1170,"['AH', 'B', 'Z']",-1,VCC,"['AH', 'B', 'Z']"
1171,"['OY', 'B', 'Z']",-1,VCC,"['OY', 'B', 'Z']"
1172,"['AA', 'B', 'Z']",-1,VCC,"['AA', 'B', 'Z']"
1173,"['AY', 'B', 'Z']",-1,VCC,"['AY', 'B', 'Z']"
1174,"['ER', 'B', 'Z']",-1,VCC,"['ER', 'B', 'Z']"
1175,"['AO', 'B', 'Z']",-1,VCC,"['AO', 'B', 'Z']"
1176,"['UW', 'B', 'Z']",-1,VCC,"['UW', 'B', 'Z']"
1177,"['IH', 'B', 'Z']",-1,VCC,"['IH', 'B', 'Z']"
1178,"['EH', 'B', 'Z']",-1,VCC,"['EH', 'B', 'Z']"
1179,"['UH', 'B', 'Z']",-1,VCC,"['UH', 'B', 'Z']"
1180,"['IY', 'B', 'Z']",-1,VCC,"['IY', 'B', 'Z']"
1181,"['EY', 'B', 'Z']",-1,VCC,"['EY', 'B', 'Z']"
1182,"['OW', 'B', 'Z']",-1,VCC,"['OW', 'B', 'Z']"
1183,"['AE', 'B', 'Z']",-1,VCC,"['AE', 'B', 'Z']"
1184,"['AW', 'B', 'Z']",-1,VCC,"['AW', 'B', 'Z']"
1185,"['AH', 'B', 'ZH']",-1,VCC,"['AH', 'B', 'ZH']"
1186,"['OY', 'B', 'ZH']",-1,VCC,"['OY', 'B', 'ZH']"
1187,"['AA', 'B', 'ZH']",-1,VCC,"['AA', 'B', 'ZH']"
1188,"['AY', 'B', 'ZH']",-1,VCC,"['AY', 'B', '<EOS>']"
1189,"['ER', 'B', 'ZH']",-1,VCC,"['ER', 'B', 'AE']"
1190,"['AO', 'B', 'ZH']",-1,VCC,"['AO', 'B', 'ZH']"
1191,"['UW', 'B', 'ZH']",-1,VCC,"['AE', 'B', 'ZH']"
1192,"['IH', 'B', 'ZH']",-1,VCC,"['IH', 'B', 'ZH']"
1193,"['EH', 'B', 'ZH']",-1,VCC,"['EH', 'B', 'ZH']"
1194,"['UH', 'B', 'ZH']",-1,VCC,"['UH', 'B', 'ZH']"
1195,"['IY', 'B', 'ZH']",-1,VCC,"['IY', 'B', 'ZH']"
1196,"['EY', 'B', 'ZH']",-1,VCC,"['EY', 'B', 'ZH']"
1197,"['OW', 'B', 'ZH']",-1,VCC,"['OW', 'B', 'ZH']"
1198,"['AE', 'B', 'ZH']",-1,VCC,"['AE', 'B', 'ZH']"
1199,"['AW', 'B', 'ZH']",-1,VCC,"['AW', 'B', 'ZH']"
1200,"['AH', 'B', 'V']",-1,VCC,"['AH', 'B', 'V']"
1201,"['OY', 'B', 'V']",-1,VCC,"['OY', 'B', 'V']"
1202,"['AA', 'B', 'V']",-1,VCC,"['AA', 'B', 'V']"
1203,"['AY', 'B', 'V']",-1,VCC,"['AY', 'B', 'V']"
1204,"['ER', 'B', 'V']",-1,VCC,"['ER', 'B', 'V']"
1205,"['AO', 'B', 'V']",-1,VCC,"['AO', 'B', 'V']"
1206,"['UW', 'B', 'V']",-1,VCC,"['UW', 'B', 'V']"
1207,"['IH', 'B', 'V']",-1,VCC,"['IH', 'B', 'V']"
1208,"['EH', 'B', 'V']",-1,VCC,"['EH', 'B', 'V']"
1209,"['UH', 'B', 'V']",-1,VCC,"['IH', 'UH', 'B']"
1210,"['IY', 'B', 'V']",-1,VCC,"['IH', 'B', 'V']"
1211,"['EY', 'B', 'V']",-1,VCC,"['EY', 'B', 'V']"
1212,"['OW', 'B', 'V']",-1,VCC,"['OW', 'B', 'V']"
1213,"['AE', 'B', 'V']",-1,VCC,"['AE', 'B', 'V']"
1214,"['AW', 'B', 'V']",-1,VCC,"['AW', 'B', 'V']"
1215,"['AH', 'B', 'DH']",-1,VCC,"['AH', 'B', 'DH']"
1216,"['OY', 'B', 'DH']",-1,VCC,"['OY', 'B', 'DH']"
1217,"['AA', 'B', 'DH']",-1,VCC,"['AA', 'B', 'DH']"
1218,"['AY', 'B', 'DH']",-1,VCC,"['AY', 'B', 'DH']"
1219,"['ER', 'B', 'DH']",-1,VCC,"['ER', 'B', 'DH']"
1220,"['AO', 'B', 'DH']",-1,VCC,"['AO', 'B', 'DH']"
1221,"['UW', 'B', 'DH']",-1,VCC,"['UW', 'B', 'DH']"
1222,"['IH', 'B', 'DH']",-1,VCC,"['IH', 'B', 'DH']"
1223,"['EH', 'B', 'DH']",-1,VCC,"['EH', 'B', 'DH']"
1224,"['UH', 'B', 'DH']",-1,VCC,"['UH', 'B', 'DH']"
1225,"['IY', 'B', 'DH']",-1,VCC,"['IY', 'B', 'DH']"
1226,"['EY', 'B', 'DH']",-1,VCC,"['EY', 'B', 'DH']"
1227,"['OW', 'B', 'DH']",-1,VCC,"['OW', 'B', 'DH']"
1228,"['AE', 'B', 'DH']",-1,VCC,"['AE', 'B', 'DH']"
1229,"['AW', 'B', 'DH']",-1,VCC,"['AW', 'B', 'DH']"
1230,"['AH', 'B', 'HH']",-1,VCC,"['AH', 'B', 'HH']"
1231,"['OY', 'B', 'HH']",-1,VCC,"['OY', 'B', 'HH']"
1232,"['AA', 'B', 'HH']",-1,VCC,"['AA', 'B', 'HH']"
1233,"['AY', 'B', 'HH']",-1,VCC,"['AY', 'B', 'HH']"
1234,"['ER', 'B', 'HH']",-1,VCC,"['ER', 'B', 'HH']"
1235,"['AO', 'B', 'HH']",-1,VCC,"['AO', 'B', 'HH']"
1236,"['UW', 'B', 'HH']",-1,VCC,"['UW', 'B', 'HH']"
1237,"['IH', 'B', 'HH']",-1,VCC,"['IH', 'B', 'HH']"
1238,"['EH', 'B', 'HH']",-1,VCC,"['EH', 'B', 'HH']"
1239,"['UH', 'B', 'HH']",-1,VCC,"['D', 'UH', 'B']"
1240,"['IY', 'B', 'HH']",-1,VCC,"['IY', 'B', 'HH']"
1241,"['EY', 'B', 'HH']",-1,VCC,"['EY', 'B', 'HH']"
1242,"['OW', 'B', 'HH']",-1,VCC,"['OW', 'B', 'HH']"
1243,"['AE', 'B', 'HH']",-1,VCC,"['AE', 'B', 'HH']"
1244,"['AW', 'B', 'HH']",-1,VCC,"['AW', 'B', 'HH']"
1245,"['AH', 'B', 'CH']",-2,VCC,"['AH', 'B', 'CH']"
1246,"['OY', 'B', 'CH']",-2,VCC,"['OY', 'B', 'CH']"
1247,"['AA', 'B', 'CH']",-2,VCC,"['AA', 'B', 'CH']"
1248,"['AY', 'B', 'CH']",-2,VCC,"['AY', 'B', 'CH']"
1249,"['ER', 'B', 'CH']",-2,VCC,"['ER', 'B', 'CH']"
1250,"['AO', 'B', 'CH']",-2,VCC,"['AO', 'B', 'CH']"
1251,"['UW', 'B', 'CH']",-2,VCC,"['UW', 'B', 'CH']"
1252,"['IH', 'B', 'CH']",-2,VCC,"['IH', 'B', 'CH']"
1253,"['EH', 'B', 'CH']",-2,VCC,"['EH', 'B', 'CH']"
1254,"['UH', 'B', 'CH']",-2,VCC,"['IH', 'B', 'CH']"
1255,"['IY', 'B', 'CH']",-2,VCC,"['IY', 'B', 'CH']"
1256,"['EY', 'B', 'CH']",-2,VCC,"['EY', 'B', 'CH']"
1257,"['OW', 'B', 'CH']",-2,VCC,"['OW', 'B', 'CH']"
1258,"['AE', 'B', 'CH']",-2,VCC,"['AE', 'B', 'CH']"
1259,"['AW', 'B', 'CH']",-2,VCC,"['AW', 'B', 'CH']"
1260,"['AH', 'B', 'JH']",-2,VCC,"['AH', 'B', 'JH']"
1261,"['OY', 'B', 'JH']",-2,VCC,"['OY', 'B', 'JH']"
1262,"['AA', 'B', 'JH']",-2,VCC,"['AA', 'B', 'JH']"
1263,"['AY', 'B', 'JH']",-2,VCC,"['AY', 'B', 'JH']"
1264,"['ER', 'B', 'JH']",-2,VCC,"['ER', 'B', 'JH']"
1265,"['AO', 'B', 'JH']",-2,VCC,"['AO', 'B', 'JH']"
1266,"['UW', 'B', 'JH']",-2,VCC,"['AE', 'B', 'UW']"
1267,"['IH', 'B', 'JH']",-2,VCC,"['IH', 'B', 'JH']"
1268,"['EH', 'B', 'JH']",-2,VCC,"['EH', 'B', 'JH']"
1269,"['UH', 'B', 'JH']",-2,VCC,"['UH', 'B', 'JH']"
1270,"['IY', 'B', 'JH']",-2,VCC,"['IY', 'B', 'JH']"
1271,"['EY', 'B', 'JH']",-2,VCC,"['EY', 'B', 'JH']"
1272,"['OW', 'B', 'JH']",-2,VCC,"['OW', 'B', 'JH']"
1273,"['AE', 'B', 'JH']",-2,VCC,"['AE', 'B', 'JH']"
1274,"['AW', 'B', 'JH']",-2,VCC,"['AW', 'B', 'JH']"
1275,"['AH', 'B', 'M']",-3,VCC,"['AH', 'B', 'M']"
1276,"['OY', 'B', 'M']",-3,VCC,"['OY', 'B', 'M']"
1277,"['AA', 'B', 'M']",-3,VCC,"['AA', 'B', 'M']"
1278,"['AY', 'B', 'M']",-3,VCC,"['AY', 'B', 'M']"
1279,"['ER', 'B', 'M']",-3,VCC,"['ER', 'B', 'M']"
1280,"['AO', 'B', 'M']",-3,VCC,"['AO', 'B', 'M']"
1281,"['UW', 'B', 'M']",-3,VCC,"['UW', 'B', 'M']"
1282,"['IH', 'B', 'M']",-3,VCC,"['IH', 'NG', 'M']"
1283,"['EH', 'B', 'M']",-3,VCC,"['EH', 'B', 'M']"
1284,"['UH', 'B', 'M']",-3,VCC,"['UH', 'B', 'M']"
1285,"['IY', 'B', 'M']",-3,VCC,"['IY', 'B', 'M']"
1286,"['EY', 'B', 'M']",-3,VCC,"['EY', 'B', 'M']"
1287,"['OW', 'B', 'M']",-3,VCC,"['OW', 'B', 'M']"
1288,"['AE', 'B', 'M']",-3,VCC,"['AE', 'B', 'M']"
1289,"['AW', 'B', 'M']",-3,VCC,"['AW', 'B', 'M']"
1290,"['AH', 'B', 'N']",-3,VCC,"['AH', 'B', 'N']"
1291,"['OY', 'B', 'N']",-3,VCC,"['OY', 'B', 'N']"
1292,"['AA', 'B', 'N']",-3,VCC,"['AA', 'B', 'N']"
1293,"['AY', 'B', 'N']",-3,VCC,"['AY', 'B', 'L']"
1294,"['ER', 'B', 'N']",-3,VCC,"['ER', 'B', 'N']"
1295,"['AO', 'B', 'N']",-3,VCC,"['AO', 'B', 'N']"
1296,"['UW', 'B', 'N']",-3,VCC,"['UW', 'B', 'N']"
1297,"['IH', 'B', 'N']",-3,VCC,"['IH', 'B', 'N']"
1298,"['EH', 'B', 'N']",-3,VCC,"['EH', 'B', 'N']"
1299,"['UH', 'B', 'N']",-3,VCC,"['IH', 'B', 'UH']"
1300,"['IY', 'B', 'N']",-3,VCC,"['IY', 'B', 'N']"
1301,"['EY', 'B', 'N']",-3,VCC,"['EY', 'B', 'N']"
1302,"['OW', 'B', 'N']",-3,VCC,"['OW', 'B', 'N']"
1303,"['AE', 'B', 'N']",-3,VCC,"['AE', 'B', 'N']"
1304,"['AW', 'B', 'N']",-3,VCC,"['AW', 'B', 'N']"
1305,"['AH', 'B', 'NG']",-3,VCC,"['AH', 'B', 'NG']"
1306,"['OY', 'B', 'NG']",-3,VCC,"['OY', 'B', 'NG']"
1307,"['AA', 'B', 'NG']",-3,VCC,"['AA', 'NG', 'B']"
1308,"['AY', 'B', 'NG']",-3,VCC,"['AY', 'B', 'NG']"
1309,"['ER', 'B', 'NG']",-3,VCC,"['ER', 'B', 'NG']"
1310,"['AO', 'B', 'NG']",-3,VCC,"['AO', 'NG', 'B']"
1311,"['UW', 'B', 'NG']",-3,VCC,"['UW', 'B', 'NG']"
1312,"['IH', 'B', 'NG']",-3,VCC,"['IH', 'NG', 'B']"
1313,"['EH', 'B', 'NG']",-3,VCC,"['EH', 'B', 'NG']"
1314,"['UH', 'B', 'NG']",-3,VCC,"['UH', 'NG', 'B']"
1315,"['IY', 'B', 'NG']",-3,VCC,"['IY', 'B', 'NG']"
1316,"['EY', 'B', 'NG']",-3,VCC,"['EY', 'B', 'NG']"
1317,"['OW', 'B', 'NG']",-3,VCC,"['OW', 'B', 'NG']"
1318,"['AE', 'B', 'NG']",-3,VCC,"['AE', 'NG', 'B']"
1319,"['AW', 'B', 'NG']",-3,VCC,"['AW', 'B', 'NG']"
1320,"['AH', 'B', 'L']",-4,VCC,"['AH', 'B', 'L']"
1321,"['OY', 'B', 'L']",-4,VCC,"['OY', 'B', 'L']"
1322,"['AA', 'B', 'L']",-4,VCC,"['AA', 'B', 'L']"
1323,"['AY', 'B', 'L']",-4,VCC,"['AY', 'B', 'L']"
1324,"['ER', 'B', 'L']",-4,VCC,"['ER', 'B', 'L']"
1325,"['AO', 'B', 'L']",-4,VCC,"['AO', 'B', 'L']"
1326,"['UW', 'B', 'L']",-4,VCC,"['UW', 'B', 'L']"
1327,"['IH', 'B', 'L']",-4,VCC,"['IH', 'B', 'L']"
1328,"['EH', 'B', 'L']",-4,VCC,"['EH', 'B', 'L']"
1329,"['UH', 'B', 'L']",-4,VCC,"['IH', 'B', 'L']"
1330,"['IY', 'B', 'L']",-4,VCC,"['IY', 'B', 'L']"
1331,"['EY', 'B', 'L']",-4,VCC,"['EY', 'B', 'L']"
1332,"['OW', 'B', 'L']",-4,VCC,"['OW', 'B', 'L']"
1333,"['AE', 'B', 'L']",-4,VCC,"['AE', 'B', 'L']"
1334,"['AW', 'B', 'L']",-4,VCC,"['AW', 'B', 'L']"
1335,"['AH', 'B', 'R']",-4,VCC,"['AH', 'B', 'R']"
1336,"['OY', 'B', 'R']",-4,VCC,"['OY', 'B', 'R']"
1337,"['AA', 'B', 'R']",-4,VCC,"['AA', 'B', 'R']"
1338,"['AY', 'B', 'R']",-4,VCC,"['AY', 'B', 'R']"
1339,"['ER', 'B', 'R']",-4,VCC,"['ER', 'B', 'R']"
1340,"['AO', 'B', 'R']",-4,VCC,"['AO', 'B', 'R']"
1341,"['UW', 'B', 'R']",-4,VCC,"['UW', 'B', 'R']"
1342,"['IH', 'B', 'R']",-4,VCC,"['IH', 'B', 'R']"
1343,"['EH', 'B', 'R']",-4,VCC,"['EH', 'B', 'R']"
1344,"['UH', 'B', 'R']",-4,VCC,"['UH', 'B', 'R']"
1345,"['IY', 'B', 'R']",-4,VCC,"['IY', 'B', 'R']"
1346,"['EY', 'B', 'R']",-4,VCC,"['EY', 'B', 'R']"
1347,"['OW', 'B', 'R']",-4,VCC,"['B', 'OW', 'R']"
1348,"['AE', 'B', 'R']",-4,VCC,"['AE', 'B', 'R']"
1349,"['AW', 'B', 'R']",-4,VCC,"['AW', 'B', 'R']"
1350,"['AH', 'B', 'W']",-5,VCC,"['AH', 'B', 'W']"
1351,"['OY', 'B', 'W']",-5,VCC,"['OY', 'B', 'W']"
1352,"['AA', 'B', 'W']",-5,VCC,"['AA', 'B', 'W']"
1353,"['AY', 'B', 'W']",-5,VCC,"['AY', 'B', 'W']"
1354,"['ER', 'B', 'W']",-5,VCC,"['ER', 'B', 'W']"
1355,"['AO', 'B', 'W']",-5,VCC,"['AO', 'B', 'W']"
1356,"['UW', 'B', 'W']",-5,VCC,"['AY', 'B', 'AA']"
1357,"['IH', 'B', 'W']",-5,VCC,"['IH', 'B', 'W']"
1358,"['EH', 'B', 'W']",-5,VCC,"['EH', 'B', 'W']"
1359,"['UH', 'B', 'W']",-5,VCC,"['AY', 'B', 'W']"
1360,"['IY', 'B', 'W']",-5,VCC,"['IY', 'B', 'W']"
1361,"['EY', 'B', 'W']",-5,VCC,"['EY', 'B', 'W']"
1362,"['OW', 'B', 'W']",-5,VCC,"['OW', 'B', 'W']"
1363,"['AE', 'B', 'W']",-5,VCC,"['AE', 'B', 'W']"
1364,"['AW', 'B', 'W']",-5,VCC,"['AW', 'B', 'W']"
1365,"['AH', 'B', 'Y']",-5,VCC,"['AH', 'B', 'Y']"
1366,"['OY', 'B', 'Y']",-5,VCC,"['OY', 'B', 'Y']"
1367,"['AA', 'B', 'Y']",-5,VCC,"['AA', 'B', 'Y']"
1368,"['AY', 'B', 'Y']",-5,VCC,"['AY', 'B', 'Y']"
1369,"['ER', 'B', 'Y']",-5,VCC,"['ER', 'B', 'Y']"
1370,"['AO', 'B', 'Y']",-5,VCC,"['AO', 'B', 'Y']"
1371,"['UW', 'B', 'Y']",-5,VCC,"['IH', 'UW', 'B']"
1372,"['IH', 'B', 'Y']",-5,VCC,"['IH', 'B', 'Y']"
1373,"['EH', 'B', 'Y']",-5,VCC,"['EH', 'B', 'Y']"
1374,"['UH', 'B', 'Y']",-5,VCC,"['IH', 'B', 'Y']"
1375,"['IY', 'B', 'Y']",-5,VCC,"['IY', 'B', 'Y']"
1376,"['EY', 'B', 'Y']",-5,VCC,"['EY', 'B', 'Y']"
1377,"['OW', 'B', 'Y']",-5,VCC,"['OW', 'B', 'Y']"
1378,"['AE', 'B', 'Y']",-5,VCC,"['AE', 'B', 'Y']"
1379,"['AW', 'B', 'Y']",-5,VCC,"['AW', 'B', 'Y']"
1380,"['AH', 'D', 'P']",0,VCC,"['AH', 'D', 'P']"
1381,"['OY', 'D', 'P']",0,VCC,"['OY', 'D', 'P']"
1382,"['AA', 'D', 'P']",0,VCC,"['AA', 'D', 'P']"
1383,"['AY', 'D', 'P']",0,VCC,"['AY', 'D', 'P']"
1384,"['ER', 'D', 'P']",0,VCC,"['ER', 'D', 'P']"
1385,"['AO', 'D', 'P']",0,VCC,"['D', 'AO', 'P']"
1386,"['UW', 'D', 'P']",0,VCC,"['D', 'UW', 'P']"
1387,"['IH', 'D', 'P']",0,VCC,"['IH', 'D', 'P']"
1388,"['EH', 'D', 'P']",0,VCC,"['EH', 'D', 'P']"
1389,"['UH', 'D', 'P']",0,VCC,"['IH', 'D', 'P']"
1390,"['IY', 'D', 'P']",0,VCC,"['IY', 'D', 'P']"
1391,"['EY', 'D', 'P']",0,VCC,"['EY', 'D', 'P']"
1392,"['OW', 'D', 'P']",0,VCC,"['OW', 'D', 'P']"
1393,"['AE', 'D', 'P']",0,VCC,"['AE', 'D', 'P']"
1394,"['AW', 'D', 'P']",0,VCC,"['AW', 'D', 'P']"
1395,"['AH', 'D', 'T']",0,VCC,"['AH', 'D', 'T']"
1396,"['OY', 'D', 'T']",0,VCC,"['OY', 'D', 'T']"
1397,"['AA', 'D', 'T']",0,VCC,"['AA', 'D', 'T']"
1398,"['AY', 'D', 'T']",0,VCC,"['AY', 'D', 'T']"
1399,"['ER', 'D', 'T']",0,VCC,"['ER', 'D', 'T']"
1400,"['AO', 'D', 'T']",0,VCC,"['AO', 'D', 'T']"
1401,"['UW', 'D', 'T']",0,VCC,"['UW', 'D', 'T']"
1402,"['IH', 'D', 'T']",0,VCC,"['IH', 'D', 'T']"
1403,"['EH', 'D', 'T']",0,VCC,"['EH', 'D', 'T']"
1404,"['UH', 'D', 'T']",0,VCC,"['D', 'UH', 'T']"
1405,"['IY', 'D', 'T']",0,VCC,"['IY', 'D', 'T']"
1406,"['EY', 'D', 'T']",0,VCC,"['EY', 'D', 'T']"
1407,"['OW', 'D', 'T']",0,VCC,"['OW', 'D', 'T']"
1408,"['AE', 'D', 'T']",0,VCC,"['AE', 'D', 'T']"
1409,"['AW', 'D', 'T']",0,VCC,"['AW', 'D', 'T']"
1410,"['AH', 'D', 'K']",0,VCC,"['AH', 'D', 'K']"
1411,"['OY', 'D', 'K']",0,VCC,"['OY', 'D', 'K']"
1412,"['AA', 'D', 'K']",0,VCC,"['AA', 'D', 'K']"
1413,"['AY', 'D', 'K']",0,VCC,"['AY', 'D', 'K']"
1414,"['ER', 'D', 'K']",0,VCC,"['ER', 'D', 'K']"
1415,"['AO', 'D', 'K']",0,VCC,"['AO', 'D', 'K']"
1416,"['UW', 'D', 'K']",0,VCC,"['UW', 'D', 'K']"
1417,"['IH', 'D', 'K']",0,VCC,"['IH', 'D', 'K']"
1418,"['EH', 'D', 'K']",0,VCC,"['EH', 'D', 'K']"
1419,"['UH', 'D', 'K']",0,VCC,"['UH', 'D', 'K']"
1420,"['IY', 'D', 'K']",0,VCC,"['IY', 'D', 'K']"
1421,"['EY', 'D', 'K']",0,VCC,"['EY', 'D', 'K']"
1422,"['OW', 'D', 'K']",0,VCC,"['OW', 'D', 'K']"
1423,"['AE', 'D', 'K']",0,VCC,"['AE', 'D', 'K']"
1424,"['AW', 'D', 'K']",0,VCC,"['AW', 'D', 'K']"
1425,"['AH', 'D', 'B']",0,VCC,"['AH', 'D', 'B']"
1426,"['OY', 'D', 'B']",0,VCC,"['OY', 'D', 'B']"
1427,"['AA', 'D', 'B']",0,VCC,"['AA', 'D', 'B']"
1428,"['AY', 'D', 'B']",0,VCC,"['AY', 'D', 'B']"
1429,"['ER', 'D', 'B']",0,VCC,"['ER', 'D', 'B']"
1430,"['AO', 'D', 'B']",0,VCC,"['AO', 'D', 'B']"
1431,"['UW', 'D', 'B']",0,VCC,"['UW', 'D', 'B']"
1432,"['IH', 'D', 'B']",0,VCC,"['IH', 'D', 'B']"
1433,"['EH', 'D', 'B']",0,VCC,"['EH', 'D', 'B']"
1434,"['UH', 'D', 'B']",0,VCC,"['UH', 'D', 'B']"
1435,"['IY', 'D', 'B']",0,VCC,"['IY', 'D', 'B']"
1436,"['EY', 'D', 'B']",0,VCC,"['EY', 'D', 'B']"
1437,"['OW', 'D', 'B']",0,VCC,"['OW', 'D', 'B']"
1438,"['AE', 'D', 'B']",0,VCC,"['AE', 'D', 'B']"
1439,"['AW', 'D', 'B']",0,VCC,"['AW', 'D', 'B']"
1440,"['AH', 'D', 'G']",0,VCC,"['AH', 'D', 'G']"
1441,"['OY', 'D', 'G']",0,VCC,"['OY', 'D', 'G']"
1442,"['AA', 'D', 'G']",0,VCC,"['AA', 'D', 'G']"
1443,"['AY', 'D', 'G']",0,VCC,"['AY', 'D', 'G']"
1444,"['ER', 'D', 'G']",0,VCC,"['ER', 'D', 'G']"
1445,"['AO', 'D', 'G']",0,VCC,"['AO', 'D', 'G']"
1446,"['UW', 'D', 'G']",0,VCC,"['D', 'UW', 'G']"
1447,"['IH', 'D', 'G']",0,VCC,"['IH', 'G', 'D']"
1448,"['EH', 'D', 'G']",0,VCC,"['EH', 'D', 'G']"
1449,"['UH', 'D', 'G']",0,VCC,"['UH', 'D', 'G']"
1450,"['IY', 'D', 'G']",0,VCC,"['IY', 'D', 'G']"
1451,"['EY', 'D', 'G']",0,VCC,"['EY', 'D', 'G']"
1452,"['OW', 'D', 'G']",0,VCC,"['OW', 'D', 'G']"
1453,"['AE', 'D', 'G']",0,VCC,"['AE', 'D', 'G']"
1454,"['AW', 'D', 'G']",0,VCC,"['AW', 'D', 'G']"
1455,"['AH', 'D', 'F']",-1,VCC,"['AH', 'D', 'F']"
1456,"['OY', 'D', 'F']",-1,VCC,"['OY', 'D', 'F']"
1457,"['AA', 'D', 'F']",-1,VCC,"['AA', 'D', 'F']"
1458,"['AY', 'D', 'F']",-1,VCC,"['AY', 'D', 'F']"
1459,"['ER', 'D', 'F']",-1,VCC,"['ER', 'D', 'F']"
1460,"['AO', 'D', 'F']",-1,VCC,"['AO', 'D', 'F']"
1461,"['UW', 'D', 'F']",-1,VCC,"['UW', 'D', 'F']"
1462,"['IH', 'D', 'F']",-1,VCC,"['IH', 'D', 'F']"
1463,"['EH', 'D', 'F']",-1,VCC,"['EH', 'D', 'F']"
1464,"['UH', 'D', 'F']",-1,VCC,"['UH', 'D', 'F']"
1465,"['IY', 'D', 'F']",-1,VCC,"['IY', 'D', 'F']"
1466,"['EY', 'D', 'F']",-1,VCC,"['EY', 'D', 'F']"
1467,"['OW', 'D', 'F']",-1,VCC,"['OW', 'D', 'F']"
1468,"['AE', 'D', 'F']",-1,VCC,"['AE', 'D', 'F']"
1469,"['AW', 'D', 'F']",-1,VCC,"['AW', 'D', 'F']"
1470,"['AH', 'D', 'TH']",-1,VCC,"['D', 'AH', 'TH']"
1471,"['OY', 'D', 'TH']",-1,VCC,"['OY', 'D', 'TH']"
1472,"['AA', 'D', 'TH']",-1,VCC,"['D', 'AA', 'TH']"
1473,"['AY', 'D', 'TH']",-1,VCC,"['AY', 'D', 'TH']"
1474,"['ER', 'D', 'TH']",-1,VCC,"['ER', 'D', 'TH']"
1475,"['AO', 'D', 'TH']",-1,VCC,"['D', 'AO', 'TH']"
1476,"['UW', 'D', 'TH']",-1,VCC,"['D', 'UW', 'TH']"
1477,"['IH', 'D', 'TH']",-1,VCC,"['IH', 'D', 'TH']"
1478,"['EH', 'D', 'TH']",-1,VCC,"['EH', 'D', 'TH']"
1479,"['UH', 'D', 'TH']",-1,VCC,"['UH', 'D', 'TH']"
1480,"['IY', 'D', 'TH']",-1,VCC,"['IY', 'D', 'TH']"
1481,"['EY', 'D', 'TH']",-1,VCC,"['EY', 'D', 'TH']"
1482,"['OW', 'D', 'TH']",-1,VCC,"['OW', 'D', 'TH']"
1483,"['AE', 'D', 'TH']",-1,VCC,"['AE', 'D', 'TH']"
1484,"['AW', 'D', 'TH']",-1,VCC,"['AW', 'D', 'TH']"
1485,"['AH', 'D', 'S']",-1,VCC,"['AH', 'D', 'S']"
1486,"['OY', 'D', 'S']",-1,VCC,"['OY', 'D', 'S']"
1487,"['AA', 'D', 'S']",-1,VCC,"['AA', 'D', 'S']"
1488,"['AY', 'D', 'S']",-1,VCC,"['AY', 'D', 'S']"
1489,"['ER', 'D', 'S']",-1,VCC,"['ER', 'D', 'S']"
1490,"['AO', 'D', 'S']",-1,VCC,"['D', 'AO', 'S']"
1491,"['UW', 'D', 'S']",-1,VCC,"['UW', 'D', 'S']"
1492,"['IH', 'D', 'S']",-1,VCC,"['IH', 'D', 'S']"
1493,"['EH', 'D', 'S']",-1,VCC,"['EH', 'D', 'S']"
1494,"['UH', 'D', 'S']",-1,VCC,"['UH', 'D', 'S']"
1495,"['IY', 'D', 'S']",-1,VCC,"['D', 'IY', 'S']"
1496,"['EY', 'D', 'S']",-1,VCC,"['EY', 'D', 'S']"
1497,"['OW', 'D', 'S']",-1,VCC,"['OW', 'D', 'S']"
1498,"['AE', 'D', 'S']",-1,VCC,"['AE', 'D', 'S']"
1499,"['AW', 'D', 'S']",-1,VCC,"['AW', 'D', 'S']"
1500,"['AH', 'D', 'SH']",-1,VCC,"['AH', 'D', 'SH']"
1501,"['OY', 'D', 'SH']",-1,VCC,"['OY', 'D', 'SH']"
1502,"['AA', 'D', 'SH']",-1,VCC,"['AA', 'D', 'SH']"
1503,"['AY', 'D', 'SH']",-1,VCC,"['AY', 'D', 'SH']"
1504,"['ER', 'D', 'SH']",-1,VCC,"['ER', 'D', 'SH']"
1505,"['AO', 'D', 'SH']",-1,VCC,"['AO', 'D', 'SH']"
1506,"['UW', 'D', 'SH']",-1,VCC,"['D', 'UW', 'SH']"
1507,"['IH', 'D', 'SH']",-1,VCC,"['IH', 'D', 'SH']"
1508,"['EH', 'D', 'SH']",-1,VCC,"['EH', 'D', 'SH']"
1509,"['UH', 'D', 'SH']",-1,VCC,"['UH', 'D', 'SH']"
1510,"['IY', 'D', 'SH']",-1,VCC,"['IY', 'D', 'SH']"
1511,"['EY', 'D', 'SH']",-1,VCC,"['D', 'EY', 'SH']"
1512,"['OW', 'D', 'SH']",-1,VCC,"['OW', 'D', 'SH']"
1513,"['AE', 'D', 'SH']",-1,VCC,"['AE', 'D', 'SH']"
1514,"['AW', 'D', 'SH']",-1,VCC,"['AW', 'D', 'SH']"
1515,"['AH', 'D', 'Z']",-1,VCC,"['AH', 'D', 'Z']"
1516,"['OY', 'D', 'Z']",-1,VCC,"['OY', 'D', 'Z']"
1517,"['AA', 'D', 'Z']",-1,VCC,"['AA', 'D', 'Z']"
1518,"['AY', 'D', 'Z']",-1,VCC,"['AY', 'D', 'Z']"
1519,"['ER', 'D', 'Z']",-1,VCC,"['ER', 'D', 'Z']"
1520,"['AO', 'D', 'Z']",-1,VCC,"['AO', 'D', 'Z']"
1521,"['UW', 'D', 'Z']",-1,VCC,"['UW', 'D', 'Z']"
1522,"['IH', 'D', 'Z']",-1,VCC,"['IH', 'D', 'Z']"
1523,"['EH', 'D', 'Z']",-1,VCC,"['EH', 'D', 'Z']"
1524,"['UH', 'D', 'Z']",-1,VCC,"['UH', 'D', 'Z']"
1525,"['IY', 'D', 'Z']",-1,VCC,"['IY', 'D', 'Z']"
1526,"['EY', 'D', 'Z']",-1,VCC,"['EY', 'D', 'Z']"
1527,"['OW', 'D', 'Z']",-1,VCC,"['OW', 'D', 'Z']"
1528,"['AE', 'D', 'Z']",-1,VCC,"['AE', 'D', 'Z']"
1529,"['AW', 'D', 'Z']",-1,VCC,"['AW', 'D', 'Z']"
1530,"['AH', 'D', 'ZH']",-1,VCC,"['AH', 'D', 'SH']"
1531,"['OY', 'D', 'ZH']",-1,VCC,"['OY', 'D', 'ZH']"
1532,"['AA', 'D', 'ZH']",-1,VCC,"['AA', 'D', 'ZH']"
1533,"['AY', 'D', 'ZH']",-1,VCC,"['AY', 'D', '<EOS>']"
1534,"['ER', 'D', 'ZH']",-1,VCC,"['ER', 'D', 'ZH']"
1535,"['AO', 'D', 'ZH']",-1,VCC,"['AO', 'D', 'SH']"
1536,"['UW', 'D', 'ZH']",-1,VCC,"['UW', 'D', 'ZH']"
1537,"['IH', 'D', 'ZH']",-1,VCC,"['IH', 'D', 'ZH']"
1538,"['EH', 'D', 'ZH']",-1,VCC,"['EH', 'D', 'ZH']"
1539,"['UH', 'D', 'ZH']",-1,VCC,"['UH', 'D', 'ZH']"
1540,"['IY', 'D', 'ZH']",-1,VCC,"['IY', 'D', 'ZH']"
1541,"['EY', 'D', 'ZH']",-1,VCC,"['EY', 'D', 'SH']"
1542,"['OW', 'D', 'ZH']",-1,VCC,"['OW', 'D', 'ZH']"
1543,"['AE', 'D', 'ZH']",-1,VCC,"['AE', 'D', 'ZH']"
1544,"['AW', 'D', 'ZH']",-1,VCC,"['AW', 'D', 'ZH']"
1545,"['AH', 'D', 'V']",-1,VCC,"['AH', 'D', 'V']"
1546,"['OY', 'D', 'V']",-1,VCC,"['OY', 'D', 'V']"
1547,"['AA', 'D', 'V']",-1,VCC,"['AA', 'D', 'V']"
1548,"['AY', 'D', 'V']",-1,VCC,"['AY', 'D', 'V']"
1549,"['ER', 'D', 'V']",-1,VCC,"['ER', 'D', 'V']"
1550,"['AO', 'D', 'V']",-1,VCC,"['AO', 'D', 'V']"
1551,"['UW', 'D', 'V']",-1,VCC,"['UW', 'D', 'V']"
1552,"['IH', 'D', 'V']",-1,VCC,"['IH', 'D', 'V']"
1553,"['EH', 'D', 'V']",-1,VCC,"['EH', 'D', 'V']"
1554,"['UH', 'D', 'V']",-1,VCC,"['UH', 'D', 'V']"
1555,"['IY', 'D', 'V']",-1,VCC,"['IY', 'V', 'D']"
1556,"['EY', 'D', 'V']",-1,VCC,"['EY', 'D', 'V']"
1557,"['OW', 'D', 'V']",-1,VCC,"['OW', 'D', 'V']"
1558,"['AE', 'D', 'V']",-1,VCC,"['AE', 'D', 'V']"
1559,"['AW', 'D', 'V']",-1,VCC,"['AW', 'D', 'V']"
1560,"['AH', 'D', 'DH']",-1,VCC,"['AH', 'DH', 'SH']"
1561,"['OY', 'D', 'DH']",-1,VCC,"['OY', 'D', 'DH']"
1562,"['AA', 'D', 'DH']",-1,VCC,"['AA', 'DH', 'D']"
1563,"['AY', 'D', 'DH']",-1,VCC,"['AY', 'D', 'DH']"
1564,"['ER', 'D', 'DH']",-1,VCC,"['ER', 'D', 'DH']"
1565,"['AO', 'D', 'DH']",-1,VCC,"['AO', 'DH', 'D']"
1566,"['UW', 'D', 'DH']",-1,VCC,"['UW', 'DH', 'D']"
1567,"['IH', 'D', 'DH']",-1,VCC,"['IH', 'DH', 'D']"
1568,"['EH', 'D', 'DH']",-1,VCC,"['EH', 'DH', 'D']"
1569,"['UH', 'D', 'DH']",-1,VCC,"['UH', 'D', 'DH']"
1570,"['IY', 'D', 'DH']",-1,VCC,"['IY', 'DH', 'D']"
1571,"['EY', 'D', 'DH']",-1,VCC,"['EY', 'DH', 'D']"
1572,"['OW', 'D', 'DH']",-1,VCC,"['OW', 'DH', 'D']"
1573,"['AE', 'D', 'DH']",-1,VCC,"['AE', 'DH', 'K']"
1574,"['AW', 'D', 'DH']",-1,VCC,"['AW', 'DH', 'D']"
1575,"['AH', 'D', 'HH']",-1,VCC,"['AH', 'D', 'HH']"
1576,"['OY', 'D', 'HH']",-1,VCC,"['OY', 'D', 'HH']"
1577,"['AA', 'D', 'HH']",-1,VCC,"['AA', 'D', 'HH']"
1578,"['AY', 'D', 'HH']",-1,VCC,"['AY', 'D', 'HH']"
1579,"['ER', 'D', 'HH']",-1,VCC,"['ER', 'D', 'HH']"
1580,"['AO', 'D', 'HH']",-1,VCC,"['AO', 'D', 'HH']"
1581,"['UW', 'D', 'HH']",-1,VCC,"['D', 'UW', 'HH']"
1582,"['IH', 'D', 'HH']",-1,VCC,"['IH', 'D', 'HH']"
1583,"['EH', 'D', 'HH']",-1,VCC,"['EH', 'D', 'HH']"
1584,"['UH', 'D', 'HH']",-1,VCC,"['D', 'UH', 'HH']"
1585,"['IY', 'D', 'HH']",-1,VCC,"['IY', 'D', 'HH']"
1586,"['EY', 'D', 'HH']",-1,VCC,"['EY', 'D', 'HH']"
1587,"['OW', 'D', 'HH']",-1,VCC,"['OW', 'D', 'HH']"
1588,"['AE', 'D', 'HH']",-1,VCC,"['AE', 'D', 'HH']"
1589,"['AW', 'D', 'HH']",-1,VCC,"['AW', 'D', 'HH']"
1590,"['AH', 'D', 'CH']",-2,VCC,"['AH', 'D', 'CH']"
1591,"['OY', 'D', 'CH']",-2,VCC,"['OY', 'D', 'CH']"
1592,"['AA', 'D', 'CH']",-2,VCC,"['AA', 'D', 'CH']"
1593,"['AY', 'D', 'CH']",-2,VCC,"['AY', 'D', 'CH']"
1594,"['ER', 'D', 'CH']",-2,VCC,"['ER', 'D', 'CH']"
1595,"['AO', 'D', 'CH']",-2,VCC,"['AO', 'D', 'CH']"
1596,"['UW', 'D', 'CH']",-2,VCC,"['UW', 'D', 'CH']"
1597,"['IH', 'D', 'CH']",-2,VCC,"['IH', 'D', 'CH']"
1598,"['EH', 'D', 'CH']",-2,VCC,"['EH', 'D', 'CH']"
1599,"['UH', 'D', 'CH']",-2,VCC,"['UH', 'D', 'CH']"
1600,"['IY', 'D', 'CH']",-2,VCC,"['IY', 'D', 'CH']"
1601,"['EY', 'D', 'CH']",-2,VCC,"['EY', 'D', 'CH']"
1602,"['OW', 'D', 'CH']",-2,VCC,"['OW', 'D', 'CH']"
1603,"['AE', 'D', 'CH']",-2,VCC,"['AE', 'D', 'CH']"
1604,"['AW', 'D', 'CH']",-2,VCC,"['AW', 'CH', 'D']"
1605,"['AH', 'D', 'JH']",-2,VCC,"['AH', 'D', 'JH']"
1606,"['OY', 'D', 'JH']",-2,VCC,"['OY', 'D', 'JH']"
1607,"['AA', 'D', 'JH']",-2,VCC,"['AA', 'D', 'JH']"
1608,"['AY', 'D', 'JH']",-2,VCC,"['AY', 'D', 'JH']"
1609,"['ER', 'D', 'JH']",-2,VCC,"['ER', 'D', 'JH']"
1610,"['AO', 'D', 'JH']",-2,VCC,"['AO', 'D', 'JH']"
1611,"['UW', 'D', 'JH']",-2,VCC,"['D', 'UW', 'JH']"
1612,"['IH', 'D', 'JH']",-2,VCC,"['IH', 'D', 'JH']"
1613,"['EH', 'D', 'JH']",-2,VCC,"['EH', 'D', 'JH']"
1614,"['UH', 'D', 'JH']",-2,VCC,"['UH', 'D', 'JH']"
1615,"['IY', 'D', 'JH']",-2,VCC,"['IY', 'D', 'JH']"
1616,"['EY', 'D', 'JH']",-2,VCC,"['EY', 'D', 'JH']"
1617,"['OW', 'D', 'JH']",-2,VCC,"['OW', 'D', 'JH']"
1618,"['AE', 'D', 'JH']",-2,VCC,"['AE', 'D', 'JH']"
1619,"['AW', 'D', 'JH']",-2,VCC,"['AW', 'D', 'JH']"
1620,"['AH', 'D', 'M']",-3,VCC,"['AH', 'D', 'M']"
1621,"['OY', 'D', 'M']",-3,VCC,"['OY', 'D', 'M']"
1622,"['AA', 'D', 'M']",-3,VCC,"['AA', 'D', 'M']"
1623,"['AY', 'D', 'M']",-3,VCC,"['AY', 'D', 'M']"
1624,"['ER', 'D', 'M']",-3,VCC,"['ER', 'D', 'M']"
1625,"['AO', 'D', 'M']",-3,VCC,"['D', 'AO', 'M']"
1626,"['UW', 'D', 'M']",-3,VCC,"['UW', 'D', 'M']"
1627,"['IH', 'D', 'M']",-3,VCC,"['IH', 'D', 'M']"
1628,"['EH', 'D', 'M']",-3,VCC,"['EH', 'D', 'M']"
1629,"['UH', 'D', 'M']",-3,VCC,"['UH', 'D', 'M']"
1630,"['IY', 'D', 'M']",-3,VCC,"['D', 'IY', 'M']"
1631,"['EY', 'D', 'M']",-3,VCC,"['D', 'EY', 'M']"
1632,"['OW', 'D', 'M']",-3,VCC,"['OW', 'D', 'M']"
1633,"['AE', 'D', 'M']",-3,VCC,"['AE', 'D', 'M']"
1634,"['AW', 'D', 'M']",-3,VCC,"['AW', 'D', 'M']"
1635,"['AH', 'D', 'N']",-3,VCC,"['AH', 'D', 'N']"
1636,"['OY', 'D', 'N']",-3,VCC,"['OY', 'D', 'N']"
1637,"['AA', 'D', 'N']",-3,VCC,"['AA', 'D', 'N']"
1638,"['AY', 'D', 'N']",-3,VCC,"['AY', 'D', '<EOS>']"
1639,"['ER', 'D', 'N']",-3,VCC,"['ER', 'D', 'N']"
1640,"['AO', 'D', 'N']",-3,VCC,"['AO', 'D', 'N']"
1641,"['UW', 'D', 'N']",-3,VCC,"['UW', 'D', 'N']"
1642,"['IH', 'D', 'N']",-3,VCC,"['IH', 'D', 'N']"
1643,"['EH', 'D', 'N']",-3,VCC,"['EH', 'D', 'N']"
1644,"['UH', 'D', 'N']",-3,VCC,"['UH', 'D', 'N']"
1645,"['IY', 'D', 'N']",-3,VCC,"['IY', 'D', 'N']"
1646,"['EY', 'D', 'N']",-3,VCC,"['EY', 'D', 'N']"
1647,"['OW', 'D', 'N']",-3,VCC,"['OW', 'D', 'N']"
1648,"['AE', 'D', 'N']",-3,VCC,"['AE', 'D', 'N']"
1649,"['AW', 'D', 'N']",-3,VCC,"['AW', 'D', 'N']"
1650,"['AH', 'D', 'NG']",-3,VCC,"['D', 'AH', 'NG']"
1651,"['OY', 'D', 'NG']",-3,VCC,"['D', 'OY', 'NG']"
1652,"['AA', 'D', 'NG']",-3,VCC,"['AA', 'D', 'NG']"
1653,"['AY', 'D', 'NG']",-3,VCC,"['AY', 'D', 'NG']"
1654,"['ER', 'D', 'NG']",-3,VCC,"['ER', 'D', 'NG']"
1655,"['AO', 'D', 'NG']",-3,VCC,"['D', 'AO', 'NG']"
1656,"['UW', 'D', 'NG']",-3,VCC,"['D', 'UW', 'NG']"
1657,"['IH', 'D', 'NG']",-3,VCC,"['IH', 'NG', 'D']"
1658,"['EH', 'D', 'NG']",-3,VCC,"['EH', 'D', 'NG']"
1659,"['UH', 'D', 'NG']",-3,VCC,"['UH', 'D', 'NG']"
1660,"['IY', 'D', 'NG']",-3,VCC,"['D', 'IY', 'NG']"
1661,"['EY', 'D', 'NG']",-3,VCC,"['EY', 'D', 'NG']"
1662,"['OW', 'D', 'NG']",-3,VCC,"['OW', 'D', 'NG']"
1663,"['AE', 'D', 'NG']",-3,VCC,"['AE', 'D', 'NG']"
1664,"['AW', 'D', 'NG']",-3,VCC,"['AW', 'D', 'NG']"
1665,"['AH', 'D', 'L']",-4,VCC,"['AH', 'D', 'L']"
1666,"['OY', 'D', 'L']",-4,VCC,"['OY', 'D', 'L']"
1667,"['AA', 'D', 'L']",-4,VCC,"['AA', 'D', 'L']"
1668,"['AY', 'D', 'L']",-4,VCC,"['AY', 'D', 'L']"
1669,"['ER', 'D', 'L']",-4,VCC,"['ER', 'D', 'L']"
1670,"['AO', 'D', 'L']",-4,VCC,"['AO', 'D', 'L']"
1671,"['UW', 'D', 'L']",-4,VCC,"['UW', 'D', 'L']"
1672,"['IH', 'D', 'L']",-4,VCC,"['IH', 'D', 'L']"
1673,"['EH', 'D', 'L']",-4,VCC,"['EH', 'D', 'L']"
1674,"['UH', 'D', 'L']",-4,VCC,"['UH', 'D', 'L']"
1675,"['IY', 'D', 'L']",-4,VCC,"['IY', 'D', 'L']"
1676,"['EY', 'D', 'L']",-4,VCC,"['EY', 'D', 'L']"
1677,"['OW', 'D', 'L']",-4,VCC,"['OW', 'D', 'L']"
1678,"['AE', 'D', 'L']",-4,VCC,"['AE', 'D', 'L']"
1679,"['AW', 'D', 'L']",-4,VCC,"['AW', 'D', 'L']"
1680,"['AH', 'D', 'R']",-4,VCC,"['AH', 'D', 'R']"
1681,"['OY', 'D', 'R']",-4,VCC,"['OY', 'D', 'R']"
1682,"['AA', 'D', 'R']",-4,VCC,"['AA', 'D', 'R']"
1683,"['AY', 'D', 'R']",-4,VCC,"['AY', 'D', 'R']"
1684,"['ER', 'D', 'R']",-4,VCC,"['ER', 'D', 'R']"
1685,"['AO', 'D', 'R']",-4,VCC,"['AO', 'D', 'R']"
1686,"['UW', 'D', 'R']",-4,VCC,"['UW', 'D', 'R']"
1687,"['IH', 'D', 'R']",-4,VCC,"['IH', 'D', 'R']"
1688,"['EH', 'D', 'R']",-4,VCC,"['EH', 'D', 'R']"
1689,"['UH', 'D', 'R']",-4,VCC,"['UH', 'D', 'R']"
1690,"['IY', 'D', 'R']",-4,VCC,"['IY', 'D', 'R']"
1691,"['EY', 'D', 'R']",-4,VCC,"['EY', 'D', 'R']"
1692,"['OW', 'D', 'R']",-4,VCC,"['OW', 'D', 'R']"
1693,"['AE', 'D', 'R']",-4,VCC,"['AE', 'D', 'R']"
1694,"['AW', 'D', 'R']",-4,VCC,"['AW', 'D', 'R']"
1695,"['AH', 'D', 'W']",-5,VCC,"['AH', 'D', 'W']"
1696,"['OY', 'D', 'W']",-5,VCC,"['OY', 'D', 'W']"
1697,"['AA', 'D', 'W']",-5,VCC,"['AA', 'D', 'W']"
1698,"['AY', 'D', 'W']",-5,VCC,"['AY', 'D', 'W']"
1699,"['ER', 'D', 'W']",-5,VCC,"['ER', 'D', 'W']"
1700,"['AO', 'D', 'W']",-5,VCC,"['AO', 'D', 'W']"
1701,"['UW', 'D', 'W']",-5,VCC,"['D', 'UW', 'W']"
1702,"['IH', 'D', 'W']",-5,VCC,"['IH', 'D', 'W']"
1703,"['EH', 'D', 'W']",-5,VCC,"['EH', 'D', 'W']"
1704,"['UH', 'D', 'W']",-5,VCC,"['UH', 'D', 'W']"
1705,"['IY', 'D', 'W']",-5,VCC,"['IY', 'D', 'W']"
1706,"['EY', 'D', 'W']",-5,VCC,"['EY', 'D', 'W']"
1707,"['OW', 'D', 'W']",-5,VCC,"['OW', 'D', 'W']"
1708,"['AE', 'D', 'W']",-5,VCC,"['AE', 'D', 'W']"
1709,"['AW', 'D', 'W']",-5,VCC,"['AW', 'D', 'W']"
1710,"['AH', 'D', 'Y']",-5,VCC,"['AH', 'D', 'Y']"
1711,"['OY', 'D', 'Y']",-5,VCC,"['OY', 'D', 'Y']"
1712,"['AA', 'D', 'Y']",-5,VCC,"['AA', 'D', 'Y']"
1713,"['AY', 'D', 'Y']",-5,VCC,"['AY', 'D', 'Y']"
1714,"['ER', 'D', 'Y']",-5,VCC,"['ER', 'D', 'Y']"
1715,"['AO', 'D', 'Y']",-5,VCC,"['AO', 'D', 'Y']"
1716,"['UW', 'D', 'Y']",-5,VCC,"['UW', 'D', 'Y']"
1717,"['IH', 'D', 'Y']",-5,VCC,"['IH', 'D', 'Y']"
1718,"['EH', 'D', 'Y']",-5,VCC,"['EH', 'D', 'Y']"
1719,"['UH', 'D', 'Y']",-5,VCC,"['UH', 'D', 'Y']"
1720,"['IY', 'D', 'Y']",-5,VCC,"['IY', 'D', 'Y']"
1721,"['EY', 'D', 'Y']",-5,VCC,"['EY', 'D', 'Y']"
1722,"['OW', 'D', 'Y']",-5,VCC,"['OW', 'D', 'Y']"
1723,"['AE', 'D', 'Y']",-5,VCC,"['AE', 'D', 'Y']"
1724,"['AW', 'D', 'Y']",-5,VCC,"['AW', 'T', 'V']"
1725,"['AH', 'G', 'P']",0,VCC,"['AH', 'G', 'P']"
1726,"['OY', 'G', 'P']",0,VCC,"['OY', 'G', 'P']"
1727,"['AA', 'G', 'P']",0,VCC,"['AA', 'G', 'P']"
1728,"['AY', 'G', 'P']",0,VCC,"['AY', 'G', 'P']"
1729,"['ER', 'G', 'P']",0,VCC,"['ER', 'G', 'P']"
1730,"['AO', 'G', 'P']",0,VCC,"['AO', 'G', 'P']"
1731,"['UW', 'G', 'P']",0,VCC,"['G', 'UW', 'P']"
1732,"['IH', 'G', 'P']",0,VCC,"['IH', 'G', 'P']"
1733,"['EH', 'G', 'P']",0,VCC,"['EH', 'G', 'P']"
1734,"['UH', 'G', 'P']",0,VCC,"['UH', 'G', 'P']"
1735,"['IY', 'G', 'P']",0,VCC,"['IY', 'G', 'P']"
1736,"['EY', 'G', 'P']",0,VCC,"['EY', 'G', 'P']"
1737,"['OW', 'G', 'P']",0,VCC,"['OW', 'G', 'P']"
1738,"['AE', 'G', 'P']",0,VCC,"['AE', 'G', 'P']"
1739,"['AW', 'G', 'P']",0,VCC,"['AW', 'G', 'P']"
1740,"['AH', 'G', 'T']",0,VCC,"['AH', 'G', 'T']"
1741,"['OY', 'G', 'T']",0,VCC,"['OY', 'G', 'T']"
1742,"['AA', 'G', 'T']",0,VCC,"['AA', 'G', 'T']"
1743,"['AY', 'G', 'T']",0,VCC,"['AY', 'G', 'T']"
1744,"['ER', 'G', 'T']",0,VCC,"['ER', 'G', 'T']"
1745,"['AO', 'G', 'T']",0,VCC,"['AO', 'G', 'T']"
1746,"['UW', 'G', 'T']",0,VCC,"['UW', 'G', 'T']"
1747,"['IH', 'G', 'T']",0,VCC,"['IH', 'G', 'T']"
1748,"['EH', 'G', 'T']",0,VCC,"['EH', 'G', 'T']"
1749,"['UH', 'G', 'T']",0,VCC,"['UH', 'T', 'G']"
1750,"['IY', 'G', 'T']",0,VCC,"['IY', 'G', 'T']"
1751,"['EY', 'G', 'T']",0,VCC,"['EY', 'G', 'T']"
1752,"['OW', 'G', 'T']",0,VCC,"['OW', 'G', 'T']"
1753,"['AE', 'G', 'T']",0,VCC,"['AE', 'G', 'T']"
1754,"['AW', 'G', 'T']",0,VCC,"['G', 'AW', 'T']"
1755,"['AH', 'G', 'K']",0,VCC,"['AH', 'G', 'K']"
1756,"['OY', 'G', 'K']",0,VCC,"['OY', 'G', 'K']"
1757,"['AA', 'G', 'K']",0,VCC,"['AA', 'G', 'K']"
1758,"['AY', 'G', 'K']",0,VCC,"['AY', 'G', 'K']"
1759,"['ER', 'G', 'K']",0,VCC,"['ER', 'G', 'K']"
1760,"['AO', 'G', 'K']",0,VCC,"['AO', 'G', 'K']"
1761,"['UW', 'G', 'K']",0,VCC,"['UW', 'G', 'K']"
1762,"['IH', 'G', 'K']",0,VCC,"['IH', 'G', 'K']"
1763,"['EH', 'G', 'K']",0,VCC,"['EH', 'G', 'K']"
1764,"['UH', 'G', 'K']",0,VCC,"['UH', 'G', 'K']"
1765,"['IY', 'G', 'K']",0,VCC,"['IY', 'G', 'K']"
1766,"['EY', 'G', 'K']",0,VCC,"['EY', 'G', 'K']"
1767,"['OW', 'G', 'K']",0,VCC,"['OW', 'G', 'K']"
1768,"['AE', 'G', 'K']",0,VCC,"['AE', 'G', 'K']"
1769,"['AW', 'G', 'K']",0,VCC,"['AW', 'G', 'K']"
1770,"['AH', 'G', 'B']",0,VCC,"['AH', 'G', 'B']"
1771,"['OY', 'G', 'B']",0,VCC,"['OY', 'G', 'B']"
1772,"['AA', 'G', 'B']",0,VCC,"['AA', 'G', 'B']"
1773,"['AY', 'G', 'B']",0,VCC,"['AY', 'G', 'B']"
1774,"['ER', 'G', 'B']",0,VCC,"['ER', 'G', 'B']"
1775,"['AO', 'G', 'B']",0,VCC,"['AO', 'G', 'B']"
1776,"['UW', 'G', 'B']",0,VCC,"['UW', 'G', 'B']"
1777,"['IH', 'G', 'B']",0,VCC,"['IH', 'G', 'B']"
1778,"['EH', 'G', 'B']",0,VCC,"['EH', 'G', 'B']"
1779,"['UH', 'G', 'B']",0,VCC,"['UH', 'G', 'B']"
1780,"['IY', 'G', 'B']",0,VCC,"['IY', 'G', 'B']"
1781,"['EY', 'G', 'B']",0,VCC,"['G', 'EY', 'B']"
1782,"['OW', 'G', 'B']",0,VCC,"['OW', 'G', 'B']"
1783,"['AE', 'G', 'B']",0,VCC,"['AE', 'G', 'B']"
1784,"['AW', 'G', 'B']",0,VCC,"['G', 'AW', 'B']"
1785,"['AH', 'G', 'D']",0,VCC,"['AH', 'G', 'D']"
1786,"['OY', 'G', 'D']",0,VCC,"['OY', 'G', 'D']"
1787,"['AA', 'G', 'D']",0,VCC,"['AA', 'G', 'D']"
1788,"['AY', 'G', 'D']",0,VCC,"['AY', 'G', 'D']"
1789,"['ER', 'G', 'D']",0,VCC,"['ER', 'G', 'D']"
1790,"['AO', 'G', 'D']",0,VCC,"['AO', 'G', 'D']"
1791,"['UW', 'G', 'D']",0,VCC,"['UW', 'G', 'D']"
1792,"['IH', 'G', 'D']",0,VCC,"['IH', 'G', 'D']"
1793,"['EH', 'G', 'D']",0,VCC,"['EH', 'G', 'D']"
1794,"['UH', 'G', 'D']",0,VCC,"['UH', 'G', 'D']"
1795,"['IY', 'G', 'D']",0,VCC,"['IY', 'G', 'D']"
1796,"['EY', 'G', 'D']",0,VCC,"['EY', 'G', 'D']"
1797,"['OW', 'G', 'D']",0,VCC,"['OW', 'G', 'D']"
1798,"['AE', 'G', 'D']",0,VCC,"['AE', 'G', 'D']"
1799,"['AW', 'G', 'D']",0,VCC,"['AW', 'G', 'D']"
1800,"['AH', 'G', 'F']",-1,VCC,"['AH', 'G', 'F']"
1801,"['OY', 'G', 'F']",-1,VCC,"['OY', 'G', 'F']"
1802,"['AA', 'G', 'F']",-1,VCC,"['AA', 'G', 'F']"
1803,"['AY', 'G', 'F']",-1,VCC,"['AY', 'G', 'F']"
1804,"['ER', 'G', 'F']",-1,VCC,"['ER', 'G', 'F']"
1805,"['AO', 'G', 'F']",-1,VCC,"['AO', 'G', 'F']"
1806,"['UW', 'G', 'F']",-1,VCC,"['UW', 'G', 'F']"
1807,"['IH', 'G', 'F']",-1,VCC,"['IH', 'G', 'F']"
1808,"['EH', 'G', 'F']",-1,VCC,"['EH', 'G', 'F']"
1809,"['UH', 'G', 'F']",-1,VCC,"['UH', 'G', 'F']"
1810,"['IY', 'G', 'F']",-1,VCC,"['IH', 'G', 'F']"
1811,"['EY', 'G', 'F']",-1,VCC,"['G', 'EY', 'F']"
1812,"['OW', 'G', 'F']",-1,VCC,"['OW', 'G', 'F']"
1813,"['AE', 'G', 'F']",-1,VCC,"['AE', 'G', 'F']"
1814,"['AW', 'G', 'F']",-1,VCC,"['AW', 'G', 'F']"
1815,"['AH', 'G', 'TH']",-1,VCC,"['AH', 'G', 'TH']"
1816,"['OY', 'G', 'TH']",-1,VCC,"['G', 'OY', 'TH']"
1817,"['AA', 'G', 'TH']",-1,VCC,"['AA', 'G', 'TH']"
1818,"['AY', 'G', 'TH']",-1,VCC,"['AY', 'TH', 'G']"
1819,"['ER', 'G', 'TH']",-1,VCC,"['ER', 'G', 'TH']"
1820,"['AO', 'G', 'TH']",-1,VCC,"['AO', 'G', 'TH']"
1821,"['UW', 'G', 'TH']",-1,VCC,"['G', 'UW', 'TH']"
1822,"['IH', 'G', 'TH']",-1,VCC,"['IH', 'G', 'TH']"
1823,"['EH', 'G', 'TH']",-1,VCC,"['EH', 'G', 'TH']"
1824,"['UH', 'G', 'TH']",-1,VCC,"['G', 'UH', 'TH']"
1825,"['IY', 'G', 'TH']",-1,VCC,"['G', 'IY', 'TH']"
1826,"['EY', 'G', 'TH']",-1,VCC,"['G', 'EY', 'TH']"
1827,"['OW', 'G', 'TH']",-1,VCC,"['G', 'OW', 'TH']"
1828,"['AE', 'G', 'TH']",-1,VCC,"['AE', 'G', 'TH']"
1829,"['AW', 'G', 'TH']",-1,VCC,"['G', 'AW', 'TH']"
1830,"['AH', 'G', 'S']",-1,VCC,"['AH', 'G', 'S']"
1831,"['OY', 'G', 'S']",-1,VCC,"['OY', 'G', 'S']"
1832,"['AA', 'G', 'S']",-1,VCC,"['AA', 'G', 'S']"
1833,"['AY', 'G', 'S']",-1,VCC,"['AY', 'G', 'S']"
1834,"['ER', 'G', 'S']",-1,VCC,"['ER', 'G', 'S']"
1835,"['AO', 'G', 'S']",-1,VCC,"['AO', 'G', 'S']"
1836,"['UW', 'G', 'S']",-1,VCC,"['G', 'UW', 'S']"
1837,"['IH', 'G', 'S']",-1,VCC,"['IH', 'G', 'S']"
1838,"['EH', 'G', 'S']",-1,VCC,"['EH', 'G', 'S']"
1839,"['UH', 'G', 'S']",-1,VCC,"['UH', 'G', 'S']"
1840,"['IY', 'G', 'S']",-1,VCC,"['IY', 'G', 'S']"
1841,"['EY', 'G', 'S']",-1,VCC,"['EY', 'G', 'S']"
1842,"['OW', 'G', 'S']",-1,VCC,"['OW', 'G', 'S']"
1843,"['AE', 'G', 'S']",-1,VCC,"['AE', 'G', 'S']"
1844,"['AW', 'G', 'S']",-1,VCC,"['AW', 'G', 'S']"
1845,"['AH', 'G', 'SH']",-1,VCC,"['AH', 'G', 'SH']"
1846,"['OY', 'G', 'SH']",-1,VCC,"['OY', 'G', 'SH']"
1847,"['AA', 'G', 'SH']",-1,VCC,"['AA', 'G', 'SH']"
1848,"['AY', 'G', 'SH']",-1,VCC,"['AY', 'G', 'SH']"
1849,"['ER', 'G', 'SH']",-1,VCC,"['ER', 'G', 'SH']"
1850,"['AO', 'G', 'SH']",-1,VCC,"['AO', 'G', 'SH']"
1851,"['UW', 'G', 'SH']",-1,VCC,"['G', 'UW', 'SH']"
1852,"['IH', 'G', 'SH']",-1,VCC,"['IH', 'G', 'SH']"
1853,"['EH', 'G', 'SH']",-1,VCC,"['EH', 'G', 'SH']"
1854,"['UH', 'G', 'SH']",-1,VCC,"['UH', 'G', 'SH']"
1855,"['IY', 'G', 'SH']",-1,VCC,"['AE', 'SH', 'G']"
1856,"['EY', 'G', 'SH']",-1,VCC,"['G', 'EY', 'SH']"
1857,"['OW', 'G', 'SH']",-1,VCC,"['OW', 'G', 'SH']"
1858,"['AE', 'G', 'SH']",-1,VCC,"['AE', 'G', 'SH']"
1859,"['AW', 'G', 'SH']",-1,VCC,"['G', 'AW', 'SH']"
1860,"['AH', 'G', 'Z']",-1,VCC,"['AH', 'G', 'Z']"
1861,"['OY', 'G', 'Z']",-1,VCC,"['OY', 'G', 'Z']"
1862,"['AA', 'G', 'Z']",-1,VCC,"['AA', 'G', 'Z']"
1863,"['AY', 'G', 'Z']",-1,VCC,"['AY', 'G', 'Z']"
1864,"['ER', 'G', 'Z']",-1,VCC,"['ER', 'G', 'Z']"
1865,"['AO', 'G', 'Z']",-1,VCC,"['AO', 'G', 'Z']"
1866,"['UW', 'G', 'Z']",-1,VCC,"['UW', 'G', 'Z']"
1867,"['IH', 'G', 'Z']",-1,VCC,"['IH', 'G', 'Z']"
1868,"['EH', 'G', 'Z']",-1,VCC,"['EH', 'G', 'Z']"
1869,"['UH', 'G', 'Z']",-1,VCC,"['UH', 'G', 'Z']"
1870,"['IY', 'G', 'Z']",-1,VCC,"['IY', 'G', 'Z']"
1871,"['EY', 'G', 'Z']",-1,VCC,"['EY', 'G', 'Z']"
1872,"['OW', 'G', 'Z']",-1,VCC,"['OW', 'G', 'Z']"
1873,"['AE', 'G', 'Z']",-1,VCC,"['AE', 'G', 'Z']"
1874,"['AW', 'G', 'Z']",-1,VCC,"['AW', 'G', 'Z']"
1875,"['AH', 'G', 'ZH']",-1,VCC,"['AH', 'G', 'ZH']"
1876,"['OY', 'G', 'ZH']",-1,VCC,"['OY', 'G', 'ZH']"
1877,"['AA', 'G', 'ZH']",-1,VCC,"['AE', 'G', 'AA']"
1878,"['AY', 'G', 'ZH']",-1,VCC,"['AY', 'G', '<EOS>']"
1879,"['ER', 'G', 'ZH']",-1,VCC,"['ER', 'G', 'AE']"
1880,"['AO', 'G', 'ZH']",-1,VCC,"['AO', 'G', 'ZH']"
1881,"['UW', 'G', 'ZH']",-1,VCC,"['UW', 'G', 'ZH']"
1882,"['IH', 'G', 'ZH']",-1,VCC,"['IH', 'G', 'ZH']"
1883,"['EH', 'G', 'ZH']",-1,VCC,"['EH', 'G', 'ZH']"
1884,"['UH', 'G', 'ZH']",-1,VCC,"['UH', 'G', 'ZH']"
1885,"['IY', 'G', 'ZH']",-1,VCC,"['AE', 'G', 'SH']"
1886,"['EY', 'G', 'ZH']",-1,VCC,"['EY', 'G', 'ZH']"
1887,"['OW', 'G', 'ZH']",-1,VCC,"['OW', 'G', 'ZH']"
1888,"['AE', 'G', 'ZH']",-1,VCC,"['AE', 'G', 'ZH']"
1889,"['AW', 'G', 'ZH']",-1,VCC,"['AW', 'G', 'ZH']"
1890,"['AH', 'G', 'V']",-1,VCC,"['AH', 'G', 'V']"
1891,"['OY', 'G', 'V']",-1,VCC,"['OY', 'G', 'V']"
1892,"['AA', 'G', 'V']",-1,VCC,"['AA', 'G', 'V']"
1893,"['AY', 'G', 'V']",-1,VCC,"['AY', 'G', 'V']"
1894,"['ER', 'G', 'V']",-1,VCC,"['ER', 'G', 'V']"
1895,"['AO', 'G', 'V']",-1,VCC,"['AO', 'G', 'V']"
1896,"['UW', 'G', 'V']",-1,VCC,"['UW', 'G', 'V']"
1897,"['IH', 'G', 'V']",-1,VCC,"['IH', 'G', 'V']"
1898,"['EH', 'G', 'V']",-1,VCC,"['EH', 'G', 'V']"
1899,"['UH', 'G', 'V']",-1,VCC,"['UH', 'G', 'V']"
1900,"['IY', 'G', 'V']",-1,VCC,"['IH', 'G', 'V']"
1901,"['EY', 'G', 'V']",-1,VCC,"['EY', 'G', 'V']"
1902,"['OW', 'G', 'V']",-1,VCC,"['OW', 'G', 'V']"
1903,"['AE', 'G', 'V']",-1,VCC,"['AE', 'G', 'V']"
1904,"['AW', 'G', 'V']",-1,VCC,"['AW', 'G', 'V']"
1905,"['AH', 'G', 'DH']",-1,VCC,"['AH', 'G', 'DH']"
1906,"['OY', 'G', 'DH']",-1,VCC,"['OY', 'G', 'DH']"
1907,"['AA', 'G', 'DH']",-1,VCC,"['AA', 'G', 'DH']"
1908,"['AY', 'G', 'DH']",-1,VCC,"['AY', 'G', 'DH']"
1909,"['ER', 'G', 'DH']",-1,VCC,"['ER', 'G', 'DH']"
1910,"['AO', 'G', 'DH']",-1,VCC,"['AO', 'DH', 'G']"
1911,"['UW', 'G', 'DH']",-1,VCC,"['G', 'UW', 'DH']"
1912,"['IH', 'G', 'DH']",-1,VCC,"['IH', 'G', 'DH']"
1913,"['EH', 'G', 'DH']",-1,VCC,"['EH', 'G', 'DH']"
1914,"['UH', 'G', 'DH']",-1,VCC,"['UH', 'G', 'DH']"
1915,"['IY', 'G', 'DH']",-1,VCC,"['IY', 'G', 'DH']"
1916,"['EY', 'G', 'DH']",-1,VCC,"['EY', 'G', 'DH']"
1917,"['OW', 'G', 'DH']",-1,VCC,"['OW', 'DH', 'G']"
1918,"['AE', 'G', 'DH']",-1,VCC,"['AE', 'G', 'DH']"
1919,"['AW', 'G', 'DH']",-1,VCC,"['AW', 'G', 'DH']"
1920,"['AH', 'G', 'HH']",-1,VCC,"['AH', 'G', 'HH']"
1921,"['OY', 'G', 'HH']",-1,VCC,"['OY', 'G', 'HH']"
1922,"['AA', 'G', 'HH']",-1,VCC,"['AA', 'G', 'HH']"
1923,"['AY', 'G', 'HH']",-1,VCC,"['AY', 'G', 'HH']"
1924,"['ER', 'G', 'HH']",-1,VCC,"['ER', 'G', 'HH']"
1925,"['AO', 'G', 'HH']",-1,VCC,"['AO', 'G', 'HH']"
1926,"['UW', 'G', 'HH']",-1,VCC,"['UW', 'G', 'HH']"
1927,"['IH', 'G', 'HH']",-1,VCC,"['IH', 'G', 'HH']"
1928,"['EH', 'G', 'HH']",-1,VCC,"['EH', 'G', 'HH']"
1929,"['UH', 'G', 'HH']",-1,VCC,"['G', 'UH', 'G']"
1930,"['IY', 'G', 'HH']",-1,VCC,"['G', 'IY', 'HH']"
1931,"['EY', 'G', 'HH']",-1,VCC,"['EY', 'G', 'HH']"
1932,"['OW', 'G', 'HH']",-1,VCC,"['OW', 'G', 'HH']"
1933,"['AE', 'G', 'HH']",-1,VCC,"['AE', 'G', 'HH']"
1934,"['AW', 'G', 'HH']",-1,VCC,"['G', 'EH', 'M']"
1935,"['AH', 'G', 'CH']",-2,VCC,"['AH', 'G', 'CH']"
1936,"['OY', 'G', 'CH']",-2,VCC,"['G', 'OY', 'CH']"
1937,"['AA', 'G', 'CH']",-2,VCC,"['AA', 'G', 'CH']"
1938,"['AY', 'G', 'CH']",-2,VCC,"['AY', 'G', 'CH']"
1939,"['ER', 'G', 'CH']",-2,VCC,"['ER', 'G', 'CH']"
1940,"['AO', 'G', 'CH']",-2,VCC,"['AO', 'G', 'CH']"
1941,"['UW', 'G', 'CH']",-2,VCC,"['G', 'UW', 'CH']"
1942,"['IH', 'G', 'CH']",-2,VCC,"['IH', 'G', 'CH']"
1943,"['EH', 'G', 'CH']",-2,VCC,"['EH', 'G', 'CH']"
1944,"['UH', 'G', 'CH']",-2,VCC,"['G', 'UH', 'CH']"
1945,"['IY', 'G', 'CH']",-2,VCC,"['G', 'IY', 'CH']"
1946,"['EY', 'G', 'CH']",-2,VCC,"['G', 'EY', 'CH']"
1947,"['OW', 'G', 'CH']",-2,VCC,"['OW', 'G', 'CH']"
1948,"['AE', 'G', 'CH']",-2,VCC,"['AE', 'G', 'CH']"
1949,"['AW', 'G', 'CH']",-2,VCC,"['G', 'AW', 'CH']"
1950,"['AH', 'G', 'JH']",-2,VCC,"['AH', 'G', 'JH']"
1951,"['OY', 'G', 'JH']",-2,VCC,"['OY', 'G', 'JH']"
1952,"['AA', 'G', 'JH']",-2,VCC,"['AA', 'G', 'JH']"
1953,"['AY', 'G', 'JH']",-2,VCC,"['AY', 'G', 'JH']"
1954,"['ER', 'G', 'JH']",-2,VCC,"['ER', 'G', 'JH']"
1955,"['AO', 'G', 'JH']",-2,VCC,"['AO', 'G', 'JH']"
1956,"['UW', 'G', 'JH']",-2,VCC,"['G', 'UW', 'G']"
1957,"['IH', 'G', 'JH']",-2,VCC,"['IH', 'G', 'JH']"
1958,"['EH', 'G', 'JH']",-2,VCC,"['EH', 'G', 'JH']"
1959,"['UH', 'G', 'JH']",-2,VCC,"['UH', 'G', 'JH']"
1960,"['IY', 'G', 'JH']",-2,VCC,"['IY', 'G', 'JH']"
1961,"['EY', 'G', 'JH']",-2,VCC,"['EY', 'G', 'JH']"
1962,"['OW', 'G', 'JH']",-2,VCC,"['OW', 'G', 'JH']"
1963,"['AE', 'G', 'JH']",-2,VCC,"['AE', 'G', 'JH']"
1964,"['AW', 'G', 'JH']",-2,VCC,"['AW', 'G', 'JH']"
1965,"['AH', 'G', 'M']",-3,VCC,"['AH', 'G', 'M']"
1966,"['OY', 'G', 'M']",-3,VCC,"['OY', 'G', 'M']"
1967,"['AA', 'G', 'M']",-3,VCC,"['AA', 'G', 'M']"
1968,"['AY', 'G', 'M']",-3,VCC,"['AY', 'G', 'M']"
1969,"['ER', 'G', 'M']",-3,VCC,"['ER', 'G', 'M']"
1970,"['AO', 'G', 'M']",-3,VCC,"['AO', 'G', 'M']"
1971,"['UW', 'G', 'M']",-3,VCC,"['UW', 'G', 'M']"
1972,"['IH', 'G', 'M']",-3,VCC,"['IH', 'G', 'M']"
1973,"['EH', 'G', 'M']",-3,VCC,"['EH', 'G', 'M']"
1974,"['UH', 'G', 'M']",-3,VCC,"['UH', 'G', 'M']"
1975,"['IY', 'G', 'M']",-3,VCC,"['IH', 'G', 'M']"
1976,"['EY', 'G', 'M']",-3,VCC,"['EY', 'G', 'M']"
1977,"['OW', 'G', 'M']",-3,VCC,"['OW', 'G', 'M']"
1978,"['AE', 'G', 'M']",-3,VCC,"['AE', 'G', 'M']"
1979,"['AW', 'G', 'M']",-3,VCC,"['AW', 'G', 'M']"
1980,"['AH', 'G', 'N']",-3,VCC,"['AH', 'G', 'N']"
1981,"['OY', 'G', 'N']",-3,VCC,"['OY', 'G', 'N']"
1982,"['AA', 'G', 'N']",-3,VCC,"['AA', 'G', 'N']"
1983,"['AY', 'G', 'N']",-3,VCC,"['AY', 'G', 'N']"
1984,"['ER', 'G', 'N']",-3,VCC,"['ER', 'G', 'N']"
1985,"['AO', 'G', 'N']",-3,VCC,"['AO', 'G', 'N']"
1986,"['UW', 'G', 'N']",-3,VCC,"['UW', 'G', 'N']"
1987,"['IH', 'G', 'N']",-3,VCC,"['IH', 'G', 'N']"
1988,"['EH', 'G', 'N']",-3,VCC,"['EH', 'G', 'N']"
1989,"['UH', 'G', 'N']",-3,VCC,"['UH', 'G', 'N']"
1990,"['IY', 'G', 'N']",-3,VCC,"['IY', 'G', 'N']"
1991,"['EY', 'G', 'N']",-3,VCC,"['EY', 'G', 'N']"
1992,"['OW', 'G', 'N']",-3,VCC,"['OW', 'G', 'N']"
1993,"['AE', 'G', 'N']",-3,VCC,"['AE', 'G', 'N']"
1994,"['AW', 'G', 'N']",-3,VCC,"['AW', 'G', 'N']"
1995,"['AH', 'G', 'NG']",-3,VCC,"['AH', 'G', 'NG']"
1996,"['OY', 'G', 'NG']",-3,VCC,"['OY', 'NG', 'G']"
1997,"['AA', 'G', 'NG']",-3,VCC,"['AA', 'G', 'NG']"
1998,"['AY', 'G', 'NG']",-3,VCC,"['AY', 'NG', 'G']"
1999,"['ER', 'G', 'NG']",-3,VCC,"['ER', 'NG', 'G']"
2000,"['AO', 'G', 'NG']",-3,VCC,"['AO', 'NG', 'G']"
2001,"['UW', 'G', 'NG']",-3,VCC,"['UW', 'G', 'NG']"
2002,"['IH', 'G', 'NG']",-3,VCC,"['IH', 'NG', 'G']"
2003,"['EH', 'G', 'NG']",-3,VCC,"['EH', 'G', 'NG']"
2004,"['UH', 'G', 'NG']",-3,VCC,"['UH', 'NG', 'G']"
2005,"['IY', 'G', 'NG']",-3,VCC,"['IY', 'NG', 'G']"
2006,"['EY', 'G', 'NG']",-3,VCC,"['EY', 'G', 'NG']"
2007,"['OW', 'G', 'NG']",-3,VCC,"['OW', 'NG', 'G']"
2008,"['AE', 'G', 'NG']",-3,VCC,"['AE', 'NG', 'G']"
2009,"['AW', 'G', 'NG']",-3,VCC,"['AW', 'G', 'NG']"
2010,"['AH', 'G', 'L']",-4,VCC,"['AH', 'G', 'L']"
2011,"['OY', 'G', 'L']",-4,VCC,"['OY', 'G', 'L']"
2012,"['AA', 'G', 'L']",-4,VCC,"['AA', 'G', 'L']"
2013,"['AY', 'G', 'L']",-4,VCC,"['AY', 'G', 'L']"
2014,"['ER', 'G', 'L']",-4,VCC,"['ER', 'G', 'L']"
2015,"['AO', 'G', 'L']",-4,VCC,"['AO', 'G', 'L']"
2016,"['UW', 'G', 'L']",-4,VCC,"['UW', 'G', 'L']"
2017,"['IH', 'G', 'L']",-4,VCC,"['IH', 'G', 'L']"
2018,"['EH', 'G', 'L']",-4,VCC,"['EH', 'G', 'L']"
2019,"['UH', 'G', 'L']",-4,VCC,"['G', 'UH', 'L']"
2020,"['IY', 'G', 'L']",-4,VCC,"['IY', 'G', 'L']"
2021,"['EY', 'G', 'L']",-4,VCC,"['G', 'EY', 'L']"
2022,"['OW', 'G', 'L']",-4,VCC,"['OW', 'G', 'L']"
2023,"['AE', 'G', 'L']",-4,VCC,"['AE', 'G', 'L']"
2024,"['AW', 'G', 'L']",-4,VCC,"['G', 'AW', 'L']"
2025,"['AH', 'G', 'R']",-4,VCC,"['AH', 'G', 'R']"
2026,"['OY', 'G', 'R']",-4,VCC,"['OY', 'G', 'R']"
2027,"['AA', 'G', 'R']",-4,VCC,"['AA', 'G', 'R']"
2028,"['AY', 'G', 'R']",-4,VCC,"['AY', 'G', 'R']"
2029,"['ER', 'G', 'R']",-4,VCC,"['ER', 'G', 'R']"
2030,"['AO', 'G', 'R']",-4,VCC,"['AO', 'G', 'R']"
2031,"['UW', 'G', 'R']",-4,VCC,"['UW', 'G', 'R']"
2032,"['IH', 'G', 'R']",-4,VCC,"['IH', 'G', 'R']"
2033,"['EH', 'G', 'R']",-4,VCC,"['EH', 'G', 'R']"
2034,"['UH', 'G', 'R']",-4,VCC,"['UH', 'G', 'R']"
2035,"['IY', 'G', 'R']",-4,VCC,"['IY', 'G', 'R']"
2036,"['EY', 'G', 'R']",-4,VCC,"['EY', 'G', 'R']"
2037,"['OW', 'G', 'R']",-4,VCC,"['OW', 'G', 'R']"
2038,"['AE', 'G', 'R']",-4,VCC,"['AE', 'G', 'R']"
2039,"['AW', 'G', 'R']",-4,VCC,"['AW', 'G', 'R']"
2040,"['AH', 'G', 'W']",-5,VCC,"['AH', 'G', 'W']"
2041,"['OY', 'G', 'W']",-5,VCC,"['OY', 'G', 'W']"
2042,"['AA', 'G', 'W']",-5,VCC,"['AA', 'G', 'W']"
2043,"['AY', 'G', 'W']",-5,VCC,"['AY', 'G', 'W']"
2044,"['ER', 'G', 'W']",-5,VCC,"['ER', 'G', 'W']"
2045,"['AO', 'G', 'W']",-5,VCC,"['AO', 'G', 'W']"
2046,"['UW', 'G', 'W']",-5,VCC,"['G', 'UW', 'W']"
2047,"['IH', 'G', 'W']",-5,VCC,"['IH', 'G', 'W']"
2048,"['EH', 'G', 'W']",-5,VCC,"['EH', 'G', 'W']"
2049,"['UH', 'G', 'W']",-5,VCC,"['G', 'UH', 'W']"
2050,"['IY', 'G', 'W']",-5,VCC,"['IY', 'G', 'W']"
2051,"['EY', 'G', 'W']",-5,VCC,"['EY', 'G', 'W']"
2052,"['OW', 'G', 'W']",-5,VCC,"['OW', 'G', 'W']"
2053,"['AE', 'G', 'W']",-5,VCC,"['AE', 'G', 'W']"
2054,"['AW', 'G', 'W']",-5,VCC,"['AW', 'G', 'W']"
2055,"['AH', 'G', 'Y']",-5,VCC,"['AH', 'G', 'Y']"
2056,"['OY', 'G', 'Y']",-5,VCC,"['OY', 'G', 'L']"
2057,"['AA', 'G', 'Y']",-5,VCC,"['AA', 'G', 'Y']"
2058,"['AY', 'G', 'Y']",-5,VCC,"['AY', 'G', 'Y']"
2059,"['ER', 'G', 'Y']",-5,VCC,"['ER', 'G', 'Y']"
2060,"['AO', 'G', 'Y']",-5,VCC,"['AO', 'G', 'Y']"
2061,"['UW', 'G', 'Y']",-5,VCC,"['G', 'UW', 'G']"
2062,"['IH', 'G', 'Y']",-5,VCC,"['IH', 'G', 'Y']"
2063,"['EH', 'G', 'Y']",-5,VCC,"['EH', 'G', 'Y']"
2064,"['UH', 'G', 'Y']",-5,VCC,"['UH', 'G', 'Y']"
2065,"['IY', 'G', 'Y']",-5,VCC,"['IH', 'G', 'Y']"
2066,"['EY', 'G', 'Y']",-5,VCC,"['EY', 'G', 'Y']"
2067,"['OW', 'G', 'Y']",-5,VCC,"['OW', 'G', 'Y']"
2068,"['AE', 'G', 'Y']",-5,VCC,"['AE', 'G', 'Y']"
2069,"['AW', 'G', 'Y']",-5,VCC,"['AW', 'G', 'Y']"
2070,"['AH', 'F', 'P']",1,VCC,"['AH', 'F', 'P']"
2071,"['OY', 'F', 'P']",1,VCC,"['OY', 'F', 'P']"
2072,"['AA', 'F', 'P']",1,VCC,"['AA', 'F', 'P']"
2073,"['AY', 'F', 'P']",1,VCC,"['AY', 'F', 'P']"
2074,"['ER', 'F', 'P']",1,VCC,"['ER', 'F', 'P']"
2075,"['AO', 'F', 'P']",1,VCC,"['AO', 'F', 'P']"
2076,"['UW', 'F', 'P']",1,VCC,"['AE', 'F', 'P']"
2077,"['IH', 'F', 'P']",1,VCC,"['IH', 'F', 'P']"
2078,"['EH', 'F', 'P']",1,VCC,"['EH', 'F', 'P']"
2079,"['UH', 'F', 'P']",1,VCC,"['IH', 'F', 'P']"
2080,"['IY', 'F', 'P']",1,VCC,"['IY', 'F', 'P']"
2081,"['EY', 'F', 'P']",1,VCC,"['EY', 'F', 'P']"
2082,"['OW', 'F', 'P']",1,VCC,"['OW', 'F', 'P']"
2083,"['AE', 'F', 'P']",1,VCC,"['AE', 'F', 'P']"
2084,"['AW', 'F', 'P']",1,VCC,"['AW', 'F', 'P']"
2085,"['AH', 'F', 'T']",1,VCC,"['AH', 'F', 'T']"
2086,"['OY', 'F', 'T']",1,VCC,"['OY', 'F', 'T']"
2087,"['AA', 'F', 'T']",1,VCC,"['AA', 'F', 'T']"
2088,"['AY', 'F', 'T']",1,VCC,"['AY', 'F', 'T']"
2089,"['ER', 'F', 'T']",1,VCC,"['ER', 'F', 'T']"
2090,"['AO', 'F', 'T']",1,VCC,"['AO', 'F', 'T']"
2091,"['UW', 'F', 'T']",1,VCC,"['UW', 'F', 'T']"
2092,"['IH', 'F', 'T']",1,VCC,"['IH', 'F', 'T']"
2093,"['EH', 'F', 'T']",1,VCC,"['EH', 'F', 'T']"
2094,"['UH', 'F', 'T']",1,VCC,"['D', 'F', 'UH']"
2095,"['IY', 'F', 'T']",1,VCC,"['IY', 'F', 'T']"
2096,"['EY', 'F', 'T']",1,VCC,"['EY', 'F', 'T']"
2097,"['OW', 'F', 'T']",1,VCC,"['OW', 'F', 'T']"
2098,"['AE', 'F', 'T']",1,VCC,"['AE', 'F', 'T']"
2099,"['AW', 'F', 'T']",1,VCC,"['F', 'AW', 'T']"
2100,"['AH', 'F', 'K']",1,VCC,"['AH', 'F', 'K']"
2101,"['OY', 'F', 'K']",1,VCC,"['OY', 'F', 'K']"
2102,"['AA', 'F', 'K']",1,VCC,"['AA', 'F', 'K']"
2103,"['AY', 'F', 'K']",1,VCC,"['AY', 'F', 'K']"
2104,"['ER', 'F', 'K']",1,VCC,"['ER', 'F', 'K']"
2105,"['AO', 'F', 'K']",1,VCC,"['AO', 'F', 'K']"
2106,"['UW', 'F', 'K']",1,VCC,"['UW', 'F', 'K']"
2107,"['IH', 'F', 'K']",1,VCC,"['IH', 'F', 'K']"
2108,"['EH', 'F', 'K']",1,VCC,"['EH', 'F', 'K']"
2109,"['UH', 'F', 'K']",1,VCC,"['UH', 'F', 'K']"
2110,"['IY', 'F', 'K']",1,VCC,"['IY', 'F', 'K']"
2111,"['EY', 'F', 'K']",1,VCC,"['EY', 'F', 'K']"
2112,"['OW', 'F', 'K']",1,VCC,"['OW', 'F', 'K']"
2113,"['AE', 'F', 'K']",1,VCC,"['AE', 'F', 'K']"
2114,"['AW', 'F', 'K']",1,VCC,"['AW', 'F', 'K']"
2115,"['AH', 'F', 'B']",1,VCC,"['AH', 'F', 'T']"
2116,"['OY', 'F', 'B']",1,VCC,"['OY', 'F', 'B']"
2117,"['AA', 'F', 'B']",1,VCC,"['AA', 'F', 'B']"
2118,"['AY', 'F', 'B']",1,VCC,"['AY', 'F', 'B']"
2119,"['ER', 'F', 'B']",1,VCC,"['ER', 'F', 'B']"
2120,"['AO', 'F', 'B']",1,VCC,"['AO', 'F', 'B']"
2121,"['UW', 'F', 'B']",1,VCC,"['F', 'UW', 'B']"
2122,"['IH', 'F', 'B']",1,VCC,"['IH', 'F', 'B']"
2123,"['EH', 'F', 'B']",1,VCC,"['EH', 'F', 'B']"
2124,"['UH', 'F', 'B']",1,VCC,"['UH', 'F', 'B']"
2125,"['IY', 'F', 'B']",1,VCC,"['IY', 'F', 'B']"
2126,"['EY', 'F', 'B']",1,VCC,"['EY', 'F', 'B']"
2127,"['OW', 'F', 'B']",1,VCC,"['OW', 'F', 'B']"
2128,"['AE', 'F', 'B']",1,VCC,"['AE', 'F', 'B']"
2129,"['AW', 'F', 'B']",1,VCC,"['F', 'AW', 'B']"
2130,"['AH', 'F', 'D']",1,VCC,"['AH', 'F', 'D']"
2131,"['OY', 'F', 'D']",1,VCC,"['OY', 'F', 'D']"
2132,"['AA', 'F', 'D']",1,VCC,"['AA', 'F', 'D']"
2133,"['AY', 'F', 'D']",1,VCC,"['AY', 'F', 'D']"
2134,"['ER', 'F', 'D']",1,VCC,"['ER', 'F', 'D']"
2135,"['AO', 'F', 'D']",1,VCC,"['AO', 'F', 'D']"
2136,"['UW', 'F', 'D']",1,VCC,"['UW', 'F', 'D']"
2137,"['IH', 'F', 'D']",1,VCC,"['IH', 'F', 'D']"
2138,"['EH', 'F', 'D']",1,VCC,"['EH', 'F', 'D']"
2139,"['UH', 'F', 'D']",1,VCC,"['UH', 'F', 'D']"
2140,"['IY', 'F', 'D']",1,VCC,"['IY', 'F', 'D']"
2141,"['EY', 'F', 'D']",1,VCC,"['EY', 'F', 'D']"
2142,"['OW', 'F', 'D']",1,VCC,"['OW', 'F', 'D']"
2143,"['AE', 'F', 'D']",1,VCC,"['AE', 'F', 'D']"
2144,"['AW', 'F', 'D']",1,VCC,"['AW', 'F', 'D']"
2145,"['AH', 'F', 'G']",1,VCC,"['AH', 'F', 'G']"
2146,"['OY', 'F', 'G']",1,VCC,"['OY', 'G', 'F']"
2147,"['AA', 'F', 'G']",1,VCC,"['AA', 'F', 'G']"
2148,"['AY', 'F', 'G']",1,VCC,"['AY', 'F', 'G']"
2149,"['ER', 'F', 'G']",1,VCC,"['ER', 'F', 'G']"
2150,"['AO', 'F', 'G']",1,VCC,"['AO', 'F', 'G']"
2151,"['UW', 'F', 'G']",1,VCC,"['F', 'UW', 'G']"
2152,"['IH', 'F', 'G']",1,VCC,"['IH', 'F', 'G']"
2153,"['EH', 'F', 'G']",1,VCC,"['EH', 'F', 'G']"
2154,"['UH', 'F', 'G']",1,VCC,"['UH', 'F', 'G']"
2155,"['IY', 'F', 'G']",1,VCC,"['F', 'IY', 'G']"
2156,"['EY', 'F', 'G']",1,VCC,"['EY', 'F', 'G']"
2157,"['OW', 'F', 'G']",1,VCC,"['OW', 'F', 'G']"
2158,"['AE', 'F', 'G']",1,VCC,"['AE', 'F', 'G']"
2159,"['AW', 'F', 'G']",1,VCC,"['AW', 'F', 'G']"
2160,"['AH', 'F', 'TH']",0,VCC,"['F', 'AH', 'TH']"
2161,"['OY', 'F', 'TH']",0,VCC,"['OY', 'F', 'TH']"
2162,"['AA', 'F', 'TH']",0,VCC,"['F', 'AA', 'TH']"
2163,"['AY', 'F', 'TH']",0,VCC,"['AY', 'F', 'TH']"
2164,"['ER', 'F', 'TH']",0,VCC,"['ER', 'F', 'TH']"
2165,"['AO', 'F', 'TH']",0,VCC,"['AO', 'F', 'TH']"
2166,"['UW', 'F', 'TH']",0,VCC,"['F', 'UW', 'TH']"
2167,"['IH', 'F', 'TH']",0,VCC,"['IH', 'F', 'TH']"
2168,"['EH', 'F', 'TH']",0,VCC,"['EH', 'F', 'TH']"
2169,"['UH', 'F', 'TH']",0,VCC,"['UH', 'F', 'TH']"
2170,"['IY', 'F', 'TH']",0,VCC,"['F', 'IY', 'TH']"
2171,"['EY', 'F', 'TH']",0,VCC,"['EY', 'F', 'TH']"
2172,"['OW', 'F', 'TH']",0,VCC,"['F', 'OW', 'TH']"
2173,"['AE', 'F', 'TH']",0,VCC,"['AE', 'F', 'TH']"
2174,"['AW', 'F', 'TH']",0,VCC,"['AW', 'F', 'TH']"
2175,"['AH', 'F', 'S']",0,VCC,"['AH', 'F', 'S']"
2176,"['OY', 'F', 'S']",0,VCC,"['OY', 'F', 'S']"
2177,"['AA', 'F', 'S']",0,VCC,"['AA', 'F', 'S']"
2178,"['AY', 'F', 'S']",0,VCC,"['AY', 'F', 'S']"
2179,"['ER', 'F', 'S']",0,VCC,"['ER', 'F', 'S']"
2180,"['AO', 'F', 'S']",0,VCC,"['AO', 'F', 'S']"
2181,"['UW', 'F', 'S']",0,VCC,"['F', 'UW', 'S']"
2182,"['IH', 'F', 'S']",0,VCC,"['IH', 'F', 'S']"
2183,"['EH', 'F', 'S']",0,VCC,"['EH', 'F', 'S']"
2184,"['UH', 'F', 'S']",0,VCC,"['UH', 'F', 'S']"
2185,"['IY', 'F', 'S']",0,VCC,"['IY', 'F', 'S']"
2186,"['EY', 'F', 'S']",0,VCC,"['EY', 'F', 'S']"
2187,"['OW', 'F', 'S']",0,VCC,"['OW', 'F', 'S']"
2188,"['AE', 'F', 'S']",0,VCC,"['AE', 'F', 'S']"
2189,"['AW', 'F', 'S']",0,VCC,"['AW', 'F', 'S']"
2190,"['AH', 'F', 'SH']",0,VCC,"['AH', 'F', 'SH']"
2191,"['OY', 'F', 'SH']",0,VCC,"['OY', 'F', 'SH']"
2192,"['AA', 'F', 'SH']",0,VCC,"['AA', 'F', 'SH']"
2193,"['AY', 'F', 'SH']",0,VCC,"['AY', 'F', 'SH']"
2194,"['ER', 'F', 'SH']",0,VCC,"['ER', 'F', 'SH']"
2195,"['AO', 'F', 'SH']",0,VCC,"['AO', 'F', 'SH']"
2196,"['UW', 'F', 'SH']",0,VCC,"['F', 'UW', 'SH']"
2197,"['IH', 'F', 'SH']",0,VCC,"['IH', 'F', 'SH']"
2198,"['EH', 'F', 'SH']",0,VCC,"['EH', 'F', 'SH']"
2199,"['UH', 'F', 'SH']",0,VCC,"['UH', 'F', 'SH']"
2200,"['IY', 'F', 'SH']",0,VCC,"['SH', 'IY', 'F']"
2201,"['EY', 'F', 'SH']",0,VCC,"['EY', 'F', 'SH']"
2202,"['OW', 'F', 'SH']",0,VCC,"['OW', 'F', 'SH']"
2203,"['AE', 'F', 'SH']",0,VCC,"['AE', 'F', 'SH']"
2204,"['AW', 'F', 'SH']",0,VCC,"['F', 'AW', 'SH']"
2205,"['AH', 'F', 'Z']",0,VCC,"['AH', 'F', 'Z']"
2206,"['OY', 'F', 'Z']",0,VCC,"['OY', 'F', 'Z']"
2207,"['AA', 'F', 'Z']",0,VCC,"['AA', 'F', 'Z']"
2208,"['AY', 'F', 'Z']",0,VCC,"['AY', 'F', 'Z']"
2209,"['ER', 'F', 'Z']",0,VCC,"['ER', 'F', 'Z']"
2210,"['AO', 'F', 'Z']",0,VCC,"['AO', 'F', 'Z']"
2211,"['UW', 'F', 'Z']",0,VCC,"['UW', 'F', 'Z']"
2212,"['IH', 'F', 'Z']",0,VCC,"['IH', 'F', 'Z']"
2213,"['EH', 'F', 'Z']",0,VCC,"['EH', 'F', 'Z']"
2214,"['UH', 'F', 'Z']",0,VCC,"['UH', 'F', 'Z']"
2215,"['IY', 'F', 'Z']",0,VCC,"['IY', 'F', 'Z']"
2216,"['EY', 'F', 'Z']",0,VCC,"['EY', 'F', 'Z']"
2217,"['OW', 'F', 'Z']",0,VCC,"['OW', 'F', 'Z']"
2218,"['AE', 'F', 'Z']",0,VCC,"['AE', 'F', 'Z']"
2219,"['AW', 'F', 'Z']",0,VCC,"['AW', 'F', 'Z']"
2220,"['AH', 'F', 'ZH']",0,VCC,"['AH', 'F', 'ZH']"
2221,"['OY', 'F', 'ZH']",0,VCC,"['OY', 'F', 'ZH']"
2222,"['AA', 'F', 'ZH']",0,VCC,"['AA', 'F', 'ZH']"
2223,"['AY', 'F', 'ZH']",0,VCC,"['AY', 'F', 'ZH']"
2224,"['ER', 'F', 'ZH']",0,VCC,"['ER', 'F', 'ZH']"
2225,"['AO', 'F', 'ZH']",0,VCC,"['AO', 'F', 'ZH']"
2226,"['UW', 'F', 'ZH']",0,VCC,"['AE', 'F', 'ZH']"
2227,"['IH', 'F', 'ZH']",0,VCC,"['IH', 'F', 'ZH']"
2228,"['EH', 'F', 'ZH']",0,VCC,"['EH', 'F', 'ZH']"
2229,"['UH', 'F', 'ZH']",0,VCC,"['UH', 'F', 'ZH']"
2230,"['IY', 'F', 'ZH']",0,VCC,"['AE', 'F', 'SH']"
2231,"['EY', 'F', 'ZH']",0,VCC,"['EY', 'F', 'ZH']"
2232,"['OW', 'F', 'ZH']",0,VCC,"['OW', 'F', 'ZH']"
2233,"['AE', 'F', 'ZH']",0,VCC,"['AE', 'F', 'ZH']"
2234,"['AW', 'F', 'ZH']",0,VCC,"['AW', 'F', 'ZH']"
2235,"['AH', 'F', 'V']",0,VCC,"['AH', 'F', 'V']"
2236,"['OY', 'F', 'V']",0,VCC,"['OY', 'F', 'V']"
2237,"['AA', 'F', 'V']",0,VCC,"['AA', 'F', 'V']"
2238,"['AY', 'F', 'V']",0,VCC,"['AY', 'F', 'V']"
2239,"['ER', 'F', 'V']",0,VCC,"['ER', 'F', 'V']"
2240,"['AO', 'F', 'V']",0,VCC,"['AO', 'F', 'V']"
2241,"['UW', 'F', 'V']",0,VCC,"['UW', 'F', 'V']"
2242,"['IH', 'F', 'V']",0,VCC,"['IH', 'F', 'V']"
2243,"['EH', 'F', 'V']",0,VCC,"['EH', 'F', 'V']"
2244,"['UH', 'F', 'V']",0,VCC,"['UH', 'F', 'V']"
2245,"['IY', 'F', 'V']",0,VCC,"['IH', 'F', 'V']"
2246,"['EY', 'F', 'V']",0,VCC,"['EY', 'F', 'V']"
2247,"['OW', 'F', 'V']",0,VCC,"['OW', 'F', 'V']"
2248,"['AE', 'F', 'V']",0,VCC,"['AE', 'F', 'V']"
2249,"['AW', 'F', 'V']",0,VCC,"['AW', 'F', 'V']"
2250,"['AH', 'F', 'DH']",0,VCC,"['AH', 'F', 'DH']"
2251,"['OY', 'F', 'DH']",0,VCC,"['OY', 'F', 'DH']"
2252,"['AA', 'F', 'DH']",0,VCC,"['F', 'AA', 'DH']"
2253,"['AY', 'F', 'DH']",0,VCC,"['AY', 'F', 'DH']"
2254,"['ER', 'F', 'DH']",0,VCC,"['ER', 'F', 'DH']"
2255,"['AO', 'F', 'DH']",0,VCC,"['AO', 'F', 'DH']"
2256,"['UW', 'F', 'DH']",0,VCC,"['F', 'UW', 'DH']"
2257,"['IH', 'F', 'DH']",0,VCC,"['IH', 'F', 'DH']"
2258,"['EH', 'F', 'DH']",0,VCC,"['EH', 'F', 'DH']"
2259,"['UH', 'F', 'DH']",0,VCC,"['UH', 'F', 'DH']"
2260,"['IY', 'F', 'DH']",0,VCC,"['F', 'IY', 'DH']"
2261,"['EY', 'F', 'DH']",0,VCC,"['EY', 'F', 'DH']"
2262,"['OW', 'F', 'DH']",0,VCC,"['OW', 'F', 'DH']"
2263,"['AE', 'F', 'DH']",0,VCC,"['AE', 'F', 'DH']"
2264,"['AW', 'F', 'DH']",0,VCC,"['F', 'AW', 'DH']"
2265,"['AH', 'F', 'HH']",0,VCC,"['AH', 'F', 'HH']"
2266,"['OY', 'F', 'HH']",0,VCC,"['OY', 'F', 'HH']"
2267,"['AA', 'F', 'HH']",0,VCC,"['AA', 'F', 'HH']"
2268,"['AY', 'F', 'HH']",0,VCC,"['AY', 'F', 'HH']"
2269,"['ER', 'F', 'HH']",0,VCC,"['ER', 'F', 'HH']"
2270,"['AO', 'F', 'HH']",0,VCC,"['AO', 'F', 'HH']"
2271,"['UW', 'F', 'HH']",0,VCC,"['UW', 'F', 'HH']"
2272,"['IH', 'F', 'HH']",0,VCC,"['IH', 'F', 'HH']"
2273,"['EH', 'F', 'HH']",0,VCC,"['EH', 'F', 'HH']"
2274,"['UH', 'F', 'HH']",0,VCC,"['UH', 'F', 'HH']"
2275,"['IY', 'F', 'HH']",0,VCC,"['IY', 'F', 'HH']"
2276,"['EY', 'F', 'HH']",0,VCC,"['EY', 'F', 'HH']"
2277,"['OW', 'F', 'HH']",0,VCC,"['OW', 'F', 'HH']"
2278,"['AE', 'F', 'HH']",0,VCC,"['AE', 'F', 'HH']"
2279,"['AW', 'F', 'HH']",0,VCC,"['AW', 'F', 'HH']"
2280,"['AH', 'F', 'CH']",-1,VCC,"['AH', 'F', 'CH']"
2281,"['OY', 'F', 'CH']",-1,VCC,"['OY', 'F', 'CH']"
2282,"['AA', 'F', 'CH']",-1,VCC,"['AA', 'F', 'CH']"
2283,"['AY', 'F', 'CH']",-1,VCC,"['AY', 'F', 'CH']"
2284,"['ER', 'F', 'CH']",-1,VCC,"['ER', 'F', 'R']"
2285,"['AO', 'F', 'CH']",-1,VCC,"['AO', 'F', 'CH']"
2286,"['UW', 'F', 'CH']",-1,VCC,"['UW', 'F', 'CH']"
2287,"['IH', 'F', 'CH']",-1,VCC,"['IH', 'F', 'CH']"
2288,"['EH', 'F', 'CH']",-1,VCC,"['EH', 'F', 'CH']"
2289,"['UH', 'F', 'CH']",-1,VCC,"['UH', 'F', 'CH']"
2290,"['IY', 'F', 'CH']",-1,VCC,"['F', 'IY', 'CH']"
2291,"['EY', 'F', 'CH']",-1,VCC,"['EY', 'F', 'CH']"
2292,"['OW', 'F', 'CH']",-1,VCC,"['OW', 'F', 'CH']"
2293,"['AE', 'F', 'CH']",-1,VCC,"['AE', 'F', 'CH']"
2294,"['AW', 'F', 'CH']",-1,VCC,"['F', 'AW', 'CH']"
2295,"['AH', 'F', 'JH']",-1,VCC,"['AH', 'F', 'JH']"
2296,"['OY', 'F', 'JH']",-1,VCC,"['OY', 'F', 'JH']"
2297,"['AA', 'F', 'JH']",-1,VCC,"['AA', 'F', 'JH']"
2298,"['AY', 'F', 'JH']",-1,VCC,"['AY', 'F', 'JH']"
2299,"['ER', 'F', 'JH']",-1,VCC,"['ER', 'F', 'JH']"
2300,"['AO', 'F', 'JH']",-1,VCC,"['AO', 'F', 'JH']"
2301,"['UW', 'F', 'JH']",-1,VCC,"['F', 'UW', 'JH']"
2302,"['IH', 'F', 'JH']",-1,VCC,"['IH', 'F', 'JH']"
2303,"['EH', 'F', 'JH']",-1,VCC,"['EH', 'F', 'JH']"
2304,"['UH', 'F', 'JH']",-1,VCC,"['UH', 'F', 'JH']"
2305,"['IY', 'F', 'JH']",-1,VCC,"['IY', 'F', 'JH']"
2306,"['EY', 'F', 'JH']",-1,VCC,"['EY', 'F', 'JH']"
2307,"['OW', 'F', 'JH']",-1,VCC,"['OW', 'F', 'JH']"
2308,"['AE', 'F', 'JH']",-1,VCC,"['AE', 'F', 'JH']"
2309,"['AW', 'F', 'JH']",-1,VCC,"['AW', 'F', 'JH']"
2310,"['AH', 'F', 'M']",-2,VCC,"['AH', 'F', 'M']"
2311,"['OY', 'F', 'M']",-2,VCC,"['OY', 'F', 'M']"
2312,"['AA', 'F', 'M']",-2,VCC,"['F', 'AA', 'M']"
2313,"['AY', 'F', 'M']",-2,VCC,"['AY', 'F', 'M']"
2314,"['ER', 'F', 'M']",-2,VCC,"['ER', 'F', 'M']"
2315,"['AO', 'F', 'M']",-2,VCC,"['AO', 'F', 'M']"
2316,"['UW', 'F', 'M']",-2,VCC,"['UW', 'F', 'M']"
2317,"['IH', 'F', 'M']",-2,VCC,"['IH', 'F', 'M']"
2318,"['EH', 'F', 'M']",-2,VCC,"['EH', 'F', 'M']"
2319,"['UH', 'F', 'M']",-2,VCC,"['EH', 'F', 'UH']"
2320,"['IY', 'F', 'M']",-2,VCC,"['F', 'IY', 'M']"
2321,"['EY', 'F', 'M']",-2,VCC,"['EY', 'F', 'M']"
2322,"['OW', 'F', 'M']",-2,VCC,"['OW', 'F', 'M']"
2323,"['AE', 'F', 'M']",-2,VCC,"['AE', 'F', 'M']"
2324,"['AW', 'F', 'M']",-2,VCC,"['AW', 'F', 'M']"
2325,"['AH', 'F', 'N']",-2,VCC,"['AH', 'F', 'N']"
2326,"['OY', 'F', 'N']",-2,VCC,"['OY', 'N', 'F']"
2327,"['AA', 'F', 'N']",-2,VCC,"['AA', 'F', 'N']"
2328,"['AY', 'F', 'N']",-2,VCC,"['AY', 'F', 'L']"
2329,"['ER', 'F', 'N']",-2,VCC,"['ER', 'F', 'N']"
2330,"['AO', 'F', 'N']",-2,VCC,"['AO', 'F', 'N']"
2331,"['UW', 'F', 'N']",-2,VCC,"['F', 'UW', 'N']"
2332,"['IH', 'F', 'N']",-2,VCC,"['IH', 'F', 'N']"
2333,"['EH', 'F', 'N']",-2,VCC,"['EH', 'F', 'N']"
2334,"['UH', 'F', 'N']",-2,VCC,"['F', 'UH', 'N']"
2335,"['IY', 'F', 'N']",-2,VCC,"['IY', 'F', 'N']"
2336,"['EY', 'F', 'N']",-2,VCC,"['EY', 'F', 'N']"
2337,"['OW', 'F', 'N']",-2,VCC,"['OW', 'F', 'N']"
2338,"['AE', 'F', 'N']",-2,VCC,"['AE', 'F', 'N']"
2339,"['AW', 'F', 'N']",-2,VCC,"['AW', 'F', 'N']"
2340,"['AH', 'F', 'NG']",-2,VCC,"['AH', 'F', 'NG']"
2341,"['OY', 'F', 'NG']",-2,VCC,"['OY', 'F', 'NG']"
2342,"['AA', 'F', 'NG']",-2,VCC,"['AA', 'F', 'NG']"
2343,"['AY', 'F', 'NG']",-2,VCC,"['AY', 'F', 'NG']"
2344,"['ER', 'F', 'NG']",-2,VCC,"['ER', 'F', 'NG']"
2345,"['AO', 'F', 'NG']",-2,VCC,"['AO', 'F', 'NG']"
2346,"['UW', 'F', 'NG']",-2,VCC,"['F', 'UW', 'NG']"
2347,"['IH', 'F', 'NG']",-2,VCC,"['IH', 'F', 'NG']"
2348,"['EH', 'F', 'NG']",-2,VCC,"['EH', 'F', 'NG']"
2349,"['UH', 'F', 'NG']",-2,VCC,"['UH', 'F', 'NG']"
2350,"['IY', 'F', 'NG']",-2,VCC,"['F', 'IY', 'NG']"
2351,"['EY', 'F', 'NG']",-2,VCC,"['EY', 'F', 'NG']"
2352,"['OW', 'F', 'NG']",-2,VCC,"['OW', 'F', 'NG']"
2353,"['AE', 'F', 'NG']",-2,VCC,"['AE', 'F', 'NG']"
2354,"['AW', 'F', 'NG']",-2,VCC,"['AW', 'F', 'NG']"
2355,"['AH', 'F', 'L']",-3,VCC,"['AH', 'F', 'L']"
2356,"['OY', 'F', 'L']",-3,VCC,"['OY', 'F', 'L']"
2357,"['AA', 'F', 'L']",-3,VCC,"['AA', 'F', 'L']"
2358,"['AY', 'F', 'L']",-3,VCC,"['AY', 'F', 'L']"
2359,"['ER', 'F', 'L']",-3,VCC,"['ER', 'F', 'L']"
2360,"['AO', 'F', 'L']",-3,VCC,"['AO', 'F', 'L']"
2361,"['UW', 'F', 'L']",-3,VCC,"['UW', 'F', 'L']"
2362,"['IH', 'F', 'L']",-3,VCC,"['IH', 'F', 'L']"
2363,"['EH', 'F', 'L']",-3,VCC,"['EH', 'F', 'L']"
2364,"['UH', 'F', 'L']",-3,VCC,"['UH', 'F', 'L']"
2365,"['IY', 'F', 'L']",-3,VCC,"['IY', 'F', 'L']"
2366,"['EY', 'F', 'L']",-3,VCC,"['EY', 'F', 'L']"
2367,"['OW', 'F', 'L']",-3,VCC,"['OW', 'F', 'L']"
2368,"['AE', 'F', 'L']",-3,VCC,"['AE', 'F', 'L']"
2369,"['AW', 'F', 'L']",-3,VCC,"['AW', 'F', 'L']"
2370,"['AH', 'F', 'R']",-3,VCC,"['AH', 'F', 'R']"
2371,"['OY', 'F', 'R']",-3,VCC,"['OY', 'F', 'R']"
2372,"['AA', 'F', 'R']",-3,VCC,"['AA', 'F', 'R']"
2373,"['AY', 'F', 'R']",-3,VCC,"['AY', 'F', 'R']"
2374,"['ER', 'F', 'R']",-3,VCC,"['ER', 'F', 'R']"
2375,"['AO', 'F', 'R']",-3,VCC,"['AO', 'F', 'R']"
2376,"['UW', 'F', 'R']",-3,VCC,"['AE', 'F', 'R']"
2377,"['IH', 'F', 'R']",-3,VCC,"['IH', 'F', 'R']"
2378,"['EH', 'F', 'R']",-3,VCC,"['EH', 'F', 'R']"
2379,"['UH', 'F', 'R']",-3,VCC,"['UH', 'F', 'R']"
2380,"['IY', 'F', 'R']",-3,VCC,"['IY', 'F', 'R']"
2381,"['EY', 'F', 'R']",-3,VCC,"['EY', 'F', 'R']"
2382,"['OW', 'F', 'R']",-3,VCC,"['OW', 'F', 'R']"
2383,"['AE', 'F', 'R']",-3,VCC,"['AE', 'F', 'R']"
2384,"['AW', 'F', 'R']",-3,VCC,"['AW', 'F', 'R']"
2385,"['AH', 'F', 'W']",-4,VCC,"['AH', 'F', 'W']"
2386,"['OY', 'F', 'W']",-4,VCC,"['OY', 'F', 'W']"
2387,"['AA', 'F', 'W']",-4,VCC,"['AA', 'F', 'W']"
2388,"['AY', 'F', 'W']",-4,VCC,"['AY', 'F', 'W']"
2389,"['ER', 'F', 'W']",-4,VCC,"['ER', 'F', 'W']"
2390,"['AO', 'F', 'W']",-4,VCC,"['AO', 'F', 'W']"
2391,"['UW', 'F', 'W']",-4,VCC,"['F', 'UW', 'W']"
2392,"['IH', 'F', 'W']",-4,VCC,"['IH', 'F', 'W']"
2393,"['EH', 'F', 'W']",-4,VCC,"['EH', 'F', 'W']"
2394,"['UH', 'F', 'W']",-4,VCC,"['ER', 'F', 'UH']"
2395,"['IY', 'F', 'W']",-4,VCC,"['SH', 'IY', 'W']"
2396,"['EY', 'F', 'W']",-4,VCC,"['EY', 'F', 'W']"
2397,"['OW', 'F', 'W']",-4,VCC,"['OW', 'F', 'W']"
2398,"['AE', 'F', 'W']",-4,VCC,"['AE', 'F', 'W']"
2399,"['AW', 'F', 'W']",-4,VCC,"['AW', 'F', 'W']"
2400,"['AH', 'F', 'Y']",-4,VCC,"['AH', 'F', 'Y']"
2401,"['OY', 'F', 'Y']",-4,VCC,"['OY', 'F', 'Y']"
2402,"['AA', 'F', 'Y']",-4,VCC,"['AA', 'F', 'Y']"
2403,"['AY', 'F', 'Y']",-4,VCC,"['AY', 'F', 'Y']"
2404,"['ER', 'F', 'Y']",-4,VCC,"['ER', 'F', 'Y']"
2405,"['AO', 'F', 'Y']",-4,VCC,"['AO', 'F', 'Y']"
2406,"['UW', 'F', 'Y']",-4,VCC,"['F', 'UW', 'P']"
2407,"['IH', 'F', 'Y']",-4,VCC,"['IH', 'F', 'Y']"
2408,"['EH', 'F', 'Y']",-4,VCC,"['EH', 'F', 'Y']"
2409,"['UH', 'F', 'Y']",-4,VCC,"['UH', 'F', 'Y']"
2410,"['IY', 'F', 'Y']",-4,VCC,"['F', 'IY', 'Y']"
2411,"['EY', 'F', 'Y']",-4,VCC,"['EY', 'F', 'Y']"
2412,"['OW', 'F', 'Y']",-4,VCC,"['OW', 'F', 'Y']"
2413,"['AE', 'F', 'Y']",-4,VCC,"['AE', 'F', 'Y']"
2414,"['AW', 'F', 'Y']",-4,VCC,"['AW', 'F', 'Y']"
2415,"['AH', 'TH', 'P']",1,VCC,"['AH', 'TH', 'P']"
2416,"['OY', 'TH', 'P']",1,VCC,"['OY', 'TH', 'P']"
2417,"['AA', 'TH', 'P']",1,VCC,"['AA', 'TH', 'P']"
2418,"['AY', 'TH', 'P']",1,VCC,"['AY', 'TH', 'P']"
2419,"['ER', 'TH', 'P']",1,VCC,"['ER', 'TH', 'P']"
2420,"['AO', 'TH', 'P']",1,VCC,"['TH', 'AO', 'P']"
2421,"['UW', 'TH', 'P']",1,VCC,"['TH', 'UW', 'P']"
2422,"['IH', 'TH', 'P']",1,VCC,"['IH', 'TH', 'P']"
2423,"['EH', 'TH', 'P']",1,VCC,"['EH', 'TH', 'P']"
2424,"['UH', 'TH', 'P']",1,VCC,"['IH', 'TH', 'P']"
2425,"['IY', 'TH', 'P']",1,VCC,"['TH', 'IY', 'P']"
2426,"['EY', 'TH', 'P']",1,VCC,"['EY', 'TH', 'P']"
2427,"['OW', 'TH', 'P']",1,VCC,"['OW', 'TH', 'P']"
2428,"['AE', 'TH', 'P']",1,VCC,"['AE', 'TH', 'P']"
2429,"['AW', 'TH', 'P']",1,VCC,"['AW', 'TH', 'P']"
2430,"['AH', 'TH', 'T']",1,VCC,"['AH', 'TH', 'T']"
2431,"['OY', 'TH', 'T']",1,VCC,"['OY', 'TH', 'T']"
2432,"['AA', 'TH', 'T']",1,VCC,"['AA', 'TH', 'T']"
2433,"['AY', 'TH', 'T']",1,VCC,"['AY', 'TH', 'T']"
2434,"['ER', 'TH', 'T']",1,VCC,"['ER', 'TH', 'T']"
2435,"['AO', 'TH', 'T']",1,VCC,"['AO', 'TH', 'T']"
2436,"['UW', 'TH', 'T']",1,VCC,"['UW', 'TH', 'T']"
2437,"['IH', 'TH', 'T']",1,VCC,"['IH', 'TH', 'T']"
2438,"['EH', 'TH', 'T']",1,VCC,"['EH', 'TH', 'T']"
2439,"['UH', 'TH', 'T']",1,VCC,"['SH', 'UH', 'T']"
2440,"['IY', 'TH', 'T']",1,VCC,"['TH', 'IY', 'T']"
2441,"['EY', 'TH', 'T']",1,VCC,"['EY', 'TH', 'T']"
2442,"['OW', 'TH', 'T']",1,VCC,"['OW', 'TH', 'T']"
2443,"['AE', 'TH', 'T']",1,VCC,"['AE', 'TH', 'T']"
2444,"['AW', 'TH', 'T']",1,VCC,"['AW', 'TH', 'T']"
2445,"['AH', 'TH', 'K']",1,VCC,"['AH', 'TH', 'K']"
2446,"['OY', 'TH', 'K']",1,VCC,"['OY', 'TH', 'K']"
2447,"['AA', 'TH', 'K']",1,VCC,"['AA', 'TH', 'K']"
2448,"['AY', 'TH', 'K']",1,VCC,"['AY', 'TH', 'K']"
2449,"['ER', 'TH', 'K']",1,VCC,"['ER', 'TH', 'K']"
2450,"['AO', 'TH', 'K']",1,VCC,"['AO', 'TH', 'K']"
2451,"['UW', 'TH', 'K']",1,VCC,"['UW', 'TH', 'K']"
2452,"['IH', 'TH', 'K']",1,VCC,"['IH', 'TH', 'K']"
2453,"['EH', 'TH', 'K']",1,VCC,"['EH', 'TH', 'K']"
2454,"['UH', 'TH', 'K']",1,VCC,"['UH', 'TH', 'K']"
2455,"['IY', 'TH', 'K']",1,VCC,"['IY', 'TH', 'K']"
2456,"['EY', 'TH', 'K']",1,VCC,"['EY', 'TH', 'K']"
2457,"['OW', 'TH', 'K']",1,VCC,"['OW', 'TH', 'K']"
2458,"['AE', 'TH', 'K']",1,VCC,"['AE', 'TH', 'K']"
2459,"['AW', 'TH', 'K']",1,VCC,"['AW', 'TH', 'K']"
2460,"['AH', 'TH', 'B']",1,VCC,"['AH', 'TH', 'B']"
2461,"['OY', 'TH', 'B']",1,VCC,"['OY', 'TH', 'B']"
2462,"['AA', 'TH', 'B']",1,VCC,"['AA', 'TH', 'B']"
2463,"['AY', 'TH', 'B']",1,VCC,"['AY', 'TH', 'B']"
2464,"['ER', 'TH', 'B']",1,VCC,"['ER', 'TH', 'B']"
2465,"['AO', 'TH', 'B']",1,VCC,"['AO', 'TH', 'B']"
2466,"['UW', 'TH', 'B']",1,VCC,"['UW', 'TH', 'B']"
2467,"['IH', 'TH', 'B']",1,VCC,"['IH', 'TH', 'B']"
2468,"['EH', 'TH', 'B']",1,VCC,"['EH', 'TH', 'B']"
2469,"['UH', 'TH', 'B']",1,VCC,"['SH', 'IH', 'B']"
2470,"['IY', 'TH', 'B']",1,VCC,"['IY', 'TH', 'B']"
2471,"['EY', 'TH', 'B']",1,VCC,"['EY', 'TH', 'B']"
2472,"['OW', 'TH', 'B']",1,VCC,"['OW', 'TH', 'B']"
2473,"['AE', 'TH', 'B']",1,VCC,"['AE', 'TH', 'B']"
2474,"['AW', 'TH', 'B']",1,VCC,"['AW', 'TH', 'B']"
2475,"['AH', 'TH', 'D']",1,VCC,"['AH', 'TH', 'D']"
2476,"['OY', 'TH', 'D']",1,VCC,"['OY', 'TH', 'D']"
2477,"['AA', 'TH', 'D']",1,VCC,"['AA', 'TH', 'D']"
2478,"['AY', 'TH', 'D']",1,VCC,"['AY', 'TH', 'D']"
2479,"['ER', 'TH', 'D']",1,VCC,"['ER', 'TH', 'D']"
2480,"['AO', 'TH', 'D']",1,VCC,"['AO', 'TH', 'D']"
2481,"['UW', 'TH', 'D']",1,VCC,"['UW', 'TH', 'D']"
2482,"['IH', 'TH', 'D']",1,VCC,"['IH', 'TH', 'D']"
2483,"['EH', 'TH', 'D']",1,VCC,"['EH', 'TH', 'D']"
2484,"['UH', 'TH', 'D']",1,VCC,"['UH', 'TH', 'D']"
2485,"['IY', 'TH', 'D']",1,VCC,"['IY', 'TH', 'D']"
2486,"['EY', 'TH', 'D']",1,VCC,"['EY', 'TH', 'D']"
2487,"['OW', 'TH', 'D']",1,VCC,"['OW', 'TH', 'D']"
2488,"['AE', 'TH', 'D']",1,VCC,"['AE', 'TH', 'D']"
2489,"['AW', 'TH', 'D']",1,VCC,"['AW', 'TH', 'D']"
2490,"['AH', 'TH', 'G']",1,VCC,"['AH', 'TH', 'G']"
2491,"['OY', 'TH', 'G']",1,VCC,"['OY', 'TH', 'G']"
2492,"['AA', 'TH', 'G']",1,VCC,"['AA', 'TH', 'G']"
2493,"['AY', 'TH', 'G']",1,VCC,"['AY', 'TH', 'G']"
2494,"['ER', 'TH', 'G']",1,VCC,"['ER', 'TH', 'G']"
2495,"['AO', 'TH', 'G']",1,VCC,"['AO', 'TH', 'G']"
2496,"['UW', 'TH', 'G']",1,VCC,"['TH', 'UW', 'G']"
2497,"['IH', 'TH', 'G']",1,VCC,"['IH', 'TH', 'G']"
2498,"['EH', 'TH', 'G']",1,VCC,"['EH', 'TH', 'G']"
2499,"['UH', 'TH', 'G']",1,VCC,"['UH', 'TH', 'G']"
2500,"['IY', 'TH', 'G']",1,VCC,"['TH', 'IY', 'G']"
2501,"['EY', 'TH', 'G']",1,VCC,"['EY', 'TH', 'G']"
2502,"['OW', 'TH', 'G']",1,VCC,"['IH', 'NG', 'G']"
2503,"['AE', 'TH', 'G']",1,VCC,"['AE', 'TH', 'G']"
2504,"['AW', 'TH', 'G']",1,VCC,"['AW', 'TH', 'G']"
2505,"['AH', 'TH', 'F']",0,VCC,"['AH', 'TH', 'F']"
2506,"['OY', 'TH', 'F']",0,VCC,"['OY', 'TH', 'F']"
2507,"['AA', 'TH', 'F']",0,VCC,"['AA', 'TH', 'F']"
2508,"['AY', 'TH', 'F']",0,VCC,"['AY', 'TH', 'F']"
2509,"['ER', 'TH', 'F']",0,VCC,"['ER', 'TH', 'F']"
2510,"['AO', 'TH', 'F']",0,VCC,"['AO', 'TH', 'F']"
2511,"['UW', 'TH', 'F']",0,VCC,"['AY', 'TH', '<EOS>']"
2512,"['IH', 'TH', 'F']",0,VCC,"['IH', 'F', 'TH']"
2513,"['EH', 'TH', 'F']",0,VCC,"['EH', 'TH', 'F']"
2514,"['UH', 'TH', 'F']",0,VCC,"['UH', 'TH', 'F']"
2515,"['IY', 'TH', 'F']",0,VCC,"['TH', 'IY', 'F']"
2516,"['EY', 'TH', 'F']",0,VCC,"['EY', 'TH', 'F']"
2517,"['OW', 'TH', 'F']",0,VCC,"['OW', 'TH', 'F']"
2518,"['AE', 'TH', 'F']",0,VCC,"['AE', 'TH', 'F']"
2519,"['AW', 'TH', 'F']",0,VCC,"['AW', 'TH', 'F']"
2520,"['AH', 'TH', 'S']",0,VCC,"['AH', 'TH', 'S']"
2521,"['OY', 'TH', 'S']",0,VCC,"['TH', 'OY', 'S']"
2522,"['AA', 'TH', 'S']",0,VCC,"['AA', 'TH', 'S']"
2523,"['AY', 'TH', 'S']",0,VCC,"['AY', 'TH', 'S']"
2524,"['ER', 'TH', 'S']",0,VCC,"['ER', 'TH', 'S']"
2525,"['AO', 'TH', 'S']",0,VCC,"['AO', 'TH', 'S']"
2526,"['UW', 'TH', 'S']",0,VCC,"['TH', 'UW', 'S']"
2527,"['IH', 'TH', 'S']",0,VCC,"['IH', 'TH', 'S']"
2528,"['EH', 'TH', 'S']",0,VCC,"['EH', 'TH', 'S']"
2529,"['UH', 'TH', 'S']",0,VCC,"['UH', 'TH', 'S']"
2530,"['IY', 'TH', 'S']",0,VCC,"['IY', 'TH', 'S']"
2531,"['EY', 'TH', 'S']",0,VCC,"['EY', 'TH', 'S']"
2532,"['OW', 'TH', 'S']",0,VCC,"['OW', 'TH', 'S']"
2533,"['AE', 'TH', 'S']",0,VCC,"['AE', 'TH', 'S']"
2534,"['AW', 'TH', 'S']",0,VCC,"['AW', 'TH', 'S']"
2535,"['AH', 'TH', 'SH']",0,VCC,"['AH', 'TH', 'SH']"
2536,"['OY', 'TH', 'SH']",0,VCC,"['SH', 'OY', 'TH']"
2537,"['AA', 'TH', 'SH']",0,VCC,"['AA', 'TH', 'SH']"
2538,"['AY', 'TH', 'SH']",0,VCC,"['AY', 'TH', 'SH']"
2539,"['ER', 'TH', 'SH']",0,VCC,"['SH', 'ER', 'TH']"
2540,"['AO', 'TH', 'SH']",0,VCC,"['AO', 'TH', 'SH']"
2541,"['UW', 'TH', 'SH']",0,VCC,"['TH', 'UW', 'SH']"
2542,"['IH', 'TH', 'SH']",0,VCC,"['IH', 'TH', 'SH']"
2543,"['EH', 'TH', 'SH']",0,VCC,"['EH', 'TH', 'SH']"
2544,"['UH', 'TH', 'SH']",0,VCC,"['SH', 'UH', 'TH']"
2545,"['IY', 'TH', 'SH']",0,VCC,"['SH', 'TH', '<EOS>']"
2546,"['EY', 'TH', 'SH']",0,VCC,"['EY', 'TH', 'SH']"
2547,"['OW', 'TH', 'SH']",0,VCC,"['OW', 'TH', 'SH']"
2548,"['AE', 'TH', 'SH']",0,VCC,"['AE', 'TH', 'SH']"
2549,"['AW', 'TH', 'SH']",0,VCC,"['AW', 'TH', 'SH']"
2550,"['AH', 'TH', 'Z']",0,VCC,"['AH', 'TH', 'Z']"
2551,"['OY', 'TH', 'Z']",0,VCC,"['OY', 'TH', 'Z']"
2552,"['AA', 'TH', 'Z']",0,VCC,"['AA', 'TH', 'Z']"
2553,"['AY', 'TH', 'Z']",0,VCC,"['AY', 'TH', 'Z']"
2554,"['ER', 'TH', 'Z']",0,VCC,"['ER', 'TH', 'Z']"
2555,"['AO', 'TH', 'Z']",0,VCC,"['AO', 'TH', 'Z']"
2556,"['UW', 'TH', 'Z']",0,VCC,"['UW', 'TH', 'Z']"
2557,"['IH', 'TH', 'Z']",0,VCC,"['IH', 'TH', 'Z']"
2558,"['EH', 'TH', 'Z']",0,VCC,"['EH', 'TH', 'Z']"
2559,"['UH', 'TH', 'Z']",0,VCC,"['UH', 'TH', 'IH']"
2560,"['IY', 'TH', 'Z']",0,VCC,"['TH', 'IY', 'Z']"
2561,"['EY', 'TH', 'Z']",0,VCC,"['EY', 'TH', 'Z']"
2562,"['OW', 'TH', 'Z']",0,VCC,"['OW', 'TH', 'Z']"
2563,"['AE', 'TH', 'Z']",0,VCC,"['AE', 'TH', 'Z']"
2564,"['AW', 'TH', 'Z']",0,VCC,"['AW', 'TH', 'Z']"
2565,"['AH', 'TH', 'ZH']",0,VCC,"['AH', 'TH', 'ZH']"
2566,"['OY', 'TH', 'ZH']",0,VCC,"['OY', 'TH', 'ZH']"
2567,"['AA', 'TH', 'ZH']",0,VCC,"['AA', 'TH', 'ZH']"
2568,"['AY', 'TH', 'ZH']",0,VCC,"['AY', 'TH', '<EOS>']"
2569,"['ER', 'TH', 'ZH']",0,VCC,"['ER', 'TH', '<EOS>']"
2570,"['AO', 'TH', 'ZH']",0,VCC,"['AO', 'TH', 'ZH']"
2571,"['UW', 'TH', 'ZH']",0,VCC,"['UW', 'TH', 'ZH']"
2572,"['IH', 'TH', 'ZH']",0,VCC,"['IH', 'TH', 'ZH']"
2573,"['EH', 'TH', 'ZH']",0,VCC,"['EH', 'TH', 'ZH']"
2574,"['UH', 'TH', 'ZH']",0,VCC,"['UH', 'TH', 'ZH']"
2575,"['IY', 'TH', 'ZH']",0,VCC,"['TH', 'UH', 'T']"
2576,"['EY', 'TH', 'ZH']",0,VCC,"['EY', 'TH', 'ZH']"
2577,"['OW', 'TH', 'ZH']",0,VCC,"['OW', 'TH', 'UH']"
2578,"['AE', 'TH', 'ZH']",0,VCC,"['AE', 'TH', 'ZH']"
2579,"['AW', 'TH', 'ZH']",0,VCC,"['AW', 'TH', 'ZH']"
2580,"['AH', 'TH', 'V']",0,VCC,"['AH', 'TH', 'V']"
2581,"['OY', 'TH', 'V']",0,VCC,"['TH', 'OY', 'V']"
2582,"['AA', 'TH', 'V']",0,VCC,"['AA', 'TH', 'V']"
2583,"['AY', 'TH', 'V']",0,VCC,"['AY', 'TH', 'V']"
2584,"['ER', 'TH', 'V']",0,VCC,"['ER', 'TH', 'V']"
2585,"['AO', 'TH', 'V']",0,VCC,"['AO', 'TH', 'V']"
2586,"['UW', 'TH', 'V']",0,VCC,"['UW', 'TH', 'V']"
2587,"['IH', 'TH', 'V']",0,VCC,"['IH', 'TH', 'V']"
2588,"['EH', 'TH', 'V']",0,VCC,"['EH', 'TH', 'V']"
2589,"['UH', 'TH', 'V']",0,VCC,"['UH', 'TH', 'V']"
2590,"['IY', 'TH', 'V']",0,VCC,"['TH', 'IY', 'V']"
2591,"['EY', 'TH', 'V']",0,VCC,"['EY', 'TH', 'V']"
2592,"['OW', 'TH', 'V']",0,VCC,"['OW', 'TH', 'V']"
2593,"['AE', 'TH', 'V']",0,VCC,"['AE', 'TH', 'V']"
2594,"['AW', 'TH', 'V']",0,VCC,"['AW', 'TH', 'V']"
2595,"['AH', 'TH', 'DH']",0,VCC,"['AH', 'TH', 'DH']"
2596,"['OY', 'TH', 'DH']",0,VCC,"['OY', 'TH', 'DH']"
2597,"['AA', 'TH', 'DH']",0,VCC,"['AA', 'TH', 'DH']"
2598,"['AY', 'TH', 'DH']",0,VCC,"['AY', 'TH', '<EOS>']"
2599,"['ER', 'TH', 'DH']",0,VCC,"['ER', 'TH', 'DH']"
2600,"['AO', 'TH', 'DH']",0,VCC,"['AO', 'TH', 'DH']"
2601,"['UW', 'TH', 'DH']",0,VCC,"['AY', 'DH', 'TH']"
2602,"['IH', 'TH', 'DH']",0,VCC,"['IH', 'TH', 'DH']"
2603,"['EH', 'TH', 'DH']",0,VCC,"['EH', 'TH', 'DH']"
2604,"['UH', 'TH', 'DH']",0,VCC,"['SH', 'IH', 'NG']"
2605,"['IY', 'TH', 'DH']",0,VCC,"['TH', 'IY', 'DH']"
2606,"['EY', 'TH', 'DH']",0,VCC,"['EY', 'TH', '<EOS>']"
2607,"['OW', 'TH', 'DH']",0,VCC,"['OW', 'TH', 'DH']"
2608,"['AE', 'TH', 'DH']",0,VCC,"['AE', 'TH', 'DH']"
2609,"['AW', 'TH', 'DH']",0,VCC,"['AW', 'TH', 'DH']"
2610,"['AH', 'TH', 'HH']",0,VCC,"['AH', 'TH', 'HH']"
2611,"['OY', 'TH', 'HH']",0,VCC,"['OY', 'TH', 'HH']"
2612,"['AA', 'TH', 'HH']",0,VCC,"['AA', 'TH', 'HH']"
2613,"['AY', 'TH', 'HH']",0,VCC,"['AY', 'TH', 'HH']"
2614,"['ER', 'TH', 'HH']",0,VCC,"['ER', 'TH', 'HH']"
2615,"['AO', 'TH', 'HH']",0,VCC,"['AO', 'TH', 'HH']"
2616,"['UW', 'TH', 'HH']",0,VCC,"['AY', 'TH', 'HH']"
2617,"['IH', 'TH', 'HH']",0,VCC,"['IH', 'TH', 'HH']"
2618,"['EH', 'TH', 'HH']",0,VCC,"['EH', 'TH', 'HH']"
2619,"['UH', 'TH', 'HH']",0,VCC,"['SH', 'IH', 'NG']"
2620,"['IY', 'TH', 'HH']",0,VCC,"['TH', 'IY', 'HH']"
2621,"['EY', 'TH', 'HH']",0,VCC,"['EY', 'TH', 'HH']"
2622,"['OW', 'TH', 'HH']",0,VCC,"['OW', 'TH', 'HH']"
2623,"['AE', 'TH', 'HH']",0,VCC,"['AE', 'TH', 'HH']"
2624,"['AW', 'TH', 'HH']",0,VCC,"['AW', 'TH', 'HH']"
2625,"['AH', 'TH', 'CH']",-1,VCC,"['AH', 'TH', 'CH']"
2626,"['OY', 'TH', 'CH']",-1,VCC,"['OY', 'TH', 'CH']"
2627,"['AA', 'TH', 'CH']",-1,VCC,"['AA', 'TH', 'CH']"
2628,"['AY', 'TH', 'CH']",-1,VCC,"['AY', 'TH', 'CH']"
2629,"['ER', 'TH', 'CH']",-1,VCC,"['ER', 'TH', 'CH']"
2630,"['AO', 'TH', 'CH']",-1,VCC,"['AO', 'TH', 'CH']"
2631,"['UW', 'TH', 'CH']",-1,VCC,"['UW', 'TH', 'CH']"
2632,"['IH', 'TH', 'CH']",-1,VCC,"['IH', 'TH', 'CH']"
2633,"['EH', 'TH', 'CH']",-1,VCC,"['EH', 'TH', 'CH']"
2634,"['UH', 'TH', 'CH']",-1,VCC,"['SH', 'CH', 'TH']"
2635,"['IY', 'TH', 'CH']",-1,VCC,"['TH', 'IY', 'CH']"
2636,"['EY', 'TH', 'CH']",-1,VCC,"['EY', 'TH', 'CH']"
2637,"['OW', 'TH', 'CH']",-1,VCC,"['IH', 'NG', 'CH']"
2638,"['AE', 'TH', 'CH']",-1,VCC,"['AE', 'TH', 'CH']"
2639,"['AW', 'TH', 'CH']",-1,VCC,"['AW', 'TH', 'CH']"
2640,"['AH', 'TH', 'JH']",-1,VCC,"['AH', 'TH', 'JH']"
2641,"['OY', 'TH', 'JH']",-1,VCC,"['OY', 'TH', 'JH']"
2642,"['AA', 'TH', 'JH']",-1,VCC,"['AA', 'TH', 'JH']"
2643,"['AY', 'TH', 'JH']",-1,VCC,"['AY', 'TH', 'JH']"
2644,"['ER', 'TH', 'JH']",-1,VCC,"['ER', 'TH', 'JH']"
2645,"['AO', 'TH', 'JH']",-1,VCC,"['AO', 'TH', 'JH']"
2646,"['UW', 'TH', 'JH']",-1,VCC,"['UW', 'TH', 'JH']"
2647,"['IH', 'TH', 'JH']",-1,VCC,"['IH', 'TH', 'JH']"
2648,"['EH', 'TH', 'JH']",-1,VCC,"['EH', 'TH', 'JH']"
2649,"['UH', 'TH', 'JH']",-1,VCC,"['SH', 'UH', 'TH']"
2650,"['IY', 'TH', 'JH']",-1,VCC,"['IY', 'TH', 'JH']"
2651,"['EY', 'TH', 'JH']",-1,VCC,"['EY', 'TH', 'JH']"
2652,"['OW', 'TH', 'JH']",-1,VCC,"['OW', 'TH', 'JH']"
2653,"['AE', 'TH', 'JH']",-1,VCC,"['AE', 'TH', 'JH']"
2654,"['AW', 'TH', 'JH']",-1,VCC,"['AW', 'TH', 'JH']"
2655,"['AH', 'TH', 'M']",-2,VCC,"['AH', 'TH', 'M']"
2656,"['OY', 'TH', 'M']",-2,VCC,"['OY', 'TH', 'M']"
2657,"['AA', 'TH', 'M']",-2,VCC,"['AA', 'TH', 'M']"
2658,"['AY', 'TH', 'M']",-2,VCC,"['AY', 'TH', 'M']"
2659,"['ER', 'TH', 'M']",-2,VCC,"['ER', 'TH', 'M']"
2660,"['AO', 'TH', 'M']",-2,VCC,"['AO', 'TH', 'M']"
2661,"['UW', 'TH', 'M']",-2,VCC,"['IH', 'NG', 'M']"
2662,"['IH', 'TH', 'M']",-2,VCC,"['IH', 'TH', 'M']"
2663,"['EH', 'TH', 'M']",-2,VCC,"['EH', 'TH', 'M']"
2664,"['UH', 'TH', 'M']",-2,VCC,"['IH', 'NG', 'TH']"
2665,"['IY', 'TH', 'M']",-2,VCC,"['TH', 'IY', 'M']"
2666,"['EY', 'TH', 'M']",-2,VCC,"['EY', 'TH', 'M']"
2667,"['OW', 'TH', 'M']",-2,VCC,"['IH', 'NG', 'M']"
2668,"['AE', 'TH', 'M']",-2,VCC,"['AE', 'TH', 'M']"
2669,"['AW', 'TH', 'M']",-2,VCC,"['AW', 'TH', 'M']"
2670,"['AH', 'TH', 'N']",-2,VCC,"['AH', 'TH', 'N']"
2671,"['OY', 'TH', 'N']",-2,VCC,"['TH', 'OY', 'N']"
2672,"['AA', 'TH', 'N']",-2,VCC,"['AA', 'TH', 'N']"
2673,"['AY', 'TH', 'N']",-2,VCC,"['AY', 'TH', '<EOS>']"
2674,"['ER', 'TH', 'N']",-2,VCC,"['ER', 'TH', 'N']"
2675,"['AO', 'TH', 'N']",-2,VCC,"['AO', 'TH', 'N']"
2676,"['UW', 'TH', 'N']",-2,VCC,"['TH', 'UW', 'N']"
2677,"['IH', 'TH', 'N']",-2,VCC,"['IH', 'TH', 'N']"
2678,"['EH', 'TH', 'N']",-2,VCC,"['EH', 'TH', 'N']"
2679,"['UH', 'TH', 'N']",-2,VCC,"['TH', 'UH', 'N']"
2680,"['IY', 'TH', 'N']",-2,VCC,"['TH', 'IY', 'N']"
2681,"['EY', 'TH', 'N']",-2,VCC,"['EY', 'TH', 'N']"
2682,"['OW', 'TH', 'N']",-2,VCC,"['OW', 'TH', 'N']"
2683,"['AE', 'TH', 'N']",-2,VCC,"['AE', 'TH', 'N']"
2684,"['AW', 'TH', 'N']",-2,VCC,"['AW', 'TH', 'N']"
2685,"['AH', 'TH', 'NG']",-2,VCC,"['AH', 'TH', 'NG']"
2686,"['OY', 'TH', 'NG']",-2,VCC,"['TH', 'OY', 'NG']"
2687,"['AA', 'TH', 'NG']",-2,VCC,"['AA', 'TH', 'NG']"
2688,"['AY', 'TH', 'NG']",-2,VCC,"['AY', 'TH', 'NG']"
2689,"['ER', 'TH', 'NG']",-2,VCC,"['ER', 'TH', 'NG']"
2690,"['AO', 'TH', 'NG']",-2,VCC,"['AO', 'TH', 'NG']"
2691,"['UW', 'TH', 'NG']",-2,VCC,"['IH', 'NG', 'NG']"
2692,"['IH', 'TH', 'NG']",-2,VCC,"['IH', 'NG', 'TH']"
2693,"['EH', 'TH', 'NG']",-2,VCC,"['EH', 'TH', 'NG']"
2694,"['UH', 'TH', 'NG']",-2,VCC,"['UH', 'TH', 'NG']"
2695,"['IY', 'TH', 'NG']",-2,VCC,"['TH', 'UH', 'NG']"
2696,"['EY', 'TH', 'NG']",-2,VCC,"['EY', 'TH', 'NG']"
2697,"['OW', 'TH', 'NG']",-2,VCC,"['OW', 'TH', 'NG']"
2698,"['AE', 'TH', 'NG']",-2,VCC,"['AE', 'TH', 'NG']"
2699,"['AW', 'TH', 'NG']",-2,VCC,"['AW', 'TH', 'NG']"
2700,"['AH', 'TH', 'L']",-3,VCC,"['AH', 'TH', 'L']"
2701,"['OY', 'TH', 'L']",-3,VCC,"['OY', 'TH', 'L']"
2702,"['AA', 'TH', 'L']",-3,VCC,"['AA', 'TH', 'L']"
2703,"['AY', 'TH', 'L']",-3,VCC,"['AY', 'TH', 'L']"
2704,"['ER', 'TH', 'L']",-3,VCC,"['ER', 'TH', 'L']"
2705,"['AO', 'TH', 'L']",-3,VCC,"['AO', 'TH', 'L']"
2706,"['UW', 'TH', 'L']",-3,VCC,"['UW', 'TH', 'L']"
2707,"['IH', 'TH', 'L']",-3,VCC,"['IH', 'TH', 'L']"
2708,"['EH', 'TH', 'L']",-3,VCC,"['EH', 'TH', 'L']"
2709,"['UH', 'TH', 'L']",-3,VCC,"['TH', 'UH', 'L']"
2710,"['IY', 'TH', 'L']",-3,VCC,"['TH', 'IY', 'L']"
2711,"['EY', 'TH', 'L']",-3,VCC,"['EY', 'TH', 'L']"
2712,"['OW', 'TH', 'L']",-3,VCC,"['OW', 'TH', 'L']"
2713,"['AE', 'TH', 'L']",-3,VCC,"['AE', 'TH', 'L']"
2714,"['AW', 'TH', 'L']",-3,VCC,"['AW', 'TH', 'L']"
2715,"['AH', 'TH', 'R']",-3,VCC,"['AH', 'TH', 'R']"
2716,"['OY', 'TH', 'R']",-3,VCC,"['TH', 'OY', 'R']"
2717,"['AA', 'TH', 'R']",-3,VCC,"['AA', 'R', 'TH']"
2718,"['AY', 'TH', 'R']",-3,VCC,"['AY', 'TH', 'R']"
2719,"['ER', 'TH', 'R']",-3,VCC,"['ER', 'TH', 'R']"
2720,"['AO', 'TH', 'R']",-3,VCC,"['AO', 'TH', 'R']"
2721,"['UW', 'TH', 'R']",-3,VCC,"['UW', 'TH', 'R']"
2722,"['IH', 'TH', 'R']",-3,VCC,"['IH', 'TH', 'R']"
2723,"['EH', 'TH', 'R']",-3,VCC,"['EH', 'TH', 'R']"
2724,"['UH', 'TH', 'R']",-3,VCC,"['SH', 'UH', 'R']"
2725,"['IY', 'TH', 'R']",-3,VCC,"['TH', 'R', '<EOS>']"
2726,"['EY', 'TH', 'R']",-3,VCC,"['EY', 'TH', 'R']"
2727,"['OW', 'TH', 'R']",-3,VCC,"['OW', 'TH', 'R']"
2728,"['AE', 'TH', 'R']",-3,VCC,"['AE', 'TH', 'R']"
2729,"['AW', 'TH', 'R']",-3,VCC,"['AW', 'TH', 'R']"
2730,"['AH', 'TH', 'W']",-4,VCC,"['AH', 'TH', 'W']"
2731,"['OY', 'TH', 'W']",-4,VCC,"['OY', 'TH', 'W']"
2732,"['AA', 'TH', 'W']",-4,VCC,"['AA', 'TH', 'W']"
2733,"['AY', 'TH', 'W']",-4,VCC,"['AY', 'TH', 'W']"
2734,"['ER', 'TH', 'W']",-4,VCC,"['ER', 'TH', 'W']"
2735,"['AO', 'TH', 'W']",-4,VCC,"['AO', 'TH', 'W']"
2736,"['UW', 'TH', 'W']",-4,VCC,"['AY', 'TH', 'W']"
2737,"['IH', 'TH', 'W']",-4,VCC,"['IH', 'TH', 'W']"
2738,"['EH', 'TH', 'W']",-4,VCC,"['EH', 'TH', 'W']"
2739,"['UH', 'TH', 'W']",-4,VCC,"['SH', 'UH', 'TH']"
2740,"['IY', 'TH', 'W']",-4,VCC,"['TH', 'IY', 'W']"
2741,"['EY', 'TH', 'W']",-4,VCC,"['EY', 'TH', 'W']"
2742,"['OW', 'TH', 'W']",-4,VCC,"['OW', 'TH', 'W']"
2743,"['AE', 'TH', 'W']",-4,VCC,"['AE', 'TH', 'W']"
2744,"['AW', 'TH', 'W']",-4,VCC,"['AW', 'TH', 'W']"
2745,"['AH', 'TH', 'Y']",-4,VCC,"['AH', 'TH', 'Y']"
2746,"['OY', 'TH', 'Y']",-4,VCC,"['OY', 'TH', 'P']"
2747,"['AA', 'TH', 'Y']",-4,VCC,"['AA', 'TH', 'P']"
2748,"['AY', 'TH', 'Y']",-4,VCC,"['AY', 'TH', 'Y']"
2749,"['ER', 'TH', 'Y']",-4,VCC,"['ER', 'TH', 'Y']"
2750,"['AO', 'TH', 'Y']",-4,VCC,"['AO', 'TH', 'Y']"
2751,"['UW', 'TH', 'Y']",-4,VCC,"['TH', 'UW', 'P']"
2752,"['IH', 'TH', 'Y']",-4,VCC,"['IH', 'TH', 'Y']"
2753,"['EH', 'TH', 'Y']",-4,VCC,"['EH', 'TH', 'Y']"
2754,"['UH', 'TH', 'Y']",-4,VCC,"['IH', 'UH', 'Y']"
2755,"['IY', 'TH', 'Y']",-4,VCC,"['IY', 'TH', 'Y']"
2756,"['EY', 'TH', 'Y']",-4,VCC,"['EY', 'TH', 'Y']"
2757,"['OW', 'TH', 'Y']",-4,VCC,"['IH', 'M', 'Y']"
2758,"['AE', 'TH', 'Y']",-4,VCC,"['AE', 'TH', 'Y']"
2759,"['AW', 'TH', 'Y']",-4,VCC,"['AW', 'TH', 'Y']"
2760,"['AH', 'S', 'P']",1,VCC,"['AH', 'S', 'P']"
2761,"['OY', 'S', 'P']",1,VCC,"['OY', 'S', 'P']"
2762,"['AA', 'S', 'P']",1,VCC,"['AA', 'S', 'P']"
2763,"['AY', 'S', 'P']",1,VCC,"['AY', 'S', 'P']"
2764,"['ER', 'S', 'P']",1,VCC,"['ER', 'S', 'P']"
2765,"['AO', 'S', 'P']",1,VCC,"['AO', 'S', 'P']"
2766,"['UW', 'S', 'P']",1,VCC,"['IH', 'S', 'P']"
2767,"['IH', 'S', 'P']",1,VCC,"['IH', 'S', 'P']"
2768,"['EH', 'S', 'P']",1,VCC,"['EH', 'S', 'P']"
2769,"['UH', 'S', 'P']",1,VCC,"['UH', 'S', 'P']"
2770,"['IY', 'S', 'P']",1,VCC,"['IY', 'S', 'P']"
2771,"['EY', 'S', 'P']",1,VCC,"['EY', 'S', 'P']"
2772,"['OW', 'S', 'P']",1,VCC,"['OW', 'S', 'P']"
2773,"['AE', 'S', 'P']",1,VCC,"['AE', 'S', 'P']"
2774,"['AW', 'S', 'P']",1,VCC,"['AW', 'S', 'P']"
2775,"['AH', 'S', 'T']",1,VCC,"['AH', 'S', 'T']"
2776,"['OY', 'S', 'T']",1,VCC,"['OY', 'S', 'T']"
2777,"['AA', 'S', 'T']",1,VCC,"['AA', 'S', 'T']"
2778,"['AY', 'S', 'T']",1,VCC,"['AY', 'S', 'T']"
2779,"['ER', 'S', 'T']",1,VCC,"['ER', 'S', 'T']"
2780,"['AO', 'S', 'T']",1,VCC,"['AO', 'S', 'T']"
2781,"['UW', 'S', 'T']",1,VCC,"['UW', 'S', 'T']"
2782,"['IH', 'S', 'T']",1,VCC,"['IH', 'S', 'T']"
2783,"['EH', 'S', 'T']",1,VCC,"['EH', 'S', 'T']"
2784,"['UH', 'S', 'T']",1,VCC,"['Y', 'UH', 'T']"
2785,"['IY', 'S', 'T']",1,VCC,"['IY', 'S', 'T']"
2786,"['EY', 'S', 'T']",1,VCC,"['EY', 'S', 'T']"
2787,"['OW', 'S', 'T']",1,VCC,"['OW', 'S', 'T']"
2788,"['AE', 'S', 'T']",1,VCC,"['AE', 'S', 'T']"
2789,"['AW', 'S', 'T']",1,VCC,"['AW', 'S', 'T']"
2790,"['AH', 'S', 'K']",1,VCC,"['AH', 'S', 'K']"
2791,"['OY', 'S', 'K']",1,VCC,"['OY', 'S', 'K']"
2792,"['AA', 'S', 'K']",1,VCC,"['AA', 'S', 'K']"
2793,"['AY', 'S', 'K']",1,VCC,"['AY', 'S', 'K']"
2794,"['ER', 'S', 'K']",1,VCC,"['ER', 'S', 'K']"
2795,"['AO', 'S', 'K']",1,VCC,"['AO', 'S', 'K']"
2796,"['UW', 'S', 'K']",1,VCC,"['UW', 'S', 'K']"
2797,"['IH', 'S', 'K']",1,VCC,"['IH', 'S', 'K']"
2798,"['EH', 'S', 'K']",1,VCC,"['EH', 'S', 'K']"
2799,"['UH', 'S', 'K']",1,VCC,"['UH', 'S', 'K']"
2800,"['IY', 'S', 'K']",1,VCC,"['IY', 'S', 'K']"
2801,"['EY', 'S', 'K']",1,VCC,"['EY', 'S', 'K']"
2802,"['OW', 'S', 'K']",1,VCC,"['OW', 'S', 'K']"
2803,"['AE', 'S', 'K']",1,VCC,"['AE', 'S', 'K']"
2804,"['AW', 'S', 'K']",1,VCC,"['AW', 'S', 'K']"
2805,"['AH', 'S', 'B']",1,VCC,"['AH', 'S', 'B']"
2806,"['OY', 'S', 'B']",1,VCC,"['OY', 'S', 'B']"
2807,"['AA', 'S', 'B']",1,VCC,"['AA', 'S', 'B']"
2808,"['AY', 'S', 'B']",1,VCC,"['AY', 'S', 'B']"
2809,"['ER', 'S', 'B']",1,VCC,"['ER', 'S', 'B']"
2810,"['AO', 'S', 'B']",1,VCC,"['AO', 'S', 'B']"
2811,"['UW', 'S', 'B']",1,VCC,"['UW', 'S', 'B']"
2812,"['IH', 'S', 'B']",1,VCC,"['IH', 'B', 'S']"
2813,"['EH', 'S', 'B']",1,VCC,"['EH', 'S', 'B']"
2814,"['UH', 'S', 'B']",1,VCC,"['UH', 'S', 'B']"
2815,"['IY', 'S', 'B']",1,VCC,"['IY', 'S', 'B']"
2816,"['EY', 'S', 'B']",1,VCC,"['EY', 'S', 'B']"
2817,"['OW', 'S', 'B']",1,VCC,"['OW', 'S', 'B']"
2818,"['AE', 'S', 'B']",1,VCC,"['AE', 'S', 'B']"
2819,"['AW', 'S', 'B']",1,VCC,"['AW', 'S', 'B']"
2820,"['AH', 'S', 'D']",1,VCC,"['AH', 'S', 'D']"
2821,"['OY', 'S', 'D']",1,VCC,"['OY', 'S', 'L']"
2822,"['AA', 'S', 'D']",1,VCC,"['AA', 'S', 'D']"
2823,"['AY', 'S', 'D']",1,VCC,"['AY', 'S', 'D']"
2824,"['ER', 'S', 'D']",1,VCC,"['ER', 'S', 'D']"
2825,"['AO', 'S', 'D']",1,VCC,"['AO', 'S', 'D']"
2826,"['UW', 'S', 'D']",1,VCC,"['UW', 'S', 'D']"
2827,"['IH', 'S', 'D']",1,VCC,"['IH', 'S', 'D']"
2828,"['EH', 'S', 'D']",1,VCC,"['EH', 'S', 'D']"
2829,"['UH', 'S', 'D']",1,VCC,"['UH', 'S', 'D']"
2830,"['IY', 'S', 'D']",1,VCC,"['IY', 'S', 'D']"
2831,"['EY', 'S', 'D']",1,VCC,"['EY', 'S', 'D']"
2832,"['OW', 'S', 'D']",1,VCC,"['OW', 'S', 'D']"
2833,"['AE', 'S', 'D']",1,VCC,"['AE', 'S', 'D']"
2834,"['AW', 'S', 'D']",1,VCC,"['AW', 'S', 'D']"
2835,"['AH', 'S', 'G']",1,VCC,"['AH', 'S', 'G']"
2836,"['OY', 'S', 'G']",1,VCC,"['OY', 'S', 'G']"
2837,"['AA', 'S', 'G']",1,VCC,"['AA', 'S', 'G']"
2838,"['AY', 'S', 'G']",1,VCC,"['AY', 'S', 'G']"
2839,"['ER', 'S', 'G']",1,VCC,"['ER', 'S', 'G']"
2840,"['AO', 'S', 'G']",1,VCC,"['AO', 'G', 'S']"
2841,"['UW', 'S', 'G']",1,VCC,"['AE', 'S', 'G']"
2842,"['IH', 'S', 'G']",1,VCC,"['IH', 'G', 'S']"
2843,"['EH', 'S', 'G']",1,VCC,"['EH', 'S', 'G']"
2844,"['UH', 'S', 'G']",1,VCC,"['UH', 'S', 'G']"
2845,"['IY', 'S', 'G']",1,VCC,"['IH', 'S', 'G']"
2846,"['EY', 'S', 'G']",1,VCC,"['EY', 'S', 'G']"
2847,"['OW', 'S', 'G']",1,VCC,"['OW', 'S', 'G']"
2848,"['AE', 'S', 'G']",1,VCC,"['AE', 'S', 'G']"
2849,"['AW', 'S', 'G']",1,VCC,"['AW', 'S', 'G']"
2850,"['AH', 'S', 'F']",0,VCC,"['AH', 'S', 'F']"
2851,"['OY', 'S', 'F']",0,VCC,"['OY', 'S', 'F']"
2852,"['AA', 'S', 'F']",0,VCC,"['AA', 'S', 'F']"
2853,"['AY', 'S', 'F']",0,VCC,"['AY', 'S', 'F']"
2854,"['ER', 'S', 'F']",0,VCC,"['ER', 'S', 'F']"
2855,"['AO', 'S', 'F']",0,VCC,"['AO', 'S', 'F']"
2856,"['UW', 'S', 'F']",0,VCC,"['AO', 'S', 'F']"
2857,"['IH', 'S', 'F']",0,VCC,"['IH', 'S', 'F']"
2858,"['EH', 'S', 'F']",0,VCC,"['EH', 'S', 'F']"
2859,"['UH', 'S', 'F']",0,VCC,"['UH', 'S', 'F']"
2860,"['IY', 'S', 'F']",0,VCC,"['IY', 'S', 'F']"
2861,"['EY', 'S', 'F']",0,VCC,"['EY', 'S', 'F']"
2862,"['OW', 'S', 'F']",0,VCC,"['OW', 'S', 'F']"
2863,"['AE', 'S', 'F']",0,VCC,"['AE', 'S', 'F']"
2864,"['AW', 'S', 'F']",0,VCC,"['AW', 'S', 'F']"
2865,"['AH', 'S', 'TH']",0,VCC,"['AH', 'TH', '<EOS>']"
2866,"['OY', 'S', 'TH']",0,VCC,"['OY', 'S', 'TH']"
2867,"['AA', 'S', 'TH']",0,VCC,"['AA', 'S', 'TH']"
2868,"['AY', 'S', 'TH']",0,VCC,"['AY', 'S', 'TH']"
2869,"['ER', 'S', 'TH']",0,VCC,"['ER', 'S', 'TH']"
2870,"['AO', 'S', 'TH']",0,VCC,"['AO', 'S', 'TH']"
2871,"['UW', 'S', 'TH']",0,VCC,"['UW', 'S', 'TH']"
2872,"['IH', 'S', 'TH']",0,VCC,"['IH', 'TH', '<EOS>']"
2873,"['EH', 'S', 'TH']",0,VCC,"['EH', 'S', 'TH']"
2874,"['UH', 'S', 'TH']",0,VCC,"['S', 'UH', 'TH']"
2875,"['IY', 'S', 'TH']",0,VCC,"['IY', 'S', 'TH']"
2876,"['EY', 'S', 'TH']",0,VCC,"['EY', 'S', 'TH']"
2877,"['OW', 'S', 'TH']",0,VCC,"['OW', 'S', 'TH']"
2878,"['AE', 'S', 'TH']",0,VCC,"['AE', 'S', 'TH']"
2879,"['AW', 'S', 'TH']",0,VCC,"['AW', 'TH', '<EOS>']"
2880,"['AH', 'S', 'SH']",0,VCC,"['AH', 'S', 'SH']"
2881,"['OY', 'S', 'SH']",0,VCC,"['OY', 'S', 'SH']"
2882,"['AA', 'S', 'SH']",0,VCC,"['AA', 'S', 'SH']"
2883,"['AY', 'S', 'SH']",0,VCC,"['AY', 'S', 'SH']"
2884,"['ER', 'S', 'SH']",0,VCC,"['ER', 'S', 'SH']"
2885,"['AO', 'S', 'SH']",0,VCC,"['AO', 'S', 'SH']"
2886,"['UW', 'S', 'SH']",0,VCC,"['AE', 'S', 'SH']"
2887,"['IH', 'S', 'SH']",0,VCC,"['IH', 'S', 'SH']"
2888,"['EH', 'S', 'SH']",0,VCC,"['EH', 'S', 'SH']"
2889,"['UH', 'S', 'SH']",0,VCC,"['UH', 'S', 'SH']"
2890,"['IY', 'S', 'SH']",0,VCC,"['IY', 'S', 'SH']"
2891,"['EY', 'S', 'SH']",0,VCC,"['EY', 'S', 'SH']"
2892,"['OW', 'S', 'SH']",0,VCC,"['OW', 'S', 'SH']"
2893,"['AE', 'S', 'SH']",0,VCC,"['AE', 'S', 'SH']"
2894,"['AW', 'S', 'SH']",0,VCC,"['AW', 'S', 'SH']"
2895,"['AH', 'S', 'Z']",0,VCC,"['AH', 'S', 'Z']"
2896,"['OY', 'S', 'Z']",0,VCC,"['OY', 'S', 'Z']"
2897,"['AA', 'S', 'Z']",0,VCC,"['AA', 'S', 'Z']"
2898,"['AY', 'S', 'Z']",0,VCC,"['AY', 'S', 'Z']"
2899,"['ER', 'S', 'Z']",0,VCC,"['ER', 'S', 'Z']"
2900,"['AO', 'S', 'Z']",0,VCC,"['AO', 'S', 'Z']"
2901,"['UW', 'S', 'Z']",0,VCC,"['UW', 'S', 'Z']"
2902,"['IH', 'S', 'Z']",0,VCC,"['IH', 'S', 'Z']"
2903,"['EH', 'S', 'Z']",0,VCC,"['EH', 'S', 'Z']"
2904,"['UH', 'S', 'Z']",0,VCC,"['UH', 'S', 'Z']"
2905,"['IY', 'S', 'Z']",0,VCC,"['IY', 'S', 'Z']"
2906,"['EY', 'S', 'Z']",0,VCC,"['EY', 'S', 'Z']"
2907,"['OW', 'S', 'Z']",0,VCC,"['OW', 'S', 'Z']"
2908,"['AE', 'S', 'Z']",0,VCC,"['AE', 'S', 'Z']"
2909,"['AW', 'S', 'Z']",0,VCC,"['AW', 'S', 'Z']"
2910,"['AH', 'S', 'ZH']",0,VCC,"['AH', 'S', 'ZH']"
2911,"['OY', 'S', 'ZH']",0,VCC,"['OY', 'S', 'ZH']"
2912,"['AA', 'S', 'ZH']",0,VCC,"['AA', 'S', 'ZH']"
2913,"['AY', 'S', 'ZH']",0,VCC,"['AY', 'S', '<EOS>']"
2914,"['ER', 'S', 'ZH']",0,VCC,"['ER', 'S', 'AE']"
2915,"['AO', 'S', 'ZH']",0,VCC,"['AO', 'S', 'ZH']"
2916,"['UW', 'S', 'ZH']",0,VCC,"['AE', 'S', 'ZH']"
2917,"['IH', 'S', 'ZH']",0,VCC,"['IH', 'S', 'ZH']"
2918,"['EH', 'S', 'ZH']",0,VCC,"['EH', 'S', 'ZH']"
2919,"['UH', 'S', 'ZH']",0,VCC,"['UH', 'S', 'ZH']"
2920,"['IY', 'S', 'ZH']",0,VCC,"['AE', 'S', 'SH']"
2921,"['EY', 'S', 'ZH']",0,VCC,"['EY', 'S', 'ZH']"
2922,"['OW', 'S', 'ZH']",0,VCC,"['OW', 'S', 'ZH']"
2923,"['AE', 'S', 'ZH']",0,VCC,"['AE', 'S', 'ZH']"
2924,"['AW', 'S', 'ZH']",0,VCC,"['AW', 'S', 'ZH']"
2925,"['AH', 'S', 'V']",0,VCC,"['AH', 'S', 'V']"
2926,"['OY', 'S', 'V']",0,VCC,"['OY', 'S', 'V']"
2927,"['AA', 'S', 'V']",0,VCC,"['AA', 'S', 'V']"
2928,"['AY', 'S', 'V']",0,VCC,"['AY', 'S', 'V']"
2929,"['ER', 'S', 'V']",0,VCC,"['ER', 'S', 'V']"
2930,"['AO', 'S', 'V']",0,VCC,"['AO', 'S', 'V']"
2931,"['UW', 'S', 'V']",0,VCC,"['UW', 'S', 'V']"
2932,"['IH', 'S', 'V']",0,VCC,"['IH', 'S', 'V']"
2933,"['EH', 'S', 'V']",0,VCC,"['EH', 'S', 'V']"
2934,"['UH', 'S', 'V']",0,VCC,"['UH', 'S', 'V']"
2935,"['IY', 'S', 'V']",0,VCC,"['IH', 'S', 'V']"
2936,"['EY', 'S', 'V']",0,VCC,"['EY', 'S', 'V']"
2937,"['OW', 'S', 'V']",0,VCC,"['OW', 'S', 'V']"
2938,"['AE', 'S', 'V']",0,VCC,"['AE', 'S', 'V']"
2939,"['AW', 'S', 'V']",0,VCC,"['AW', 'S', 'V']"
2940,"['AH', 'S', 'DH']",0,VCC,"['AH', 'DH', 'S']"
2941,"['OY', 'S', 'DH']",0,VCC,"['OY', 'S', 'DH']"
2942,"['AA', 'S', 'DH']",0,VCC,"['AA', 'DH', 'S']"
2943,"['AY', 'S', 'DH']",0,VCC,"['AY', 'DH', 'S']"
2944,"['ER', 'S', 'DH']",0,VCC,"['ER', 'S', 'DH']"
2945,"['AO', 'S', 'DH']",0,VCC,"['AO', 'DH', 'S']"
2946,"['UW', 'S', 'DH']",0,VCC,"['DH', 'UW', 'DH']"
2947,"['IH', 'S', 'DH']",0,VCC,"['IH', 'DH', 'S']"
2948,"['EH', 'S', 'DH']",0,VCC,"['EH', 'DH', 'S']"
2949,"['UH', 'S', 'DH']",0,VCC,"['UH', 'S', 'DH']"
2950,"['IY', 'S', 'DH']",0,VCC,"['DH', 'IY', 'DH']"
2951,"['EY', 'S', 'DH']",0,VCC,"['EY', 'DH', 'S']"
2952,"['OW', 'S', 'DH']",0,VCC,"['OW', 'DH', 'S']"
2953,"['AE', 'S', 'DH']",0,VCC,"['AE', 'DH', 'S']"
2954,"['AW', 'S', 'DH']",0,VCC,"['AW', 'DH', 'S']"
2955,"['AH', 'S', 'HH']",0,VCC,"['AH', 'S', 'HH']"
2956,"['OY', 'S', 'HH']",0,VCC,"['OY', 'S', 'HH']"
2957,"['AA', 'S', 'HH']",0,VCC,"['AA', 'S', 'HH']"
2958,"['AY', 'S', 'HH']",0,VCC,"['AY', 'S', 'HH']"
2959,"['ER', 'S', 'HH']",0,VCC,"['ER', 'S', 'HH']"
2960,"['AO', 'S', 'HH']",0,VCC,"['AO', 'S', 'HH']"
2961,"['UW', 'S', 'HH']",0,VCC,"['IH', 'S', 'HH']"
2962,"['IH', 'S', 'HH']",0,VCC,"['IH', 'S', 'HH']"
2963,"['EH', 'S', 'HH']",0,VCC,"['EH', 'S', 'HH']"
2964,"['UH', 'S', 'HH']",0,VCC,"['UH', 'S', 'HH']"
2965,"['IY', 'S', 'HH']",0,VCC,"['IY', 'S', 'HH']"
2966,"['EY', 'S', 'HH']",0,VCC,"['EY', 'S', 'HH']"
2967,"['OW', 'S', 'HH']",0,VCC,"['OW', 'S', 'HH']"
2968,"['AE', 'S', 'HH']",0,VCC,"['AE', 'S', 'HH']"
2969,"['AW', 'S', 'HH']",0,VCC,"['AW', 'S', 'HH']"
2970,"['AH', 'S', 'CH']",-1,VCC,"['AH', 'S', 'CH']"
2971,"['OY', 'S', 'CH']",-1,VCC,"['OY', 'S', 'CH']"
2972,"['AA', 'S', 'CH']",-1,VCC,"['AA', 'S', 'CH']"
2973,"['AY', 'S', 'CH']",-1,VCC,"['AY', 'S', 'CH']"
2974,"['ER', 'S', 'CH']",-1,VCC,"['ER', 'S', 'CH']"
2975,"['AO', 'S', 'CH']",-1,VCC,"['AO', 'S', 'CH']"
2976,"['UW', 'S', 'CH']",-1,VCC,"['UW', 'S', 'CH']"
2977,"['IH', 'S', 'CH']",-1,VCC,"['IH', 'S', 'CH']"
2978,"['EH', 'S', 'CH']",-1,VCC,"['EH', 'S', 'CH']"
2979,"['UH', 'S', 'CH']",-1,VCC,"['CH', 'UH', 'F']"
2980,"['IY', 'S', 'CH']",-1,VCC,"['IY', 'S', 'CH']"
2981,"['EY', 'S', 'CH']",-1,VCC,"['EY', 'S', 'CH']"
2982,"['OW', 'S', 'CH']",-1,VCC,"['OW', 'S', 'CH']"
2983,"['AE', 'S', 'CH']",-1,VCC,"['AE', 'S', 'CH']"
2984,"['AW', 'S', 'CH']",-1,VCC,"['AW', 'S', 'CH']"
2985,"['AH', 'S', 'JH']",-1,VCC,"['AH', 'S', 'JH']"
2986,"['OY', 'S', 'JH']",-1,VCC,"['OY', 'S', 'JH']"
2987,"['AA', 'S', 'JH']",-1,VCC,"['AA', 'S', 'JH']"
2988,"['AY', 'S', 'JH']",-1,VCC,"['AY', 'S', 'JH']"
2989,"['ER', 'S', 'JH']",-1,VCC,"['ER', 'S', 'JH']"
2990,"['AO', 'S', 'JH']",-1,VCC,"['AO', 'S', 'JH']"
2991,"['UW', 'S', 'JH']",-1,VCC,"['AE', 'S', 'V']"
2992,"['IH', 'S', 'JH']",-1,VCC,"['IH', 'S', 'JH']"
2993,"['EH', 'S', 'JH']",-1,VCC,"['EH', 'S', 'JH']"
2994,"['UH', 'S', 'JH']",-1,VCC,"['UH', 'S', 'JH']"
2995,"['IY', 'S', 'JH']",-1,VCC,"['IY', 'S', 'JH']"
2996,"['EY', 'S', 'JH']",-1,VCC,"['EY', 'S', 'JH']"
2997,"['OW', 'S', 'JH']",-1,VCC,"['OW', 'S', 'JH']"
2998,"['AE', 'S', 'JH']",-1,VCC,"['AE', 'S', 'JH']"
2999,"['AW', 'S', 'JH']",-1,VCC,"['AW', 'S', 'JH']"
3000,"['AH', 'S', 'M']",-2,VCC,"['AH', 'S', 'M']"
3001,"['OY', 'S', 'M']",-2,VCC,"['OY', 'S', 'M']"
3002,"['AA', 'S', 'M']",-2,VCC,"['AA', 'S', 'M']"
3003,"['AY', 'S', 'M']",-2,VCC,"['AY', 'S', 'M']"
3004,"['ER', 'S', 'M']",-2,VCC,"['ER', 'S', 'M']"
3005,"['AO', 'S', 'M']",-2,VCC,"['AO', 'S', 'M']"
3006,"['UW', 'S', 'M']",-2,VCC,"['UW', 'S', 'M']"
3007,"['IH', 'S', 'M']",-2,VCC,"['IH', 'S', 'M']"
3008,"['EH', 'S', 'M']",-2,VCC,"['EH', 'S', 'M']"
3009,"['UH', 'S', 'M']",-2,VCC,"['UH', 'S', 'M']"
3010,"['IY', 'S', 'M']",-2,VCC,"['IH', 'S', 'M']"
3011,"['EY', 'S', 'M']",-2,VCC,"['EY', 'S', 'M']"
3012,"['OW', 'S', 'M']",-2,VCC,"['OW', 'S', 'M']"
3013,"['AE', 'S', 'M']",-2,VCC,"['AE', 'S', 'M']"
3014,"['AW', 'S', 'M']",-2,VCC,"['AW', 'S', 'M']"
3015,"['AH', 'S', 'N']",-2,VCC,"['AH', 'S', 'N']"
3016,"['OY', 'S', 'N']",-2,VCC,"['OY', 'S', 'N']"
3017,"['AA', 'S', 'N']",-2,VCC,"['AA', 'S', 'N']"
3018,"['AY', 'S', 'N']",-2,VCC,"['AY', 'S', '<EOS>']"
3019,"['ER', 'S', 'N']",-2,VCC,"['ER', 'S', 'N']"
3020,"['AO', 'S', 'N']",-2,VCC,"['AO', 'S', 'N']"
3021,"['UW', 'S', 'N']",-2,VCC,"['UW', 'S', 'N']"
3022,"['IH', 'S', 'N']",-2,VCC,"['IH', 'S', 'N']"
3023,"['EH', 'S', 'N']",-2,VCC,"['EH', 'S', 'N']"
3024,"['UH', 'S', 'N']",-2,VCC,"['UH', 'S', 'N']"
3025,"['IY', 'S', 'N']",-2,VCC,"['IY', 'S', 'N']"
3026,"['EY', 'S', 'N']",-2,VCC,"['EY', 'S', 'N']"
3027,"['OW', 'S', 'N']",-2,VCC,"['OW', 'S', 'N']"
3028,"['AE', 'S', 'N']",-2,VCC,"['AE', 'S', 'N']"
3029,"['AW', 'S', 'N']",-2,VCC,"['AW', 'N', 'S']"
3030,"['AH', 'S', 'NG']",-2,VCC,"['AH', 'S', 'NG']"
3031,"['OY', 'S', 'NG']",-2,VCC,"['OY', 'NG', 'S']"
3032,"['AA', 'S', 'NG']",-2,VCC,"['AA', 'NG', 'S']"
3033,"['AY', 'S', 'NG']",-2,VCC,"['AY', 'NG', '<EOS>']"
3034,"['ER', 'S', 'NG']",-2,VCC,"['ER', 'S', 'NG']"
3035,"['AO', 'S', 'NG']",-2,VCC,"['AO', 'NG', 'S']"
3036,"['UW', 'S', 'NG']",-2,VCC,"['IH', 'NG', 'S']"
3037,"['IH', 'S', 'NG']",-2,VCC,"['IH', 'NG', 'S']"
3038,"['EH', 'S', 'NG']",-2,VCC,"['EH', 'S', 'NG']"
3039,"['UH', 'S', 'NG']",-2,VCC,"['UH', 'NG', 'S']"
3040,"['IY', 'S', 'NG']",-2,VCC,"['IY', 'S', 'NG']"
3041,"['EY', 'S', 'NG']",-2,VCC,"['EY', 'S', 'NG']"
3042,"['OW', 'S', 'NG']",-2,VCC,"['OW', 'NG', 'S']"
3043,"['AE', 'S', 'NG']",-2,VCC,"['AE', 'NG', 'S']"
3044,"['AW', 'S', 'NG']",-2,VCC,"['AW', 'NG', 'S']"
3045,"['AH', 'S', 'L']",-3,VCC,"['AH', 'S', 'L']"
3046,"['OY', 'S', 'L']",-3,VCC,"['OY', 'S', 'L']"
3047,"['AA', 'S', 'L']",-3,VCC,"['AA', 'S', 'L']"
3048,"['AY', 'S', 'L']",-3,VCC,"['AY', 'S', 'L']"
3049,"['ER', 'S', 'L']",-3,VCC,"['ER', 'S', 'L']"
3050,"['AO', 'S', 'L']",-3,VCC,"['AO', 'S', 'L']"
3051,"['UW', 'S', 'L']",-3,VCC,"['UW', 'S', 'L']"
3052,"['IH', 'S', 'L']",-3,VCC,"['IH', 'S', 'L']"
3053,"['EH', 'S', 'L']",-3,VCC,"['EH', 'S', 'L']"
3054,"['UH', 'S', 'L']",-3,VCC,"['S', 'UH', 'L']"
3055,"['IY', 'S', 'L']",-3,VCC,"['IY', 'S', 'L']"
3056,"['EY', 'S', 'L']",-3,VCC,"['EY', 'S', 'L']"
3057,"['OW', 'S', 'L']",-3,VCC,"['OW', 'S', 'L']"
3058,"['AE', 'S', 'L']",-3,VCC,"['AE', 'S', 'L']"
3059,"['AW', 'S', 'L']",-3,VCC,"['AW', 'S', 'L']"
3060,"['AH', 'S', 'R']",-3,VCC,"['AH', 'S', 'R']"
3061,"['OY', 'S', 'R']",-3,VCC,"['OY', 'S', 'R']"
3062,"['AA', 'S', 'R']",-3,VCC,"['AA', 'R', 'K']"
3063,"['AY', 'S', 'R']",-3,VCC,"['AY', 'S', 'R']"
3064,"['ER', 'S', 'R']",-3,VCC,"['ER', 'S', 'R']"
3065,"['AO', 'S', 'R']",-3,VCC,"['AO', 'R', 'S']"
3066,"['UW', 'S', 'R']",-3,VCC,"['AE', 'S', 'R']"
3067,"['IH', 'S', 'R']",-3,VCC,"['IH', 'S', 'R']"
3068,"['EH', 'S', 'R']",-3,VCC,"['EH', 'S', 'R']"
3069,"['UH', 'S', 'R']",-3,VCC,"['UH', 'S', 'R']"
3070,"['IY', 'S', 'R']",-3,VCC,"['IY', 'S', 'R']"
3071,"['EY', 'S', 'R']",-3,VCC,"['EY', 'S', 'R']"
3072,"['OW', 'S', 'R']",-3,VCC,"['OW', 'S', 'R']"
3073,"['AE', 'S', 'R']",-3,VCC,"['AE', 'S', 'R']"
3074,"['AW', 'S', 'R']",-3,VCC,"['AW', 'S', 'R']"
3075,"['AH', 'S', 'W']",-4,VCC,"['AH', 'S', 'W']"
3076,"['OY', 'S', 'W']",-4,VCC,"['OY', 'S', 'W']"
3077,"['AA', 'S', 'W']",-4,VCC,"['AA', 'S', 'W']"
3078,"['AY', 'S', 'W']",-4,VCC,"['AY', 'S', 'W']"
3079,"['ER', 'S', 'W']",-4,VCC,"['ER', 'S', 'W']"
3080,"['AO', 'S', 'W']",-4,VCC,"['AO', 'S', 'W']"
3081,"['UW', 'S', 'W']",-4,VCC,"['DH', 'UW', 'W']"
3082,"['IH', 'S', 'W']",-4,VCC,"['IH', 'S', 'W']"
3083,"['EH', 'S', 'W']",-4,VCC,"['EH', 'S', 'W']"
3084,"['UH', 'S', 'W']",-4,VCC,"['UH', 'S', 'W']"
3085,"['IY', 'S', 'W']",-4,VCC,"['IY', 'S', 'W']"
3086,"['EY', 'S', 'W']",-4,VCC,"['EY', 'S', 'W']"
3087,"['OW', 'S', 'W']",-4,VCC,"['OW', 'S', 'W']"
3088,"['AE', 'S', 'W']",-4,VCC,"['AE', 'S', 'W']"
3089,"['AW', 'S', 'W']",-4,VCC,"['AW', 'S', 'W']"
3090,"['AH', 'S', 'Y']",-4,VCC,"['AH', 'S', 'Y']"
3091,"['OY', 'S', 'Y']",-4,VCC,"['OY', 'S', 'Y']"
3092,"['AA', 'S', 'Y']",-4,VCC,"['AA', 'S', 'Y']"
3093,"['AY', 'S', 'Y']",-4,VCC,"['AY', 'S', 'Y']"
3094,"['ER', 'S', 'Y']",-4,VCC,"['ER', 'S', 'Y']"
3095,"['AO', 'S', 'Y']",-4,VCC,"['AO', 'S', 'Y']"
3096,"['UW', 'S', 'Y']",-4,VCC,"['IH', 'S', 'UW']"
3097,"['IH', 'S', 'Y']",-4,VCC,"['IH', 'S', 'Y']"
3098,"['EH', 'S', 'Y']",-4,VCC,"['EH', 'S', 'Y']"
3099,"['UH', 'S', 'Y']",-4,VCC,"['Y', 'UH', 'S']"
3100,"['IY', 'S', 'Y']",-4,VCC,"['IY', 'S', 'Y']"
3101,"['EY', 'S', 'Y']",-4,VCC,"['EY', 'S', 'Y']"
3102,"['OW', 'S', 'Y']",-4,VCC,"['OW', 'S', 'Y']"
3103,"['AE', 'S', 'Y']",-4,VCC,"['AE', 'S', 'Y']"
3104,"['AW', 'S', 'Y']",-4,VCC,"['AW', 'S', 'Y']"
3105,"['AH', 'SH', 'P']",1,VCC,"['AH', 'SH', 'P']"
3106,"['OY', 'SH', 'P']",1,VCC,"['OY', 'SH', 'P']"
3107,"['AA', 'SH', 'P']",1,VCC,"['AA', 'SH', 'P']"
3108,"['AY', 'SH', 'P']",1,VCC,"['AY', 'SH', 'P']"
3109,"['ER', 'SH', 'P']",1,VCC,"['ER', 'SH', 'P']"
3110,"['AO', 'SH', 'P']",1,VCC,"['AO', 'SH', 'P']"
3111,"['UW', 'SH', 'P']",1,VCC,"['UW', 'SH', 'P']"
3112,"['IH', 'SH', 'P']",1,VCC,"['IH', 'SH', 'P']"
3113,"['EH', 'SH', 'P']",1,VCC,"['EH', 'SH', 'P']"
3114,"['UH', 'SH', 'P']",1,VCC,"['UH', 'SH', 'P']"
3115,"['IY', 'SH', 'P']",1,VCC,"['IY', 'SH', 'P']"
3116,"['EY', 'SH', 'P']",1,VCC,"['EY', 'SH', 'P']"
3117,"['OW', 'SH', 'P']",1,VCC,"['OW', 'SH', 'P']"
3118,"['AE', 'SH', 'P']",1,VCC,"['AE', 'SH', 'P']"
3119,"['AW', 'SH', 'P']",1,VCC,"['AW', 'SH', 'P']"
3120,"['AH', 'SH', 'T']",1,VCC,"['AH', 'SH', 'T']"
3121,"['OY', 'SH', 'T']",1,VCC,"['OY', 'SH', 'T']"
3122,"['AA', 'SH', 'T']",1,VCC,"['AA', 'SH', 'T']"
3123,"['AY', 'SH', 'T']",1,VCC,"['AY', 'SH', 'T']"
3124,"['ER', 'SH', 'T']",1,VCC,"['ER', 'SH', 'T']"
3125,"['AO', 'SH', 'T']",1,VCC,"['AO', 'SH', 'T']"
3126,"['UW', 'SH', 'T']",1,VCC,"['SH', 'UW', 'T']"
3127,"['IH', 'SH', 'T']",1,VCC,"['IH', 'SH', 'T']"
3128,"['EH', 'SH', 'T']",1,VCC,"['EH', 'SH', 'T']"
3129,"['UH', 'SH', 'T']",1,VCC,"['SH', 'UH', 'T']"
3130,"['IY', 'SH', 'T']",1,VCC,"['SH', 'IY', 'T']"
3131,"['EY', 'SH', 'T']",1,VCC,"['EY', 'SH', 'T']"
3132,"['OW', 'SH', 'T']",1,VCC,"['OW', 'SH', 'T']"
3133,"['AE', 'SH', 'T']",1,VCC,"['AE', 'SH', 'T']"
3134,"['AW', 'SH', 'T']",1,VCC,"['AW', 'SH', 'T']"
3135,"['AH', 'SH', 'K']",1,VCC,"['AH', 'SH', 'K']"
3136,"['OY', 'SH', 'K']",1,VCC,"['OY', 'SH', 'K']"
3137,"['AA', 'SH', 'K']",1,VCC,"['AA', 'SH', 'K']"
3138,"['AY', 'SH', 'K']",1,VCC,"['AY', 'SH', 'K']"
3139,"['ER', 'SH', 'K']",1,VCC,"['ER', 'SH', 'K']"
3140,"['AO', 'SH', 'K']",1,VCC,"['AO', 'SH', 'K']"
3141,"['UW', 'SH', 'K']",1,VCC,"['UW', 'SH', 'K']"
3142,"['IH', 'SH', 'K']",1,VCC,"['IH', 'SH', 'K']"
3143,"['EH', 'SH', 'K']",1,VCC,"['EH', 'SH', 'K']"
3144,"['UH', 'SH', 'K']",1,VCC,"['UH', 'SH', 'K']"
3145,"['IY', 'SH', 'K']",1,VCC,"['IY', 'SH', 'K']"
3146,"['EY', 'SH', 'K']",1,VCC,"['EY', 'SH', 'K']"
3147,"['OW', 'SH', 'K']",1,VCC,"['OW', 'SH', 'K']"
3148,"['AE', 'SH', 'K']",1,VCC,"['AE', 'SH', 'K']"
3149,"['AW', 'SH', 'K']",1,VCC,"['AW', 'SH', 'K']"
3150,"['AH', 'SH', 'B']",1,VCC,"['AH', 'SH', 'B']"
3151,"['OY', 'SH', 'B']",1,VCC,"['OY', 'SH', 'B']"
3152,"['AA', 'SH', 'B']",1,VCC,"['AA', 'SH', 'B']"
3153,"['AY', 'SH', 'B']",1,VCC,"['AY', 'SH', 'B']"
3154,"['ER', 'SH', 'B']",1,VCC,"['ER', 'SH', 'B']"
3155,"['AO', 'SH', 'B']",1,VCC,"['AO', 'SH', 'B']"
3156,"['UW', 'SH', 'B']",1,VCC,"['SH', 'UW', 'B']"
3157,"['IH', 'SH', 'B']",1,VCC,"['IH', 'SH', 'B']"
3158,"['EH', 'SH', 'B']",1,VCC,"['EH', 'SH', 'B']"
3159,"['UH', 'SH', 'B']",1,VCC,"['UH', 'SH', 'B']"
3160,"['IY', 'SH', 'B']",1,VCC,"['IY', 'SH', 'B']"
3161,"['EY', 'SH', 'B']",1,VCC,"['EY', 'SH', 'B']"
3162,"['OW', 'SH', 'B']",1,VCC,"['OW', 'SH', 'B']"
3163,"['AE', 'SH', 'B']",1,VCC,"['AE', 'SH', 'B']"
3164,"['AW', 'SH', 'B']",1,VCC,"['AW', 'SH', 'B']"
3165,"['AH', 'SH', 'D']",1,VCC,"['AH', 'SH', 'D']"
3166,"['OY', 'SH', 'D']",1,VCC,"['OY', 'SH', 'D']"
3167,"['AA', 'SH', 'D']",1,VCC,"['AA', 'SH', 'D']"
3168,"['AY', 'SH', 'D']",1,VCC,"['AY', 'SH', 'D']"
3169,"['ER', 'SH', 'D']",1,VCC,"['ER', 'SH', 'D']"
3170,"['AO', 'SH', 'D']",1,VCC,"['AO', 'SH', 'D']"
3171,"['UW', 'SH', 'D']",1,VCC,"['UW', 'SH', 'D']"
3172,"['IH', 'SH', 'D']",1,VCC,"['IH', 'SH', 'D']"
3173,"['EH', 'SH', 'D']",1,VCC,"['EH', 'SH', 'D']"
3174,"['UH', 'SH', 'D']",1,VCC,"['UH', 'SH', 'D']"
3175,"['IY', 'SH', 'D']",1,VCC,"['IY', 'SH', 'D']"
3176,"['EY', 'SH', 'D']",1,VCC,"['EY', 'SH', 'D']"
3177,"['OW', 'SH', 'D']",1,VCC,"['OW', 'SH', 'D']"
3178,"['AE', 'SH', 'D']",1,VCC,"['AE', 'SH', 'D']"
3179,"['AW', 'SH', 'D']",1,VCC,"['AW', 'SH', 'D']"
3180,"['AH', 'SH', 'G']",1,VCC,"['AH', 'SH', 'G']"
3181,"['OY', 'SH', 'G']",1,VCC,"['OY', 'SH', 'G']"
3182,"['AA', 'SH', 'G']",1,VCC,"['AA', 'SH', 'G']"
3183,"['AY', 'SH', 'G']",1,VCC,"['AY', 'SH', 'G']"
3184,"['ER', 'SH', 'G']",1,VCC,"['ER', 'SH', 'G']"
3185,"['AO', 'SH', 'G']",1,VCC,"['AO', 'SH', 'G']"
3186,"['UW', 'SH', 'G']",1,VCC,"['UW', 'SH', 'G']"
3187,"['IH', 'SH', 'G']",1,VCC,"['IH', 'SH', 'G']"
3188,"['EH', 'SH', 'G']",1,VCC,"['EH', 'G', 'SH']"
3189,"['UH', 'SH', 'G']",1,VCC,"['UH', 'SH', 'G']"
3190,"['IY', 'SH', 'G']",1,VCC,"['SH', 'IY', 'G']"
3191,"['EY', 'SH', 'G']",1,VCC,"['EY', 'SH', 'G']"
3192,"['OW', 'SH', 'G']",1,VCC,"['OW', 'SH', 'G']"
3193,"['AE', 'SH', 'G']",1,VCC,"['AE', 'SH', 'G']"
3194,"['AW', 'SH', 'G']",1,VCC,"['AW', 'SH', 'G']"
3195,"['AH', 'SH', 'F']",0,VCC,"['AH', 'SH', 'F']"
3196,"['OY', 'SH', 'F']",0,VCC,"['OY', 'SH', 'F']"
3197,"['AA', 'SH', 'F']",0,VCC,"['AA', 'SH', 'F']"
3198,"['AY', 'SH', 'F']",0,VCC,"['AY', 'SH', 'F']"
3199,"['ER', 'SH', 'F']",0,VCC,"['ER', 'SH', 'F']"
3200,"['AO', 'SH', 'F']",0,VCC,"['AO', 'SH', 'F']"
3201,"['UW', 'SH', 'F']",0,VCC,"['UW', 'SH', 'F']"
3202,"['IH', 'SH', 'F']",0,VCC,"['IH', 'SH', 'F']"
3203,"['EH', 'SH', 'F']",0,VCC,"['EH', 'F', 'SH']"
3204,"['UH', 'SH', 'F']",0,VCC,"['UH', 'SH', 'F']"
3205,"['IY', 'SH', 'F']",0,VCC,"['SH', 'IY', 'F']"
3206,"['EY', 'SH', 'F']",0,VCC,"['EY', 'SH', 'F']"
3207,"['OW', 'SH', 'F']",0,VCC,"['OW', 'SH', 'F']"
3208,"['AE', 'SH', 'F']",0,VCC,"['AE', 'SH', 'F']"
3209,"['AW', 'SH', 'F']",0,VCC,"['AW', 'SH', 'F']"
3210,"['AH', 'SH', 'TH']",0,VCC,"['SH', 'AH', 'TH']"
3211,"['OY', 'SH', 'TH']",0,VCC,"['SH', 'OY', 'TH']"
3212,"['AA', 'SH', 'TH']",0,VCC,"['AA', 'SH', 'TH']"
3213,"['AY', 'SH', 'TH']",0,VCC,"['AY', 'SH', 'TH']"
3214,"['ER', 'SH', 'TH']",0,VCC,"['ER', 'SH', 'TH']"
3215,"['AO', 'SH', 'TH']",0,VCC,"['AO', 'SH', 'TH']"
3216,"['UW', 'SH', 'TH']",0,VCC,"['SH', 'UW', 'TH']"
3217,"['IH', 'SH', 'TH']",0,VCC,"['IH', 'SH', 'TH']"
3218,"['EH', 'SH', 'TH']",0,VCC,"['EH', 'TH', 'SH']"
3219,"['UH', 'SH', 'TH']",0,VCC,"['SH', 'UH', 'TH']"
3220,"['IY', 'SH', 'TH']",0,VCC,"['SH', 'IY', 'TH']"
3221,"['EY', 'SH', 'TH']",0,VCC,"['EY', 'SH', 'TH']"
3222,"['OW', 'SH', 'TH']",0,VCC,"['SH', 'OW', 'TH']"
3223,"['AE', 'SH', 'TH']",0,VCC,"['AE', 'SH', 'TH']"
3224,"['AW', 'SH', 'TH']",0,VCC,"['AW', 'SH', 'TH']"
3225,"['AH', 'SH', 'S']",0,VCC,"['AH', 'SH', 'S']"
3226,"['OY', 'SH', 'S']",0,VCC,"['OY', 'SH', 'S']"
3227,"['AA', 'SH', 'S']",0,VCC,"['AA', 'SH', 'S']"
3228,"['AY', 'SH', 'S']",0,VCC,"['AY', 'SH', 'S']"
3229,"['ER', 'SH', 'S']",0,VCC,"['ER', 'SH', 'S']"
3230,"['AO', 'SH', 'S']",0,VCC,"['AO', 'SH', 'S']"
3231,"['UW', 'SH', 'S']",0,VCC,"['UW', 'SH', 'S']"
3232,"['IH', 'SH', 'S']",0,VCC,"['IH', 'SH', 'S']"
3233,"['EH', 'SH', 'S']",0,VCC,"['EH', 'SH', 'S']"
3234,"['UH', 'SH', 'S']",0,VCC,"['UH', 'SH', 'S']"
3235,"['IY', 'SH', 'S']",0,VCC,"['IY', 'SH', 'S']"
3236,"['EY', 'SH', 'S']",0,VCC,"['EY', 'SH', 'S']"
3237,"['OW', 'SH', 'S']",0,VCC,"['OW', 'SH', 'S']"
3238,"['AE', 'SH', 'S']",0,VCC,"['AE', 'SH', 'S']"
3239,"['AW', 'SH', 'S']",0,VCC,"['AW', 'SH', 'S']"
3240,"['AH', 'SH', 'Z']",0,VCC,"['AH', 'SH', 'T']"
3241,"['OY', 'SH', 'Z']",0,VCC,"['OY', 'SH', 'L']"
3242,"['AA', 'SH', 'Z']",0,VCC,"['AA', 'SH', 'Z']"
3243,"['AY', 'SH', 'Z']",0,VCC,"['AY', 'SH', 'Z']"
3244,"['ER', 'SH', 'Z']",0,VCC,"['ER', 'SH', 'Z']"
3245,"['AO', 'SH', 'Z']",0,VCC,"['AO', 'SH', 'Z']"
3246,"['UW', 'SH', 'Z']",0,VCC,"['UW', 'SH', 'Z']"
3247,"['IH', 'SH', 'Z']",0,VCC,"['IH', 'SH', 'Z']"
3248,"['EH', 'SH', 'Z']",0,VCC,"['EH', 'SH', 'AY']"
3249,"['UH', 'SH', 'Z']",0,VCC,"['UH', 'SH', 'AY']"
3250,"['IY', 'SH', 'Z']",0,VCC,"['IY', 'SH', 'DH']"
3251,"['EY', 'SH', 'Z']",0,VCC,"['EY', 'SH', 'EY']"
3252,"['OW', 'SH', 'Z']",0,VCC,"['OW', 'SH', 'Z']"
3253,"['AE', 'SH', 'Z']",0,VCC,"['AE', 'SH', 'M']"
3254,"['AW', 'SH', 'Z']",0,VCC,"['AW', 'SH', 'ER']"
3255,"['AH', 'SH', 'ZH']",0,VCC,"['AH', 'SH', 'ZH']"
3256,"['OY', 'SH', 'ZH']",0,VCC,"['OY', 'SH', 'ZH']"
3257,"['AA', 'SH', 'ZH']",0,VCC,"['AA', 'SH', 'ZH']"
3258,"['AY', 'SH', 'ZH']",0,VCC,"['AY', 'SH', '<EOS>']"
3259,"['ER', 'SH', 'ZH']",0,VCC,"['ER', 'SH', 'AE']"
3260,"['AO', 'SH', 'ZH']",0,VCC,"['AO', 'SH', 'ZH']"
3261,"['UW', 'SH', 'ZH']",0,VCC,"['AE', 'SH', 'ZH']"
3262,"['IH', 'SH', 'ZH']",0,VCC,"['IH', 'SH', 'ZH']"
3263,"['EH', 'SH', 'ZH']",0,VCC,"['EH', 'SH', 'ZH']"
3264,"['UH', 'SH', 'ZH']",0,VCC,"['UH', 'SH', 'ZH']"
3265,"['IY', 'SH', 'ZH']",0,VCC,"['IY', 'SH', 'ZH']"
3266,"['EY', 'SH', 'ZH']",0,VCC,"['EY', 'SH', 'ZH']"
3267,"['OW', 'SH', 'ZH']",0,VCC,"['OW', 'SH', 'ZH']"
3268,"['AE', 'SH', 'ZH']",0,VCC,"['AE', 'SH', 'ZH']"
3269,"['AW', 'SH', 'ZH']",0,VCC,"['AW', 'SH', 'ZH']"
3270,"['AH', 'SH', 'V']",0,VCC,"['AH', 'SH', 'V']"
3271,"['OY', 'SH', 'V']",0,VCC,"['OY', 'SH', 'V']"
3272,"['AA', 'SH', 'V']",0,VCC,"['AA', 'SH', 'V']"
3273,"['AY', 'SH', 'V']",0,VCC,"['AY', 'SH', 'V']"
3274,"['ER', 'SH', 'V']",0,VCC,"['ER', 'SH', 'V']"
3275,"['AO', 'SH', 'V']",0,VCC,"['AO', 'SH', 'V']"
3276,"['UW', 'SH', 'V']",0,VCC,"['UW', 'SH', 'V']"
3277,"['IH', 'SH', 'V']",0,VCC,"['IH', 'SH', 'V']"
3278,"['EH', 'SH', 'V']",0,VCC,"['EH', 'SH', 'V']"
3279,"['UH', 'SH', 'V']",0,VCC,"['UH', 'SH', 'V']"
3280,"['IY', 'SH', 'V']",0,VCC,"['SH', 'SH', 'V']"
3281,"['EY', 'SH', 'V']",0,VCC,"['EY', 'SH', 'V']"
3282,"['OW', 'SH', 'V']",0,VCC,"['OW', 'SH', 'V']"
3283,"['AE', 'SH', 'V']",0,VCC,"['AE', 'SH', 'V']"
3284,"['AW', 'SH', 'V']",0,VCC,"['AW', 'SH', 'V']"
3285,"['AH', 'SH', 'DH']",0,VCC,"['AH', 'DH', 'SH']"
3286,"['OY', 'SH', 'DH']",0,VCC,"['OY', 'SH', 'DH']"
3287,"['AA', 'SH', 'DH']",0,VCC,"['AA', 'DH', 'SH']"
3288,"['AY', 'SH', 'DH']",0,VCC,"['AY', 'SH', 'DH']"
3289,"['ER', 'SH', 'DH']",0,VCC,"['ER', 'SH', 'DH']"
3290,"['AO', 'SH', 'DH']",0,VCC,"['AO', 'DH', 'SH']"
3291,"['UW', 'SH', 'DH']",0,VCC,"['SH', 'UW', 'DH']"
3292,"['IH', 'SH', 'DH']",0,VCC,"['IH', 'DH', 'SH']"
3293,"['EH', 'SH', 'DH']",0,VCC,"['EH', 'DH', 'SH']"
3294,"['UH', 'SH', 'DH']",0,VCC,"['SH', 'UH', 'SH']"
3295,"['IY', 'SH', 'DH']",0,VCC,"['SH', 'IY', 'DH']"
3296,"['EY', 'SH', 'DH']",0,VCC,"['EY', 'DH', 'SH']"
3297,"['OW', 'SH', 'DH']",0,VCC,"['OW', 'DH', 'SH']"
3298,"['AE', 'SH', 'DH']",0,VCC,"['AE', 'SH', 'DH']"
3299,"['AW', 'SH', 'DH']",0,VCC,"['AW', 'DH', 'SH']"
3300,"['AH', 'SH', 'HH']",0,VCC,"['AH', 'SH', 'HH']"
3301,"['OY', 'SH', 'HH']",0,VCC,"['OY', 'SH', 'HH']"
3302,"['AA', 'SH', 'HH']",0,VCC,"['AA', 'SH', 'HH']"
3303,"['AY', 'SH', 'HH']",0,VCC,"['AY', 'SH', 'HH']"
3304,"['ER', 'SH', 'HH']",0,VCC,"['ER', 'SH', 'HH']"
3305,"['AO', 'SH', 'HH']",0,VCC,"['AO', 'SH', 'HH']"
3306,"['UW', 'SH', 'HH']",0,VCC,"['UW', 'SH', 'HH']"
3307,"['IH', 'SH', 'HH']",0,VCC,"['IH', 'SH', 'HH']"
3308,"['EH', 'SH', 'HH']",0,VCC,"['EH', 'SH', 'HH']"
3309,"['UH', 'SH', 'HH']",0,VCC,"['SH', 'UH', 'SH']"
3310,"['IY', 'SH', 'HH']",0,VCC,"['SH', 'IY', 'HH']"
3311,"['EY', 'SH', 'HH']",0,VCC,"['EY', 'SH', 'HH']"
3312,"['OW', 'SH', 'HH']",0,VCC,"['OW', 'SH', 'HH']"
3313,"['AE', 'SH', 'HH']",0,VCC,"['AE', 'SH', 'HH']"
3314,"['AW', 'SH', 'HH']",0,VCC,"['AW', 'SH', 'HH']"
3315,"['AH', 'SH', 'CH']",-1,VCC,"['AH', 'SH', 'CH']"
3316,"['OY', 'SH', 'CH']",-1,VCC,"['OY', 'SH', 'CH']"
3317,"['AA', 'SH', 'CH']",-1,VCC,"['AA', 'SH', 'CH']"
3318,"['AY', 'SH', 'CH']",-1,VCC,"['AY', 'SH', 'CH']"
3319,"['ER', 'SH', 'CH']",-1,VCC,"['ER', 'SH', 'CH']"
3320,"['AO', 'SH', 'CH']",-1,VCC,"['AO', 'SH', 'CH']"
3321,"['UW', 'SH', 'CH']",-1,VCC,"['SH', 'UW', 'CH']"
3322,"['IH', 'SH', 'CH']",-1,VCC,"['IH', 'SH', 'CH']"
3323,"['EH', 'SH', 'CH']",-1,VCC,"['EH', 'SH', 'CH']"
3324,"['UH', 'SH', 'CH']",-1,VCC,"['SH', 'UH', 'CH']"
3325,"['IY', 'SH', 'CH']",-1,VCC,"['IY', 'SH', 'CH']"
3326,"['EY', 'SH', 'CH']",-1,VCC,"['EY', 'SH', 'CH']"
3327,"['OW', 'SH', 'CH']",-1,VCC,"['OW', 'SH', 'CH']"
3328,"['AE', 'SH', 'CH']",-1,VCC,"['AE', 'SH', 'CH']"
3329,"['AW', 'SH', 'CH']",-1,VCC,"['AW', 'SH', 'CH']"
3330,"['AH', 'SH', 'JH']",-1,VCC,"['AH', 'SH', 'JH']"
3331,"['OY', 'SH', 'JH']",-1,VCC,"['OY', 'SH', 'CH']"
3332,"['AA', 'SH', 'JH']",-1,VCC,"['AA', 'SH', 'JH']"
3333,"['AY', 'SH', 'JH']",-1,VCC,"['AY', 'SH', 'JH']"
3334,"['ER', 'SH', 'JH']",-1,VCC,"['ER', 'SH', 'JH']"
3335,"['AO', 'SH', 'JH']",-1,VCC,"['AO', 'SH', 'JH']"
3336,"['UW', 'SH', 'JH']",-1,VCC,"['SH', 'UW', 'JH']"
3337,"['IH', 'SH', 'JH']",-1,VCC,"['IH', 'SH', 'JH']"
3338,"['EH', 'SH', 'JH']",-1,VCC,"['EH', 'SH', 'JH']"
3339,"['UH', 'SH', 'JH']",-1,VCC,"['UH', 'SH', 'JH']"
3340,"['IY', 'SH', 'JH']",-1,VCC,"['IY', 'SH', 'JH']"
3341,"['EY', 'SH', 'JH']",-1,VCC,"['EY', 'SH', 'JH']"
3342,"['OW', 'SH', 'JH']",-1,VCC,"['OW', 'SH', 'JH']"
3343,"['AE', 'SH', 'JH']",-1,VCC,"['AE', 'SH', 'JH']"
3344,"['AW', 'SH', 'JH']",-1,VCC,"['AW', 'SH', 'JH']"
3345,"['AH', 'SH', 'M']",-2,VCC,"['AH', 'SH', 'M']"
3346,"['OY', 'SH', 'M']",-2,VCC,"['OY', 'SH', 'M']"
3347,"['AA', 'SH', 'M']",-2,VCC,"['AA', 'SH', 'M']"
3348,"['AY', 'SH', 'M']",-2,VCC,"['AY', 'SH', 'M']"
3349,"['ER', 'SH', 'M']",-2,VCC,"['ER', 'SH', 'M']"
3350,"['AO', 'SH', 'M']",-2,VCC,"['AO', 'SH', 'M']"
3351,"['UW', 'SH', 'M']",-2,VCC,"['UW', 'SH', 'M']"
3352,"['IH', 'SH', 'M']",-2,VCC,"['IH', 'SH', 'M']"
3353,"['EH', 'SH', 'M']",-2,VCC,"['EH', 'SH', 'M']"
3354,"['UH', 'SH', 'M']",-2,VCC,"['UH', 'SH', 'M']"
3355,"['IY', 'SH', 'M']",-2,VCC,"['IY', 'SH', 'M']"
3356,"['EY', 'SH', 'M']",-2,VCC,"['EY', 'SH', 'M']"
3357,"['OW', 'SH', 'M']",-2,VCC,"['OW', 'SH', 'M']"
3358,"['AE', 'SH', 'M']",-2,VCC,"['AE', 'SH', 'M']"
3359,"['AW', 'SH', 'M']",-2,VCC,"['AW', 'SH', 'M']"
3360,"['AH', 'SH', 'N']",-2,VCC,"['AH', 'SH', 'N']"
3361,"['OY', 'SH', 'N']",-2,VCC,"['OY', 'SH', 'N']"
3362,"['AA', 'SH', 'N']",-2,VCC,"['AA', 'SH', 'N']"
3363,"['AY', 'SH', 'N']",-2,VCC,"['AY', 'SH', 'N']"
3364,"['ER', 'SH', 'N']",-2,VCC,"['ER', 'SH', 'N']"
3365,"['AO', 'SH', 'N']",-2,VCC,"['AO', 'SH', 'N']"
3366,"['UW', 'SH', 'N']",-2,VCC,"['SH', 'UW', 'N']"
3367,"['IH', 'SH', 'N']",-2,VCC,"['IH', 'SH', 'N']"
3368,"['EH', 'SH', 'N']",-2,VCC,"['EH', 'SH', 'N']"
3369,"['UH', 'SH', 'N']",-2,VCC,"['SH', 'UH', 'N']"
3370,"['IY', 'SH', 'N']",-2,VCC,"['IY', 'SH', 'N']"
3371,"['EY', 'SH', 'N']",-2,VCC,"['EY', 'SH', 'N']"
3372,"['OW', 'SH', 'N']",-2,VCC,"['OW', 'SH', 'N']"
3373,"['AE', 'SH', 'N']",-2,VCC,"['AE', 'SH', 'N']"
3374,"['AW', 'SH', 'N']",-2,VCC,"['AW', 'SH', 'N']"
3375,"['AH', 'SH', 'NG']",-2,VCC,"['AH', 'SH', 'NG']"
3376,"['OY', 'SH', 'NG']",-2,VCC,"['OY', 'SH', 'NG']"
3377,"['AA', 'SH', 'NG']",-2,VCC,"['AA', 'SH', 'NG']"
3378,"['AY', 'SH', 'NG']",-2,VCC,"['AY', 'NG', '<EOS>']"
3379,"['ER', 'SH', 'NG']",-2,VCC,"['ER', 'SH', 'NG']"
3380,"['AO', 'SH', 'NG']",-2,VCC,"['AO', 'SH', 'NG']"
3381,"['UW', 'SH', 'NG']",-2,VCC,"['UW', 'SH', 'NG']"
3382,"['IH', 'SH', 'NG']",-2,VCC,"['IH', 'SH', 'NG']"
3383,"['EH', 'SH', 'NG']",-2,VCC,"['EH', 'NG', 'SH']"
3384,"['UH', 'SH', 'NG']",-2,VCC,"['UH', 'SH', 'NG']"
3385,"['IY', 'SH', 'NG']",-2,VCC,"['IY', 'SH', 'NG']"
3386,"['EY', 'SH', 'NG']",-2,VCC,"['EY', 'SH', 'NG']"
3387,"['OW', 'SH', 'NG']",-2,VCC,"['OW', 'NG', 'SH']"
3388,"['AE', 'SH', 'NG']",-2,VCC,"['AE', 'SH', 'NG']"
3389,"['AW', 'SH', 'NG']",-2,VCC,"['AW', 'SH', 'NG']"
3390,"['AH', 'SH', 'L']",-3,VCC,"['AH', 'SH', 'L']"
3391,"['OY', 'SH', 'L']",-3,VCC,"['OY', 'SH', 'L']"
3392,"['AA', 'SH', 'L']",-3,VCC,"['AA', 'SH', 'L']"
3393,"['AY', 'SH', 'L']",-3,VCC,"['AY', 'SH', 'L']"
3394,"['ER', 'SH', 'L']",-3,VCC,"['ER', 'SH', 'L']"
3395,"['AO', 'SH', 'L']",-3,VCC,"['AO', 'SH', 'L']"
3396,"['UW', 'SH', 'L']",-3,VCC,"['UW', 'SH', 'L']"
3397,"['IH', 'SH', 'L']",-3,VCC,"['IH', 'SH', 'L']"
3398,"['EH', 'SH', 'L']",-3,VCC,"['EH', 'SH', 'L']"
3399,"['UH', 'SH', 'L']",-3,VCC,"['UH', 'SH', 'L']"
3400,"['IY', 'SH', 'L']",-3,VCC,"['IY', 'SH', 'L']"
3401,"['EY', 'SH', 'L']",-3,VCC,"['EY', 'SH', 'L']"
3402,"['OW', 'SH', 'L']",-3,VCC,"['OW', 'SH', 'L']"
3403,"['AE', 'SH', 'L']",-3,VCC,"['AE', 'SH', 'L']"
3404,"['AW', 'SH', 'L']",-3,VCC,"['AW', 'SH', 'L']"
3405,"['AH', 'SH', 'R']",-3,VCC,"['AH', 'SH', 'R']"
3406,"['OY', 'SH', 'R']",-3,VCC,"['OY', 'SH', 'R']"
3407,"['AA', 'SH', 'R']",-3,VCC,"['AA', 'SH', 'R']"
3408,"['AY', 'SH', 'R']",-3,VCC,"['AY', 'SH', 'R']"
3409,"['ER', 'SH', 'R']",-3,VCC,"['ER', 'SH', 'R']"
3410,"['AO', 'SH', 'R']",-3,VCC,"['AO', 'SH', 'R']"
3411,"['UW', 'SH', 'R']",-3,VCC,"['UW', 'SH', 'R']"
3412,"['IH', 'SH', 'R']",-3,VCC,"['IH', 'SH', 'R']"
3413,"['EH', 'SH', 'R']",-3,VCC,"['EH', 'SH', 'R']"
3414,"['UH', 'SH', 'R']",-3,VCC,"['UH', 'SH', 'R']"
3415,"['IY', 'SH', 'R']",-3,VCC,"['IY', 'SH', 'R']"
3416,"['EY', 'SH', 'R']",-3,VCC,"['EY', 'SH', 'R']"
3417,"['OW', 'SH', 'R']",-3,VCC,"['OW', 'SH', 'R']"
3418,"['AE', 'SH', 'R']",-3,VCC,"['AE', 'SH', 'R']"
3419,"['AW', 'SH', 'R']",-3,VCC,"['AW', 'SH', 'R']"
3420,"['AH', 'SH', 'W']",-4,VCC,"['SH', 'AH', 'W']"
3421,"['OY', 'SH', 'W']",-4,VCC,"['OY', 'SH', 'W']"
3422,"['AA', 'SH', 'W']",-4,VCC,"['AA', 'SH', 'W']"
3423,"['AY', 'SH', 'W']",-4,VCC,"['AY', 'SH', 'W']"
3424,"['ER', 'SH', 'W']",-4,VCC,"['ER', 'SH', 'W']"
3425,"['AO', 'SH', 'W']",-4,VCC,"['AO', 'SH', 'W']"
3426,"['UW', 'SH', 'W']",-4,VCC,"['SH', 'UW', 'W']"
3427,"['IH', 'SH', 'W']",-4,VCC,"['IH', 'SH', 'W']"
3428,"['EH', 'SH', 'W']",-4,VCC,"['EH', 'SH', 'W']"
3429,"['UH', 'SH', 'W']",-4,VCC,"['SH', 'UH', 'W']"
3430,"['IY', 'SH', 'W']",-4,VCC,"['SH', 'IY', 'W']"
3431,"['EY', 'SH', 'W']",-4,VCC,"['EY', 'SH', 'W']"
3432,"['OW', 'SH', 'W']",-4,VCC,"['SH', 'OW', 'W']"
3433,"['AE', 'SH', 'W']",-4,VCC,"['AE', 'SH', 'W']"
3434,"['AW', 'SH', 'W']",-4,VCC,"['AW', 'SH', 'W']"
3435,"['AH', 'SH', 'Y']",-4,VCC,"['AH', 'SH', 'Y']"
3436,"['OY', 'SH', 'Y']",-4,VCC,"['OY', 'SH', 'Y']"
3437,"['AA', 'SH', 'Y']",-4,VCC,"['AA', 'SH', 'Y']"
3438,"['AY', 'SH', 'Y']",-4,VCC,"['AY', 'SH', 'Y']"
3439,"['ER', 'SH', 'Y']",-4,VCC,"['ER', 'SH', 'Y']"
3440,"['AO', 'SH', 'Y']",-4,VCC,"['AO', 'SH', 'Y']"
3441,"['UW', 'SH', 'Y']",-4,VCC,"['UW', 'SH', 'Y']"
3442,"['IH', 'SH', 'Y']",-4,VCC,"['IH', 'SH', 'Y']"
3443,"['EH', 'SH', 'Y']",-4,VCC,"['EH', 'SH', 'Y']"
3444,"['UH', 'SH', 'Y']",-4,VCC,"['UH', 'SH', 'Y']"
3445,"['IY', 'SH', 'Y']",-4,VCC,"['IY', 'SH', 'Y']"
3446,"['EY', 'SH', 'Y']",-4,VCC,"['EY', 'SH', 'Y']"
3447,"['OW', 'SH', 'Y']",-4,VCC,"['OW', 'SH', 'Y']"
3448,"['AE', 'SH', 'Y']",-4,VCC,"['AE', 'SH', 'Y']"
3449,"['AW', 'SH', 'Y']",-4,VCC,"['AW', 'SH', 'Y']"
3450,"['AH', 'Z', 'P']",1,VCC,"['AH', 'P', 'Z']"
3451,"['OY', 'Z', 'P']",1,VCC,"['OY', 'Z', 'P']"
3452,"['AA', 'Z', 'P']",1,VCC,"['AA', 'Z', 'P']"
3453,"['AY', 'Z', 'P']",1,VCC,"['AY', 'Z', 'P']"
3454,"['ER', 'Z', 'P']",1,VCC,"['ER', 'P', 'Z']"
3455,"['AO', 'Z', 'P']",1,VCC,"['AO', 'Z', 'P']"
3456,"['UW', 'Z', 'P']",1,VCC,"['UW', 'Z', 'P']"
3457,"['IH', 'Z', 'P']",1,VCC,"['IH', 'P', 'Z']"
3458,"['EH', 'Z', 'P']",1,VCC,"['EH', 'Z', 'P']"
3459,"['UH', 'Z', 'P']",1,VCC,"['IH', 'P', 'F']"
3460,"['IY', 'Z', 'P']",1,VCC,"['IY', 'Z', 'P']"
3461,"['EY', 'Z', 'P']",1,VCC,"['EY', 'P', 'Z']"
3462,"['OW', 'Z', 'P']",1,VCC,"['OW', 'P', 'Z']"
3463,"['AE', 'Z', 'P']",1,VCC,"['AE', 'Z', 'P']"
3464,"['AW', 'Z', 'P']",1,VCC,"['AW', 'Z', 'P']"
3465,"['AH', 'Z', 'T']",1,VCC,"['AH', 'Z', 'T']"
3466,"['OY', 'Z', 'T']",1,VCC,"['OY', 'Z', 'T']"
3467,"['AA', 'Z', 'T']",1,VCC,"['AA', 'Z', 'T']"
3468,"['AY', 'Z', 'T']",1,VCC,"['AY', 'Z', 'T']"
3469,"['ER', 'Z', 'T']",1,VCC,"['ER', 'Z', 'T']"
3470,"['AO', 'Z', 'T']",1,VCC,"['AO', 'Z', 'T']"
3471,"['UW', 'Z', 'T']",1,VCC,"['UW', 'Z', 'T']"
3472,"['IH', 'Z', 'T']",1,VCC,"['IH', 'Z', 'T']"
3473,"['EH', 'Z', 'T']",1,VCC,"['EH', 'Z', 'T']"
3474,"['UH', 'Z', 'T']",1,VCC,"['UH', 'T', 'Z']"
3475,"['IY', 'Z', 'T']",1,VCC,"['IY', 'Z', 'T']"
3476,"['EY', 'Z', 'T']",1,VCC,"['EY', 'Z', 'T']"
3477,"['OW', 'Z', 'T']",1,VCC,"['OW', 'Z', 'T']"
3478,"['AE', 'Z', 'T']",1,VCC,"['AE', 'Z', 'T']"
3479,"['AW', 'Z', 'T']",1,VCC,"['AW', 'Z', 'T']"
3480,"['AH', 'Z', 'K']",1,VCC,"['AH', 'Z', 'K']"
3481,"['OY', 'Z', 'K']",1,VCC,"['OY', 'Z', 'K']"
3482,"['AA', 'Z', 'K']",1,VCC,"['AA', 'Z', 'K']"
3483,"['AY', 'Z', 'K']",1,VCC,"['AY', 'Z', 'K']"
3484,"['ER', 'Z', 'K']",1,VCC,"['ER', 'Z', 'K']"
3485,"['AO', 'Z', 'K']",1,VCC,"['AO', 'Z', 'K']"
3486,"['UW', 'Z', 'K']",1,VCC,"['UW', 'Z', 'K']"
3487,"['IH', 'Z', 'K']",1,VCC,"['IH', 'Z', 'K']"
3488,"['EH', 'Z', 'K']",1,VCC,"['EH', 'Z', 'K']"
3489,"['UH', 'Z', 'K']",1,VCC,"['EH', 'Z', 'K']"
3490,"['IY', 'Z', 'K']",1,VCC,"['IY', 'Z', 'K']"
3491,"['EY', 'Z', 'K']",1,VCC,"['EY', 'Z', 'K']"
3492,"['OW', 'Z', 'K']",1,VCC,"['OW', 'Z', 'K']"
3493,"['AE', 'Z', 'K']",1,VCC,"['AE', 'Z', 'K']"
3494,"['AW', 'Z', 'K']",1,VCC,"['AW', 'Z', 'K']"
3495,"['AH', 'Z', 'B']",1,VCC,"['AH', 'Z', 'B']"
3496,"['OY', 'Z', 'B']",1,VCC,"['OY', 'Z', 'B']"
3497,"['AA', 'Z', 'B']",1,VCC,"['AA', 'Z', 'B']"
3498,"['AY', 'Z', 'B']",1,VCC,"['AY', 'Z', 'B']"
3499,"['ER', 'Z', 'B']",1,VCC,"['ER', 'Z', 'B']"
3500,"['AO', 'Z', 'B']",1,VCC,"['AO', 'Z', 'B']"
3501,"['UW', 'Z', 'B']",1,VCC,"['UW', 'Z', 'B']"
3502,"['IH', 'Z', 'B']",1,VCC,"['IH', 'Z', 'B']"
3503,"['EH', 'Z', 'B']",1,VCC,"['EH', 'Z', 'B']"
3504,"['UH', 'Z', 'B']",1,VCC,"['UH', 'Z', 'B']"
3505,"['IY', 'Z', 'B']",1,VCC,"['IY', 'Z', 'B']"
3506,"['EY', 'Z', 'B']",1,VCC,"['EY', 'Z', 'B']"
3507,"['OW', 'Z', 'B']",1,VCC,"['OW', 'Z', 'B']"
3508,"['AE', 'Z', 'B']",1,VCC,"['AE', 'Z', 'B']"
3509,"['AW', 'Z', 'B']",1,VCC,"['AW', 'Z', 'B']"
3510,"['AH', 'Z', 'D']",1,VCC,"['AH', 'Z', 'D']"
3511,"['OY', 'Z', 'D']",1,VCC,"['OY', 'Z', 'D']"
3512,"['AA', 'Z', 'D']",1,VCC,"['AA', 'Z', 'D']"
3513,"['AY', 'Z', 'D']",1,VCC,"['AY', 'Z', 'D']"
3514,"['ER', 'Z', 'D']",1,VCC,"['ER', 'Z', 'D']"
3515,"['AO', 'Z', 'D']",1,VCC,"['AO', 'Z', 'D']"
3516,"['UW', 'Z', 'D']",1,VCC,"['UW', 'Z', 'D']"
3517,"['IH', 'Z', 'D']",1,VCC,"['IH', 'Z', 'D']"
3518,"['EH', 'Z', 'D']",1,VCC,"['EH', 'Z', 'D']"
3519,"['UH', 'Z', 'D']",1,VCC,"['UH', 'Z', 'D']"
3520,"['IY', 'Z', 'D']",1,VCC,"['IY', 'Z', 'D']"
3521,"['EY', 'Z', 'D']",1,VCC,"['EY', 'Z', 'D']"
3522,"['OW', 'Z', 'D']",1,VCC,"['OW', 'Z', 'D']"
3523,"['AE', 'Z', 'D']",1,VCC,"['AE', 'Z', 'D']"
3524,"['AW', 'Z', 'D']",1,VCC,"['AW', 'Z', 'D']"
3525,"['AH', 'Z', 'G']",1,VCC,"['AH', 'G', 'Z']"
3526,"['OY', 'Z', 'G']",1,VCC,"['OY', 'Z', 'G']"
3527,"['AA', 'Z', 'G']",1,VCC,"['AA', 'Z', 'G']"
3528,"['AY', 'Z', 'G']",1,VCC,"['AY', 'Z', 'G']"
3529,"['ER', 'Z', 'G']",1,VCC,"['ER', 'Z', 'G']"
3530,"['AO', 'Z', 'G']",1,VCC,"['AO', 'Z', 'G']"
3531,"['UW', 'Z', 'G']",1,VCC,"['UW', 'Z', 'G']"
3532,"['IH', 'Z', 'G']",1,VCC,"['IH', 'G', 'Z']"
3533,"['EH', 'Z', 'G']",1,VCC,"['EH', 'Z', 'G']"
3534,"['UH', 'Z', 'G']",1,VCC,"['UH', 'G', 'Z']"
3535,"['IY', 'Z', 'G']",1,VCC,"['IY', 'Z', 'G']"
3536,"['EY', 'Z', 'G']",1,VCC,"['EY', 'Z', 'G']"
3537,"['OW', 'Z', 'G']",1,VCC,"['OW', 'Z', 'G']"
3538,"['AE', 'Z', 'G']",1,VCC,"['AE', 'Z', 'G']"
3539,"['AW', 'Z', 'G']",1,VCC,"['AW', 'Z', 'G']"
3540,"['AH', 'Z', 'F']",0,VCC,"['AH', 'Z', 'F']"
3541,"['OY', 'Z', 'F']",0,VCC,"['OY', 'Z', 'F']"
3542,"['AA', 'Z', 'F']",0,VCC,"['AA', 'F', 'Z']"
3543,"['AY', 'Z', 'F']",0,VCC,"['AY', 'Z', 'F']"
3544,"['ER', 'Z', 'F']",0,VCC,"['ER', 'Z', 'F']"
3545,"['AO', 'Z', 'F']",0,VCC,"['AO', 'Z', 'F']"
3546,"['UW', 'Z', 'F']",0,VCC,"['UW', 'Z', 'F']"
3547,"['IH', 'Z', 'F']",0,VCC,"['IH', 'Z', 'F']"
3548,"['EH', 'Z', 'F']",0,VCC,"['EH', 'Z', 'F']"
3549,"['UH', 'Z', 'F']",0,VCC,"['UH', 'F', 'Z']"
3550,"['IY', 'Z', 'F']",0,VCC,"['IY', 'F', 'Z']"
3551,"['EY', 'Z', 'F']",0,VCC,"['EY', 'Z', 'F']"
3552,"['OW', 'Z', 'F']",0,VCC,"['OW', 'Z', 'F']"
3553,"['AE', 'Z', 'F']",0,VCC,"['AE', 'Z', 'F']"
3554,"['AW', 'Z', 'F']",0,VCC,"['AW', 'Z', 'F']"
3555,"['AH', 'Z', 'TH']",0,VCC,"['Z', 'AH', 'TH']"
3556,"['OY', 'Z', 'TH']",0,VCC,"['OY', 'Z', 'TH']"
3557,"['AA', 'Z', 'TH']",0,VCC,"['AA', 'Z', 'TH']"
3558,"['AY', 'Z', 'TH']",0,VCC,"['AY', 'Z', 'TH']"
3559,"['ER', 'Z', 'TH']",0,VCC,"['ER', 'Z', 'TH']"
3560,"['AO', 'Z', 'TH']",0,VCC,"['AO', 'Z', 'TH']"
3561,"['UW', 'Z', 'TH']",0,VCC,"['UW', 'Z', 'TH']"
3562,"['IH', 'Z', 'TH']",0,VCC,"['IH', 'Z', 'TH']"
3563,"['EH', 'Z', 'TH']",0,VCC,"['EH', 'Z', 'TH']"
3564,"['UH', 'Z', 'TH']",0,VCC,"['UH', 'IH', 'Z']"
3565,"['IY', 'Z', 'TH']",0,VCC,"['IY', 'Z', 'TH']"
3566,"['EY', 'Z', 'TH']",0,VCC,"['EY', 'Z', 'TH']"
3567,"['OW', 'Z', 'TH']",0,VCC,"['OW', 'Z', 'TH']"
3568,"['AE', 'Z', 'TH']",0,VCC,"['AE', 'Z', 'TH']"
3569,"['AW', 'Z', 'TH']",0,VCC,"['AW', 'Z', 'TH']"
3570,"['AH', 'Z', 'S']",0,VCC,"['AH', 'Z', '<EOS>']"
3571,"['OY', 'Z', 'S']",0,VCC,"['OY', 'Z', 'S']"
3572,"['AA', 'Z', 'S']",0,VCC,"['AA', 'Z', '<EOS>']"
3573,"['AY', 'Z', 'S']",0,VCC,"['AY', 'Z', 'S']"
3574,"['ER', 'Z', 'S']",0,VCC,"['ER', 'Z', 'S']"
3575,"['AO', 'Z', 'S']",0,VCC,"['AO', 'Z', 'S']"
3576,"['UW', 'Z', 'S']",0,VCC,"['UW', 'Z', 'S']"
3577,"['IH', 'Z', 'S']",0,VCC,"['IH', 'Z', '<EOS>']"
3578,"['EH', 'Z', 'S']",0,VCC,"['EH', 'Z', 'S']"
3579,"['UH', 'Z', 'S']",0,VCC,"['UH', 'Z', 'S']"
3580,"['IY', 'Z', 'S']",0,VCC,"['IY', 'Z', 'S']"
3581,"['EY', 'Z', 'S']",0,VCC,"['EY', 'Z', 'S']"
3582,"['OW', 'Z', 'S']",0,VCC,"['OW', 'Z', 'S']"
3583,"['AE', 'Z', 'S']",0,VCC,"['AE', 'Z', 'S']"
3584,"['AW', 'Z', 'S']",0,VCC,"['AW', 'Z', 'S']"
3585,"['AH', 'Z', 'SH']",0,VCC,"['AH', 'Z', 'SH']"
3586,"['OY', 'Z', 'SH']",0,VCC,"['OY', 'Z', 'SH']"
3587,"['AA', 'Z', 'SH']",0,VCC,"['AA', 'Z', 'SH']"
3588,"['AY', 'Z', 'SH']",0,VCC,"['AY', 'Z', '<EOS>']"
3589,"['ER', 'Z', 'SH']",0,VCC,"['ER', 'Z', 'SH']"
3590,"['AO', 'Z', 'SH']",0,VCC,"['AO', 'Z', 'SH']"
3591,"['UW', 'Z', 'SH']",0,VCC,"['UW', 'Z', '<EOS>']"
3592,"['IH', 'Z', 'SH']",0,VCC,"['IH', 'Z', 'SH']"
3593,"['EH', 'Z', 'SH']",0,VCC,"['EH', 'Z', 'SH']"
3594,"['UH', 'Z', 'SH']",0,VCC,"['UH', 'R', 'SH']"
3595,"['IY', 'Z', 'SH']",0,VCC,"['IY', 'Z', 'SH']"
3596,"['EY', 'Z', 'SH']",0,VCC,"['EY', 'Z', 'SH']"
3597,"['OW', 'Z', 'SH']",0,VCC,"['OW', 'Z', 'SH']"
3598,"['AE', 'Z', 'SH']",0,VCC,"['AE', 'Z', 'SH']"
3599,"['AW', 'Z', 'SH']",0,VCC,"['AW', 'Z', 'SH']"
3600,"['AH', 'Z', 'ZH']",0,VCC,"['AH', 'Z', 'K']"
3601,"['OY', 'Z', 'ZH']",0,VCC,"['OY', 'Z', 'ZH']"
3602,"['AA', 'Z', 'ZH']",0,VCC,"['AA', 'Z', 'ZH']"
3603,"['AY', 'Z', 'ZH']",0,VCC,"['AY', 'Z', '<EOS>']"
3604,"['ER', 'Z', 'ZH']",0,VCC,"['ER', 'Z', '<EOS>']"
3605,"['AO', 'Z', 'ZH']",0,VCC,"['AO', 'Z', 'K']"
3606,"['UW', 'Z', 'ZH']",0,VCC,"['UW', 'Z', 'K']"
3607,"['IH', 'Z', 'ZH']",0,VCC,"['IH', 'Z', 'K']"
3608,"['EH', 'Z', 'ZH']",0,VCC,"['EH', 'Z', 'ZH']"
3609,"['UH', 'Z', 'ZH']",0,VCC,"['UH', 'ZH', 'IH']"
3610,"['IY', 'Z', 'ZH']",0,VCC,"['IY', 'Z', 'ZH']"
3611,"['EY', 'Z', 'ZH']",0,VCC,"['EY', 'Z', 'EY']"
3612,"['OW', 'Z', 'ZH']",0,VCC,"['OW', 'Z', '<EOS>']"
3613,"['AE', 'Z', 'ZH']",0,VCC,"['AE', 'Z', 'ZH']"
3614,"['AW', 'Z', 'ZH']",0,VCC,"['AW', 'Z', 'ZH']"
3615,"['AH', 'Z', 'V']",0,VCC,"['AH', 'Z', 'V']"
3616,"['OY', 'Z', 'V']",0,VCC,"['OY', 'Z', 'V']"
3617,"['AA', 'Z', 'V']",0,VCC,"['AA', 'Z', 'V']"
3618,"['AY', 'Z', 'V']",0,VCC,"['AY', 'Z', 'V']"
3619,"['ER', 'Z', 'V']",0,VCC,"['ER', 'Z', 'V']"
3620,"['AO', 'Z', 'V']",0,VCC,"['AO', 'Z', 'V']"
3621,"['UW', 'Z', 'V']",0,VCC,"['UW', 'Z', 'V']"
3622,"['IH', 'Z', 'V']",0,VCC,"['IH', 'Z', 'V']"
3623,"['EH', 'Z', 'V']",0,VCC,"['EH', 'Z', 'V']"
3624,"['UH', 'Z', 'V']",0,VCC,"['UH', 'P', 'V']"
3625,"['IY', 'Z', 'V']",0,VCC,"['IY', 'Z', 'V']"
3626,"['EY', 'Z', 'V']",0,VCC,"['EY', 'V', 'Z']"
3627,"['OW', 'Z', 'V']",0,VCC,"['OW', 'Z', 'V']"
3628,"['AE', 'Z', 'V']",0,VCC,"['AE', 'Z', 'V']"
3629,"['AW', 'Z', 'V']",0,VCC,"['AW', 'Z', 'V']"
3630,"['AH', 'Z', 'DH']",0,VCC,"['AH', 'DH', 'Z']"
3631,"['OY', 'Z', 'DH']",0,VCC,"['OY', 'Z', 'DH']"
3632,"['AA', 'Z', 'DH']",0,VCC,"['AA', 'DH', '<EOS>']"
3633,"['AY', 'Z', 'DH']",0,VCC,"['AY', 'Z', 'DH']"
3634,"['ER', 'Z', 'DH']",0,VCC,"['ER', 'DH', 'Z']"
3635,"['AO', 'Z', 'DH']",0,VCC,"['AO', 'DH', 'Z']"
3636,"['UW', 'Z', 'DH']",0,VCC,"['UW', 'DH', 'Z']"
3637,"['IH', 'Z', 'DH']",0,VCC,"['IH', 'DH', 'Z']"
3638,"['EH', 'Z', 'DH']",0,VCC,"['EH', 'DH', '<EOS>']"
3639,"['UH', 'Z', 'DH']",0,VCC,"['UH', 'DH', 'Z']"
3640,"['IY', 'Z', 'DH']",0,VCC,"['IY', 'Z', 'DH']"
3641,"['EY', 'Z', 'DH']",0,VCC,"['EY', 'DH', 'Z']"
3642,"['OW', 'Z', 'DH']",0,VCC,"['OW', 'DH', '<EOS>']"
3643,"['AE', 'Z', 'DH']",0,VCC,"['AE', 'Z', 'DH']"
3644,"['AW', 'Z', 'DH']",0,VCC,"['AW', 'DH', 'Z']"
3645,"['AH', 'Z', 'HH']",0,VCC,"['AH', 'Z', 'HH']"
3646,"['OY', 'Z', 'HH']",0,VCC,"['OY', 'Z', 'HH']"
3647,"['AA', 'Z', 'HH']",0,VCC,"['AA', 'Z', 'HH']"
3648,"['AY', 'Z', 'HH']",0,VCC,"['AY', 'Z', 'HH']"
3649,"['ER', 'Z', 'HH']",0,VCC,"['ER', 'Z', 'HH']"
3650,"['AO', 'Z', 'HH']",0,VCC,"['AO', 'Z', 'HH']"
3651,"['UW', 'Z', 'HH']",0,VCC,"['UW', 'Z', 'HH']"
3652,"['IH', 'Z', 'HH']",0,VCC,"['IH', 'Z', 'HH']"
3653,"['EH', 'Z', 'HH']",0,VCC,"['EH', 'Z', 'HH']"
3654,"['UH', 'Z', 'HH']",0,VCC,"['UH', 'HH', 'Z']"
3655,"['IY', 'Z', 'HH']",0,VCC,"['IY', 'Z', 'HH']"
3656,"['EY', 'Z', 'HH']",0,VCC,"['EY', 'Z', 'HH']"
3657,"['OW', 'Z', 'HH']",0,VCC,"['OW', 'Z', 'HH']"
3658,"['AE', 'Z', 'HH']",0,VCC,"['AE', 'Z', 'HH']"
3659,"['AW', 'Z', 'HH']",0,VCC,"['AW', 'Z', 'HH']"
3660,"['AH', 'Z', 'CH']",-1,VCC,"['AH', 'Z', 'CH']"
3661,"['OY', 'Z', 'CH']",-1,VCC,"['OY', 'Z', 'CH']"
3662,"['AA', 'Z', 'CH']",-1,VCC,"['AA', 'Z', 'CH']"
3663,"['AY', 'Z', 'CH']",-1,VCC,"['AY', 'Z', 'CH']"
3664,"['ER', 'Z', 'CH']",-1,VCC,"['ER', 'Z', 'CH']"
3665,"['AO', 'Z', 'CH']",-1,VCC,"['AO', 'Z', 'CH']"
3666,"['UW', 'Z', 'CH']",-1,VCC,"['UW', 'Z', 'CH']"
3667,"['IH', 'Z', 'CH']",-1,VCC,"['IH', 'Z', 'CH']"
3668,"['EH', 'Z', 'CH']",-1,VCC,"['EH', 'Z', 'CH']"
3669,"['UH', 'Z', 'CH']",-1,VCC,"['IH', 'Z', 'CH']"
3670,"['IY', 'Z', 'CH']",-1,VCC,"['IY', 'Z', 'CH']"
3671,"['EY', 'Z', 'CH']",-1,VCC,"['EY', 'Z', 'CH']"
3672,"['OW', 'Z', 'CH']",-1,VCC,"['OW', 'Z', 'CH']"
3673,"['AE', 'Z', 'CH']",-1,VCC,"['AE', 'Z', 'CH']"
3674,"['AW', 'Z', 'CH']",-1,VCC,"['AW', 'Z', 'CH']"
3675,"['AH', 'Z', 'JH']",-1,VCC,"['AH', 'Z', 'JH']"
3676,"['OY', 'Z', 'JH']",-1,VCC,"['OY', 'Z', 'JH']"
3677,"['AA', 'Z', 'JH']",-1,VCC,"['AA', 'Z', 'JH']"
3678,"['AY', 'Z', 'JH']",-1,VCC,"['AY', 'Z', 'JH']"
3679,"['ER', 'Z', 'JH']",-1,VCC,"['ER', 'Z', 'JH']"
3680,"['AO', 'Z', 'JH']",-1,VCC,"['AO', 'Z', 'JH']"
3681,"['UW', 'Z', 'JH']",-1,VCC,"['UW', 'Z', 'JH']"
3682,"['IH', 'Z', 'JH']",-1,VCC,"['IH', 'Z', 'JH']"
3683,"['EH', 'Z', 'JH']",-1,VCC,"['EH', 'Z', 'JH']"
3684,"['UH', 'Z', 'JH']",-1,VCC,"['UH', 'Z', 'JH']"
3685,"['IY', 'Z', 'JH']",-1,VCC,"['IY', 'Z', 'JH']"
3686,"['EY', 'Z', 'JH']",-1,VCC,"['EY', 'Z', 'JH']"
3687,"['OW', 'Z', 'JH']",-1,VCC,"['OW', 'Z', 'JH']"
3688,"['AE', 'Z', 'JH']",-1,VCC,"['AE', 'Z', 'JH']"
3689,"['AW', 'Z', 'JH']",-1,VCC,"['AW', 'Z', 'JH']"
3690,"['AH', 'Z', 'M']",-2,VCC,"['AH', 'Z', 'M']"
3691,"['OY', 'Z', 'M']",-2,VCC,"['OY', 'Z', 'M']"
3692,"['AA', 'Z', 'M']",-2,VCC,"['AA', 'Z', 'M']"
3693,"['AY', 'Z', 'M']",-2,VCC,"['AY', 'Z', 'M']"
3694,"['ER', 'Z', 'M']",-2,VCC,"['ER', 'Z', 'M']"
3695,"['AO', 'Z', 'M']",-2,VCC,"['AO', 'Z', 'M']"
3696,"['UW', 'Z', 'M']",-2,VCC,"['UW', 'Z', 'M']"
3697,"['IH', 'Z', 'M']",-2,VCC,"['IH', 'Z', 'M']"
3698,"['EH', 'Z', 'M']",-2,VCC,"['EH', 'Z', 'M']"
3699,"['UH', 'Z', 'M']",-2,VCC,"['UH', 'R', 'M']"
3700,"['IY', 'Z', 'M']",-2,VCC,"['IY', 'Z', 'M']"
3701,"['EY', 'Z', 'M']",-2,VCC,"['EY', 'Z', 'M']"
3702,"['OW', 'Z', 'M']",-2,VCC,"['OW', 'Z', 'M']"
3703,"['AE', 'Z', 'M']",-2,VCC,"['AE', 'Z', 'M']"
3704,"['AW', 'Z', 'M']",-2,VCC,"['AW', 'Z', 'M']"
3705,"['AH', 'Z', 'N']",-2,VCC,"['AH', 'Z', 'N']"
3706,"['OY', 'Z', 'N']",-2,VCC,"['OY', 'Z', 'N']"
3707,"['AA', 'Z', 'N']",-2,VCC,"['Z', 'AA', 'N']"
3708,"['AY', 'Z', 'N']",-2,VCC,"['AY', 'Z', 'L']"
3709,"['ER', 'Z', 'N']",-2,VCC,"['ER', 'Z', 'N']"
3710,"['AO', 'Z', 'N']",-2,VCC,"['AO', 'Z', 'N']"
3711,"['UW', 'Z', 'N']",-2,VCC,"['UW', 'Z', 'N']"
3712,"['IH', 'Z', 'N']",-2,VCC,"['IH', 'Z', 'N']"
3713,"['EH', 'Z', 'N']",-2,VCC,"['EH', 'Z', 'N']"
3714,"['UH', 'Z', 'N']",-2,VCC,"['Z', 'UH', 'N']"
3715,"['IY', 'Z', 'N']",-2,VCC,"['IY', 'Z', 'N']"
3716,"['EY', 'Z', 'N']",-2,VCC,"['EY', 'Z', 'N']"
3717,"['OW', 'Z', 'N']",-2,VCC,"['OW', 'Z', 'N']"
3718,"['AE', 'Z', 'N']",-2,VCC,"['AE', 'Z', 'N']"
3719,"['AW', 'Z', 'N']",-2,VCC,"['AW', 'Z', 'N']"
3720,"['AH', 'Z', 'NG']",-2,VCC,"['IH', 'Z', '<EOS>']"
3721,"['OY', 'Z', 'NG']",-2,VCC,"['OY', 'NG', 'Z']"
3722,"['AA', 'Z', 'NG']",-2,VCC,"['AA', 'NG', 'Z']"
3723,"['AY', 'Z', 'NG']",-2,VCC,"['AY', 'NG', 'Z']"
3724,"['ER', 'Z', 'NG']",-2,VCC,"['ER', 'NG', 'Z']"
3725,"['AO', 'Z', 'NG']",-2,VCC,"['AO', 'NG', 'Z']"
3726,"['UW', 'Z', 'NG']",-2,VCC,"['UW', 'Z', '<EOS>']"
3727,"['IH', 'Z', 'NG']",-2,VCC,"['IH', 'NG', 'Z']"
3728,"['EH', 'Z', 'NG']",-2,VCC,"['EH', 'NG', 'Z']"
3729,"['UH', 'Z', 'NG']",-2,VCC,"['UH', 'NG', 'NG']"
3730,"['IY', 'Z', 'NG']",-2,VCC,"['IY', 'Z', 'NG']"
3731,"['EY', 'Z', 'NG']",-2,VCC,"['EY', 'NG', 'Z']"
3732,"['OW', 'Z', 'NG']",-2,VCC,"['OW', 'NG', 'Z']"
3733,"['AE', 'Z', 'NG']",-2,VCC,"['AE', 'NG', 'Z']"
3734,"['AW', 'Z', 'NG']",-2,VCC,"['AW', 'Z', '<EOS>']"
3735,"['AH', 'Z', 'L']",-3,VCC,"['AH', 'Z', 'L']"
3736,"['OY', 'Z', 'L']",-3,VCC,"['OY', 'Z', 'L']"
3737,"['AA', 'Z', 'L']",-3,VCC,"['AA', 'Z', 'L']"
3738,"['AY', 'Z', 'L']",-3,VCC,"['AY', 'Z', 'L']"
3739,"['ER', 'Z', 'L']",-3,VCC,"['ER', 'Z', 'L']"
3740,"['AO', 'Z', 'L']",-3,VCC,"['AO', 'Z', 'L']"
3741,"['UW', 'Z', 'L']",-3,VCC,"['UW', 'Z', 'L']"
3742,"['IH', 'Z', 'L']",-3,VCC,"['IH', 'Z', 'L']"
3743,"['EH', 'Z', 'L']",-3,VCC,"['EH', 'Z', 'L']"
3744,"['UH', 'Z', 'L']",-3,VCC,"['IH', 'Z', 'L']"
3745,"['IY', 'Z', 'L']",-3,VCC,"['IY', 'Z', 'L']"
3746,"['EY', 'Z', 'L']",-3,VCC,"['EY', 'Z', 'L']"
3747,"['OW', 'Z', 'L']",-3,VCC,"['OW', 'Z', 'L']"
3748,"['AE', 'Z', 'L']",-3,VCC,"['AE', 'Z', 'L']"
3749,"['AW', 'Z', 'L']",-3,VCC,"['AW', 'Z', 'L']"
3750,"['AH', 'Z', 'R']",-3,VCC,"['AH', 'Z', 'R']"
3751,"['OY', 'Z', 'R']",-3,VCC,"['OY', 'Z', 'R']"
3752,"['AA', 'Z', 'R']",-3,VCC,"['AA', 'R', 'P']"
3753,"['AY', 'Z', 'R']",-3,VCC,"['AY', 'Z', 'R']"
3754,"['ER', 'Z', 'R']",-3,VCC,"['ER', 'Z', 'R']"
3755,"['AO', 'Z', 'R']",-3,VCC,"['AO', 'R', 'Z']"
3756,"['UW', 'Z', 'R']",-3,VCC,"['UW', 'Z', 'R']"
3757,"['IH', 'Z', 'R']",-3,VCC,"['IH', 'Z', 'R']"
3758,"['EH', 'Z', 'R']",-3,VCC,"['EH', 'R', 'Z']"
3759,"['UH', 'Z', 'R']",-3,VCC,"['UH', 'R', 'Z']"
3760,"['IY', 'Z', 'R']",-3,VCC,"['IY', 'Z', 'R']"
3761,"['EY', 'Z', 'R']",-3,VCC,"['EY', 'Z', 'R']"
3762,"['OW', 'Z', 'R']",-3,VCC,"['OW', 'Z', 'R']"
3763,"['AE', 'Z', 'R']",-3,VCC,"['AE', 'Z', 'R']"
3764,"['AW', 'Z', 'R']",-3,VCC,"['AW', 'Z', 'R']"
3765,"['AH', 'Z', 'W']",-4,VCC,"['AH', 'Z', 'W']"
3766,"['OY', 'Z', 'W']",-4,VCC,"['OY', 'Z', 'W']"
3767,"['AA', 'Z', 'W']",-4,VCC,"['AA', 'Z', 'W']"
3768,"['AY', 'Z', 'W']",-4,VCC,"['AY', 'Z', 'W']"
3769,"['ER', 'Z', 'W']",-4,VCC,"['ER', 'Z', 'W']"
3770,"['AO', 'Z', 'W']",-4,VCC,"['AO', 'Z', 'W']"
3771,"['UW', 'Z', 'W']",-4,VCC,"['Z', 'UW', 'W']"
3772,"['IH', 'Z', 'W']",-4,VCC,"['IH', 'Z', 'W']"
3773,"['EH', 'Z', 'W']",-4,VCC,"['EH', 'Z', 'W']"
3774,"['UH', 'Z', 'W']",-4,VCC,"['UH', 'W', 'Z']"
3775,"['IY', 'Z', 'W']",-4,VCC,"['IY', 'Z', 'W']"
3776,"['EY', 'Z', 'W']",-4,VCC,"['EY', 'Z', 'W']"
3777,"['OW', 'Z', 'W']",-4,VCC,"['OW', 'Z', 'W']"
3778,"['AE', 'Z', 'W']",-4,VCC,"['AE', 'Z', 'W']"
3779,"['AW', 'Z', 'W']",-4,VCC,"['AW', 'Z', 'W']"
3780,"['AH', 'Z', 'Y']",-4,VCC,"['IH', 'Z', 'AH']"
3781,"['OY', 'Z', 'Y']",-4,VCC,"['OY', 'Z', 'Y']"
3782,"['AA', 'Z', 'Y']",-4,VCC,"['AA', 'Z', 'Y']"
3783,"['AY', 'Z', 'Y']",-4,VCC,"['AY', 'Z', 'Y']"
3784,"['ER', 'Z', 'Y']",-4,VCC,"['ER', 'Z', 'Y']"
3785,"['AO', 'Z', 'Y']",-4,VCC,"['AO', 'Z', 'Y']"
3786,"['UW', 'Z', 'Y']",-4,VCC,"['UW', 'Z', 'Y']"
3787,"['IH', 'Z', 'Y']",-4,VCC,"['IH', 'Z', 'Y']"
3788,"['EH', 'Z', 'Y']",-4,VCC,"['EH', 'Z', 'Y']"
3789,"['UH', 'Z', 'Y']",-4,VCC,"['UH', 'P', 'Y']"
3790,"['IY', 'Z', 'Y']",-4,VCC,"['IY', 'Z', 'Y']"
3791,"['EY', 'Z', 'Y']",-4,VCC,"['EY', 'Z', 'Y']"
3792,"['OW', 'Z', 'Y']",-4,VCC,"['OW', 'Z', 'Y']"
3793,"['AE', 'Z', 'Y']",-4,VCC,"['AE', 'Z', 'Y']"
3794,"['AW', 'Z', 'Y']",-4,VCC,"['AW', 'Z', 'Y']"
3795,"['AH', 'ZH', 'P']",1,VCC,"['AH', 'ZH', 'P']"
3796,"['OY', 'ZH', 'P']",1,VCC,"['OY', 'ZH', 'P']"
3797,"['AA', 'ZH', 'P']",1,VCC,"['AA', 'ZH', 'P']"
3798,"['AY', 'ZH', 'P']",1,VCC,"['AY', 'ZH', 'P']"
3799,"['ER', 'ZH', 'P']",1,VCC,"['ER', 'ZH', 'P']"
3800,"['AO', 'ZH', 'P']",1,VCC,"['AO', 'ZH', 'P']"
3801,"['UW', 'ZH', 'P']",1,VCC,"['AY', 'AE', 'P']"
3802,"['IH', 'ZH', 'P']",1,VCC,"['IH', 'ZH', 'P']"
3803,"['EH', 'ZH', 'P']",1,VCC,"['EH', 'ZH', 'P']"
3804,"['UH', 'ZH', 'P']",1,VCC,"['UH', 'ZH', 'P']"
3805,"['IY', 'ZH', 'P']",1,VCC,"['IY', 'ZH', 'P']"
3806,"['EY', 'ZH', 'P']",1,VCC,"['EY', 'ZH', 'P']"
3807,"['OW', 'ZH', 'P']",1,VCC,"['OW', 'ZH', 'P']"
3808,"['AE', 'ZH', 'P']",1,VCC,"['AE', 'ZH', 'P']"
3809,"['AW', 'ZH', 'P']",1,VCC,"['AW', 'ZH', 'P']"
3810,"['AH', 'ZH', 'T']",1,VCC,"['AH', 'ZH', 'T']"
3811,"['OY', 'ZH', 'T']",1,VCC,"['OY', 'ZH', 'T']"
3812,"['AA', 'ZH', 'T']",1,VCC,"['AA', 'ZH', 'T']"
3813,"['AY', 'ZH', 'T']",1,VCC,"['AY', 'ZH', 'T']"
3814,"['ER', 'ZH', 'T']",1,VCC,"['ER', 'ZH', 'ER']"
3815,"['AO', 'ZH', 'T']",1,VCC,"['AO', 'ZH', 'T']"
3816,"['UW', 'ZH', 'T']",1,VCC,"['UW', 'ZH', 'T']"
3817,"['IH', 'ZH', 'T']",1,VCC,"['IH', 'ZH', 'P']"
3818,"['EH', 'ZH', 'T']",1,VCC,"['EH', 'ZH', 'T']"
3819,"['UH', 'ZH', 'T']",1,VCC,"['ZH', 'UH', 'T']"
3820,"['IY', 'ZH', 'T']",1,VCC,"['IY', 'ZH', 'ZH']"
3821,"['EY', 'ZH', 'T']",1,VCC,"['EY', 'ZH', 'T']"
3822,"['OW', 'ZH', 'T']",1,VCC,"['OW', 'ZH', 'ER']"
3823,"['AE', 'ZH', 'T']",1,VCC,"['AE', 'ZH', 'T']"
3824,"['AW', 'ZH', 'T']",1,VCC,"['AW', 'ZH', 'T']"
3825,"['AH', 'ZH', 'K']",1,VCC,"['AH', 'ZH', 'K']"
3826,"['OY', 'ZH', 'K']",1,VCC,"['OY', 'ZH', 'K']"
3827,"['AA', 'ZH', 'K']",1,VCC,"['AA', 'ZH', 'K']"
3828,"['AY', 'ZH', 'K']",1,VCC,"['AY', 'ZH', 'K']"
3829,"['ER', 'ZH', 'K']",1,VCC,"['ER', 'ZH', 'K']"
3830,"['AO', 'ZH', 'K']",1,VCC,"['AO', 'ZH', 'K']"
3831,"['UW', 'ZH', 'K']",1,VCC,"['UW', 'ZH', 'K']"
3832,"['IH', 'ZH', 'K']",1,VCC,"['IH', 'ZH', 'K']"
3833,"['EH', 'ZH', 'K']",1,VCC,"['EH', 'ZH', 'K']"
3834,"['UH', 'ZH', 'K']",1,VCC,"['UH', 'ZH', 'K']"
3835,"['IY', 'ZH', 'K']",1,VCC,"['IY', 'ZH', 'K']"
3836,"['EY', 'ZH', 'K']",1,VCC,"['EY', 'ZH', 'K']"
3837,"['OW', 'ZH', 'K']",1,VCC,"['OW', 'ZH', 'K']"
3838,"['AE', 'ZH', 'K']",1,VCC,"['AE', 'ZH', 'K']"
3839,"['AW', 'ZH', 'K']",1,VCC,"['AW', 'ZH', 'K']"
3840,"['AH', 'ZH', 'B']",1,VCC,"['AH', 'ZH', 'B']"
3841,"['OY', 'ZH', 'B']",1,VCC,"['OY', 'ZH', 'B']"
3842,"['AA', 'ZH', 'B']",1,VCC,"['AA', 'ZH', 'B']"
3843,"['AY', 'ZH', 'B']",1,VCC,"['AY', 'ZH', 'B']"
3844,"['ER', 'ZH', 'B']",1,VCC,"['ER', 'ZH', 'B']"
3845,"['AO', 'ZH', 'B']",1,VCC,"['AE', 'B', 'M']"
3846,"['UW', 'ZH', 'B']",1,VCC,"['UW', 'ZH', 'B']"
3847,"['IH', 'ZH', 'B']",1,VCC,"['IH', 'ZH', 'B']"
3848,"['EH', 'ZH', 'B']",1,VCC,"['EH', 'ZH', 'B']"
3849,"['UH', 'ZH', 'B']",1,VCC,"['UH', 'ZH', 'B']"
3850,"['IY', 'ZH', 'B']",1,VCC,"['IY', 'ZH', 'B']"
3851,"['EY', 'ZH', 'B']",1,VCC,"['EY', 'ZH', 'B']"
3852,"['OW', 'ZH', 'B']",1,VCC,"['OW', 'ZH', 'B']"
3853,"['AE', 'ZH', 'B']",1,VCC,"['AE', 'ZH', 'B']"
3854,"['AW', 'ZH', 'B']",1,VCC,"['AW', 'ZH', 'B']"
3855,"['AH', 'ZH', 'D']",1,VCC,"['AH', 'ZH', 'D']"
3856,"['OY', 'ZH', 'D']",1,VCC,"['OY', 'ZH', 'L']"
3857,"['AA', 'ZH', 'D']",1,VCC,"['AA', 'ZH', 'D']"
3858,"['AY', 'ZH', 'D']",1,VCC,"['AY', 'ZH', 'D']"
3859,"['ER', 'ZH', 'D']",1,VCC,"['ER', 'ZH', 'D']"
3860,"['AO', 'ZH', 'D']",1,VCC,"['AO', 'ZH', 'D']"
3861,"['UW', 'ZH', 'D']",1,VCC,"['UW', 'ZH', 'D']"
3862,"['IH', 'ZH', 'D']",1,VCC,"['IH', 'ZH', 'D']"
3863,"['EH', 'ZH', 'D']",1,VCC,"['EH', 'ZH', 'D']"
3864,"['UH', 'ZH', 'D']",1,VCC,"['UH', 'ZH', 'D']"
3865,"['IY', 'ZH', 'D']",1,VCC,"['IY', 'ZH', 'D']"
3866,"['EY', 'ZH', 'D']",1,VCC,"['EY', 'ZH', 'D']"
3867,"['OW', 'ZH', 'D']",1,VCC,"['OW', 'ZH', 'D']"
3868,"['AE', 'ZH', 'D']",1,VCC,"['AE', 'ZH', 'L']"
3869,"['AW', 'ZH', 'D']",1,VCC,"['AW', 'ZH', 'D']"
3870,"['AH', 'ZH', 'G']",1,VCC,"['AH', 'G', 'ZH']"
3871,"['OY', 'ZH', 'G']",1,VCC,"['OY', 'N', 'G']"
3872,"['AA', 'ZH', 'G']",1,VCC,"['AA', 'G', 'ZH']"
3873,"['AY', 'ZH', 'G']",1,VCC,"['AY', 'G', '<EOS>']"
3874,"['ER', 'ZH', 'G']",1,VCC,"['ER', 'G', 'ZH']"
3875,"['AO', 'ZH', 'G']",1,VCC,"['AO', 'G', 'ZH']"
3876,"['UW', 'ZH', 'G']",1,VCC,"['AE', 'M', 'ZH']"
3877,"['IH', 'ZH', 'G']",1,VCC,"['IH', 'G', 'ZH']"
3878,"['EH', 'ZH', 'G']",1,VCC,"['EH', 'G', 'ZH']"
3879,"['UH', 'ZH', 'G']",1,VCC,"['UH', 'G', 'ZH']"
3880,"['IY', 'ZH', 'G']",1,VCC,"['AY', 'D', 'G']"
3881,"['EY', 'ZH', 'G']",1,VCC,"['EY', 'G', 'L']"
3882,"['OW', 'ZH', 'G']",1,VCC,"['OW', 'ZH', 'G']"
3883,"['AE', 'ZH', 'G']",1,VCC,"['AE', 'ZH', 'G']"
3884,"['AW', 'ZH', 'G']",1,VCC,"['AW', 'G', 'ZH']"
3885,"['AH', 'ZH', 'F']",0,VCC,"['AH', 'F', 'ZH']"
3886,"['OY', 'ZH', 'F']",0,VCC,"['OY', 'ZH', 'F']"
3887,"['AA', 'ZH', 'F']",0,VCC,"['AA', 'ZH', 'F']"
3888,"['AY', 'ZH', 'F']",0,VCC,"['AY', 'F', 'ZH']"
3889,"['ER', 'ZH', 'F']",0,VCC,"['ER', 'ZH', 'F']"
3890,"['AO', 'ZH', 'F']",0,VCC,"['AO', 'ZH', 'F']"
3891,"['UW', 'ZH', 'F']",0,VCC,"['UW', 'ZH', 'F']"
3892,"['IH', 'ZH', 'F']",0,VCC,"['IH', 'F', 'ZH']"
3893,"['EH', 'ZH', 'F']",0,VCC,"['EH', 'ZH', 'F']"
3894,"['UH', 'ZH', 'F']",0,VCC,"['UH', 'ZH', 'F']"
3895,"['IY', 'ZH', 'F']",0,VCC,"['IY', 'ZH', 'F']"
3896,"['EY', 'ZH', 'F']",0,VCC,"['EY', 'ZH', 'F']"
3897,"['OW', 'ZH', 'F']",0,VCC,"['OW', 'ZH', 'F']"
3898,"['AE', 'ZH', 'F']",0,VCC,"['AE', 'ZH', 'F']"
3899,"['AW', 'ZH', 'F']",0,VCC,"['AW', 'ZH', 'F']"
3900,"['AH', 'ZH', 'TH']",0,VCC,"['AH', 'TH', 'ZH']"
3901,"['OY', 'ZH', 'TH']",0,VCC,"['OY', 'ZH', 'TH']"
3902,"['AA', 'ZH', 'TH']",0,VCC,"['AA', 'ZH', 'TH']"
3903,"['AY', 'ZH', 'TH']",0,VCC,"['AY', 'ZH', 'TH']"
3904,"['ER', 'ZH', 'TH']",0,VCC,"['ER', 'ZH', 'TH']"
3905,"['AO', 'ZH', 'TH']",0,VCC,"['AO', 'ZH', 'TH']"
3906,"['UW', 'ZH', 'TH']",0,VCC,"['UW', 'ZH', 'TH']"
3907,"['IH', 'ZH', 'TH']",0,VCC,"['IH', 'TH', '<EOS>']"
3908,"['EH', 'ZH', 'TH']",0,VCC,"['EH', 'ZH', 'TH']"
3909,"['UH', 'ZH', 'TH']",0,VCC,"['UH', 'ZH', 'TH']"
3910,"['IY', 'ZH', 'TH']",0,VCC,"['IY', 'ZH', 'TH']"
3911,"['EY', 'ZH', 'TH']",0,VCC,"['EY', 'ZH', 'TH']"
3912,"['OW', 'ZH', 'TH']",0,VCC,"['OW', 'ZH', 'TH']"
3913,"['AE', 'ZH', 'TH']",0,VCC,"['AE', 'ZH', 'TH']"
3914,"['AW', 'ZH', 'TH']",0,VCC,"['AW', 'ZH', 'TH']"
3915,"['AH', 'ZH', 'S']",0,VCC,"['AH', 'S', 'F']"
3916,"['OY', 'ZH', 'S']",0,VCC,"['OY', 'ZH', 'S']"
3917,"['AA', 'ZH', 'S']",0,VCC,"['AA', 'ZH', 'S']"
3918,"['AY', 'ZH', 'S']",0,VCC,"['AY', 'S', '<EOS>']"
3919,"['ER', 'ZH', 'S']",0,VCC,"['ER', 'ZH', 'S']"
3920,"['AO', 'ZH', 'S']",0,VCC,"['AO', 'S', 'ZH']"
3921,"['UW', 'ZH', 'S']",0,VCC,"['UW', 'ZH', 'S']"
3922,"['IH', 'ZH', 'S']",0,VCC,"['IH', 'S', 'ZH']"
3923,"['EH', 'ZH', 'S']",0,VCC,"['EH', 'ZH', 'S']"
3924,"['UH', 'ZH', 'S']",0,VCC,"['UH', 'ZH', 'S']"
3925,"['IY', 'ZH', 'S']",0,VCC,"['IY', 'ZH', 'S']"
3926,"['EY', 'ZH', 'S']",0,VCC,"['EY', 'ZH', 'S']"
3927,"['OW', 'ZH', 'S']",0,VCC,"['OW', 'ZH', 'S']"
3928,"['AE', 'ZH', 'S']",0,VCC,"['AE', 'ZH', 'S']"
3929,"['AW', 'ZH', 'S']",0,VCC,"['AW', 'ZH', 'S']"
3930,"['AH', 'ZH', 'SH']",0,VCC,"['AH', 'SH', 'ZH']"
3931,"['OY', 'ZH', 'SH']",0,VCC,"['OY', 'ZH', 'SH']"
3932,"['AA', 'ZH', 'SH']",0,VCC,"['AA', 'SH', 'ZH']"
3933,"['AY', 'ZH', 'SH']",0,VCC,"['AY', 'SH', 'ZH']"
3934,"['ER', 'ZH', 'SH']",0,VCC,"['ER', 'SH', 'UW']"
3935,"['AO', 'ZH', 'SH']",0,VCC,"['AO', 'SH', 'ZH']"
3936,"['UW', 'ZH', 'SH']",0,VCC,"['AE', 'SH', 'ZH']"
3937,"['IH', 'ZH', 'SH']",0,VCC,"['IH', 'SH', 'ZH']"
3938,"['EH', 'ZH', 'SH']",0,VCC,"['EH', 'ZH', 'SH']"
3939,"['UH', 'ZH', 'SH']",0,VCC,"['UH', 'ZH', 'SH']"
3940,"['IY', 'ZH', 'SH']",0,VCC,"['SH', 'ZH', 'ER']"
3941,"['EY', 'ZH', 'SH']",0,VCC,"['EY', 'SH', 'ZH']"
3942,"['OW', 'ZH', 'SH']",0,VCC,"['OW', 'ZH', 'SH']"
3943,"['AE', 'ZH', 'SH']",0,VCC,"['AE', 'ZH', 'SH']"
3944,"['AW', 'ZH', 'SH']",0,VCC,"['AW', 'ZH', 'SH']"
3945,"['AH', 'ZH', 'Z']",0,VCC,"['AH', 'ZH', 'Z']"
3946,"['OY', 'ZH', 'Z']",0,VCC,"['OY', 'ZH', 'P']"
3947,"['AA', 'ZH', 'Z']",0,VCC,"['AA', 'ZH', 'ER']"
3948,"['AY', 'ZH', 'Z']",0,VCC,"['AY', 'ZH', 'Z']"
3949,"['ER', 'ZH', 'Z']",0,VCC,"['ER', 'ZH', 'Z']"
3950,"['AO', 'ZH', 'Z']",0,VCC,"['AO', 'ZH', 'Z']"
3951,"['UW', 'ZH', 'Z']",0,VCC,"['UW', 'ZH', 'Z']"
3952,"['IH', 'ZH', 'Z']",0,VCC,"['IH', 'ZH', 'Z']"
3953,"['EH', 'ZH', 'Z']",0,VCC,"['EH', 'ZH', 'Z']"
3954,"['UH', 'ZH', 'Z']",0,VCC,"['UH', 'ZH', 'ER']"
3955,"['IY', 'ZH', 'Z']",0,VCC,"['IY', 'ZH', 'Z']"
3956,"['EY', 'ZH', 'Z']",0,VCC,"['EY', 'ZH', 'Z']"
3957,"['OW', 'ZH', 'Z']",0,VCC,"['OW', 'ZH', 'Z']"
3958,"['AE', 'ZH', 'Z']",0,VCC,"['AE', 'ZH', 'Z']"
3959,"['AW', 'ZH', 'Z']",0,VCC,"['AW', 'ZH', 'Z']"
3960,"['AH', 'ZH', 'V']",0,VCC,"['AH', 'ZH', 'V']"
3961,"['OY', 'ZH', 'V']",0,VCC,"['OY', 'ZH', 'V']"
3962,"['AA', 'ZH', 'V']",0,VCC,"['AA', 'ZH', 'V']"
3963,"['AY', 'ZH', 'V']",0,VCC,"['AY', 'ZH', 'V']"
3964,"['ER', 'ZH', 'V']",0,VCC,"['ER', 'ZH', 'V']"
3965,"['AO', 'ZH', 'V']",0,VCC,"['AO', 'ZH', 'V']"
3966,"['UW', 'ZH', 'V']",0,VCC,"['UW', 'ZH', 'V']"
3967,"['IH', 'ZH', 'V']",0,VCC,"['IH', 'ZH', 'V']"
3968,"['EH', 'ZH', 'V']",0,VCC,"['EH', 'ZH', 'V']"
3969,"['UH', 'ZH', 'V']",0,VCC,"['UH', 'ZH', 'V']"
3970,"['IY', 'ZH', 'V']",0,VCC,"['AE', 'SH', 'V']"
3971,"['EY', 'ZH', 'V']",0,VCC,"['EY', 'ZH', 'V']"
3972,"['OW', 'ZH', 'V']",0,VCC,"['OW', 'ZH', 'V']"
3973,"['AE', 'ZH', 'V']",0,VCC,"['AE', 'ZH', 'V']"
3974,"['AW', 'ZH', 'V']",0,VCC,"['AW', 'ZH', 'V']"
3975,"['AH', 'ZH', 'DH']",0,VCC,"['AH', 'DH', 'ZH']"
3976,"['OY', 'ZH', 'DH']",0,VCC,"['OY', 'ZH', 'DH']"
3977,"['AA', 'ZH', 'DH']",0,VCC,"['AA', 'DH', 'ZH']"
3978,"['AY', 'ZH', 'DH']",0,VCC,"['AY', 'DH', '<EOS>']"
3979,"['ER', 'ZH', 'DH']",0,VCC,"['ER', 'DH', 'OW']"
3980,"['AO', 'ZH', 'DH']",0,VCC,"['AO', 'DH', 'ZH']"
3981,"['UW', 'ZH', 'DH']",0,VCC,"['AY', 'DH', '<EOS>']"
3982,"['IH', 'ZH', 'DH']",0,VCC,"['IH', 'DH', 'ZH']"
3983,"['EH', 'ZH', 'DH']",0,VCC,"['EH', 'ZH', 'DH']"
3984,"['UH', 'ZH', 'DH']",0,VCC,"['UH', 'ZH', 'DH']"
3985,"['IY', 'ZH', 'DH']",0,VCC,"['IY', 'ZH', 'DH']"
3986,"['EY', 'ZH', 'DH']",0,VCC,"['EY', 'ZH', 'DH']"
3987,"['OW', 'ZH', 'DH']",0,VCC,"['OW', 'DH', 'ZH']"
3988,"['AE', 'ZH', 'DH']",0,VCC,"['AE', 'ZH', 'DH']"
3989,"['AW', 'ZH', 'DH']",0,VCC,"['AW', 'DH', 'ZH']"
3990,"['AH', 'ZH', 'HH']",0,VCC,"['AH', 'ZH', 'HH']"
3991,"['OY', 'ZH', 'HH']",0,VCC,"['OY', 'ZH', 'HH']"
3992,"['AA', 'ZH', 'HH']",0,VCC,"['AA', 'ZH', 'HH']"
3993,"['AY', 'ZH', 'HH']",0,VCC,"['AY', 'ZH', 'HH']"
3994,"['ER', 'ZH', 'HH']",0,VCC,"['ER', 'ZH', 'HH']"
3995,"['AO', 'ZH', 'HH']",0,VCC,"['AO', 'ZH', 'HH']"
3996,"['UW', 'ZH', 'HH']",0,VCC,"['UW', 'ZH', 'HH']"
3997,"['IH', 'ZH', 'HH']",0,VCC,"['IH', 'ZH', 'HH']"
3998,"['EH', 'ZH', 'HH']",0,VCC,"['EH', 'ZH', 'HH']"
3999,"['UH', 'ZH', 'HH']",0,VCC,"['UH', 'ZH', 'HH']"
4000,"['IY', 'ZH', 'HH']",0,VCC,"['IY', 'ZH', 'HH']"
4001,"['EY', 'ZH', 'HH']",0,VCC,"['EY', 'ZH', 'HH']"
4002,"['OW', 'ZH', 'HH']",0,VCC,"['OW', 'ZH', 'HH']"
4003,"['AE', 'ZH', 'HH']",0,VCC,"['AE', 'ZH', 'HH']"
4004,"['AW', 'ZH', 'HH']",0,VCC,"['AW', 'ZH', 'HH']"
4005,"['AH', 'ZH', 'CH']",-1,VCC,"['AH', 'ZH', 'CH']"
4006,"['OY', 'ZH', 'CH']",-1,VCC,"['OY', 'ZH', 'CH']"
4007,"['AA', 'ZH', 'CH']",-1,VCC,"['AA', 'ZH', 'CH']"
4008,"['AY', 'ZH', 'CH']",-1,VCC,"['AY', 'ZH', 'CH']"
4009,"['ER', 'ZH', 'CH']",-1,VCC,"['ER', 'ZH', 'CH']"
4010,"['AO', 'ZH', 'CH']",-1,VCC,"['AO', 'ZH', 'CH']"
4011,"['UW', 'ZH', 'CH']",-1,VCC,"['UW', 'ZH', 'CH']"
4012,"['IH', 'ZH', 'CH']",-1,VCC,"['IH', 'ZH', 'CH']"
4013,"['EH', 'ZH', 'CH']",-1,VCC,"['EH', 'ZH', 'CH']"
4014,"['UH', 'ZH', 'CH']",-1,VCC,"['ZH', 'UH', 'CH']"
4015,"['IY', 'ZH', 'CH']",-1,VCC,"['IY', 'ZH', 'CH']"
4016,"['EY', 'ZH', 'CH']",-1,VCC,"['EY', 'ZH', 'CH']"
4017,"['OW', 'ZH', 'CH']",-1,VCC,"['OW', 'ZH', 'CH']"
4018,"['AE', 'ZH', 'CH']",-1,VCC,"['AE', 'ZH', 'CH']"
4019,"['AW', 'ZH', 'CH']",-1,VCC,"['AW', 'ZH', 'CH']"
4020,"['AH', 'ZH', 'JH']",-1,VCC,"['AH', 'ZH', 'JH']"
4021,"['OY', 'ZH', 'JH']",-1,VCC,"['OY', 'ZH', 'JH']"
4022,"['AA', 'ZH', 'JH']",-1,VCC,"['AA', 'ZH', 'JH']"
4023,"['AY', 'ZH', 'JH']",-1,VCC,"['AY', 'ZH', 'JH']"
4024,"['ER', 'ZH', 'JH']",-1,VCC,"['ER', 'ZH', 'JH']"
4025,"['AO', 'ZH', 'JH']",-1,VCC,"['AO', 'ZH', 'JH']"
4026,"['UW', 'ZH', 'JH']",-1,VCC,"['AE', 'ZH', 'P']"
4027,"['IH', 'ZH', 'JH']",-1,VCC,"['IH', 'ZH', 'JH']"
4028,"['EH', 'ZH', 'JH']",-1,VCC,"['EH', 'ZH', 'JH']"
4029,"['UH', 'ZH', 'JH']",-1,VCC,"['UH', 'ZH', 'JH']"
4030,"['IY', 'ZH', 'JH']",-1,VCC,"['IY', 'ZH', 'JH']"
4031,"['EY', 'ZH', 'JH']",-1,VCC,"['EY', 'ZH', 'JH']"
4032,"['OW', 'ZH', 'JH']",-1,VCC,"['OW', 'ZH', 'JH']"
4033,"['AE', 'ZH', 'JH']",-1,VCC,"['AE', 'ZH', 'JH']"
4034,"['AW', 'ZH', 'JH']",-1,VCC,"['AW', 'ZH', 'JH']"
4035,"['AH', 'ZH', 'M']",-2,VCC,"['AH', 'M', 'ZH']"
4036,"['OY', 'ZH', 'M']",-2,VCC,"['OY', 'ZH', 'M']"
4037,"['AA', 'ZH', 'M']",-2,VCC,"['AA', 'ZH', 'M']"
4038,"['AY', 'ZH', 'M']",-2,VCC,"['AY', 'ZH', 'M']"
4039,"['ER', 'ZH', 'M']",-2,VCC,"['ER', 'ZH', 'M']"
4040,"['AO', 'ZH', 'M']",-2,VCC,"['AE', 'M', 'B']"
4041,"['UW', 'ZH', 'M']",-2,VCC,"['UW', 'ZH', 'M']"
4042,"['IH', 'ZH', 'M']",-2,VCC,"['IH', 'M', 'ZH']"
4043,"['EH', 'ZH', 'M']",-2,VCC,"['EH', 'ZH', 'M']"
4044,"['UH', 'ZH', 'M']",-2,VCC,"['UH', 'ZH', 'M']"
4045,"['IY', 'ZH', 'M']",-2,VCC,"['IY', 'ZH', 'M']"
4046,"['EY', 'ZH', 'M']",-2,VCC,"['EY', 'ZH', 'M']"
4047,"['OW', 'ZH', 'M']",-2,VCC,"['OW', 'ZH', 'M']"
4048,"['AE', 'ZH', 'M']",-2,VCC,"['AE', 'ZH', 'M']"
4049,"['AW', 'ZH', 'M']",-2,VCC,"['AW', 'ZH', 'M']"
4050,"['AH', 'ZH', 'N']",-2,VCC,"['AH', 'ZH', 'N']"
4051,"['OY', 'ZH', 'N']",-2,VCC,"['OY', 'ZH', 'N']"
4052,"['AA', 'ZH', 'N']",-2,VCC,"['AA', 'ZH', 'N']"
4053,"['AY', 'ZH', 'N']",-2,VCC,"['AY', 'ZH', 'N']"
4054,"['ER', 'ZH', 'N']",-2,VCC,"['ER', 'ZH', 'N']"
4055,"['AO', 'ZH', 'N']",-2,VCC,"['AO', 'ZH', 'N']"
4056,"['UW', 'ZH', 'N']",-2,VCC,"['UW', 'ZH', 'N']"
4057,"['IH', 'ZH', 'N']",-2,VCC,"['IH', 'ZH', 'N']"
4058,"['EH', 'ZH', 'N']",-2,VCC,"['EH', 'ZH', 'N']"
4059,"['UH', 'ZH', 'N']",-2,VCC,"['UH', 'ZH', 'N']"
4060,"['IY', 'ZH', 'N']",-2,VCC,"['IY', 'ZH', 'N']"
4061,"['EY', 'ZH', 'N']",-2,VCC,"['EY', 'ZH', 'N']"
4062,"['OW', 'ZH', 'N']",-2,VCC,"['OW', 'ZH', 'N']"
4063,"['AE', 'ZH', 'N']",-2,VCC,"['AE', 'ZH', 'N']"
4064,"['AW', 'ZH', 'N']",-2,VCC,"['AW', 'ZH', 'N']"
4065,"['AH', 'ZH', 'NG']",-2,VCC,"['AH', 'ZH', 'NG']"
4066,"['OY', 'ZH', 'NG']",-2,VCC,"['OY', 'ZH', 'P']"
4067,"['AA', 'ZH', 'NG']",-2,VCC,"['AA', 'ZH', 'P']"
4068,"['AY', 'ZH', 'NG']",-2,VCC,"['AY', 'NG', '<EOS>']"
4069,"['ER', 'ZH', 'NG']",-2,VCC,"['ER', 'ZH', 'ER']"
4070,"['AO', 'ZH', 'NG']",-2,VCC,"['AE', 'NG', 'K']"
4071,"['UW', 'ZH', 'NG']",-2,VCC,"['UW', 'ZH', '<EOS>']"
4072,"['IH', 'ZH', 'NG']",-2,VCC,"['IH', 'NG', 'ZH']"
4073,"['EH', 'ZH', 'NG']",-2,VCC,"['EH', 'ZH', 'NG']"
4074,"['UH', 'ZH', 'NG']",-2,VCC,"['UH', 'ZH', 'ER']"
4075,"['IY', 'ZH', 'NG']",-2,VCC,"['IY', 'ZH', 'ER']"
4076,"['EY', 'ZH', 'NG']",-2,VCC,"['EY', 'ZH', 'NG']"
4077,"['OW', 'ZH', 'NG']",-2,VCC,"['OW', 'ZH', 'NG']"
4078,"['AE', 'ZH', 'NG']",-2,VCC,"['AE', 'ZH', 'NG']"
4079,"['AW', 'ZH', 'NG']",-2,VCC,"['AW', 'ZH', 'K']"
4080,"['AH', 'ZH', 'L']",-3,VCC,"['AH', 'ZH', 'L']"
4081,"['OY', 'ZH', 'L']",-3,VCC,"['OY', 'ZH', 'L']"
4082,"['AA', 'ZH', 'L']",-3,VCC,"['AA', 'ZH', 'L']"
4083,"['AY', 'ZH', 'L']",-3,VCC,"['AY', 'ZH', 'L']"
4084,"['ER', 'ZH', 'L']",-3,VCC,"['ER', 'ZH', 'L']"
4085,"['AO', 'ZH', 'L']",-3,VCC,"['AE', 'D', 'L']"
4086,"['UW', 'ZH', 'L']",-3,VCC,"['AE', 'ZH', 'L']"
4087,"['IH', 'ZH', 'L']",-3,VCC,"['IH', 'ZH', 'L']"
4088,"['EH', 'ZH', 'L']",-3,VCC,"['EH', 'ZH', 'L']"
4089,"['UH', 'ZH', 'L']",-3,VCC,"['UH', 'ZH', 'L']"
4090,"['IY', 'ZH', 'L']",-3,VCC,"['IY', 'ZH', 'L']"
4091,"['EY', 'ZH', 'L']",-3,VCC,"['EY', 'ZH', 'L']"
4092,"['OW', 'ZH', 'L']",-3,VCC,"['OW', 'ZH', 'L']"
4093,"['AE', 'ZH', 'L']",-3,VCC,"['AE', 'ZH', 'L']"
4094,"['AW', 'ZH', 'L']",-3,VCC,"['AW', 'ZH', 'L']"
4095,"['AH', 'ZH', 'R']",-3,VCC,"['AH', 'ZH', 'R']"
4096,"['OY', 'ZH', 'R']",-3,VCC,"['OY', 'ZH', 'R']"
4097,"['AA', 'ZH', 'R']",-3,VCC,"['AA', 'ZH', 'R']"
4098,"['AY', 'ZH', 'R']",-3,VCC,"['AY', 'ZH', 'R']"
4099,"['ER', 'ZH', 'R']",-3,VCC,"['ER', 'ZH', 'R']"
4100,"['AO', 'ZH', 'R']",-3,VCC,"['AE', 'D', 'K']"
4101,"['UW', 'ZH', 'R']",-3,VCC,"['UW', 'ZH', 'R']"
4102,"['IH', 'ZH', 'R']",-3,VCC,"['IH', 'ZH', 'R']"
4103,"['EH', 'ZH', 'R']",-3,VCC,"['EH', 'ZH', 'R']"
4104,"['UH', 'ZH', 'R']",-3,VCC,"['UH', 'ZH', 'IH']"
4105,"['IY', 'ZH', 'R']",-3,VCC,"['IY', 'ZH', 'R']"
4106,"['EY', 'ZH', 'R']",-3,VCC,"['EY', 'ZH', 'R']"
4107,"['OW', 'ZH', 'R']",-3,VCC,"['OW', 'ZH', 'R']"
4108,"['AE', 'ZH', 'R']",-3,VCC,"['AE', 'ZH', 'R']"
4109,"['AW', 'ZH', 'R']",-3,VCC,"['AW', 'ZH', 'R']"
4110,"['AH', 'ZH', 'W']",-4,VCC,"['AH', 'ZH', 'W']"
4111,"['OY', 'ZH', 'W']",-4,VCC,"['OY', 'ZH', 'W']"
4112,"['AA', 'ZH', 'W']",-4,VCC,"['AA', 'ZH', 'W']"
4113,"['AY', 'ZH', 'W']",-4,VCC,"['AY', 'ZH', 'W']"
4114,"['ER', 'ZH', 'W']",-4,VCC,"['ER', 'ZH', 'W']"
4115,"['AO', 'ZH', 'W']",-4,VCC,"['AO', 'ZH', 'W']"
4116,"['UW', 'ZH', 'W']",-4,VCC,"['AY', 'DH', 'ZH']"
4117,"['IH', 'ZH', 'W']",-4,VCC,"['IH', 'ZH', 'W']"
4118,"['EH', 'ZH', 'W']",-4,VCC,"['EH', 'ZH', 'W']"
4119,"['UH', 'ZH', 'W']",-4,VCC,"['AY', 'SH', 'W']"
4120,"['IY', 'ZH', 'W']",-4,VCC,"['IY', 'ZH', 'W']"
4121,"['EY', 'ZH', 'W']",-4,VCC,"['EY', 'ZH', 'W']"
4122,"['OW', 'ZH', 'W']",-4,VCC,"['OW', 'ZH', 'W']"
4123,"['AE', 'ZH', 'W']",-4,VCC,"['AE', 'ZH', 'W']"
4124,"['AW', 'ZH', 'W']",-4,VCC,"['AW', 'ZH', 'W']"
4125,"['AH', 'ZH', 'Y']",-4,VCC,"['AH', 'ZH', 'Y']"
4126,"['OY', 'ZH', 'Y']",-4,VCC,"['OY', 'ZH', 'Y']"
4127,"['AA', 'ZH', 'Y']",-4,VCC,"['AA', 'ZH', 'P']"
4128,"['AY', 'ZH', 'Y']",-4,VCC,"['AY', 'ZH', 'Y']"
4129,"['ER', 'ZH', 'Y']",-4,VCC,"['ER', 'ZH', 'Y']"
4130,"['AO', 'ZH', 'Y']",-4,VCC,"['AO', 'ZH', 'Y']"
4131,"['UW', 'ZH', 'Y']",-4,VCC,"['AE', 'ZH', 'P']"
4132,"['IH', 'ZH', 'Y']",-4,VCC,"['IH', 'ZH', 'Y']"
4133,"['EH', 'ZH', 'Y']",-4,VCC,"['EH', 'ZH', 'Y']"
4134,"['UH', 'ZH', 'Y']",-4,VCC,"['UH', 'ZH', 'Y']"
4135,"['IY', 'ZH', 'Y']",-4,VCC,"['IY', 'ZH', 'Y']"
4136,"['EY', 'ZH', 'Y']",-4,VCC,"['EY', 'ZH', 'Y']"
4137,"['OW', 'ZH', 'Y']",-4,VCC,"['OW', 'ZH', 'Y']"
4138,"['AE', 'ZH', 'Y']",-4,VCC,"['AE', 'ZH', 'Y']"
4139,"['AW', 'ZH', 'Y']",-4,VCC,"['AW', 'ZH', 'Y']"
4140,"['AH', 'V', 'P']",1,VCC,"['AH', 'V', 'P']"
4141,"['OY', 'V', 'P']",1,VCC,"['OY', 'V', 'P']"
4142,"['AA', 'V', 'P']",1,VCC,"['AA', 'V', 'P']"
4143,"['AY', 'V', 'P']",1,VCC,"['AY', 'V', 'P']"
4144,"['ER', 'V', 'P']",1,VCC,"['ER', 'V', 'P']"
4145,"['AO', 'V', 'P']",1,VCC,"['AO', 'V', 'P']"
4146,"['UW', 'V', 'P']",1,VCC,"['UW', 'V', 'P']"
4147,"['IH', 'V', 'P']",1,VCC,"['IH', 'V', 'P']"
4148,"['EH', 'V', 'P']",1,VCC,"['EH', 'V', 'P']"
4149,"['UH', 'V', 'P']",1,VCC,"['IH', 'V', 'P']"
4150,"['IY', 'V', 'P']",1,VCC,"['IY', 'V', 'P']"
4151,"['EY', 'V', 'P']",1,VCC,"['EY', 'V', 'P']"
4152,"['OW', 'V', 'P']",1,VCC,"['OW', 'V', 'P']"
4153,"['AE', 'V', 'P']",1,VCC,"['AE', 'V', 'P']"
4154,"['AW', 'V', 'P']",1,VCC,"['AW', 'V', 'P']"
4155,"['AH', 'V', 'T']",1,VCC,"['AH', 'V', 'T']"
4156,"['OY', 'V', 'T']",1,VCC,"['OY', 'V', 'T']"
4157,"['AA', 'V', 'T']",1,VCC,"['AA', 'V', 'T']"
4158,"['AY', 'V', 'T']",1,VCC,"['AY', 'V', 'T']"
4159,"['ER', 'V', 'T']",1,VCC,"['ER', 'V', 'T']"
4160,"['AO', 'V', 'T']",1,VCC,"['AO', 'V', 'T']"
4161,"['UW', 'V', 'T']",1,VCC,"['UW', 'V', 'T']"
4162,"['IH', 'V', 'T']",1,VCC,"['IH', 'V', 'T']"
4163,"['EH', 'V', 'T']",1,VCC,"['EH', 'V', 'T']"
4164,"['UH', 'V', 'T']",1,VCC,"['UH', 'V', 'T']"
4165,"['IY', 'V', 'T']",1,VCC,"['IY', 'V', 'T']"
4166,"['EY', 'V', 'T']",1,VCC,"['EY', 'V', 'T']"
4167,"['OW', 'V', 'T']",1,VCC,"['OW', 'V', 'T']"
4168,"['AE', 'V', 'T']",1,VCC,"['AE', 'V', 'T']"
4169,"['AW', 'V', 'T']",1,VCC,"['AW', 'V', 'T']"
4170,"['AH', 'V', 'K']",1,VCC,"['AH', 'V', 'K']"
4171,"['OY', 'V', 'K']",1,VCC,"['OY', 'V', 'K']"
4172,"['AA', 'V', 'K']",1,VCC,"['AA', 'V', 'K']"
4173,"['AY', 'V', 'K']",1,VCC,"['AY', 'V', 'K']"
4174,"['ER', 'V', 'K']",1,VCC,"['ER', 'V', 'V']"
4175,"['AO', 'V', 'K']",1,VCC,"['AO', 'V', 'K']"
4176,"['UW', 'V', 'K']",1,VCC,"['UW', 'V', 'K']"
4177,"['IH', 'V', 'K']",1,VCC,"['IH', 'V', 'K']"
4178,"['EH', 'V', 'K']",1,VCC,"['EH', 'V', 'K']"
4179,"['UH', 'V', 'K']",1,VCC,"['UH', 'K', 'V']"
4180,"['IY', 'V', 'K']",1,VCC,"['IY', 'V', 'K']"
4181,"['EY', 'V', 'K']",1,VCC,"['EY', 'V', 'K']"
4182,"['OW', 'V', 'K']",1,VCC,"['OW', 'V', 'K']"
4183,"['AE', 'V', 'K']",1,VCC,"['AE', 'V', 'K']"
4184,"['AW', 'V', 'K']",1,VCC,"['AW', 'K', 'V']"
4185,"['AH', 'V', 'B']",1,VCC,"['AH', 'V', 'B']"
4186,"['OY', 'V', 'B']",1,VCC,"['OY', 'V', 'B']"
4187,"['AA', 'V', 'B']",1,VCC,"['AA', 'V', 'B']"
4188,"['AY', 'V', 'B']",1,VCC,"['AY', 'V', 'B']"
4189,"['ER', 'V', 'B']",1,VCC,"['ER', 'V', 'B']"
4190,"['AO', 'V', 'B']",1,VCC,"['AO', 'V', 'B']"
4191,"['UW', 'V', 'B']",1,VCC,"['UW', 'V', 'B']"
4192,"['IH', 'V', 'B']",1,VCC,"['IH', 'NG', 'K']"
4193,"['EH', 'V', 'B']",1,VCC,"['EH', 'V', 'B']"
4194,"['UH', 'V', 'B']",1,VCC,"['UH', 'V', 'B']"
4195,"['IY', 'V', 'B']",1,VCC,"['IY', 'V', 'B']"
4196,"['EY', 'V', 'B']",1,VCC,"['EY', 'V', 'B']"
4197,"['OW', 'V', 'B']",1,VCC,"['OW', 'V', 'B']"
4198,"['AE', 'V', 'B']",1,VCC,"['AE', 'V', 'B']"
4199,"['AW', 'V', 'B']",1,VCC,"['AW', 'V', 'B']"
4200,"['AH', 'V', 'D']",1,VCC,"['AH', 'V', 'D']"
4201,"['OY', 'V', 'D']",1,VCC,"['OY', 'V', 'D']"
4202,"['AA', 'V', 'D']",1,VCC,"['AA', 'V', 'D']"
4203,"['AY', 'V', 'D']",1,VCC,"['AY', 'V', 'D']"
4204,"['ER', 'V', 'D']",1,VCC,"['ER', 'V', 'D']"
4205,"['AO', 'V', 'D']",1,VCC,"['AO', 'V', 'D']"
4206,"['UW', 'V', 'D']",1,VCC,"['UW', 'V', 'D']"
4207,"['IH', 'V', 'D']",1,VCC,"['IH', 'V', 'D']"
4208,"['EH', 'V', 'D']",1,VCC,"['EH', 'V', 'D']"
4209,"['UH', 'V', 'D']",1,VCC,"['UH', 'V', 'D']"
4210,"['IY', 'V', 'D']",1,VCC,"['IY', 'V', 'D']"
4211,"['EY', 'V', 'D']",1,VCC,"['EY', 'V', 'D']"
4212,"['OW', 'V', 'D']",1,VCC,"['OW', 'V', 'D']"
4213,"['AE', 'V', 'D']",1,VCC,"['AE', 'V', 'D']"
4214,"['AW', 'V', 'D']",1,VCC,"['AW', 'V', 'D']"
4215,"['AH', 'V', 'G']",1,VCC,"['AH', 'G', 'V']"
4216,"['OY', 'V', 'G']",1,VCC,"['OY', 'G', 'V']"
4217,"['AA', 'V', 'G']",1,VCC,"['AA', 'V', 'G']"
4218,"['AY', 'V', 'G']",1,VCC,"['AY', 'V', 'G']"
4219,"['ER', 'V', 'G']",1,VCC,"['ER', 'V', 'G']"
4220,"['AO', 'V', 'G']",1,VCC,"['AO', 'G', 'V']"
4221,"['UW', 'V', 'G']",1,VCC,"['UW', 'V', 'G']"
4222,"['IH', 'V', 'G']",1,VCC,"['IH', 'V', 'G']"
4223,"['EH', 'V', 'G']",1,VCC,"['EH', 'V', 'G']"
4224,"['UH', 'V', 'G']",1,VCC,"['UH', 'V', 'G']"
4225,"['IY', 'V', 'G']",1,VCC,"['EH', 'V', 'G']"
4226,"['EY', 'V', 'G']",1,VCC,"['EY', 'V', 'G']"
4227,"['OW', 'V', 'G']",1,VCC,"['OW', 'V', 'G']"
4228,"['AE', 'V', 'G']",1,VCC,"['AE', 'V', 'G']"
4229,"['AW', 'V', 'G']",1,VCC,"['AW', 'V', 'G']"
4230,"['AH', 'V', 'F']",0,VCC,"['AH', 'V', 'F']"
4231,"['OY', 'V', 'F']",0,VCC,"['OY', 'V', 'F']"
4232,"['AA', 'V', 'F']",0,VCC,"['AA', 'F', 'V']"
4233,"['AY', 'V', 'F']",0,VCC,"['AY', 'V', 'F']"
4234,"['ER', 'V', 'F']",0,VCC,"['ER', 'V', 'F']"
4235,"['AO', 'V', 'F']",0,VCC,"['AO', 'F', 'V']"
4236,"['UW', 'V', 'F']",0,VCC,"['UW', 'V', 'F']"
4237,"['IH', 'V', 'F']",0,VCC,"['IH', 'F', 'V']"
4238,"['EH', 'V', 'F']",0,VCC,"['EH', 'V', 'F']"
4239,"['UH', 'V', 'F']",0,VCC,"['UH', 'V', 'F']"
4240,"['IY', 'V', 'F']",0,VCC,"['IY', 'V', 'F']"
4241,"['EY', 'V', 'F']",0,VCC,"['EY', 'V', 'F']"
4242,"['OW', 'V', 'F']",0,VCC,"['OW', 'V', 'F']"
4243,"['AE', 'V', 'F']",0,VCC,"['AE', 'V', 'F']"
4244,"['AW', 'V', 'F']",0,VCC,"['AW', 'V', 'F']"
4245,"['AH', 'V', 'TH']",0,VCC,"['AH', 'TH', 'V']"
4246,"['OY', 'V', 'TH']",0,VCC,"['OY', 'TH', 'V']"
4247,"['AA', 'V', 'TH']",0,VCC,"['V', 'AA', 'TH']"
4248,"['AY', 'V', 'TH']",0,VCC,"['AY', 'V', 'TH']"
4249,"['ER', 'V', 'TH']",0,VCC,"['ER', 'V', 'TH']"
4250,"['AO', 'V', 'TH']",0,VCC,"['AO', 'V', 'TH']"
4251,"['UW', 'V', 'TH']",0,VCC,"['UW', 'V', 'TH']"
4252,"['IH', 'V', 'TH']",0,VCC,"['IH', 'TH', 'V']"
4253,"['EH', 'V', 'TH']",0,VCC,"['EH', 'V', 'TH']"
4254,"['UH', 'V', 'TH']",0,VCC,"['UH', 'V', 'R']"
4255,"['IY', 'V', 'TH']",0,VCC,"['IY', 'V', 'TH']"
4256,"['EY', 'V', 'TH']",0,VCC,"['EY', 'V', 'TH']"
4257,"['OW', 'V', 'TH']",0,VCC,"['OW', 'V', 'TH']"
4258,"['AE', 'V', 'TH']",0,VCC,"['AE', 'V', 'TH']"
4259,"['AW', 'V', 'TH']",0,VCC,"['AW', 'V', 'TH']"
4260,"['AH', 'V', 'S']",0,VCC,"['AH', 'V', 'S']"
4261,"['OY', 'V', 'S']",0,VCC,"['OY', 'V', 'S']"
4262,"['AA', 'V', 'S']",0,VCC,"['AA', 'V', 'S']"
4263,"['AY', 'V', 'S']",0,VCC,"['AY', 'V', 'S']"
4264,"['ER', 'V', 'S']",0,VCC,"['ER', 'V', 'S']"
4265,"['AO', 'V', 'S']",0,VCC,"['AO', 'V', 'S']"
4266,"['UW', 'V', 'S']",0,VCC,"['UW', 'V', 'S']"
4267,"['IH', 'V', 'S']",0,VCC,"['IH', 'V', 'S']"
4268,"['EH', 'V', 'S']",0,VCC,"['EH', 'V', 'S']"
4269,"['UH', 'V', 'S']",0,VCC,"['UH', 'V', 'S']"
4270,"['IY', 'V', 'S']",0,VCC,"['IY', 'V', 'S']"
4271,"['EY', 'V', 'S']",0,VCC,"['EY', 'V', 'S']"
4272,"['OW', 'V', 'S']",0,VCC,"['OW', 'V', 'S']"
4273,"['AE', 'V', 'S']",0,VCC,"['AE', 'V', 'S']"
4274,"['AW', 'V', 'S']",0,VCC,"['AW', 'V', 'S']"
4275,"['AH', 'V', 'SH']",0,VCC,"['AH', 'V', 'SH']"
4276,"['OY', 'V', 'SH']",0,VCC,"['OY', 'SH', 'V']"
4277,"['AA', 'V', 'SH']",0,VCC,"['AA', 'V', 'SH']"
4278,"['AY', 'V', 'SH']",0,VCC,"['AY', 'V', 'SH']"
4279,"['ER', 'V', 'SH']",0,VCC,"['ER', 'V', 'SH']"
4280,"['AO', 'V', 'SH']",0,VCC,"['AO', 'SH', 'V']"
4281,"['UW', 'V', 'SH']",0,VCC,"['UW', 'V', 'SH']"
4282,"['IH', 'V', 'SH']",0,VCC,"['IH', 'V', 'SH']"
4283,"['EH', 'V', 'SH']",0,VCC,"['EH', 'V', 'SH']"
4284,"['UH', 'V', 'SH']",0,VCC,"['UH', 'V', 'SH']"
4285,"['IY', 'V', 'SH']",0,VCC,"['AE', 'V', 'SH']"
4286,"['EY', 'V', 'SH']",0,VCC,"['EY', 'V', 'SH']"
4287,"['OW', 'V', 'SH']",0,VCC,"['OW', 'V', 'SH']"
4288,"['AE', 'V', 'SH']",0,VCC,"['AE', 'V', 'SH']"
4289,"['AW', 'V', 'SH']",0,VCC,"['AW', 'V', 'SH']"
4290,"['AH', 'V', 'Z']",0,VCC,"['AH', 'V', 'Z']"
4291,"['OY', 'V', 'Z']",0,VCC,"['OY', 'V', 'Z']"
4292,"['AA', 'V', 'Z']",0,VCC,"['AA', 'V', 'Z']"
4293,"['AY', 'V', 'Z']",0,VCC,"['AY', 'V', 'Z']"
4294,"['ER', 'V', 'Z']",0,VCC,"['ER', 'V', 'Z']"
4295,"['AO', 'V', 'Z']",0,VCC,"['AO', 'V', 'Z']"
4296,"['UW', 'V', 'Z']",0,VCC,"['UW', 'V', 'Z']"
4297,"['IH', 'V', 'Z']",0,VCC,"['IH', 'V', 'Z']"
4298,"['EH', 'V', 'Z']",0,VCC,"['EH', 'V', 'Z']"
4299,"['UH', 'V', 'Z']",0,VCC,"['UH', 'V', 'Z']"
4300,"['IY', 'V', 'Z']",0,VCC,"['IY', 'V', 'Z']"
4301,"['EY', 'V', 'Z']",0,VCC,"['EY', 'V', 'Z']"
4302,"['OW', 'V', 'Z']",0,VCC,"['OW', 'V', 'Z']"
4303,"['AE', 'V', 'Z']",0,VCC,"['AE', 'V', 'Z']"
4304,"['AW', 'V', 'Z']",0,VCC,"['AW', 'V', 'Z']"
4305,"['AH', 'V', 'ZH']",0,VCC,"['AH', 'V', 'ZH']"
4306,"['OY', 'V', 'ZH']",0,VCC,"['OY', 'Z', 'V']"
4307,"['AA', 'V', 'ZH']",0,VCC,"['AA', 'V', 'ZH']"
4308,"['AY', 'V', 'ZH']",0,VCC,"['AY', 'V', 'ZH']"
4309,"['ER', 'V', 'ZH']",0,VCC,"['ER', 'V', 'ZH']"
4310,"['AO', 'V', 'ZH']",0,VCC,"['AO', 'V', 'ZH']"
4311,"['UW', 'V', 'ZH']",0,VCC,"['UW', 'V', 'ZH']"
4312,"['IH', 'V', 'ZH']",0,VCC,"['IH', 'V', 'ZH']"
4313,"['EH', 'V', 'ZH']",0,VCC,"['EH', 'V', 'ZH']"
4314,"['UH', 'V', 'ZH']",0,VCC,"['UH', 'V', 'ZH']"
4315,"['IY', 'V', 'ZH']",0,VCC,"['IY', 'V', 'ZH']"
4316,"['EY', 'V', 'ZH']",0,VCC,"['EY', 'V', 'ZH']"
4317,"['OW', 'V', 'ZH']",0,VCC,"['OW', 'V', 'ZH']"
4318,"['AE', 'V', 'ZH']",0,VCC,"['AE', 'V', 'ZH']"
4319,"['AW', 'V', 'ZH']",0,VCC,"['AW', 'V', 'ZH']"
4320,"['AH', 'V', 'DH']",0,VCC,"['AH', 'DH', 'V']"
4321,"['OY', 'V', 'DH']",0,VCC,"['OY', 'DH', 'V']"
4322,"['AA', 'V', 'DH']",0,VCC,"['AA', 'DH', 'V']"
4323,"['AY', 'V', 'DH']",0,VCC,"['AY', 'DH', 'V']"
4324,"['ER', 'V', 'DH']",0,VCC,"['ER', 'DH', 'V']"
4325,"['AO', 'V', 'DH']",0,VCC,"['AO', 'DH', 'V']"
4326,"['UW', 'V', 'DH']",0,VCC,"['DH', 'UW', 'V']"
4327,"['IH', 'V', 'DH']",0,VCC,"['IH', 'DH', 'V']"
4328,"['EH', 'V', 'DH']",0,VCC,"['EH', 'DH', 'V']"
4329,"['UH', 'V', 'DH']",0,VCC,"['UH', 'DH', 'V']"
4330,"['IY', 'V', 'DH']",0,VCC,"['IY', 'V', 'DH']"
4331,"['EY', 'V', 'DH']",0,VCC,"['EY', 'DH', 'V']"
4332,"['OW', 'V', 'DH']",0,VCC,"['OW', 'DH', 'V']"
4333,"['AE', 'V', 'DH']",0,VCC,"['AE', 'DH', 'V']"
4334,"['AW', 'V', 'DH']",0,VCC,"['AW', 'DH', 'V']"
4335,"['AH', 'V', 'HH']",0,VCC,"['AH', 'V', 'HH']"
4336,"['OY', 'V', 'HH']",0,VCC,"['OY', 'V', 'HH']"
4337,"['AA', 'V', 'HH']",0,VCC,"['AA', 'V', 'HH']"
4338,"['AY', 'V', 'HH']",0,VCC,"['AY', 'V', 'HH']"
4339,"['ER', 'V', 'HH']",0,VCC,"['ER', 'V', 'HH']"
4340,"['AO', 'V', 'HH']",0,VCC,"['AO', 'V', 'HH']"
4341,"['UW', 'V', 'HH']",0,VCC,"['UW', 'V', 'HH']"
4342,"['IH', 'V', 'HH']",0,VCC,"['IH', 'V', 'HH']"
4343,"['EH', 'V', 'HH']",0,VCC,"['EH', 'V', 'HH']"
4344,"['UH', 'V', 'HH']",0,VCC,"['UH', 'V', 'HH']"
4345,"['IY', 'V', 'HH']",0,VCC,"['IY', 'V', 'HH']"
4346,"['EY', 'V', 'HH']",0,VCC,"['EY', 'V', 'HH']"
4347,"['OW', 'V', 'HH']",0,VCC,"['OW', 'V', 'HH']"
4348,"['AE', 'V', 'HH']",0,VCC,"['AE', 'V', 'HH']"
4349,"['AW', 'V', 'HH']",0,VCC,"['AW', 'V', 'HH']"
4350,"['AH', 'V', 'CH']",-1,VCC,"['AH', 'V', 'CH']"
4351,"['OY', 'V', 'CH']",-1,VCC,"['CH', 'OY', 'V']"
4352,"['AA', 'V', 'CH']",-1,VCC,"['AA', 'V', 'CH']"
4353,"['AY', 'V', 'CH']",-1,VCC,"['AY', 'V', 'CH']"
4354,"['ER', 'V', 'CH']",-1,VCC,"['ER', 'V', 'R']"
4355,"['AO', 'V', 'CH']",-1,VCC,"['AO', 'V', 'CH']"
4356,"['UW', 'V', 'CH']",-1,VCC,"['UW', 'V', 'V']"
4357,"['IH', 'V', 'CH']",-1,VCC,"['IH', 'V', 'CH']"
4358,"['EH', 'V', 'CH']",-1,VCC,"['EH', 'V', 'CH']"
4359,"['UH', 'V', 'CH']",-1,VCC,"['UH', 'V', 'R']"
4360,"['IY', 'V', 'CH']",-1,VCC,"['IY', 'V', 'CH']"
4361,"['EY', 'V', 'CH']",-1,VCC,"['EY', 'V', 'CH']"
4362,"['OW', 'V', 'CH']",-1,VCC,"['OW', 'V', 'CH']"
4363,"['AE', 'V', 'CH']",-1,VCC,"['AE', 'V', 'CH']"
4364,"['AW', 'V', 'CH']",-1,VCC,"['V', 'AW', 'CH']"
4365,"['AH', 'V', 'JH']",-1,VCC,"['AH', 'V', 'JH']"
4366,"['OY', 'V', 'JH']",-1,VCC,"['OY', 'V', 'JH']"
4367,"['AA', 'V', 'JH']",-1,VCC,"['AA', 'V', 'JH']"
4368,"['AY', 'V', 'JH']",-1,VCC,"['AY', 'V', 'JH']"
4369,"['ER', 'V', 'JH']",-1,VCC,"['ER', 'V', 'JH']"
4370,"['AO', 'V', 'JH']",-1,VCC,"['AO', 'V', 'JH']"
4371,"['UW', 'V', 'JH']",-1,VCC,"['UW', 'V', 'JH']"
4372,"['IH', 'V', 'JH']",-1,VCC,"['IH', 'V', 'JH']"
4373,"['EH', 'V', 'JH']",-1,VCC,"['EH', 'V', 'JH']"
4374,"['UH', 'V', 'JH']",-1,VCC,"['UH', 'V', 'JH']"
4375,"['IY', 'V', 'JH']",-1,VCC,"['IY', 'V', 'JH']"
4376,"['EY', 'V', 'JH']",-1,VCC,"['EY', 'V', 'JH']"
4377,"['OW', 'V', 'JH']",-1,VCC,"['OW', 'V', 'JH']"
4378,"['AE', 'V', 'JH']",-1,VCC,"['AE', 'V', 'JH']"
4379,"['AW', 'V', 'JH']",-1,VCC,"['AW', 'V', 'JH']"
4380,"['AH', 'V', 'M']",-2,VCC,"['AH', 'V', 'M']"
4381,"['OY', 'V', 'M']",-2,VCC,"['OY', 'V', 'M']"
4382,"['AA', 'V', 'M']",-2,VCC,"['AA', 'V', 'M']"
4383,"['AY', 'V', 'M']",-2,VCC,"['AY', 'V', 'M']"
4384,"['ER', 'V', 'M']",-2,VCC,"['ER', 'V', 'M']"
4385,"['AO', 'V', 'M']",-2,VCC,"['AO', 'V', 'M']"
4386,"['UW', 'V', 'M']",-2,VCC,"['UW', 'V', 'M']"
4387,"['IH', 'V', 'M']",-2,VCC,"['IH', 'V', 'M']"
4388,"['EH', 'V', 'M']",-2,VCC,"['EH', 'V', 'M']"
4389,"['UH', 'V', 'M']",-2,VCC,"['UH', 'V', 'M']"
4390,"['IY', 'V', 'M']",-2,VCC,"['EH', 'V', 'M']"
4391,"['EY', 'V', 'M']",-2,VCC,"['EY', 'V', 'M']"
4392,"['OW', 'V', 'M']",-2,VCC,"['OW', 'V', 'M']"
4393,"['AE', 'V', 'M']",-2,VCC,"['AE', 'V', 'M']"
4394,"['AW', 'V', 'M']",-2,VCC,"['AW', 'V', 'M']"
4395,"['AH', 'V', 'N']",-2,VCC,"['AH', 'V', 'N']"
4396,"['OY', 'V', 'N']",-2,VCC,"['OY', 'N', 'V']"
4397,"['AA', 'V', 'N']",-2,VCC,"['AA', 'V', 'N']"
4398,"['AY', 'V', 'N']",-2,VCC,"['AY', 'V', '<EOS>']"
4399,"['ER', 'V', 'N']",-2,VCC,"['ER', 'V', 'N']"
4400,"['AO', 'V', 'N']",-2,VCC,"['AO', 'V', 'N']"
4401,"['UW', 'V', 'N']",-2,VCC,"['UW', 'V', 'N']"
4402,"['IH', 'V', 'N']",-2,VCC,"['IH', 'V', 'N']"
4403,"['EH', 'V', 'N']",-2,VCC,"['EH', 'V', 'N']"
4404,"['UH', 'V', 'N']",-2,VCC,"['UH', 'V', 'N']"
4405,"['IY', 'V', 'N']",-2,VCC,"['IY', 'V', 'N']"
4406,"['EY', 'V', 'N']",-2,VCC,"['EY', 'V', 'N']"
4407,"['OW', 'V', 'N']",-2,VCC,"['OW', 'V', 'N']"
4408,"['AE', 'V', 'N']",-2,VCC,"['AE', 'V', 'N']"
4409,"['AW', 'V', 'N']",-2,VCC,"['AW', 'N', 'V']"
4410,"['AH', 'V', 'NG']",-2,VCC,"['AH', 'V', 'NG']"
4411,"['OY', 'V', 'NG']",-2,VCC,"['OY', 'NG', 'V']"
4412,"['AA', 'V', 'NG']",-2,VCC,"['AA', 'NG', 'V']"
4413,"['AY', 'V', 'NG']",-2,VCC,"['AY', 'NG', 'NG']"
4414,"['ER', 'V', 'NG']",-2,VCC,"['ER', 'V', 'NG']"
4415,"['AO', 'V', 'NG']",-2,VCC,"['AO', 'NG', 'V']"
4416,"['UW', 'V', 'NG']",-2,VCC,"['UW', 'V', 'NG']"
4417,"['IH', 'V', 'NG']",-2,VCC,"['IH', 'NG', 'V']"
4418,"['EH', 'V', 'NG']",-2,VCC,"['EH', 'V', 'NG']"
4419,"['UH', 'V', 'NG']",-2,VCC,"['UH', 'V', 'NG']"
4420,"['IY', 'V', 'NG']",-2,VCC,"['IY', 'V', 'NG']"
4421,"['EY', 'V', 'NG']",-2,VCC,"['EY', 'V', 'NG']"
4422,"['OW', 'V', 'NG']",-2,VCC,"['OW', 'V', 'NG']"
4423,"['AE', 'V', 'NG']",-2,VCC,"['AE', 'NG', 'V']"
4424,"['AW', 'V', 'NG']",-2,VCC,"['AW', 'V', 'NG']"
4425,"['AH', 'V', 'L']",-3,VCC,"['AH', 'V', 'L']"
4426,"['OY', 'V', 'L']",-3,VCC,"['OY', 'V', 'L']"
4427,"['AA', 'V', 'L']",-3,VCC,"['AA', 'V', 'L']"
4428,"['AY', 'V', 'L']",-3,VCC,"['AY', 'V', 'L']"
4429,"['ER', 'V', 'L']",-3,VCC,"['ER', 'V', 'L']"
4430,"['AO', 'V', 'L']",-3,VCC,"['AO', 'V', 'L']"
4431,"['UW', 'V', 'L']",-3,VCC,"['UW', 'V', 'L']"
4432,"['IH', 'V', 'L']",-3,VCC,"['IH', 'V', 'L']"
4433,"['EH', 'V', 'L']",-3,VCC,"['EH', 'V', 'L']"
4434,"['UH', 'V', 'L']",-3,VCC,"['UH', 'V', 'L']"
4435,"['IY', 'V', 'L']",-3,VCC,"['IY', 'V', 'L']"
4436,"['EY', 'V', 'L']",-3,VCC,"['EY', 'V', 'L']"
4437,"['OW', 'V', 'L']",-3,VCC,"['OW', 'V', 'L']"
4438,"['AE', 'V', 'L']",-3,VCC,"['AE', 'V', 'L']"
4439,"['AW', 'V', 'L']",-3,VCC,"['AW', 'V', 'L']"
4440,"['AH', 'V', 'R']",-3,VCC,"['AH', 'V', 'R']"
4441,"['OY', 'V', 'R']",-3,VCC,"['OY', 'V', 'R']"
4442,"['AA', 'V', 'R']",-3,VCC,"['AA', 'V', 'R']"
4443,"['AY', 'V', 'R']",-3,VCC,"['AY', 'V', 'R']"
4444,"['ER', 'V', 'R']",-3,VCC,"['ER', 'V', 'R']"
4445,"['AO', 'V', 'R']",-3,VCC,"['AO', 'V', 'R']"
4446,"['UW', 'V', 'R']",-3,VCC,"['UW', 'V', 'R']"
4447,"['IH', 'V', 'R']",-3,VCC,"['IH', 'V', 'R']"
4448,"['EH', 'V', 'R']",-3,VCC,"['EH', 'V', 'R']"
4449,"['UH', 'V', 'R']",-3,VCC,"['UH', 'V', 'R']"
4450,"['IY', 'V', 'R']",-3,VCC,"['IY', 'V', 'R']"
4451,"['EY', 'V', 'R']",-3,VCC,"['EY', 'V', 'R']"
4452,"['OW', 'V', 'R']",-3,VCC,"['OW', 'V', 'R']"
4453,"['AE', 'V', 'R']",-3,VCC,"['AE', 'V', 'R']"
4454,"['AW', 'V', 'R']",-3,VCC,"['AW', 'V', 'R']"
4455,"['AH', 'V', 'W']",-4,VCC,"['AH', 'V', 'W']"
4456,"['OY', 'V', 'W']",-4,VCC,"['OY', 'V', 'W']"
4457,"['AA', 'V', 'W']",-4,VCC,"['V', 'AA', 'W']"
4458,"['AY', 'V', 'W']",-4,VCC,"['AY', 'V', 'W']"
4459,"['ER', 'V', 'W']",-4,VCC,"['ER', 'V', 'W']"
4460,"['AO', 'V', 'W']",-4,VCC,"['AO', 'V', 'W']"
4461,"['UW', 'V', 'W']",-4,VCC,"['V', 'UW', 'W']"
4462,"['IH', 'V', 'W']",-4,VCC,"['IH', 'V', 'W']"
4463,"['EH', 'V', 'W']",-4,VCC,"['EH', 'V', 'W']"
4464,"['UH', 'V', 'W']",-4,VCC,"['ER', 'V', 'W']"
4465,"['IY', 'V', 'W']",-4,VCC,"['V', 'IY', 'W']"
4466,"['EY', 'V', 'W']",-4,VCC,"['EY', 'V', 'W']"
4467,"['OW', 'V', 'W']",-4,VCC,"['OW', 'V', 'W']"
4468,"['AE', 'V', 'W']",-4,VCC,"['AE', 'V', 'W']"
4469,"['AW', 'V', 'W']",-4,VCC,"['AW', 'V', 'W']"
4470,"['AH', 'V', 'Y']",-4,VCC,"['AH', 'V', 'Y']"
4471,"['OY', 'V', 'Y']",-4,VCC,"['OY', 'V', 'Y']"
4472,"['AA', 'V', 'Y']",-4,VCC,"['AA', 'V', 'Y']"
4473,"['AY', 'V', 'Y']",-4,VCC,"['AY', 'V', 'Y']"
4474,"['ER', 'V', 'Y']",-4,VCC,"['ER', 'V', 'Y']"
4475,"['AO', 'V', 'Y']",-4,VCC,"['AO', 'V', 'Y']"
4476,"['UW', 'V', 'Y']",-4,VCC,"['V', 'UW', 'Y']"
4477,"['IH', 'V', 'Y']",-4,VCC,"['IH', 'V', 'Y']"
4478,"['EH', 'V', 'Y']",-4,VCC,"['EH', 'V', 'Y']"
4479,"['UH', 'V', 'Y']",-4,VCC,"['UH', 'V', 'Y']"
4480,"['IY', 'V', 'Y']",-4,VCC,"['IY', 'V', 'Y']"
4481,"['EY', 'V', 'Y']",-4,VCC,"['EY', 'V', 'Y']"
4482,"['OW', 'V', 'Y']",-4,VCC,"['OW', 'V', 'Y']"
4483,"['AE', 'V', 'Y']",-4,VCC,"['AE', 'V', 'Y']"
4484,"['AW', 'V', 'Y']",-4,VCC,"['AW', 'V', 'Y']"
4485,"['AH', 'DH', 'P']",1,VCC,"['AH', 'DH', 'P']"
4486,"['OY', 'DH', 'P']",1,VCC,"['OY', 'DH', 'P']"
4487,"['AA', 'DH', 'P']",1,VCC,"['AA', 'DH', 'P']"
4488,"['AY', 'DH', 'P']",1,VCC,"['AY', 'DH', 'P']"
4489,"['ER', 'DH', 'P']",1,VCC,"['ER', 'DH', 'P']"
4490,"['AO', 'DH', 'P']",1,VCC,"['DH', 'AO', 'P']"
4491,"['UW', 'DH', 'P']",1,VCC,"['DH', 'UW', 'P']"
4492,"['IH', 'DH', 'P']",1,VCC,"['IH', 'DH', 'P']"
4493,"['EH', 'DH', 'P']",1,VCC,"['EH', 'DH', 'P']"
4494,"['UH', 'DH', 'P']",1,VCC,"['DH', 'UH', 'P']"
4495,"['IY', 'DH', 'P']",1,VCC,"['IY', 'DH', 'P']"
4496,"['EY', 'DH', 'P']",1,VCC,"['EY', 'DH', 'P']"
4497,"['OW', 'DH', 'P']",1,VCC,"['OW', 'DH', 'P']"
4498,"['AE', 'DH', 'P']",1,VCC,"['AE', 'DH', 'P']"
4499,"['AW', 'DH', 'P']",1,VCC,"['DH', 'AW', 'DH']"
4500,"['AH', 'DH', 'T']",1,VCC,"['AH', 'DH', 'T']"
4501,"['OY', 'DH', 'T']",1,VCC,"['OY', 'DH', 'T']"
4502,"['AA', 'DH', 'T']",1,VCC,"['AA', 'DH', 'T']"
4503,"['AY', 'DH', 'T']",1,VCC,"['AY', 'DH', 'T']"
4504,"['ER', 'DH', 'T']",1,VCC,"['ER', 'DH', 'T']"
4505,"['AO', 'DH', 'T']",1,VCC,"['AO', 'DH', 'T']"
4506,"['UW', 'DH', 'T']",1,VCC,"['DH', 'UW', 'T']"
4507,"['IH', 'DH', 'T']",1,VCC,"['IH', 'DH', 'T']"
4508,"['EH', 'DH', 'T']",1,VCC,"['EH', 'DH', 'T']"
4509,"['UH', 'DH', 'T']",1,VCC,"['DH', 'UH', 'T']"
4510,"['IY', 'DH', 'T']",1,VCC,"['IY', 'DH', 'T']"
4511,"['EY', 'DH', 'T']",1,VCC,"['EY', 'DH', 'T']"
4512,"['OW', 'DH', 'T']",1,VCC,"['OW', 'DH', 'T']"
4513,"['AE', 'DH', 'T']",1,VCC,"['AE', 'DH', 'T']"
4514,"['AW', 'DH', 'T']",1,VCC,"['DH', 'AW', 'T']"
4515,"['AH', 'DH', 'K']",1,VCC,"['AH', 'DH', 'K']"
4516,"['OY', 'DH', 'K']",1,VCC,"['OY', 'DH', 'K']"
4517,"['AA', 'DH', 'K']",1,VCC,"['DH', 'K', '<EOS>']"
4518,"['AY', 'DH', 'K']",1,VCC,"['AY', 'DH', 'K']"
4519,"['ER', 'DH', 'K']",1,VCC,"['ER', 'DH', 'K']"
4520,"['AO', 'DH', 'K']",1,VCC,"['AO', 'DH', 'K']"
4521,"['UW', 'DH', 'K']",1,VCC,"['DH', 'UW', 'K']"
4522,"['IH', 'DH', 'K']",1,VCC,"['IH', 'DH', 'K']"
4523,"['EH', 'DH', 'K']",1,VCC,"['EH', 'DH', 'K']"
4524,"['UH', 'DH', 'K']",1,VCC,"['UH', 'DH', 'K']"
4525,"['IY', 'DH', 'K']",1,VCC,"['IY', 'DH', 'K']"
4526,"['EY', 'DH', 'K']",1,VCC,"['EY', 'DH', 'K']"
4527,"['OW', 'DH', 'K']",1,VCC,"['OW', 'DH', 'K']"
4528,"['AE', 'DH', 'K']",1,VCC,"['AE', 'DH', 'K']"
4529,"['AW', 'DH', 'K']",1,VCC,"['AW', 'DH', 'K']"
4530,"['AH', 'DH', 'B']",1,VCC,"['AH', 'DH', 'B']"
4531,"['OY', 'DH', 'B']",1,VCC,"['OY', 'DH', 'B']"
4532,"['AA', 'DH', 'B']",1,VCC,"['AA', 'DH', 'B']"
4533,"['AY', 'DH', 'B']",1,VCC,"['AY', 'DH', 'B']"
4534,"['ER', 'DH', 'B']",1,VCC,"['ER', 'DH', 'B']"
4535,"['AO', 'DH', 'B']",1,VCC,"['AE', 'B', 'DH']"
4536,"['UW', 'DH', 'B']",1,VCC,"['UW', 'DH', 'B']"
4537,"['IH', 'DH', 'B']",1,VCC,"['IH', 'DH', 'B']"
4538,"['EH', 'DH', 'B']",1,VCC,"['EH', 'DH', 'B']"
4539,"['UH', 'DH', 'B']",1,VCC,"['UH', 'DH', 'B']"
4540,"['IY', 'DH', 'B']",1,VCC,"['IY', 'DH', 'B']"
4541,"['EY', 'DH', 'B']",1,VCC,"['EY', 'DH', 'B']"
4542,"['OW', 'DH', 'B']",1,VCC,"['OW', 'DH', 'B']"
4543,"['AE', 'DH', 'B']",1,VCC,"['AE', 'DH', 'B']"
4544,"['AW', 'DH', 'B']",1,VCC,"['AW', 'DH', 'B']"
4545,"['AH', 'DH', 'D']",1,VCC,"['AH', 'DH', 'D']"
4546,"['OY', 'DH', 'D']",1,VCC,"['OY', 'DH', 'D']"
4547,"['AA', 'DH', 'D']",1,VCC,"['AA', 'DH', 'D']"
4548,"['AY', 'DH', 'D']",1,VCC,"['AY', 'DH', 'D']"
4549,"['ER', 'DH', 'D']",1,VCC,"['ER', 'DH', 'D']"
4550,"['AO', 'DH', 'D']",1,VCC,"['DH', 'AO', 'D']"
4551,"['UW', 'DH', 'D']",1,VCC,"['DH', 'UW', 'D']"
4552,"['IH', 'DH', 'D']",1,VCC,"['IH', 'DH', 'D']"
4553,"['EH', 'DH', 'D']",1,VCC,"['DH', 'EH', 'D']"
4554,"['UH', 'DH', 'D']",1,VCC,"['UH', 'DH', 'D']"
4555,"['IY', 'DH', 'D']",1,VCC,"['IY', 'DH', 'D']"
4556,"['EY', 'DH', 'D']",1,VCC,"['EY', 'DH', 'D']"
4557,"['OW', 'DH', 'D']",1,VCC,"['OW', 'DH', 'D']"
4558,"['AE', 'DH', 'D']",1,VCC,"['AE', 'DH', 'D']"
4559,"['AW', 'DH', 'D']",1,VCC,"['AW', 'DH', 'D']"
4560,"['AH', 'DH', 'G']",1,VCC,"['AH', 'DH', 'G']"
4561,"['OY', 'DH', 'G']",1,VCC,"['OY', 'DH', 'G']"
4562,"['AA', 'DH', 'G']",1,VCC,"['AE', 'DH', 'M']"
4563,"['AY', 'DH', 'G']",1,VCC,"['AY', 'DH', 'G']"
4564,"['ER', 'DH', 'G']",1,VCC,"['DH', 'ER', 'HH']"
4565,"['AO', 'DH', 'G']",1,VCC,"['AE', 'NG', 'G']"
4566,"['UW', 'DH', 'G']",1,VCC,"['DH', 'UW', 'DH']"
4567,"['IH', 'DH', 'G']",1,VCC,"['IH', 'DH', 'G']"
4568,"['EH', 'DH', 'G']",1,VCC,"['EH', 'DH', 'G']"
4569,"['UH', 'DH', 'G']",1,VCC,"['UH', 'DH', 'ER']"
4570,"['IY', 'DH', 'G']",1,VCC,"['IY', 'DH', 'M']"
4571,"['EY', 'DH', 'G']",1,VCC,"['EY', 'DH', 'ER']"
4572,"['OW', 'DH', 'G']",1,VCC,"['OW', 'DH', 'G']"
4573,"['AE', 'DH', 'G']",1,VCC,"['AE', 'DH', 'G']"
4574,"['AW', 'DH', 'G']",1,VCC,"['AW', 'DH', 'G']"
4575,"['AH', 'DH', 'F']",0,VCC,"['AH', 'DH', 'F']"
4576,"['OY', 'DH', 'F']",0,VCC,"['OY', 'DH', 'F']"
4577,"['AA', 'DH', 'F']",0,VCC,"['AA', 'DH', 'F']"
4578,"['AY', 'DH', 'F']",0,VCC,"['AY', 'DH', 'F']"
4579,"['ER', 'DH', 'F']",0,VCC,"['ER', 'DH', 'F']"
4580,"['AO', 'DH', 'F']",0,VCC,"['AO', 'DH', 'F']"
4581,"['UW', 'DH', 'F']",0,VCC,"['DH', 'UW', 'F']"
4582,"['IH', 'DH', 'F']",0,VCC,"['IH', 'DH', 'F']"
4583,"['EH', 'DH', 'F']",0,VCC,"['EH', 'DH', 'F']"
4584,"['UH', 'DH', 'F']",0,VCC,"['UH', 'DH', 'F']"
4585,"['IY', 'DH', 'F']",0,VCC,"['IY', 'DH', 'F']"
4586,"['EY', 'DH', 'F']",0,VCC,"['EY', 'DH', 'F']"
4587,"['OW', 'DH', 'F']",0,VCC,"['OW', 'DH', 'F']"
4588,"['AE', 'DH', 'F']",0,VCC,"['AE', 'DH', 'F']"
4589,"['AW', 'DH', 'F']",0,VCC,"['AW', 'DH', 'F']"
4590,"['AH', 'DH', 'TH']",0,VCC,"['AH', 'DH', 'TH']"
4591,"['OY', 'DH', 'TH']",0,VCC,"['OY', 'DH', 'TH']"
4592,"['AA', 'DH', 'TH']",0,VCC,"['AA', 'DH', 'TH']"
4593,"['AY', 'DH', 'TH']",0,VCC,"['AY', 'DH', 'TH']"
4594,"['ER', 'DH', 'TH']",0,VCC,"['ER', 'DH', 'TH']"
4595,"['AO', 'DH', 'TH']",0,VCC,"['DH', 'AO', 'TH']"
4596,"['UW', 'DH', 'TH']",0,VCC,"['DH', 'UW', 'TH']"
4597,"['IH', 'DH', 'TH']",0,VCC,"['IH', 'DH', 'TH']"
4598,"['EH', 'DH', 'TH']",0,VCC,"['EH', 'DH', 'TH']"
4599,"['UH', 'DH', 'TH']",0,VCC,"['SH', 'IH', 'DH']"
4600,"['IY', 'DH', 'TH']",0,VCC,"['SH', 'DH', 'TH']"
4601,"['EY', 'DH', 'TH']",0,VCC,"['EY', 'DH', 'TH']"
4602,"['OW', 'DH', 'TH']",0,VCC,"['OW', 'DH', 'TH']"
4603,"['AE', 'DH', 'TH']",0,VCC,"['AE', 'DH', 'TH']"
4604,"['AW', 'DH', 'TH']",0,VCC,"['AW', 'DH', 'TH']"
4605,"['AH', 'DH', 'S']",0,VCC,"['AH', 'DH', 'S']"
4606,"['OY', 'DH', 'S']",0,VCC,"['OY', 'DH', 'S']"
4607,"['AA', 'DH', 'S']",0,VCC,"['AA', 'DH', 'S']"
4608,"['AY', 'DH', 'S']",0,VCC,"['AY', 'DH', 'S']"
4609,"['ER', 'DH', 'S']",0,VCC,"['ER', 'DH', 'S']"
4610,"['AO', 'DH', 'S']",0,VCC,"['DH', 'AO', 'S']"
4611,"['UW', 'DH', 'S']",0,VCC,"['DH', 'UW', 'DH']"
4612,"['IH', 'DH', 'S']",0,VCC,"['IH', 'DH', 'S']"
4613,"['EH', 'DH', 'S']",0,VCC,"['EH', 'DH', 'S']"
4614,"['UH', 'DH', 'S']",0,VCC,"['UH', 'DH', 'S']"
4615,"['IY', 'DH', 'S']",0,VCC,"['IY', 'DH', 'S']"
4616,"['EY', 'DH', 'S']",0,VCC,"['EY', 'DH', 'S']"
4617,"['OW', 'DH', 'S']",0,VCC,"['OW', 'DH', 'S']"
4618,"['AE', 'DH', 'S']",0,VCC,"['AE', 'DH', 'S']"
4619,"['AW', 'DH', 'S']",0,VCC,"['AW', 'DH', 'S']"
4620,"['AH', 'DH', 'SH']",0,VCC,"['AH', 'DH', 'SH']"
4621,"['OY', 'DH', 'SH']",0,VCC,"['SH', 'OY', 'DH']"
4622,"['AA', 'DH', 'SH']",0,VCC,"['DH', 'AA', 'SH']"
4623,"['AY', 'DH', 'SH']",0,VCC,"['AY', 'DH', 'SH']"
4624,"['ER', 'DH', 'SH']",0,VCC,"['SH', 'ER', 'DH']"
4625,"['AO', 'DH', 'SH']",0,VCC,"['DH', 'AO', 'SH']"
4626,"['UW', 'DH', 'SH']",0,VCC,"['DH', 'UW', 'SH']"
4627,"['IH', 'DH', 'SH']",0,VCC,"['IH', 'DH', 'SH']"
4628,"['EH', 'DH', 'SH']",0,VCC,"['DH', 'EH', 'SH']"
4629,"['UH', 'DH', 'SH']",0,VCC,"['SH', 'UH', 'DH']"
4630,"['IY', 'DH', 'SH']",0,VCC,"['SH', 'DH', 'SH']"
4631,"['EY', 'DH', 'SH']",0,VCC,"['SH', 'EY', 'DH']"
4632,"['OW', 'DH', 'SH']",0,VCC,"['OW', 'DH', 'SH']"
4633,"['AE', 'DH', 'SH']",0,VCC,"['AE', 'DH', 'SH']"
4634,"['AW', 'DH', 'SH']",0,VCC,"['DH', 'AW', 'SH']"
4635,"['AH', 'DH', 'Z']",0,VCC,"['AH', 'DH', 'Z']"
4636,"['OY', 'DH', 'Z']",0,VCC,"['OY', 'DH', 'Z']"
4637,"['AA', 'DH', 'Z']",0,VCC,"['AA', 'DH', 'Z']"
4638,"['AY', 'DH', 'Z']",0,VCC,"['AY', 'DH', 'Z']"
4639,"['ER', 'DH', 'Z']",0,VCC,"['ER', 'DH', 'Z']"
4640,"['AO', 'DH', 'Z']",0,VCC,"['DH', 'AO', 'Z']"
4641,"['UW', 'DH', 'Z']",0,VCC,"['DH', 'UW', 'Z']"
4642,"['IH', 'DH', 'Z']",0,VCC,"['IH', 'DH', 'Z']"
4643,"['EH', 'DH', 'Z']",0,VCC,"['EH', 'DH', 'Z']"
4644,"['UH', 'DH', 'Z']",0,VCC,"['UH', 'DH', 'Z']"
4645,"['IY', 'DH', 'Z']",0,VCC,"['IY', 'DH', 'Z']"
4646,"['EY', 'DH', 'Z']",0,VCC,"['EY', 'DH', 'Z']"
4647,"['OW', 'DH', 'Z']",0,VCC,"['OW', 'DH', 'Z']"
4648,"['AE', 'DH', 'Z']",0,VCC,"['AE', 'DH', 'Z']"
4649,"['AW', 'DH', 'Z']",0,VCC,"['AW', 'DH', 'Z']"
4650,"['AH', 'DH', 'ZH']",0,VCC,"['AH', 'DH', 'ZH']"
4651,"['OY', 'DH', 'ZH']",0,VCC,"['OY', 'DH', 'ZH']"
4652,"['AA', 'DH', 'ZH']",0,VCC,"['AE', 'DH', 'K']"
4653,"['AY', 'DH', 'ZH']",0,VCC,"['AY', 'DH', 'ZH']"
4654,"['ER', 'DH', 'ZH']",0,VCC,"['ER', 'DH', 'ZH']"
4655,"['AO', 'DH', 'ZH']",0,VCC,"['AE', 'DH', 'K']"
4656,"['UW', 'DH', 'ZH']",0,VCC,"['DH', 'UW', 'ZH']"
4657,"['IH', 'DH', 'ZH']",0,VCC,"['IH', 'DH', 'ZH']"
4658,"['EH', 'DH', 'ZH']",0,VCC,"['EH', 'DH', 'ZH']"
4659,"['UH', 'DH', 'ZH']",0,VCC,"['UH', 'DH', 'ZH']"
4660,"['IY', 'DH', 'ZH']",0,VCC,"['IY', 'DH', 'ZH']"
4661,"['EY', 'DH', 'ZH']",0,VCC,"['EY', 'DH', 'ZH']"
4662,"['OW', 'DH', 'ZH']",0,VCC,"['OW', 'DH', 'ZH']"
4663,"['AE', 'DH', 'ZH']",0,VCC,"['AE', 'DH', 'ZH']"
4664,"['AW', 'DH', 'ZH']",0,VCC,"['DH', 'AW', 'ZH']"
4665,"['AH', 'DH', 'V']",0,VCC,"['AH', 'DH', 'V']"
4666,"['OY', 'DH', 'V']",0,VCC,"['OY', 'DH', 'V']"
4667,"['AA', 'DH', 'V']",0,VCC,"['AA', 'DH', 'V']"
4668,"['AY', 'DH', 'V']",0,VCC,"['AY', 'DH', 'V']"
4669,"['ER', 'DH', 'V']",0,VCC,"['ER', 'DH', 'V']"
4670,"['AO', 'DH', 'V']",0,VCC,"['DH', 'AO', 'V']"
4671,"['UW', 'DH', 'V']",0,VCC,"['DH', 'UW', 'DH']"
4672,"['IH', 'DH', 'V']",0,VCC,"['IH', 'DH', 'V']"
4673,"['EH', 'DH', 'V']",0,VCC,"['DH', 'EH', 'V']"
4674,"['UH', 'DH', 'V']",0,VCC,"['DH', 'UH', 'V']"
4675,"['IY', 'DH', 'V']",0,VCC,"['DH', 'IY', 'V']"
4676,"['EY', 'DH', 'V']",0,VCC,"['EY', 'DH', 'V']"
4677,"['OW', 'DH', 'V']",0,VCC,"['OW', 'DH', 'V']"
4678,"['AE', 'DH', 'V']",0,VCC,"['AE', 'DH', 'V']"
4679,"['AW', 'DH', 'V']",0,VCC,"['DH', 'AW', 'DH']"
4680,"['AH', 'DH', 'HH']",0,VCC,"['AH', 'DH', 'HH']"
4681,"['OY', 'DH', 'HH']",0,VCC,"['OY', 'DH', 'HH']"
4682,"['AA', 'DH', 'HH']",0,VCC,"['AA', 'DH', 'HH']"
4683,"['AY', 'DH', 'HH']",0,VCC,"['AY', 'DH', 'HH']"
4684,"['ER', 'DH', 'HH']",0,VCC,"['ER', 'DH', 'HH']"
4685,"['AO', 'DH', 'HH']",0,VCC,"['M', 'AO', 'DH']"
4686,"['UW', 'DH', 'HH']",0,VCC,"['DH', 'UW', 'DH']"
4687,"['IH', 'DH', 'HH']",0,VCC,"['IH', 'DH', 'HH']"
4688,"['EH', 'DH', 'HH']",0,VCC,"['EH', 'DH', 'HH']"
4689,"['UH', 'DH', 'HH']",0,VCC,"['SH', 'UH', 'K']"
4690,"['IY', 'DH', 'HH']",0,VCC,"['IY', 'DH', 'HH']"
4691,"['EY', 'DH', 'HH']",0,VCC,"['EY', 'DH', 'HH']"
4692,"['OW', 'DH', 'HH']",0,VCC,"['OW', 'DH', 'HH']"
4693,"['AE', 'DH', 'HH']",0,VCC,"['AE', 'DH', 'HH']"
4694,"['AW', 'DH', 'HH']",0,VCC,"['DH', 'AW', 'DH']"
4695,"['AH', 'DH', 'CH']",-1,VCC,"['AH', 'DH', 'CH']"
4696,"['OY', 'DH', 'CH']",-1,VCC,"['OY', 'DH', 'CH']"
4697,"['AA', 'DH', 'CH']",-1,VCC,"['AA', 'DH', 'CH']"
4698,"['AY', 'DH', 'CH']",-1,VCC,"['AY', 'DH', 'CH']"
4699,"['ER', 'DH', 'CH']",-1,VCC,"['ER', 'DH', 'CH']"
4700,"['AO', 'DH', 'CH']",-1,VCC,"['AO', 'DH', 'CH']"
4701,"['UW', 'DH', 'CH']",-1,VCC,"['DH', 'UW', 'CH']"
4702,"['IH', 'DH', 'CH']",-1,VCC,"['IH', 'DH', 'CH']"
4703,"['EH', 'DH', 'CH']",-1,VCC,"['EH', 'DH', 'CH']"
4704,"['UH', 'DH', 'CH']",-1,VCC,"['DH', 'UH', 'CH']"
4705,"['IY', 'DH', 'CH']",-1,VCC,"['IY', 'DH', 'CH']"
4706,"['EY', 'DH', 'CH']",-1,VCC,"['EY', 'DH', 'CH']"
4707,"['OW', 'DH', 'CH']",-1,VCC,"['OW', 'DH', 'CH']"
4708,"['AE', 'DH', 'CH']",-1,VCC,"['AE', 'DH', 'CH']"
4709,"['AW', 'DH', 'CH']",-1,VCC,"['AW', 'DH', 'CH']"
4710,"['AH', 'DH', 'JH']",-1,VCC,"['AH', 'DH', 'JH']"
4711,"['OY', 'DH', 'JH']",-1,VCC,"['OY', 'DH', 'JH']"
4712,"['AA', 'DH', 'JH']",-1,VCC,"['AA', 'DH', 'P']"
4713,"['AY', 'DH', 'JH']",-1,VCC,"['AY', 'DH', 'JH']"
4714,"['ER', 'DH', 'JH']",-1,VCC,"['ER', 'DH', 'AA']"
4715,"['AO', 'DH', 'JH']",-1,VCC,"['DH', 'AO', 'DH']"
4716,"['UW', 'DH', 'JH']",-1,VCC,"['DH', 'UW', 'DH']"
4717,"['IH', 'DH', 'JH']",-1,VCC,"['IH', 'DH', 'JH']"
4718,"['EH', 'DH', 'JH']",-1,VCC,"['EH', 'DH', 'JH']"
4719,"['UH', 'DH', 'JH']",-1,VCC,"['UH', 'DH', 'JH']"
4720,"['IY', 'DH', 'JH']",-1,VCC,"['IY', 'DH', 'V']"
4721,"['EY', 'DH', 'JH']",-1,VCC,"['EY', 'DH', 'JH']"
4722,"['OW', 'DH', 'JH']",-1,VCC,"['OW', 'DH', 'JH']"
4723,"['AE', 'DH', 'JH']",-1,VCC,"['AE', 'DH', 'JH']"
4724,"['AW', 'DH', 'JH']",-1,VCC,"['DH', 'AW', 'DH']"
4725,"['AH', 'DH', 'M']",-2,VCC,"['AH', 'DH', 'M']"
4726,"['OY', 'DH', 'M']",-2,VCC,"['OY', 'DH', 'M']"
4727,"['AA', 'DH', 'M']",-2,VCC,"['AA', 'DH', 'M']"
4728,"['AY', 'DH', 'M']",-2,VCC,"['AY', 'DH', 'M']"
4729,"['ER', 'DH', 'M']",-2,VCC,"['ER', 'DH', 'M']"
4730,"['AO', 'DH', 'M']",-2,VCC,"['DH', 'AO', 'M']"
4731,"['UW', 'DH', 'M']",-2,VCC,"['DH', 'UW', 'M']"
4732,"['IH', 'DH', 'M']",-2,VCC,"['IH', 'DH', 'M']"
4733,"['EH', 'DH', 'M']",-2,VCC,"['EH', 'DH', 'M']"
4734,"['UH', 'DH', 'M']",-2,VCC,"['UH', 'DH', 'M']"
4735,"['IY', 'DH', 'M']",-2,VCC,"['IY', 'DH', 'M']"
4736,"['EY', 'DH', 'M']",-2,VCC,"['EY', 'DH', 'M']"
4737,"['OW', 'DH', 'M']",-2,VCC,"['OW', 'DH', 'M']"
4738,"['AE', 'DH', 'M']",-2,VCC,"['AE', 'DH', 'M']"
4739,"['AW', 'DH', 'M']",-2,VCC,"['AW', 'DH', 'M']"
4740,"['AH', 'DH', 'N']",-2,VCC,"['AH', 'DH', 'N']"
4741,"['OY', 'DH', 'N']",-2,VCC,"['OY', 'DH', 'N']"
4742,"['AA', 'DH', 'N']",-2,VCC,"['DH', 'AA', 'N']"
4743,"['AY', 'DH', 'N']",-2,VCC,"['AY', 'DH', 'N']"
4744,"['ER', 'DH', 'N']",-2,VCC,"['ER', 'DH', 'N']"
4745,"['AO', 'DH', 'N']",-2,VCC,"['DH', 'AO', 'N']"
4746,"['UW', 'DH', 'N']",-2,VCC,"['DH', 'UW', 'N']"
4747,"['IH', 'DH', 'N']",-2,VCC,"['IH', 'DH', 'N']"
4748,"['EH', 'DH', 'N']",-2,VCC,"['EH', 'DH', 'N']"
4749,"['UH', 'DH', 'N']",-2,VCC,"['DH', 'UH', 'N']"
4750,"['IY', 'DH', 'N']",-2,VCC,"['IY', 'DH', 'N']"
4751,"['EY', 'DH', 'N']",-2,VCC,"['EY', 'DH', 'N']"
4752,"['OW', 'DH', 'N']",-2,VCC,"['OW', 'DH', 'N']"
4753,"['AE', 'DH', 'N']",-2,VCC,"['AE', 'DH', 'N']"
4754,"['AW', 'DH', 'N']",-2,VCC,"['DH', 'AW', 'N']"
4755,"['AH', 'DH', 'NG']",-2,VCC,"['AH', 'DH', 'NG']"
4756,"['OY', 'DH', 'NG']",-2,VCC,"['OY', 'DH', 'K']"
4757,"['AA', 'DH', 'NG']",-2,VCC,"['AA', 'DH', 'NG']"
4758,"['AY', 'DH', 'NG']",-2,VCC,"['AY', 'DH', 'NG']"
4759,"['ER', 'DH', 'NG']",-2,VCC,"['ER', 'DH', 'NG']"
4760,"['AO', 'DH', 'NG']",-2,VCC,"['DH', 'AO', 'NG']"
4761,"['UW', 'DH', 'NG']",-2,VCC,"['DH', 'UW', 'NG']"
4762,"['IH', 'DH', 'NG']",-2,VCC,"['IH', 'NG', 'DH']"
4763,"['EH', 'DH', 'NG']",-2,VCC,"['EH', 'DH', 'NG']"
4764,"['UH', 'DH', 'NG']",-2,VCC,"['UH', 'NG', 'DH']"
4765,"['IY', 'DH', 'NG']",-2,VCC,"['IY', 'DH', 'NG']"
4766,"['EY', 'DH', 'NG']",-2,VCC,"['EY', 'DH', 'NG']"
4767,"['OW', 'DH', 'NG']",-2,VCC,"['OW', 'DH', 'NG']"
4768,"['AE', 'DH', 'NG']",-2,VCC,"['AE', 'DH', 'NG']"
4769,"['AW', 'DH', 'NG']",-2,VCC,"['AW', 'DH', 'NG']"
4770,"['AH', 'DH', 'L']",-3,VCC,"['AH', 'DH', 'L']"
4771,"['OY', 'DH', 'L']",-3,VCC,"['OY', 'DH', 'L']"
4772,"['AA', 'DH', 'L']",-3,VCC,"['AA', 'DH', 'L']"
4773,"['AY', 'DH', 'L']",-3,VCC,"['AY', 'DH', 'L']"
4774,"['ER', 'DH', 'L']",-3,VCC,"['ER', 'DH', 'L']"
4775,"['AO', 'DH', 'L']",-3,VCC,"['AE', 'DH', 'L']"
4776,"['UW', 'DH', 'L']",-3,VCC,"['DH', 'UW', 'L']"
4777,"['IH', 'DH', 'L']",-3,VCC,"['IH', 'DH', 'L']"
4778,"['EH', 'DH', 'L']",-3,VCC,"['EH', 'DH', 'L']"
4779,"['UH', 'DH', 'L']",-3,VCC,"['DH', 'UH', 'L']"
4780,"['IY', 'DH', 'L']",-3,VCC,"['IY', 'DH', 'L']"
4781,"['EY', 'DH', 'L']",-3,VCC,"['EY', 'DH', 'L']"
4782,"['OW', 'DH', 'L']",-3,VCC,"['OW', 'DH', 'L']"
4783,"['AE', 'DH', 'L']",-3,VCC,"['AE', 'DH', 'L']"
4784,"['AW', 'DH', 'L']",-3,VCC,"['DH', 'AW', 'L']"
4785,"['AH', 'DH', 'R']",-3,VCC,"['AH', 'DH', 'R']"
4786,"['OY', 'DH', 'R']",-3,VCC,"['OY', 'AE', 'R']"
4787,"['AA', 'DH', 'R']",-3,VCC,"['AA', 'DH', 'R']"
4788,"['AY', 'DH', 'R']",-3,VCC,"['AY', 'DH', 'R']"
4789,"['ER', 'DH', 'R']",-3,VCC,"['ER', 'DH', 'R']"
4790,"['AO', 'DH', 'R']",-3,VCC,"['AE', 'DH', 'AO']"
4791,"['UW', 'DH', 'R']",-3,VCC,"['DH', 'UW', 'R']"
4792,"['IH', 'DH', 'R']",-3,VCC,"['IH', 'DH', 'P']"
4793,"['EH', 'DH', 'R']",-3,VCC,"['EH', 'DH', 'R']"
4794,"['UH', 'DH', 'R']",-3,VCC,"['UH', 'DH', 'R']"
4795,"['IY', 'DH', 'R']",-3,VCC,"['IY', 'DH', 'R']"
4796,"['EY', 'DH', 'R']",-3,VCC,"['EY', 'DH', 'R']"
4797,"['OW', 'DH', 'R']",-3,VCC,"['OW', 'DH', 'R']"
4798,"['AE', 'DH', 'R']",-3,VCC,"['AE', 'DH', 'R']"
4799,"['AW', 'DH', 'R']",-3,VCC,"['DH', 'AW', 'R']"
4800,"['AH', 'DH', 'W']",-4,VCC,"['AH', 'DH', 'W']"
4801,"['OY', 'DH', 'W']",-4,VCC,"['OY', 'DH', 'W']"
4802,"['AA', 'DH', 'W']",-4,VCC,"['AA', 'DH', 'W']"
4803,"['AY', 'DH', 'W']",-4,VCC,"['AY', 'DH', 'W']"
4804,"['ER', 'DH', 'W']",-4,VCC,"['ER', 'DH', 'W']"
4805,"['AO', 'DH', 'W']",-4,VCC,"['DH', 'AO', 'W']"
4806,"['UW', 'DH', 'W']",-4,VCC,"['DH', 'UW', 'W']"
4807,"['IH', 'DH', 'W']",-4,VCC,"['IH', 'DH', 'W']"
4808,"['EH', 'DH', 'W']",-4,VCC,"['EH', 'DH', 'W']"
4809,"['UH', 'DH', 'W']",-4,VCC,"['SH', 'UH', 'W']"
4810,"['IY', 'DH', 'W']",-4,VCC,"['DH', 'IY', 'W']"
4811,"['EY', 'DH', 'W']",-4,VCC,"['EY', 'DH', 'W']"
4812,"['OW', 'DH', 'W']",-4,VCC,"['OW', 'DH', 'W']"
4813,"['AE', 'DH', 'W']",-4,VCC,"['AE', 'DH', 'W']"
4814,"['AW', 'DH', 'W']",-4,VCC,"['DH', 'AW', 'W']"
4815,"['AH', 'DH', 'Y']",-4,VCC,"['AH', 'DH', 'Y']"
4816,"['OY', 'DH', 'Y']",-4,VCC,"['OY', 'DH', 'Y']"
4817,"['AA', 'DH', 'Y']",-4,VCC,"['AA', 'DH', 'P']"
4818,"['AY', 'DH', 'Y']",-4,VCC,"['AY', 'DH', 'Y']"
4819,"['ER', 'DH', 'Y']",-4,VCC,"['ER', 'DH', 'HH']"
4820,"['AO', 'DH', 'Y']",-4,VCC,"['AE', 'DH', 'AO']"
4821,"['UW', 'DH', 'Y']",-4,VCC,"['DH', 'UW', 'IH']"
4822,"['IH', 'DH', 'Y']",-4,VCC,"['IH', 'DH', 'Y']"
4823,"['EH', 'DH', 'Y']",-4,VCC,"['EH', 'DH', 'Y']"
4824,"['UH', 'DH', 'Y']",-4,VCC,"['UH', 'DH', 'Y']"
4825,"['IY', 'DH', 'Y']",-4,VCC,"['IY', 'DH', 'Y']"
4826,"['EY', 'DH', 'Y']",-4,VCC,"['EY', 'DH', 'Y']"
4827,"['OW', 'DH', 'Y']",-4,VCC,"['OW', 'DH', 'Y']"
4828,"['AE', 'DH', 'Y']",-4,VCC,"['AE', 'DH', 'Y']"
4829,"['AW', 'DH', 'Y']",-4,VCC,"['AW', 'DH', 'Y']"
4830,"['AH', 'HH', 'P']",1,VCC,"['AH', 'HH', 'P']"
4831,"['OY', 'HH', 'P']",1,VCC,"['OY', 'HH', 'P']"
4832,"['AA', 'HH', 'P']",1,VCC,"['AA', 'HH', 'P']"
4833,"['AY', 'HH', 'P']",1,VCC,"['AY', 'P', 'HH']"
4834,"['ER', 'HH', 'P']",1,VCC,"['ER', 'HH', 'EH']"
4835,"['AO', 'HH', 'P']",1,VCC,"['AO', 'HH', 'P']"
4836,"['UW', 'HH', 'P']",1,VCC,"['UW', 'HH', 'P']"
4837,"['IH', 'HH', 'P']",1,VCC,"['IH', 'P', 'HH']"
4838,"['EH', 'HH', 'P']",1,VCC,"['EH', 'HH', 'P']"
4839,"['UH', 'HH', 'P']",1,VCC,"['UH', 'HH', 'P']"
4840,"['IY', 'HH', 'P']",1,VCC,"['IY', 'HH', 'P']"
4841,"['EY', 'HH', 'P']",1,VCC,"['EY', 'HH', 'P']"
4842,"['OW', 'HH', 'P']",1,VCC,"['OW', 'P', 'HH']"
4843,"['AE', 'HH', 'P']",1,VCC,"['AE', 'HH', 'P']"
4844,"['AW', 'HH', 'P']",1,VCC,"['AW', 'HH', 'P']"
4845,"['AH', 'HH', 'T']",1,VCC,"['AH', 'HH', 'T']"
4846,"['OY', 'HH', 'T']",1,VCC,"['OY', 'HH', 'T']"
4847,"['AA', 'HH', 'T']",1,VCC,"['AA', 'HH', 'T']"
4848,"['AY', 'HH', 'T']",1,VCC,"['AY', 'HH', 'T']"
4849,"['ER', 'HH', 'T']",1,VCC,"['ER', 'HH', 'T']"
4850,"['AO', 'HH', 'T']",1,VCC,"['AO', 'HH', 'T']"
4851,"['UW', 'HH', 'T']",1,VCC,"['UW', 'HH', 'T']"
4852,"['IH', 'HH', 'T']",1,VCC,"['IH', 'HH', 'T']"
4853,"['EH', 'HH', 'T']",1,VCC,"['EH', 'HH', 'T']"
4854,"['UH', 'HH', 'T']",1,VCC,"['UH', 'T', 'HH']"
4855,"['IY', 'HH', 'T']",1,VCC,"['IY', 'HH', 'T']"
4856,"['EY', 'HH', 'T']",1,VCC,"['EY', 'HH', 'T']"
4857,"['OW', 'HH', 'T']",1,VCC,"['OW', 'HH', 'T']"
4858,"['AE', 'HH', 'T']",1,VCC,"['AE', 'HH', 'T']"
4859,"['AW', 'HH', 'T']",1,VCC,"['AW', 'HH', 'T']"
4860,"['AH', 'HH', 'K']",1,VCC,"['AH', 'K', 'HH']"
4861,"['OY', 'HH', 'K']",1,VCC,"['OY', 'HH', 'K']"
4862,"['AA', 'HH', 'K']",1,VCC,"['AA', 'K', 'HH']"
4863,"['AY', 'HH', 'K']",1,VCC,"['AY', 'HH', 'K']"
4864,"['ER', 'HH', 'K']",1,VCC,"['ER', 'HH', 'K']"
4865,"['AO', 'HH', 'K']",1,VCC,"['AO', 'K', 'HH']"
4866,"['UW', 'HH', 'K']",1,VCC,"['UW', 'HH', 'K']"
4867,"['IH', 'HH', 'K']",1,VCC,"['IH', 'K', 'HH']"
4868,"['EH', 'HH', 'K']",1,VCC,"['EH', 'HH', 'K']"
4869,"['UH', 'HH', 'K']",1,VCC,"['UH', 'K', 'HH']"
4870,"['IY', 'HH', 'K']",1,VCC,"['IY', 'HH', 'K']"
4871,"['EY', 'HH', 'K']",1,VCC,"['EY', 'HH', 'K']"
4872,"['OW', 'HH', 'K']",1,VCC,"['OW', 'HH', 'K']"
4873,"['AE', 'HH', 'K']",1,VCC,"['AE', 'HH', 'K']"
4874,"['AW', 'HH', 'K']",1,VCC,"['AW', 'HH', 'K']"
4875,"['AH', 'HH', 'B']",1,VCC,"['AH', 'B', 'HH']"
4876,"['OY', 'HH', 'B']",1,VCC,"['OY', 'HH', 'B']"
4877,"['AA', 'HH', 'B']",1,VCC,"['AA', 'HH', 'B']"
4878,"['AY', 'HH', 'B']",1,VCC,"['AY', 'HH', 'B']"
4879,"['ER', 'HH', 'B']",1,VCC,"['ER', 'HH', 'B']"
4880,"['AO', 'HH', 'B']",1,VCC,"['AO', 'HH', 'B']"
4881,"['UW', 'HH', 'B']",1,VCC,"['UW', 'HH', 'B']"
4882,"['IH', 'HH', 'B']",1,VCC,"['IH', 'B', 'L']"
4883,"['EH', 'HH', 'B']",1,VCC,"['EH', 'HH', 'B']"
4884,"['UH', 'HH', 'B']",1,VCC,"['UH', 'HH', 'B']"
4885,"['IY', 'HH', 'B']",1,VCC,"['IY', 'HH', 'B']"
4886,"['EY', 'HH', 'B']",1,VCC,"['EY', 'HH', 'B']"
4887,"['OW', 'HH', 'B']",1,VCC,"['OW', 'HH', 'B']"
4888,"['AE', 'HH', 'B']",1,VCC,"['AE', 'HH', 'B']"
4889,"['AW', 'HH', 'B']",1,VCC,"['AW', 'HH', 'B']"
4890,"['AH', 'HH', 'D']",1,VCC,"['AH', 'HH', 'D']"
4891,"['OY', 'HH', 'D']",1,VCC,"['OY', 'HH', 'D']"
4892,"['AA', 'HH', 'D']",1,VCC,"['AA', 'HH', 'D']"
4893,"['AY', 'HH', 'D']",1,VCC,"['AY', 'HH', 'D']"
4894,"['ER', 'HH', 'D']",1,VCC,"['ER', 'HH', 'D']"
4895,"['AO', 'HH', 'D']",1,VCC,"['AO', 'HH', 'D']"
4896,"['UW', 'HH', 'D']",1,VCC,"['UW', 'HH', 'D']"
4897,"['IH', 'HH', 'D']",1,VCC,"['IH', 'HH', 'D']"
4898,"['EH', 'HH', 'D']",1,VCC,"['EH', 'HH', 'D']"
4899,"['UH', 'HH', 'D']",1,VCC,"['UH', 'HH', 'D']"
4900,"['IY', 'HH', 'D']",1,VCC,"['IY', 'HH', 'D']"
4901,"['EY', 'HH', 'D']",1,VCC,"['EY', 'HH', 'D']"
4902,"['OW', 'HH', 'D']",1,VCC,"['OW', 'HH', 'D']"
4903,"['AE', 'HH', 'D']",1,VCC,"['AE', 'HH', 'D']"
4904,"['AW', 'HH', 'D']",1,VCC,"['AW', 'HH', 'D']"
4905,"['AH', 'HH', 'G']",1,VCC,"['AH', 'G', 'HH']"
4906,"['OY', 'HH', 'G']",1,VCC,"['OY', 'G', 'HH']"
4907,"['AA', 'HH', 'G']",1,VCC,"['HH', 'AA', 'G']"
4908,"['AY', 'HH', 'G']",1,VCC,"['AY', 'HH', 'G']"
4909,"['ER', 'HH', 'G']",1,VCC,"['ER', 'HH', 'G']"
4910,"['AO', 'HH', 'G']",1,VCC,"['AO', 'G', 'HH']"
4911,"['UW', 'HH', 'G']",1,VCC,"['UW', 'G', 'HH']"
4912,"['IH', 'HH', 'G']",1,VCC,"['HH', 'IH', 'G']"
4913,"['EH', 'HH', 'G']",1,VCC,"['EH', 'G', 'HH']"
4914,"['UH', 'HH', 'G']",1,VCC,"['UH', 'G', 'HH']"
4915,"['IY', 'HH', 'G']",1,VCC,"['HH', 'IY', 'G']"
4916,"['EY', 'HH', 'G']",1,VCC,"['EY', 'HH', 'G']"
4917,"['OW', 'HH', 'G']",1,VCC,"['OW', 'HH', 'G']"
4918,"['AE', 'HH', 'G']",1,VCC,"['AE', 'HH', 'G']"
4919,"['AW', 'HH', 'G']",1,VCC,"['AW', 'HH', 'G']"
4920,"['AH', 'HH', 'F']",0,VCC,"['AH', 'HH', 'F']"
4921,"['OY', 'HH', 'F']",0,VCC,"['OY', 'HH', 'F']"
4922,"['AA', 'HH', 'F']",0,VCC,"['AA', 'HH', 'F']"
4923,"['AY', 'HH', 'F']",0,VCC,"['AY', 'HH', 'F']"
4924,"['ER', 'HH', 'F']",0,VCC,"['ER', 'HH', 'F']"
4925,"['AO', 'HH', 'F']",0,VCC,"['AO', 'HH', 'F']"
4926,"['UW', 'HH', 'F']",0,VCC,"['UW', 'HH', 'F']"
4927,"['IH', 'HH', 'F']",0,VCC,"['IH', 'F', 'HH']"
4928,"['EH', 'HH', 'F']",0,VCC,"['EH', 'HH', 'F']"
4929,"['UH', 'HH', 'F']",0,VCC,"['UH', 'HH', 'F']"
4930,"['IY', 'HH', 'F']",0,VCC,"['IY', 'HH', 'F']"
4931,"['EY', 'HH', 'F']",0,VCC,"['EY', 'HH', 'F']"
4932,"['OW', 'HH', 'F']",0,VCC,"['OW', 'HH', 'F']"
4933,"['AE', 'HH', 'F']",0,VCC,"['AE', 'HH', 'F']"
4934,"['AW', 'HH', 'F']",0,VCC,"['AW', 'HH', 'F']"
4935,"['AH', 'HH', 'TH']",0,VCC,"['AH', 'TH', 'HH']"
4936,"['OY', 'HH', 'TH']",0,VCC,"['OY', 'HH', 'TH']"
4937,"['AA', 'HH', 'TH']",0,VCC,"['AA', 'HH', 'TH']"
4938,"['AY', 'HH', 'TH']",0,VCC,"['AY', 'HH', 'TH']"
4939,"['ER', 'HH', 'TH']",0,VCC,"['ER', 'HH', 'TH']"
4940,"['AO', 'HH', 'TH']",0,VCC,"['AO', 'R', 'TH']"
4941,"['UW', 'HH', 'TH']",0,VCC,"['UW', 'HH', 'TH']"
4942,"['IH', 'HH', 'TH']",0,VCC,"['IH', 'TH', 'HH']"
4943,"['EH', 'HH', 'TH']",0,VCC,"['EH', 'HH', 'TH']"
4944,"['UH', 'HH', 'TH']",0,VCC,"['UH', 'HH', 'TH']"
4945,"['IY', 'HH', 'TH']",0,VCC,"['IY', 'HH', 'TH']"
4946,"['EY', 'HH', 'TH']",0,VCC,"['EY', 'HH', 'TH']"
4947,"['OW', 'HH', 'TH']",0,VCC,"['OW', 'HH', 'TH']"
4948,"['AE', 'HH', 'TH']",0,VCC,"['AE', 'NG', 'HH']"
4949,"['AW', 'HH', 'TH']",0,VCC,"['AW', 'HH', 'TH']"
4950,"['AH', 'HH', 'S']",0,VCC,"['AH', 'HH', 'S']"
4951,"['OY', 'HH', 'S']",0,VCC,"['OY', 'HH', 'S']"
4952,"['AA', 'HH', 'S']",0,VCC,"['AA', 'HH', 'S']"
4953,"['AY', 'HH', 'S']",0,VCC,"['AY', 'HH', 'S']"
4954,"['ER', 'HH', 'S']",0,VCC,"['ER', 'HH', 'EH']"
4955,"['AO', 'HH', 'S']",0,VCC,"['AO', 'HH', 'S']"
4956,"['UW', 'HH', 'S']",0,VCC,"['UW', 'HH', 'S']"
4957,"['IH', 'HH', 'S']",0,VCC,"['IH', 'HH', 'S']"
4958,"['EH', 'HH', 'S']",0,VCC,"['EH', 'HH', 'S']"
4959,"['UH', 'HH', 'S']",0,VCC,"['UH', 'HH', 'S']"
4960,"['IY', 'HH', 'S']",0,VCC,"['IY', 'HH', 'S']"
4961,"['EY', 'HH', 'S']",0,VCC,"['EY', 'HH', 'S']"
4962,"['OW', 'HH', 'S']",0,VCC,"['OW', 'HH', 'S']"
4963,"['AE', 'HH', 'S']",0,VCC,"['AE', 'HH', 'S']"
4964,"['AW', 'HH', 'S']",0,VCC,"['AW', 'HH', 'S']"
4965,"['AH', 'HH', 'SH']",0,VCC,"['AH', 'SH', 'HH']"
4966,"['OY', 'HH', 'SH']",0,VCC,"['OY', 'SH', 'HH']"
4967,"['AA', 'HH', 'SH']",0,VCC,"['HH', 'AA', 'SH']"
4968,"['AY', 'HH', 'SH']",0,VCC,"['AY', 'HH', 'SH']"
4969,"['ER', 'HH', 'SH']",0,VCC,"['ER', 'HH', 'AE']"
4970,"['AO', 'HH', 'SH']",0,VCC,"['AO', 'SH', 'HH']"
4971,"['UW', 'HH', 'SH']",0,VCC,"['UW', 'HH', 'SH']"
4972,"['IH', 'HH', 'SH']",0,VCC,"['HH', 'IH', 'SH']"
4973,"['EH', 'HH', 'SH']",0,VCC,"['EH', 'HH', 'SH']"
4974,"['UH', 'HH', 'SH']",0,VCC,"['UH', 'SH', 'HH']"
4975,"['IY', 'HH', 'SH']",0,VCC,"['SH', 'HH', 'IY']"
4976,"['EY', 'HH', 'SH']",0,VCC,"['EY', 'HH', 'SH']"
4977,"['OW', 'HH', 'SH']",0,VCC,"['OW', 'HH', 'SH']"
4978,"['AE', 'HH', 'SH']",0,VCC,"['AE', 'HH', 'SH']"
4979,"['AW', 'HH', 'SH']",0,VCC,"['AW', 'HH', 'SH']"
4980,"['AH', 'HH', 'Z']",0,VCC,"['AH', 'HH', 'Z']"
4981,"['OY', 'HH', 'Z']",0,VCC,"['OY', 'HH', 'UH']"
4982,"['AA', 'HH', 'Z']",0,VCC,"['AA', 'HH', 'Z']"
4983,"['AY', 'HH', 'Z']",0,VCC,"['AY', 'HH', 'Z']"
4984,"['ER', 'HH', 'Z']",0,VCC,"['ER', 'HH', 'Z']"
4985,"['AO', 'HH', 'Z']",0,VCC,"['AO', 'G', 'Z']"
4986,"['UW', 'HH', 'Z']",0,VCC,"['UW', 'HH', 'Z']"
4987,"['IH', 'HH', 'Z']",0,VCC,"['IH', 'HH', 'Z']"
4988,"['EH', 'HH', 'Z']",0,VCC,"['EH', 'HH', 'Z']"
4989,"['UH', 'HH', 'Z']",0,VCC,"['UH', 'HH', 'Z']"
4990,"['IY', 'HH', 'Z']",0,VCC,"['IY', 'HH', 'Z']"
4991,"['EY', 'HH', 'Z']",0,VCC,"['EY', 'HH', 'Z']"
4992,"['OW', 'HH', 'Z']",0,VCC,"['OW', 'HH', 'Z']"
4993,"['AE', 'HH', 'Z']",0,VCC,"['AE', 'HH', 'Z']"
4994,"['AW', 'HH', 'Z']",0,VCC,"['AW', 'HH', 'Z']"
4995,"['AH', 'HH', 'ZH']",0,VCC,"['AH', 'HH', 'ZH']"
4996,"['OY', 'HH', 'ZH']",0,VCC,"['OY', 'HH', 'ZH']"
4997,"['AA', 'HH', 'ZH']",0,VCC,"['AA', 'HH', 'ZH']"
4998,"['AY', 'HH', 'ZH']",0,VCC,"['AY', 'HH', '<EOS>']"
4999,"['ER', 'HH', 'ZH']",0,VCC,"['ER', 'HH', 'AE']"
5000,"['AO', 'HH', 'ZH']",0,VCC,"['AO', 'HH', 'ZH']"
5001,"['UW', 'HH', 'ZH']",0,VCC,"['UW', 'HH', 'AE']"
5002,"['IH', 'HH', 'ZH']",0,VCC,"['IH', 'HH', 'ZH']"
5003,"['EH', 'HH', 'ZH']",0,VCC,"['EH', 'HH', 'ZH']"
5004,"['UH', 'HH', 'ZH']",0,VCC,"['UH', 'HH', 'AE']"
5005,"['IY', 'HH', 'ZH']",0,VCC,"['ER', 'HH', 'IY']"
5006,"['EY', 'HH', 'ZH']",0,VCC,"['EY', 'HH', 'UH']"
5007,"['OW', 'HH', 'ZH']",0,VCC,"['OW', 'HH', 'ZH']"
5008,"['AE', 'HH', 'ZH']",0,VCC,"['AE', 'HH', 'ZH']"
5009,"['AW', 'HH', 'ZH']",0,VCC,"['AW', 'HH', 'ZH']"
5010,"['AH', 'HH', 'V']",0,VCC,"['AH', 'HH', 'V']"
5011,"['OY', 'HH', 'V']",0,VCC,"['OY', 'HH', 'V']"
5012,"['AA', 'HH', 'V']",0,VCC,"['AA', 'HH', 'V']"
5013,"['AY', 'HH', 'V']",0,VCC,"['AY', 'V', 'HH']"
5014,"['ER', 'HH', 'V']",0,VCC,"['ER', 'HH', 'V']"
5015,"['AO', 'HH', 'V']",0,VCC,"['AO', 'HH', 'V']"
5016,"['UW', 'HH', 'V']",0,VCC,"['UW', 'V', 'HH']"
5017,"['IH', 'HH', 'V']",0,VCC,"['IH', 'V', 'HH']"
5018,"['EH', 'HH', 'V']",0,VCC,"['EH', 'HH', 'V']"
5019,"['UH', 'HH', 'V']",0,VCC,"['UH', 'R', 'V']"
5020,"['IY', 'HH', 'V']",0,VCC,"['HH', 'IY', 'V']"
5021,"['EY', 'HH', 'V']",0,VCC,"['EY', 'HH', 'V']"
5022,"['OW', 'HH', 'V']",0,VCC,"['OW', 'V', 'HH']"
5023,"['AE', 'HH', 'V']",0,VCC,"['AE', 'HH', 'V']"
5024,"['AW', 'HH', 'V']",0,VCC,"['AW', 'HH', 'V']"
5025,"['AH', 'HH', 'DH']",0,VCC,"['AH', 'DH', 'HH']"
5026,"['OY', 'HH', 'DH']",0,VCC,"['OY', 'HH', 'DH']"
5027,"['AA', 'HH', 'DH']",0,VCC,"['HH', 'AA', 'DH']"
5028,"['AY', 'HH', 'DH']",0,VCC,"['AY', 'DH', 'HH']"
5029,"['ER', 'HH', 'DH']",0,VCC,"['ER', 'HH', 'DH']"
5030,"['AO', 'HH', 'DH']",0,VCC,"['AO', 'DH', 'HH']"
5031,"['UW', 'HH', 'DH']",0,VCC,"['UW', 'DH', 'HH']"
5032,"['IH', 'HH', 'DH']",0,VCC,"['IH', 'DH', 'HH']"
5033,"['EH', 'HH', 'DH']",0,VCC,"['EH', 'DH', 'HH']"
5034,"['UH', 'HH', 'DH']",0,VCC,"['UH', 'HH', 'DH']"
5035,"['IY', 'HH', 'DH']",0,VCC,"['HH', 'IY', 'DH']"
5036,"['EY', 'HH', 'DH']",0,VCC,"['EY', 'HH', 'DH']"
5037,"['OW', 'HH', 'DH']",0,VCC,"['OW', 'DH', 'HH']"
5038,"['AE', 'HH', 'DH']",0,VCC,"['AE', 'DH', 'HH']"
5039,"['AW', 'HH', 'DH']",0,VCC,"['AW', 'DH', 'HH']"
5040,"['AH', 'HH', 'CH']",-1,VCC,"['AH', 'HH', 'CH']"
5041,"['OY', 'HH', 'CH']",-1,VCC,"['OY', 'HH', 'CH']"
5042,"['AA', 'HH', 'CH']",-1,VCC,"['AA', 'HH', 'CH']"
5043,"['AY', 'HH', 'CH']",-1,VCC,"['AY', 'HH', 'CH']"
5044,"['ER', 'HH', 'CH']",-1,VCC,"['ER', 'HH', 'CH']"
5045,"['AO', 'HH', 'CH']",-1,VCC,"['AO', 'HH', 'CH']"
5046,"['UW', 'HH', 'CH']",-1,VCC,"['UW', 'HH', 'CH']"
5047,"['IH', 'HH', 'CH']",-1,VCC,"['IH', 'CH', 'K']"
5048,"['EH', 'HH', 'CH']",-1,VCC,"['EH', 'HH', 'CH']"
5049,"['UH', 'HH', 'CH']",-1,VCC,"['UH', 'HH', 'CH']"
5050,"['IY', 'HH', 'CH']",-1,VCC,"['IY', 'HH', 'CH']"
5051,"['EY', 'HH', 'CH']",-1,VCC,"['EY', 'HH', 'CH']"
5052,"['OW', 'HH', 'CH']",-1,VCC,"['OW', 'HH', 'CH']"
5053,"['AE', 'HH', 'CH']",-1,VCC,"['AE', 'HH', 'CH']"
5054,"['AW', 'HH', 'CH']",-1,VCC,"['AW', 'CH', 'HH']"
5055,"['AH', 'HH', 'JH']",-1,VCC,"['AH', 'HH', 'JH']"
5056,"['OY', 'HH', 'JH']",-1,VCC,"['OY', 'HH', 'JH']"
5057,"['AA', 'HH', 'JH']",-1,VCC,"['AA', 'HH', 'JH']"
5058,"['AY', 'HH', 'JH']",-1,VCC,"['AY', 'HH', 'JH']"
5059,"['ER', 'HH', 'JH']",-1,VCC,"['ER', 'HH', 'EH']"
5060,"['AO', 'HH', 'JH']",-1,VCC,"['AO', 'HH', 'JH']"
5061,"['UW', 'HH', 'JH']",-1,VCC,"['UW', 'HH', 'JH']"
5062,"['IH', 'HH', 'JH']",-1,VCC,"['IH', 'HH', 'JH']"
5063,"['EH', 'HH', 'JH']",-1,VCC,"['EH', 'HH', 'JH']"
5064,"['UH', 'HH', 'JH']",-1,VCC,"['UH', 'HH', 'JH']"
5065,"['IY', 'HH', 'JH']",-1,VCC,"['IY', 'HH', 'JH']"
5066,"['EY', 'HH', 'JH']",-1,VCC,"['EY', 'HH', 'JH']"
5067,"['OW', 'HH', 'JH']",-1,VCC,"['OW', 'HH', 'JH']"
5068,"['AE', 'HH', 'JH']",-1,VCC,"['AE', 'HH', 'JH']"
5069,"['AW', 'HH', 'JH']",-1,VCC,"['AW', 'HH', 'JH']"
5070,"['AH', 'HH', 'M']",-2,VCC,"['AH', 'HH', 'M']"
5071,"['OY', 'HH', 'M']",-2,VCC,"['OY', 'HH', 'M']"
5072,"['AA', 'HH', 'M']",-2,VCC,"['AA', 'HH', 'M']"
5073,"['AY', 'HH', 'M']",-2,VCC,"['AY', 'HH', 'M']"
5074,"['ER', 'HH', 'M']",-2,VCC,"['ER', 'HH', 'M']"
5075,"['AO', 'HH', 'M']",-2,VCC,"['AO', 'HH', 'M']"
5076,"['UW', 'HH', 'M']",-2,VCC,"['UW', 'HH', 'M']"
5077,"['IH', 'HH', 'M']",-2,VCC,"['IH', 'M', 'HH']"
5078,"['EH', 'HH', 'M']",-2,VCC,"['EH', 'M', 'HH']"
5079,"['UH', 'HH', 'M']",-2,VCC,"['UH', 'M', 'HH']"
5080,"['IY', 'HH', 'M']",-2,VCC,"['EH', 'M', 'HH']"
5081,"['EY', 'HH', 'M']",-2,VCC,"['EY', 'HH', 'M']"
5082,"['OW', 'HH', 'M']",-2,VCC,"['OW', 'HH', 'M']"
5083,"['AE', 'HH', 'M']",-2,VCC,"['AE', 'HH', 'M']"
5084,"['AW', 'HH', 'M']",-2,VCC,"['AW', 'HH', 'M']"
5085,"['AH', 'HH', 'N']",-2,VCC,"['AH', 'HH', 'N']"
5086,"['OY', 'HH', 'N']",-2,VCC,"['OY', 'N', 'HH']"
5087,"['AA', 'HH', 'N']",-2,VCC,"['AA', 'N', 'HH']"
5088,"['AY', 'HH', 'N']",-2,VCC,"['AY', 'HH', 'N']"
5089,"['ER', 'HH', 'N']",-2,VCC,"['ER', 'HH', 'N']"
5090,"['AO', 'HH', 'N']",-2,VCC,"['AO', 'HH', 'N']"
5091,"['UW', 'HH', 'N']",-2,VCC,"['UW', 'HH', 'N']"
5092,"['IH', 'HH', 'N']",-2,VCC,"['IH', 'HH', 'N']"
5093,"['EH', 'HH', 'N']",-2,VCC,"['EH', 'HH', 'N']"
5094,"['UH', 'HH', 'N']",-2,VCC,"['UH', 'UH', 'N']"
5095,"['IY', 'HH', 'N']",-2,VCC,"['IY', 'HH', 'N']"
5096,"['EY', 'HH', 'N']",-2,VCC,"['EY', 'HH', 'N']"
5097,"['OW', 'HH', 'N']",-2,VCC,"['OW', 'HH', 'N']"
5098,"['AE', 'HH', 'N']",-2,VCC,"['AE', 'NG', 'HH']"
5099,"['AW', 'HH', 'N']",-2,VCC,"['AW', 'N', 'HH']"
5100,"['AH', 'HH', 'NG']",-2,VCC,"['AH', 'NG', 'HH']"
5101,"['OY', 'HH', 'NG']",-2,VCC,"['OY', 'NG', 'HH']"
5102,"['AA', 'HH', 'NG']",-2,VCC,"['AA', 'NG', 'HH']"
5103,"['AY', 'HH', 'NG']",-2,VCC,"['AY', 'NG', 'HH']"
5104,"['ER', 'HH', 'NG']",-2,VCC,"['ER', 'HH', 'NG']"
5105,"['AO', 'HH', 'NG']",-2,VCC,"['AO', 'NG', 'HH']"
5106,"['UW', 'HH', 'NG']",-2,VCC,"['UW', 'NG', 'HH']"
5107,"['IH', 'HH', 'NG']",-2,VCC,"['IH', 'NG', 'HH']"
5108,"['EH', 'HH', 'NG']",-2,VCC,"['EH', 'NG', 'HH']"
5109,"['UH', 'HH', 'NG']",-2,VCC,"['UH', 'NG', 'HH']"
5110,"['IY', 'HH', 'NG']",-2,VCC,"['IY', 'NG', 'HH']"
5111,"['EY', 'HH', 'NG']",-2,VCC,"['EY', 'NG', 'HH']"
5112,"['OW', 'HH', 'NG']",-2,VCC,"['OW', 'NG', 'HH']"
5113,"['AE', 'HH', 'NG']",-2,VCC,"['AE', 'NG', 'HH']"
5114,"['AW', 'HH', 'NG']",-2,VCC,"['AW', 'HH', 'NG']"
5115,"['AH', 'HH', 'L']",-3,VCC,"['AH', 'HH', 'L']"
5116,"['OY', 'HH', 'L']",-3,VCC,"['OY', 'HH', 'L']"
5117,"['AA', 'HH', 'L']",-3,VCC,"['AA', 'HH', 'L']"
5118,"['AY', 'HH', 'L']",-3,VCC,"['AY', 'HH', 'L']"
5119,"['ER', 'HH', 'L']",-3,VCC,"['ER', 'HH', 'L']"
5120,"['AO', 'HH', 'L']",-3,VCC,"['AO', 'HH', 'L']"
5121,"['UW', 'HH', 'L']",-3,VCC,"['UW', 'HH', 'L']"
5122,"['IH', 'HH', 'L']",-3,VCC,"['IH', 'HH', 'L']"
5123,"['EH', 'HH', 'L']",-3,VCC,"['EH', 'HH', 'L']"
5124,"['UH', 'HH', 'L']",-3,VCC,"['UH', 'HH', 'L']"
5125,"['IY', 'HH', 'L']",-3,VCC,"['IY', 'HH', 'L']"
5126,"['EY', 'HH', 'L']",-3,VCC,"['EY', 'HH', 'L']"
5127,"['OW', 'HH', 'L']",-3,VCC,"['OW', 'HH', 'L']"
5128,"['AE', 'HH', 'L']",-3,VCC,"['AE', 'HH', 'L']"
5129,"['AW', 'HH', 'L']",-3,VCC,"['AW', 'HH', 'L']"
5130,"['AH', 'HH', 'R']",-3,VCC,"['AH', 'HH', 'R']"
5131,"['OY', 'HH', 'R']",-3,VCC,"['OY', 'HH', 'R']"
5132,"['AA', 'HH', 'R']",-3,VCC,"['AA', 'R', 'HH']"
5133,"['AY', 'HH', 'R']",-3,VCC,"['AY', 'HH', 'R']"
5134,"['ER', 'HH', 'R']",-3,VCC,"['ER', 'HH', 'R']"
5135,"['AO', 'HH', 'R']",-3,VCC,"['AO', 'R', 'HH']"
5136,"['UW', 'HH', 'R']",-3,VCC,"['UW', 'HH', 'R']"
5137,"['IH', 'HH', 'R']",-3,VCC,"['IH', 'R', 'HH']"
5138,"['EH', 'HH', 'R']",-3,VCC,"['EH', 'R', 'HH']"
5139,"['UH', 'HH', 'R']",-3,VCC,"['UH', 'R', 'HH']"
5140,"['IY', 'HH', 'R']",-3,VCC,"['HH', 'IY', 'R']"
5141,"['EY', 'HH', 'R']",-3,VCC,"['EY', 'HH', 'R']"
5142,"['OW', 'HH', 'R']",-3,VCC,"['OW', 'HH', 'R']"
5143,"['AE', 'HH', 'R']",-3,VCC,"['AE', 'HH', 'R']"
5144,"['AW', 'HH', 'R']",-3,VCC,"['AW', 'HH', 'R']"
5145,"['AH', 'HH', 'W']",-4,VCC,"['AH', 'HH', 'W']"
5146,"['OY', 'HH', 'W']",-4,VCC,"['OY', 'HH', 'W']"
5147,"['AA', 'HH', 'W']",-4,VCC,"['AA', 'HH', 'W']"
5148,"['AY', 'HH', 'W']",-4,VCC,"['AY', 'HH', 'W']"
5149,"['ER', 'HH', 'W']",-4,VCC,"['ER', 'HH', 'W']"
5150,"['AO', 'HH', 'W']",-4,VCC,"['AO', 'HH', 'W']"
5151,"['UW', 'HH', 'W']",-4,VCC,"['UW', 'HH', 'W']"
5152,"['IH', 'HH', 'W']",-4,VCC,"['IH', 'HH', 'W']"
5153,"['EH', 'HH', 'W']",-4,VCC,"['EH', 'HH', 'W']"
5154,"['UH', 'HH', 'W']",-4,VCC,"['ER', 'HH', 'UH']"
5155,"['IY', 'HH', 'W']",-4,VCC,"['ER', 'HH', 'W']"
5156,"['EY', 'HH', 'W']",-4,VCC,"['EY', 'HH', 'W']"
5157,"['OW', 'HH', 'W']",-4,VCC,"['OW', 'HH', 'W']"
5158,"['AE', 'HH', 'W']",-4,VCC,"['AE', 'HH', 'W']"
5159,"['AW', 'HH', 'W']",-4,VCC,"['AW', 'HH', 'W']"
5160,"['AH', 'HH', 'Y']",-4,VCC,"['AH', 'HH', 'Y']"
5161,"['OY', 'HH', 'Y']",-4,VCC,"['OY', 'HH', 'Y']"
5162,"['AA', 'HH', 'Y']",-4,VCC,"['AA', 'HH', 'Y']"
5163,"['AY', 'HH', 'Y']",-4,VCC,"['AY', 'HH', 'Y']"
5164,"['ER', 'HH', 'Y']",-4,VCC,"['ER', 'HH', 'Y']"
5165,"['AO', 'HH', 'Y']",-4,VCC,"['AO', 'HH', 'Y']"
5166,"['UW', 'HH', 'Y']",-4,VCC,"['UW', 'HH', 'Y']"
5167,"['IH', 'HH', 'Y']",-4,VCC,"['IH', 'HH', 'Y']"
5168,"['EH', 'HH', 'Y']",-4,VCC,"['EH', 'HH', 'Y']"
5169,"['UH', 'HH', 'Y']",-4,VCC,"['UH', 'HH', 'Y']"
5170,"['IY', 'HH', 'Y']",-4,VCC,"['IY', 'HH', 'Y']"
5171,"['EY', 'HH', 'Y']",-4,VCC,"['EY', 'HH', 'Y']"
5172,"['OW', 'HH', 'Y']",-4,VCC,"['OW', 'HH', 'Y']"
5173,"['AE', 'HH', 'Y']",-4,VCC,"['AE', 'HH', 'Y']"
5174,"['AW', 'HH', 'Y']",-4,VCC,"['AW', 'HH', 'Y']"
5175,"['AH', 'CH', 'P']",2,VCC,"['AH', 'CH', 'P']"
5176,"['OY', 'CH', 'P']",2,VCC,"['OY', 'R', 'P']"
5177,"['AA', 'CH', 'P']",2,VCC,"['AA', 'CH', 'P']"
5178,"['AY', 'CH', 'P']",2,VCC,"['AY', 'P', 'CH']"
5179,"['ER', 'CH', 'P']",2,VCC,"['ER', 'CH', 'P']"
5180,"['AO', 'CH', 'P']",2,VCC,"['AO', 'NG', 'P']"
5181,"['UW', 'CH', 'P']",2,VCC,"['UW', 'CH', 'P']"
5182,"['IH', 'CH', 'P']",2,VCC,"['IH', 'CH', 'P']"
5183,"['EH', 'CH', 'P']",2,VCC,"['EH', 'CH', 'P']"
5184,"['UH', 'CH', 'P']",2,VCC,"['UH', 'P', 'CH']"
5185,"['IY', 'CH', 'P']",2,VCC,"['IY', 'CH', 'P']"
5186,"['EY', 'CH', 'P']",2,VCC,"['EY', 'CH', 'P']"
5187,"['OW', 'CH', 'P']",2,VCC,"['OW', 'CH', 'P']"
5188,"['AE', 'CH', 'P']",2,VCC,"['AE', 'NG', 'P']"
5189,"['AW', 'CH', 'P']",2,VCC,"['AW', 'CH', 'P']"
5190,"['AH', 'CH', 'T']",2,VCC,"['AH', 'CH', 'T']"
5191,"['OY', 'CH', 'T']",2,VCC,"['OY', 'CH', 'T']"
5192,"['AA', 'CH', 'T']",2,VCC,"['AA', 'CH', 'T']"
5193,"['AY', 'CH', 'T']",2,VCC,"['AY', 'CH', 'T']"
5194,"['ER', 'CH', 'T']",2,VCC,"['ER', 'CH', 'T']"
5195,"['AO', 'CH', 'T']",2,VCC,"['AO', 'CH', 'T']"
5196,"['UW', 'CH', 'T']",2,VCC,"['UW', 'CH', 'T']"
5197,"['IH', 'CH', 'T']",2,VCC,"['IH', 'CH', 'T']"
5198,"['EH', 'CH', 'T']",2,VCC,"['EH', 'CH', 'T']"
5199,"['UH', 'CH', 'T']",2,VCC,"['CH', 'UH', 'T']"
5200,"['IY', 'CH', 'T']",2,VCC,"['IY', 'CH', 'T']"
5201,"['EY', 'CH', 'T']",2,VCC,"['EY', 'CH', 'T']"
5202,"['OW', 'CH', 'T']",2,VCC,"['OW', 'CH', 'T']"
5203,"['AE', 'CH', 'T']",2,VCC,"['AE', 'CH', 'T']"
5204,"['AW', 'CH', 'T']",2,VCC,"['AW', 'CH', 'T']"
5205,"['AH', 'CH', 'K']",2,VCC,"['AH', 'CH', 'K']"
5206,"['OY', 'CH', 'K']",2,VCC,"['OY', 'CH', 'K']"
5207,"['AA', 'CH', 'K']",2,VCC,"['AA', 'CH', 'K']"
5208,"['AY', 'CH', 'K']",2,VCC,"['AY', 'CH', 'K']"
5209,"['ER', 'CH', 'K']",2,VCC,"['ER', 'CH', 'K']"
5210,"['AO', 'CH', 'K']",2,VCC,"['AO', 'CH', 'K']"
5211,"['UW', 'CH', 'K']",2,VCC,"['UW', 'CH', 'K']"
5212,"['IH', 'CH', 'K']",2,VCC,"['IH', 'CH', 'K']"
5213,"['EH', 'CH', 'K']",2,VCC,"['EH', 'CH', 'K']"
5214,"['UH', 'CH', 'K']",2,VCC,"['UH', 'K', 'CH']"
5215,"['IY', 'CH', 'K']",2,VCC,"['IY', 'CH', 'K']"
5216,"['EY', 'CH', 'K']",2,VCC,"['EY', 'CH', 'K']"
5217,"['OW', 'CH', 'K']",2,VCC,"['OW', 'CH', 'K']"
5218,"['AE', 'CH', 'K']",2,VCC,"['AE', 'CH', 'K']"
5219,"['AW', 'CH', 'K']",2,VCC,"['AW', 'CH', 'K']"
5220,"['AH', 'CH', 'B']",2,VCC,"['AH', 'CH', 'B']"
5221,"['OY', 'CH', 'B']",2,VCC,"['OY', 'CH', 'B']"
5222,"['AA', 'CH', 'B']",2,VCC,"['AA', 'CH', 'B']"
5223,"['AY', 'CH', 'B']",2,VCC,"['AY', 'CH', 'B']"
5224,"['ER', 'CH', 'B']",2,VCC,"['ER', 'CH', 'B']"
5225,"['AO', 'CH', 'B']",2,VCC,"['AO', 'CH', 'B']"
5226,"['UW', 'CH', 'B']",2,VCC,"['UW', 'CH', 'B']"
5227,"['IH', 'CH', 'B']",2,VCC,"['IH', 'CH', 'B']"
5228,"['EH', 'CH', 'B']",2,VCC,"['EH', 'CH', 'B']"
5229,"['UH', 'CH', 'B']",2,VCC,"['UH', 'CH', 'B']"
5230,"['IY', 'CH', 'B']",2,VCC,"['IY', 'CH', 'B']"
5231,"['EY', 'CH', 'B']",2,VCC,"['EY', 'CH', 'B']"
5232,"['OW', 'CH', 'B']",2,VCC,"['OW', 'CH', 'B']"
5233,"['AE', 'CH', 'B']",2,VCC,"['AE', 'CH', 'B']"
5234,"['AW', 'CH', 'B']",2,VCC,"['AW', 'CH', 'B']"
5235,"['AH', 'CH', 'D']",2,VCC,"['AH', 'CH', 'D']"
5236,"['OY', 'CH', 'D']",2,VCC,"['OY', 'CH', 'D']"
5237,"['AA', 'CH', 'D']",2,VCC,"['AA', 'CH', 'D']"
5238,"['AY', 'CH', 'D']",2,VCC,"['AY', 'CH', 'D']"
5239,"['ER', 'CH', 'D']",2,VCC,"['ER', 'CH', 'D']"
5240,"['AO', 'CH', 'D']",2,VCC,"['AO', 'CH', 'D']"
5241,"['UW', 'CH', 'D']",2,VCC,"['UW', 'CH', 'D']"
5242,"['IH', 'CH', 'D']",2,VCC,"['IH', 'CH', 'D']"
5243,"['EH', 'CH', 'D']",2,VCC,"['EH', 'CH', 'D']"
5244,"['UH', 'CH', 'D']",2,VCC,"['UH', 'CH', 'D']"
5245,"['IY', 'CH', 'D']",2,VCC,"['IY', 'CH', 'D']"
5246,"['EY', 'CH', 'D']",2,VCC,"['EY', 'CH', 'D']"
5247,"['OW', 'CH', 'D']",2,VCC,"['OW', 'CH', 'D']"
5248,"['AE', 'CH', 'D']",2,VCC,"['AE', 'CH', 'D']"
5249,"['AW', 'CH', 'D']",2,VCC,"['AW', 'CH', 'D']"
5250,"['AH', 'CH', 'G']",2,VCC,"['AH', 'CH', 'G']"
5251,"['OY', 'CH', 'G']",2,VCC,"['OY', 'CH', 'G']"
5252,"['AA', 'CH', 'G']",2,VCC,"['AA', 'CH', 'G']"
5253,"['AY', 'CH', 'G']",2,VCC,"['AY', 'CH', 'G']"
5254,"['ER', 'CH', 'G']",2,VCC,"['ER', 'CH', 'G']"
5255,"['AO', 'CH', 'G']",2,VCC,"['AO', 'CH', 'G']"
5256,"['UW', 'CH', 'G']",2,VCC,"['UW', 'CH', 'G']"
5257,"['IH', 'CH', 'G']",2,VCC,"['IH', 'CH', 'G']"
5258,"['EH', 'CH', 'G']",2,VCC,"['EH', 'CH', 'G']"
5259,"['UH', 'CH', 'G']",2,VCC,"['UH', 'G', 'M']"
5260,"['IY', 'CH', 'G']",2,VCC,"['IY', 'CH', 'G']"
5261,"['EY', 'CH', 'G']",2,VCC,"['EY', 'CH', 'G']"
5262,"['OW', 'CH', 'G']",2,VCC,"['OW', 'CH', 'G']"
5263,"['AE', 'CH', 'G']",2,VCC,"['AE', 'CH', 'G']"
5264,"['AW', 'CH', 'G']",2,VCC,"['AW', 'CH', 'G']"
5265,"['AH', 'CH', 'F']",1,VCC,"['AH', 'CH', 'F']"
5266,"['OY', 'CH', 'F']",1,VCC,"['OY', 'CH', 'F']"
5267,"['AA', 'CH', 'F']",1,VCC,"['AA', 'CH', 'F']"
5268,"['AY', 'CH', 'F']",1,VCC,"['AY', 'CH', 'F']"
5269,"['ER', 'CH', 'F']",1,VCC,"['ER', 'CH', 'F']"
5270,"['AO', 'CH', 'F']",1,VCC,"['AO', 'CH', 'F']"
5271,"['UW', 'CH', 'F']",1,VCC,"['UW', 'CH', 'F']"
5272,"['IH', 'CH', 'F']",1,VCC,"['IH', 'CH', 'F']"
5273,"['EH', 'CH', 'F']",1,VCC,"['EH', 'CH', 'F']"
5274,"['UH', 'CH', 'F']",1,VCC,"['UH', 'CH', 'F']"
5275,"['IY', 'CH', 'F']",1,VCC,"['IY', 'CH', 'F']"
5276,"['EY', 'CH', 'F']",1,VCC,"['EY', 'CH', 'F']"
5277,"['OW', 'CH', 'F']",1,VCC,"['OW', 'CH', 'F']"
5278,"['AE', 'CH', 'F']",1,VCC,"['AE', 'CH', 'F']"
5279,"['AW', 'CH', 'F']",1,VCC,"['AW', 'CH', 'F']"
5280,"['AH', 'CH', 'TH']",1,VCC,"['AH', 'CH', 'TH']"
5281,"['OY', 'CH', 'TH']",1,VCC,"['OY', 'R', 'CH']"
5282,"['AA', 'CH', 'TH']",1,VCC,"['AA', 'CH', 'TH']"
5283,"['AY', 'CH', 'TH']",1,VCC,"['AY', 'CH', 'TH']"
5284,"['ER', 'CH', 'TH']",1,VCC,"['ER', 'CH', 'TH']"
5285,"['AO', 'CH', 'TH']",1,VCC,"['AO', 'CH', 'TH']"
5286,"['UW', 'CH', 'TH']",1,VCC,"['UW', 'CH', 'TH']"
5287,"['IH', 'CH', 'TH']",1,VCC,"['IH', 'CH', 'TH']"
5288,"['EH', 'CH', 'TH']",1,VCC,"['EH', 'CH', 'TH']"
5289,"['UH', 'CH', 'TH']",1,VCC,"['CH', 'UH', 'TH']"
5290,"['IY', 'CH', 'TH']",1,VCC,"['IY', 'CH', 'TH']"
5291,"['EY', 'CH', 'TH']",1,VCC,"['EY', 'CH', 'TH']"
5292,"['OW', 'CH', 'TH']",1,VCC,"['CH', 'OW', 'TH']"
5293,"['AE', 'CH', 'TH']",1,VCC,"['AE', 'CH', 'TH']"
5294,"['AW', 'CH', 'TH']",1,VCC,"['AW', 'CH', 'TH']"
5295,"['AH', 'CH', 'S']",1,VCC,"['AH', 'CH', 'S']"
5296,"['OY', 'CH', 'S']",1,VCC,"['OY', 'CH', 'S']"
5297,"['AA', 'CH', 'S']",1,VCC,"['AA', 'CH', 'S']"
5298,"['AY', 'CH', 'S']",1,VCC,"['AY', 'CH', 'S']"
5299,"['ER', 'CH', 'S']",1,VCC,"['ER', 'CH', 'S']"
5300,"['AO', 'CH', 'S']",1,VCC,"['AO', 'CH', 'S']"
5301,"['UW', 'CH', 'S']",1,VCC,"['UW', 'CH', 'S']"
5302,"['IH', 'CH', 'S']",1,VCC,"['IH', 'CH', 'S']"
5303,"['EH', 'CH', 'S']",1,VCC,"['EH', 'CH', 'S']"
5304,"['UH', 'CH', 'S']",1,VCC,"['UH', 'CH', 'S']"
5305,"['IY', 'CH', 'S']",1,VCC,"['IY', 'CH', 'S']"
5306,"['EY', 'CH', 'S']",1,VCC,"['EY', 'CH', 'S']"
5307,"['OW', 'CH', 'S']",1,VCC,"['OW', 'CH', 'S']"
5308,"['AE', 'CH', 'S']",1,VCC,"['AE', 'CH', 'S']"
5309,"['AW', 'CH', 'S']",1,VCC,"['AW', 'CH', 'S']"
5310,"['AH', 'CH', 'SH']",1,VCC,"['AH', 'CH', 'SH']"
5311,"['OY', 'CH', 'SH']",1,VCC,"['OY', 'SH', 'CH']"
5312,"['AA', 'CH', 'SH']",1,VCC,"['AA', 'CH', 'SH']"
5313,"['AY', 'CH', 'SH']",1,VCC,"['AY', 'CH', 'SH']"
5314,"['ER', 'CH', 'SH']",1,VCC,"['ER', 'CH', 'SH']"
5315,"['AO', 'CH', 'SH']",1,VCC,"['AO', 'CH', 'SH']"
5316,"['UW', 'CH', 'SH']",1,VCC,"['UW', 'CH', 'SH']"
5317,"['IH', 'CH', 'SH']",1,VCC,"['IH', 'CH', 'SH']"
5318,"['EH', 'CH', 'SH']",1,VCC,"['EH', 'CH', 'SH']"
5319,"['UH', 'CH', 'SH']",1,VCC,"['UH', 'SH', 'CH']"
5320,"['IY', 'CH', 'SH']",1,VCC,"['IY', 'CH', 'SH']"
5321,"['EY', 'CH', 'SH']",1,VCC,"['EY', 'CH', 'SH']"
5322,"['OW', 'CH', 'SH']",1,VCC,"['OW', 'CH', 'SH']"
5323,"['AE', 'CH', 'SH']",1,VCC,"['AE', 'CH', 'SH']"
5324,"['AW', 'CH', 'SH']",1,VCC,"['AW', 'CH', 'SH']"
5325,"['AH', 'CH', 'Z']",1,VCC,"['AH', 'CH', 'Z']"
5326,"['OY', 'CH', 'Z']",1,VCC,"['OY', 'CH', 'Z']"
5327,"['AA', 'CH', 'Z']",1,VCC,"['AA', 'CH', 'Z']"
5328,"['AY', 'CH', 'Z']",1,VCC,"['AY', 'CH', 'Z']"
5329,"['ER', 'CH', 'Z']",1,VCC,"['ER', 'CH', 'Z']"
5330,"['AO', 'CH', 'Z']",1,VCC,"['AO', 'CH', 'Z']"
5331,"['UW', 'CH', 'Z']",1,VCC,"['UW', 'CH', 'Z']"
5332,"['IH', 'CH', 'Z']",1,VCC,"['IH', 'CH', 'Z']"
5333,"['EH', 'CH', 'Z']",1,VCC,"['EH', 'CH', 'Z']"
5334,"['UH', 'CH', 'Z']",1,VCC,"['UH', 'CH', 'Z']"
5335,"['IY', 'CH', 'Z']",1,VCC,"['IY', 'CH', '<EOS>']"
5336,"['EY', 'CH', 'Z']",1,VCC,"['EY', 'CH', 'Z']"
5337,"['OW', 'CH', 'Z']",1,VCC,"['OW', 'CH', 'Z']"
5338,"['AE', 'CH', 'Z']",1,VCC,"['AE', 'CH', 'Z']"
5339,"['AW', 'CH', 'Z']",1,VCC,"['AW', 'CH', 'Z']"
5340,"['AH', 'CH', 'ZH']",1,VCC,"['AH', 'N', 'SH']"
5341,"['OY', 'CH', 'ZH']",1,VCC,"['OY', 'N', 'CH']"
5342,"['AA', 'CH', 'ZH']",1,VCC,"['AA', 'CH', 'ZH']"
5343,"['AY', 'CH', 'ZH']",1,VCC,"['AY', 'CH', '<EOS>']"
5344,"['ER', 'CH', 'ZH']",1,VCC,"['ER', 'CH', 'ZH']"
5345,"['AO', 'CH', 'ZH']",1,VCC,"['AO', 'NG', 'SH']"
5346,"['UW', 'CH', 'ZH']",1,VCC,"['UW', 'ZH', 'CH']"
5347,"['IH', 'CH', 'ZH']",1,VCC,"['IH', 'CH', 'ZH']"
5348,"['EH', 'CH', 'ZH']",1,VCC,"['EH', 'R', 'SH']"
5349,"['UH', 'CH', 'ZH']",1,VCC,"['UH', 'R', 'ZH']"
5350,"['IY', 'CH', 'ZH']",1,VCC,"['IY', 'CH', 'ZH']"
5351,"['EY', 'CH', 'ZH']",1,VCC,"['EY', 'CH', 'ZH']"
5352,"['OW', 'CH', 'ZH']",1,VCC,"['OW', 'ZH', 'CH']"
5353,"['AE', 'CH', 'ZH']",1,VCC,"['AE', 'CH', 'ZH']"
5354,"['AW', 'CH', 'ZH']",1,VCC,"['AW', 'CH', 'ZH']"
5355,"['AH', 'CH', 'V']",1,VCC,"['AH', 'CH', 'V']"
5356,"['OY', 'CH', 'V']",1,VCC,"['CH', 'OY', 'V']"
5357,"['AA', 'CH', 'V']",1,VCC,"['AA', 'CH', 'V']"
5358,"['AY', 'CH', 'V']",1,VCC,"['AY', 'CH', 'V']"
5359,"['ER', 'CH', 'V']",1,VCC,"['ER', 'CH', 'V']"
5360,"['AO', 'CH', 'V']",1,VCC,"['AO', 'CH', 'V']"
5361,"['UW', 'CH', 'V']",1,VCC,"['UW', 'V', 'CH']"
5362,"['IH', 'CH', 'V']",1,VCC,"['IH', 'CH', 'V']"
5363,"['EH', 'CH', 'V']",1,VCC,"['EH', 'CH', 'V']"
5364,"['UH', 'CH', 'V']",1,VCC,"['UH', 'CH', 'V']"
5365,"['IY', 'CH', 'V']",1,VCC,"['CH', 'IY', 'V']"
5366,"['EY', 'CH', 'V']",1,VCC,"['EY', 'CH', 'V']"
5367,"['OW', 'CH', 'V']",1,VCC,"['OW', 'CH', 'V']"
5368,"['AE', 'CH', 'V']",1,VCC,"['AE', 'CH', 'V']"
5369,"['AW', 'CH', 'V']",1,VCC,"['AW', 'CH', 'V']"
5370,"['AH', 'CH', 'DH']",1,VCC,"['AH', 'CH', 'DH']"
5371,"['OY', 'CH', 'DH']",1,VCC,"['OY', 'CH', 'DH']"
5372,"['AA', 'CH', 'DH']",1,VCC,"['AA', 'CH', 'DH']"
5373,"['AY', 'CH', 'DH']",1,VCC,"['AY', 'CH', 'DH']"
5374,"['ER', 'CH', 'DH']",1,VCC,"['ER', 'CH', 'DH']"
5375,"['AO', 'CH', 'DH']",1,VCC,"['AO', 'CH', 'DH']"
5376,"['UW', 'CH', 'DH']",1,VCC,"['UW', 'CH', 'DH']"
5377,"['IH', 'CH', 'DH']",1,VCC,"['IH', 'CH', 'DH']"
5378,"['EH', 'CH', 'DH']",1,VCC,"['EH', 'CH', 'DH']"
5379,"['UH', 'CH', 'DH']",1,VCC,"['UH', 'CH', 'DH']"
5380,"['IY', 'CH', 'DH']",1,VCC,"['IY', 'CH', 'DH']"
5381,"['EY', 'CH', 'DH']",1,VCC,"['EY', 'CH', 'DH']"
5382,"['OW', 'CH', 'DH']",1,VCC,"['OW', 'CH', 'DH']"
5383,"['AE', 'CH', 'DH']",1,VCC,"['AE', 'CH', 'DH']"
5384,"['AW', 'CH', 'DH']",1,VCC,"['AW', 'CH', 'DH']"
5385,"['AH', 'CH', 'HH']",1,VCC,"['AH', 'CH', 'HH']"
5386,"['OY', 'CH', 'HH']",1,VCC,"['OY', 'CH', 'DH']"
5387,"['AA', 'CH', 'HH']",1,VCC,"['AA', 'CH', 'HH']"
5388,"['AY', 'CH', 'HH']",1,VCC,"['AY', 'CH', 'HH']"
5389,"['ER', 'CH', 'HH']",1,VCC,"['ER', 'CH', 'HH']"
5390,"['AO', 'CH', 'HH']",1,VCC,"['AO', 'CH', 'HH']"
5391,"['UW', 'CH', 'HH']",1,VCC,"['UW', 'CH', 'HH']"
5392,"['IH', 'CH', 'HH']",1,VCC,"['IH', 'CH', 'HH']"
5393,"['EH', 'CH', 'HH']",1,VCC,"['EH', 'CH', 'HH']"
5394,"['UH', 'CH', 'HH']",1,VCC,"['CH', 'UH', 'K']"
5395,"['IY', 'CH', 'HH']",1,VCC,"['CH', 'IY', 'HH']"
5396,"['EY', 'CH', 'HH']",1,VCC,"['EY', 'CH', 'HH']"
5397,"['OW', 'CH', 'HH']",1,VCC,"['OW', 'CH', 'HH']"
5398,"['AE', 'CH', 'HH']",1,VCC,"['AE', 'CH', 'HH']"
5399,"['AW', 'CH', 'HH']",1,VCC,"['AW', 'CH', 'HH']"
5400,"['AH', 'CH', 'JH']",0,VCC,"['AH', 'CH', 'JH']"
5401,"['OY', 'CH', 'JH']",0,VCC,"['OY', 'CH', 'JH']"
5402,"['AA', 'CH', 'JH']",0,VCC,"['AA', 'CH', 'JH']"
5403,"['AY', 'CH', 'JH']",0,VCC,"['AY', 'CH', 'JH']"
5404,"['ER', 'CH', 'JH']",0,VCC,"['ER', 'CH', 'JH']"
5405,"['AO', 'CH', 'JH']",0,VCC,"['AO', 'CH', 'JH']"
5406,"['UW', 'CH', 'JH']",0,VCC,"['UW', 'CH', 'JH']"
5407,"['IH', 'CH', 'JH']",0,VCC,"['IH', 'CH', 'JH']"
5408,"['EH', 'CH', 'JH']",0,VCC,"['EH', 'CH', 'JH']"
5409,"['UH', 'CH', 'JH']",0,VCC,"['UH', 'CH', 'JH']"
5410,"['IY', 'CH', 'JH']",0,VCC,"['IY', 'CH', 'JH']"
5411,"['EY', 'CH', 'JH']",0,VCC,"['EY', 'CH', 'JH']"
5412,"['OW', 'CH', 'JH']",0,VCC,"['OW', 'CH', 'JH']"
5413,"['AE', 'CH', 'JH']",0,VCC,"['AE', 'CH', 'JH']"
5414,"['AW', 'CH', 'JH']",0,VCC,"['AW', 'CH', 'JH']"
5415,"['AH', 'CH', 'M']",-1,VCC,"['AH', 'CH', 'M']"
5416,"['OY', 'CH', 'M']",-1,VCC,"['OY', 'CH', 'M']"
5417,"['AA', 'CH', 'M']",-1,VCC,"['AA', 'CH', 'M']"
5418,"['AY', 'CH', 'M']",-1,VCC,"['AY', 'CH', 'M']"
5419,"['ER', 'CH', 'M']",-1,VCC,"['ER', 'CH', 'M']"
5420,"['AO', 'CH', 'M']",-1,VCC,"['AO', 'CH', 'M']"
5421,"['UW', 'CH', 'M']",-1,VCC,"['UW', 'CH', 'M']"
5422,"['IH', 'CH', 'M']",-1,VCC,"['IH', 'CH', 'M']"
5423,"['EH', 'CH', 'M']",-1,VCC,"['EH', 'CH', 'M']"
5424,"['UH', 'CH', 'M']",-1,VCC,"['CH', 'UH', 'M']"
5425,"['IY', 'CH', 'M']",-1,VCC,"['IY', 'CH', 'M']"
5426,"['EY', 'CH', 'M']",-1,VCC,"['EY', 'CH', 'M']"
5427,"['OW', 'CH', 'M']",-1,VCC,"['OW', 'CH', 'M']"
5428,"['AE', 'CH', 'M']",-1,VCC,"['AE', 'NG', 'CH']"
5429,"['AW', 'CH', 'M']",-1,VCC,"['AW', 'CH', 'M']"
5430,"['AH', 'CH', 'N']",-1,VCC,"['AH', 'CH', 'N']"
5431,"['OY', 'CH', 'N']",-1,VCC,"['OY', 'N', 'CH']"
5432,"['AA', 'CH', 'N']",-1,VCC,"['AA', 'CH', 'N']"
5433,"['AY', 'CH', 'N']",-1,VCC,"['AY', 'CH', '<EOS>']"
5434,"['ER', 'CH', 'N']",-1,VCC,"['ER', 'CH', 'N']"
5435,"['AO', 'CH', 'N']",-1,VCC,"['AO', 'CH', 'N']"
5436,"['UW', 'CH', 'N']",-1,VCC,"['UW', 'CH', 'N']"
5437,"['IH', 'CH', 'N']",-1,VCC,"['IH', 'CH', '<EOS>']"
5438,"['EH', 'CH', 'N']",-1,VCC,"['EH', 'CH', 'N']"
5439,"['UH', 'CH', 'N']",-1,VCC,"['CH', 'UH', 'N']"
5440,"['IY', 'CH', 'N']",-1,VCC,"['IY', 'CH', 'N']"
5441,"['EY', 'CH', 'N']",-1,VCC,"['EY', 'CH', 'N']"
5442,"['OW', 'CH', 'N']",-1,VCC,"['CH', 'OW', 'N']"
5443,"['AE', 'CH', 'N']",-1,VCC,"['AE', 'CH', 'N']"
5444,"['AW', 'CH', 'N']",-1,VCC,"['AW', 'CH', 'N']"
5445,"['AH', 'CH', 'NG']",-1,VCC,"['AH', 'CH', 'NG']"
5446,"['OY', 'CH', 'NG']",-1,VCC,"['OY', 'CH', 'NG']"
5447,"['AA', 'CH', 'NG']",-1,VCC,"['AA', 'NG', 'CH']"
5448,"['AY', 'CH', 'NG']",-1,VCC,"['AY', 'NG', 'CH']"
5449,"['ER', 'CH', 'NG']",-1,VCC,"['ER', 'CH', 'NG']"
5450,"['AO', 'CH', 'NG']",-1,VCC,"['AO', 'NG', 'CH']"
5451,"['UW', 'CH', 'NG']",-1,VCC,"['UW', 'NG', 'CH']"
5452,"['IH', 'CH', 'NG']",-1,VCC,"['IH', 'NG', 'CH']"
5453,"['EH', 'CH', 'NG']",-1,VCC,"['EH', 'NG', 'CH']"
5454,"['UH', 'CH', 'NG']",-1,VCC,"['UH', 'CH', 'NG']"
5455,"['IY', 'CH', 'NG']",-1,VCC,"['IY', 'CH', 'NG']"
5456,"['EY', 'CH', 'NG']",-1,VCC,"['EY', 'CH', 'NG']"
5457,"['OW', 'CH', 'NG']",-1,VCC,"['OW', 'CH', 'NG']"
5458,"['AE', 'CH', 'NG']",-1,VCC,"['AE', 'NG', 'CH']"
5459,"['AW', 'CH', 'NG']",-1,VCC,"['AW', 'CH', 'NG']"
5460,"['AH', 'CH', 'L']",-2,VCC,"['AH', 'CH', 'L']"
5461,"['OY', 'CH', 'L']",-2,VCC,"['OY', 'CH', 'L']"
5462,"['AA', 'CH', 'L']",-2,VCC,"['AA', 'CH', 'L']"
5463,"['AY', 'CH', 'L']",-2,VCC,"['AY', 'CH', 'L']"
5464,"['ER', 'CH', 'L']",-2,VCC,"['ER', 'CH', 'L']"
5465,"['AO', 'CH', 'L']",-2,VCC,"['AO', 'CH', 'L']"
5466,"['UW', 'CH', 'L']",-2,VCC,"['UW', 'CH', 'L']"
5467,"['IH', 'CH', 'L']",-2,VCC,"['IH', 'CH', 'L']"
5468,"['EH', 'CH', 'L']",-2,VCC,"['EH', 'CH', 'L']"
5469,"['UH', 'CH', 'L']",-2,VCC,"['CH', 'UH', 'L']"
5470,"['IY', 'CH', 'L']",-2,VCC,"['IY', 'CH', 'L']"
5471,"['EY', 'CH', 'L']",-2,VCC,"['EY', 'CH', 'L']"
5472,"['OW', 'CH', 'L']",-2,VCC,"['CH', 'OW', 'L']"
5473,"['AE', 'CH', 'L']",-2,VCC,"['AE', 'NG', 'L']"
5474,"['AW', 'CH', 'L']",-2,VCC,"['AW', 'CH', 'L']"
5475,"['AH', 'CH', 'R']",-2,VCC,"['AH', 'CH', 'R']"
5476,"['OY', 'CH', 'R']",-2,VCC,"['OY', 'R', 'CH']"
5477,"['AA', 'CH', 'R']",-2,VCC,"['AA', 'R', 'CH']"
5478,"['AY', 'CH', 'R']",-2,VCC,"['AY', 'CH', 'R']"
5479,"['ER', 'CH', 'R']",-2,VCC,"['ER', 'CH', 'R']"
5480,"['AO', 'CH', 'R']",-2,VCC,"['AO', 'CH', 'R']"
5481,"['UW', 'CH', 'R']",-2,VCC,"['UW', 'R', 'CH']"
5482,"['IH', 'CH', 'R']",-2,VCC,"['IH', 'CH', 'R']"
5483,"['EH', 'CH', 'R']",-2,VCC,"['EH', 'R', 'CH']"
5484,"['UH', 'CH', 'R']",-2,VCC,"['UH', 'R', 'CH']"
5485,"['IY', 'CH', 'R']",-2,VCC,"['IY', 'CH', 'R']"
5486,"['EY', 'CH', 'R']",-2,VCC,"['EY', 'CH', 'R']"
5487,"['OW', 'CH', 'R']",-2,VCC,"['OW', 'CH', 'R']"
5488,"['AE', 'CH', 'R']",-2,VCC,"['AE', 'CH', 'R']"
5489,"['AW', 'CH', 'R']",-2,VCC,"['AW', 'CH', 'R']"
5490,"['AH', 'CH', 'W']",-3,VCC,"['AH', 'CH', 'W']"
5491,"['OY', 'CH', 'W']",-3,VCC,"['OY', 'CH', 'W']"
5492,"['AA', 'CH', 'W']",-3,VCC,"['AA', 'CH', 'W']"
5493,"['AY', 'CH', 'W']",-3,VCC,"['AY', 'CH', 'W']"
5494,"['ER', 'CH', 'W']",-3,VCC,"['ER', 'CH', 'W']"
5495,"['AO', 'CH', 'W']",-3,VCC,"['AO', 'CH', 'W']"
5496,"['UW', 'CH', 'W']",-3,VCC,"['CH', 'UW', 'W']"
5497,"['IH', 'CH', 'W']",-3,VCC,"['IH', 'CH', 'W']"
5498,"['EH', 'CH', 'W']",-3,VCC,"['EH', 'CH', 'W']"
5499,"['UH', 'CH', 'W']",-3,VCC,"['CH', 'UH', 'W']"
5500,"['IY', 'CH', 'W']",-3,VCC,"['IY', 'CH', 'W']"
5501,"['EY', 'CH', 'W']",-3,VCC,"['EY', 'CH', 'W']"
5502,"['OW', 'CH', 'W']",-3,VCC,"['OW', 'CH', 'W']"
5503,"['AE', 'CH', 'W']",-3,VCC,"['AE', 'CH', 'W']"
5504,"['AW', 'CH', 'W']",-3,VCC,"['AW', 'CH', 'W']"
5505,"['AH', 'CH', 'Y']",-3,VCC,"['AH', 'CH', 'Y']"
5506,"['OY', 'CH', 'Y']",-3,VCC,"['OY', 'CH', 'Y']"
5507,"['AA', 'CH', 'Y']",-3,VCC,"['AA', 'R', 'CH']"
5508,"['AY', 'CH', 'Y']",-3,VCC,"['AY', 'CH', 'Y']"
5509,"['ER', 'CH', 'Y']",-3,VCC,"['ER', 'CH', 'Y']"
5510,"['AO', 'CH', 'Y']",-3,VCC,"['AO', 'CH', 'Y']"
5511,"['UW', 'CH', 'Y']",-3,VCC,"['UW', 'R', 'AE']"
5512,"['IH', 'CH', 'Y']",-3,VCC,"['IH', 'CH', 'Y']"
5513,"['EH', 'CH', 'Y']",-3,VCC,"['EH', 'R', 'CH']"
5514,"['UH', 'CH', 'Y']",-3,VCC,"['UH', 'R', 'JH']"
5515,"['IY', 'CH', 'Y']",-3,VCC,"['IY', 'CH', 'Y']"
5516,"['EY', 'CH', 'Y']",-3,VCC,"['EY', 'CH', 'Y']"
5517,"['OW', 'CH', 'Y']",-3,VCC,"['OW', 'CH', 'Y']"
5518,"['AE', 'CH', 'Y']",-3,VCC,"['AE', 'CH', 'Y']"
5519,"['AW', 'CH', 'Y']",-3,VCC,"['AW', 'CH', 'Y']"
5520,"['AH', 'JH', 'P']",2,VCC,"['AH', 'JH', 'P']"
5521,"['OY', 'JH', 'P']",2,VCC,"['OY', 'JH', 'P']"
5522,"['AA', 'JH', 'P']",2,VCC,"['AA', 'JH', 'P']"
5523,"['AY', 'JH', 'P']",2,VCC,"['AY', 'JH', 'P']"
5524,"['ER', 'JH', 'P']",2,VCC,"['ER', 'JH', 'P']"
5525,"['AO', 'JH', 'P']",2,VCC,"['AO', 'JH', 'P']"
5526,"['UW', 'JH', 'P']",2,VCC,"['IH', 'UW', 'JH']"
5527,"['IH', 'JH', 'P']",2,VCC,"['IH', 'P', 'JH']"
5528,"['EH', 'JH', 'P']",2,VCC,"['EH', 'JH', 'P']"
5529,"['UH', 'JH', 'P']",2,VCC,"['IH', 'P', 'JH']"
5530,"['IY', 'JH', 'P']",2,VCC,"['IY', 'JH', 'P']"
5531,"['EY', 'JH', 'P']",2,VCC,"['EY', 'JH', 'P']"
5532,"['OW', 'JH', 'P']",2,VCC,"['OW', 'P', 'JH']"
5533,"['AE', 'JH', 'P']",2,VCC,"['AE', 'JH', 'P']"
5534,"['AW', 'JH', 'P']",2,VCC,"['AW', 'JH', 'P']"
5535,"['AH', 'JH', 'T']",2,VCC,"['AH', 'JH', 'T']"
5536,"['OY', 'JH', 'T']",2,VCC,"['OY', 'JH', 'T']"
5537,"['AA', 'JH', 'T']",2,VCC,"['AA', 'JH', 'T']"
5538,"['AY', 'JH', 'T']",2,VCC,"['AY', 'JH', 'T']"
5539,"['ER', 'JH', 'T']",2,VCC,"['ER', 'JH', 'T']"
5540,"['AO', 'JH', 'T']",2,VCC,"['AO', 'JH', 'T']"
5541,"['UW', 'JH', 'T']",2,VCC,"['UW', 'JH', 'T']"
5542,"['IH', 'JH', 'T']",2,VCC,"['IH', 'JH', 'T']"
5543,"['EH', 'JH', 'T']",2,VCC,"['EH', 'JH', 'T']"
5544,"['UH', 'JH', 'T']",2,VCC,"['JH', 'UH', 'T']"
5545,"['IY', 'JH', 'T']",2,VCC,"['IY', 'JH', 'T']"
5546,"['EY', 'JH', 'T']",2,VCC,"['EY', 'JH', 'T']"
5547,"['OW', 'JH', 'T']",2,VCC,"['OW', 'JH', 'T']"
5548,"['AE', 'JH', 'T']",2,VCC,"['AE', 'JH', 'T']"
5549,"['AW', 'JH', 'T']",2,VCC,"['AW', 'T', 'JH']"
5550,"['AH', 'JH', 'K']",2,VCC,"['AH', 'JH', 'K']"
5551,"['OY', 'JH', 'K']",2,VCC,"['OY', 'JH', 'K']"
5552,"['AA', 'JH', 'K']",2,VCC,"['AA', 'JH', 'K']"
5553,"['AY', 'JH', 'K']",2,VCC,"['AY', 'JH', 'K']"
5554,"['ER', 'JH', 'K']",2,VCC,"['ER', 'JH', 'K']"
5555,"['AO', 'JH', 'K']",2,VCC,"['AO', 'JH', 'K']"
5556,"['UW', 'JH', 'K']",2,VCC,"['UW', 'JH', 'K']"
5557,"['IH', 'JH', 'K']",2,VCC,"['IH', 'JH', 'K']"
5558,"['EH', 'JH', 'K']",2,VCC,"['EH', 'JH', 'K']"
5559,"['UH', 'JH', 'K']",2,VCC,"['UH', 'JH', 'K']"
5560,"['IY', 'JH', 'K']",2,VCC,"['IY', 'JH', 'K']"
5561,"['EY', 'JH', 'K']",2,VCC,"['EY', 'JH', 'K']"
5562,"['OW', 'JH', 'K']",2,VCC,"['OW', 'JH', 'K']"
5563,"['AE', 'JH', 'K']",2,VCC,"['AE', 'JH', 'K']"
5564,"['AW', 'JH', 'K']",2,VCC,"['AW', 'JH', 'K']"
5565,"['AH', 'JH', 'B']",2,VCC,"['AH', 'JH', 'B']"
5566,"['OY', 'JH', 'B']",2,VCC,"['OY', 'JH', 'B']"
5567,"['AA', 'JH', 'B']",2,VCC,"['AA', 'JH', 'B']"
5568,"['AY', 'JH', 'B']",2,VCC,"['AY', 'JH', 'B']"
5569,"['ER', 'JH', 'B']",2,VCC,"['ER', 'JH', 'B']"
5570,"['AO', 'JH', 'B']",2,VCC,"['AO', 'JH', 'B']"
5571,"['UW', 'JH', 'B']",2,VCC,"['UW', 'JH', 'B']"
5572,"['IH', 'JH', 'B']",2,VCC,"['IH', 'JH', 'B']"
5573,"['EH', 'JH', 'B']",2,VCC,"['EH', 'JH', 'B']"
5574,"['UH', 'JH', 'B']",2,VCC,"['UH', 'T', 'B']"
5575,"['IY', 'JH', 'B']",2,VCC,"['IY', 'JH', 'B']"
5576,"['EY', 'JH', 'B']",2,VCC,"['EY', 'JH', 'B']"
5577,"['OW', 'JH', 'B']",2,VCC,"['OW', 'JH', 'B']"
5578,"['AE', 'JH', 'B']",2,VCC,"['AE', 'JH', 'B']"
5579,"['AW', 'JH', 'B']",2,VCC,"['AW', 'JH', 'B']"
5580,"['AH', 'JH', 'D']",2,VCC,"['AH', 'JH', 'D']"
5581,"['OY', 'JH', 'D']",2,VCC,"['OY', 'JH', 'D']"
5582,"['AA', 'JH', 'D']",2,VCC,"['AA', 'JH', 'D']"
5583,"['AY', 'JH', 'D']",2,VCC,"['AY', 'JH', 'D']"
5584,"['ER', 'JH', 'D']",2,VCC,"['ER', 'JH', 'D']"
5585,"['AO', 'JH', 'D']",2,VCC,"['AO', 'JH', 'D']"
5586,"['UW', 'JH', 'D']",2,VCC,"['UW', 'JH', 'D']"
5587,"['IH', 'JH', 'D']",2,VCC,"['IH', 'JH', 'D']"
5588,"['EH', 'JH', 'D']",2,VCC,"['EH', 'JH', 'D']"
5589,"['UH', 'JH', 'D']",2,VCC,"['UH', 'JH', 'D']"
5590,"['IY', 'JH', 'D']",2,VCC,"['IY', 'JH', 'D']"
5591,"['EY', 'JH', 'D']",2,VCC,"['EY', 'JH', 'D']"
5592,"['OW', 'JH', 'D']",2,VCC,"['OW', 'JH', 'D']"
5593,"['AE', 'JH', 'D']",2,VCC,"['AE', 'JH', 'D']"
5594,"['AW', 'JH', 'D']",2,VCC,"['AW', 'JH', 'D']"
5595,"['AH', 'JH', 'G']",2,VCC,"['AH', 'G', 'JH']"
5596,"['OY', 'JH', 'G']",2,VCC,"['OY', 'G', 'W']"
5597,"['AA', 'JH', 'G']",2,VCC,"['AA', 'G', 'JH']"
5598,"['AY', 'JH', 'G']",2,VCC,"['AY', 'JH', 'G']"
5599,"['ER', 'JH', 'G']",2,VCC,"['ER', 'G', 'JH']"
5600,"['AO', 'JH', 'G']",2,VCC,"['AO', 'G', 'JH']"
5601,"['UW', 'JH', 'G']",2,VCC,"['UW', 'G', 'JH']"
5602,"['IH', 'JH', 'G']",2,VCC,"['IH', 'G', 'JH']"
5603,"['EH', 'JH', 'G']",2,VCC,"['EH', 'G', 'JH']"
5604,"['UH', 'JH', 'G']",2,VCC,"['UH', 'G', 'JH']"
5605,"['IY', 'JH', 'G']",2,VCC,"['IY', 'G', 'JH']"
5606,"['EY', 'JH', 'G']",2,VCC,"['EY', 'G', 'JH']"
5607,"['OW', 'JH', 'G']",2,VCC,"['OW', 'G', 'JH']"
5608,"['AE', 'JH', 'G']",2,VCC,"['AE', 'G', 'JH']"
5609,"['AW', 'JH', 'G']",2,VCC,"['AW', 'G', 'G']"
5610,"['AH', 'JH', 'F']",1,VCC,"['AH', 'JH', 'F']"
5611,"['OY', 'JH', 'F']",1,VCC,"['OY', 'N', 'JH']"
5612,"['AA', 'JH', 'F']",1,VCC,"['AA', 'JH', 'F']"
5613,"['AY', 'JH', 'F']",1,VCC,"['AY', 'JH', 'F']"
5614,"['ER', 'JH', 'F']",1,VCC,"['ER', 'JH', 'F']"
5615,"['AO', 'JH', 'F']",1,VCC,"['AO', 'G', 'JH']"
5616,"['UW', 'JH', 'F']",1,VCC,"['UW', 'JH', 'F']"
5617,"['IH', 'JH', 'F']",1,VCC,"['IH', 'F', 'JH']"
5618,"['EH', 'JH', 'F']",1,VCC,"['EH', 'JH', 'F']"
5619,"['UH', 'JH', 'F']",1,VCC,"['UH', 'JH', 'F']"
5620,"['IY', 'JH', 'F']",1,VCC,"['IY', 'JH', 'F']"
5621,"['EY', 'JH', 'F']",1,VCC,"['EY', 'JH', 'F']"
5622,"['OW', 'JH', 'F']",1,VCC,"['OW', 'JH', 'F']"
5623,"['AE', 'JH', 'F']",1,VCC,"['AE', 'F', 'JH']"
5624,"['AW', 'JH', 'F']",1,VCC,"['AW', 'JH', 'F']"
5625,"['AH', 'JH', 'TH']",1,VCC,"['AH', 'TH', 'JH']"
5626,"['OY', 'JH', 'TH']",1,VCC,"['OY', 'JH', 'TH']"
5627,"['AA', 'JH', 'TH']",1,VCC,"['AA', 'NG', 'JH']"
5628,"['AY', 'JH', 'TH']",1,VCC,"['AY', 'JH', 'TH']"
5629,"['ER', 'JH', 'TH']",1,VCC,"['ER', 'JH', 'TH']"
5630,"['AO', 'JH', 'TH']",1,VCC,"['AO', 'NG', 'JH']"
5631,"['UW', 'JH', 'TH']",1,VCC,"['UW', 'TH', 'JH']"
5632,"['IH', 'JH', 'TH']",1,VCC,"['IH', 'NG', 'JH']"
5633,"['EH', 'JH', 'TH']",1,VCC,"['EH', 'JH', 'TH']"
5634,"['UH', 'JH', 'TH']",1,VCC,"['UH', 'JH', 'TH']"
5635,"['IY', 'JH', 'TH']",1,VCC,"['IY', 'JH', 'TH']"
5636,"['EY', 'JH', 'TH']",1,VCC,"['EY', 'JH', 'TH']"
5637,"['OW', 'JH', 'TH']",1,VCC,"['OW', 'JH', 'TH']"
5638,"['AE', 'JH', 'TH']",1,VCC,"['AE', 'JH', 'TH']"
5639,"['AW', 'JH', 'TH']",1,VCC,"['AW', 'JH', 'TH']"
5640,"['AH', 'JH', 'S']",1,VCC,"['AH', 'JH', 'S']"
5641,"['OY', 'JH', 'S']",1,VCC,"['OY', 'JH', 'S']"
5642,"['AA', 'JH', 'S']",1,VCC,"['AA', 'JH', 'S']"
5643,"['AY', 'JH', 'S']",1,VCC,"['AY', 'JH', 'S']"
5644,"['ER', 'JH', 'S']",1,VCC,"['ER', 'JH', 'S']"
5645,"['AO', 'JH', 'S']",1,VCC,"['AO', 'JH', 'S']"
5646,"['UW', 'JH', 'S']",1,VCC,"['UW', 'JH', 'S']"
5647,"['IH', 'JH', 'S']",1,VCC,"['IH', 'JH', 'S']"
5648,"['EH', 'JH', 'S']",1,VCC,"['EH', 'JH', 'S']"
5649,"['UH', 'JH', 'S']",1,VCC,"['UH', 'JH', 'S']"
5650,"['IY', 'JH', 'S']",1,VCC,"['IY', 'JH', 'S']"
5651,"['EY', 'JH', 'S']",1,VCC,"['EY', 'JH', 'S']"
5652,"['OW', 'JH', 'S']",1,VCC,"['OW', 'JH', 'S']"
5653,"['AE', 'JH', 'S']",1,VCC,"['AE', 'JH', 'S']"
5654,"['AW', 'JH', 'S']",1,VCC,"['AW', 'JH', 'S']"
5655,"['AH', 'JH', 'SH']",1,VCC,"['AH', 'SH', 'JH']"
5656,"['OY', 'JH', 'SH']",1,VCC,"['OY', 'SH', 'W']"
5657,"['AA', 'JH', 'SH']",1,VCC,"['AA', 'SH', 'JH']"
5658,"['AY', 'JH', 'SH']",1,VCC,"['AY', 'JH', 'SH']"
5659,"['ER', 'JH', 'SH']",1,VCC,"['ER', 'JH', 'SH']"
5660,"['AO', 'JH', 'SH']",1,VCC,"['AO', 'SH', 'JH']"
5661,"['UW', 'JH', 'SH']",1,VCC,"['AE', 'SH', 'V']"
5662,"['IH', 'JH', 'SH']",1,VCC,"['IH', 'SH', 'JH']"
5663,"['EH', 'JH', 'SH']",1,VCC,"['EH', 'SH', 'JH']"
5664,"['UH', 'JH', 'SH']",1,VCC,"['UH', 'SH', 'JH']"
5665,"['IY', 'JH', 'SH']",1,VCC,"['IY', 'JH', 'SH']"
5666,"['EY', 'JH', 'SH']",1,VCC,"['EY', 'JH', 'SH']"
5667,"['OW', 'JH', 'SH']",1,VCC,"['OW', 'SH', 'JH']"
5668,"['AE', 'JH', 'SH']",1,VCC,"['AE', 'SH', 'JH']"
5669,"['AW', 'JH', 'SH']",1,VCC,"['AW', 'SH', 'JH']"
5670,"['AH', 'JH', 'Z']",1,VCC,"['AH', 'JH', 'Z']"
5671,"['OY', 'JH', 'Z']",1,VCC,"['OY', 'JH', 'ER']"
5672,"['AA', 'JH', 'Z']",1,VCC,"['AA', 'JH', 'Z']"
5673,"['AY', 'JH', 'Z']",1,VCC,"['AY', 'JH', 'Z']"
5674,"['ER', 'JH', 'Z']",1,VCC,"['ER', 'JH', 'Z']"
5675,"['AO', 'JH', 'Z']",1,VCC,"['AO', 'JH', 'Z']"
5676,"['UW', 'JH', 'Z']",1,VCC,"['UW', 'JH', 'Z']"
5677,"['IH', 'JH', 'Z']",1,VCC,"['IH', 'JH', 'Z']"
5678,"['EH', 'JH', 'Z']",1,VCC,"['EH', 'JH', 'Z']"
5679,"['UH', 'JH', 'Z']",1,VCC,"['UH', 'JH', 'Z']"
5680,"['IY', 'JH', 'Z']",1,VCC,"['IY', 'JH', 'Z']"
5681,"['EY', 'JH', 'Z']",1,VCC,"['EY', 'JH', 'Z']"
5682,"['OW', 'JH', 'Z']",1,VCC,"['OW', 'JH', 'Z']"
5683,"['AE', 'JH', 'Z']",1,VCC,"['AE', 'JH', 'Z']"
5684,"['AW', 'JH', 'Z']",1,VCC,"['AW', 'JH', 'Z']"
5685,"['AH', 'JH', 'ZH']",1,VCC,"['AH', 'JH', 'ZH']"
5686,"['OY', 'JH', 'ZH']",1,VCC,"['OY', 'ZH', 'W']"
5687,"['AA', 'JH', 'ZH']",1,VCC,"['AA', 'JH', 'ZH']"
5688,"['AY', 'JH', 'ZH']",1,VCC,"['AY', 'JH', 'ZH']"
5689,"['ER', 'JH', 'ZH']",1,VCC,"['ER', 'JH', 'ZH']"
5690,"['AO', 'JH', 'ZH']",1,VCC,"['AO', 'JH', 'ZH']"
5691,"['UW', 'JH', 'ZH']",1,VCC,"['AE', 'SH', 'UW']"
5692,"['IH', 'JH', 'ZH']",1,VCC,"['IH', 'JH', 'ZH']"
5693,"['EH', 'JH', 'ZH']",1,VCC,"['EH', 'ZH', 'JH']"
5694,"['UH', 'JH', 'ZH']",1,VCC,"['UH', 'ZH', 'ER']"
5695,"['IY', 'JH', 'ZH']",1,VCC,"['IY', 'JH', 'ZH']"
5696,"['EY', 'JH', 'ZH']",1,VCC,"['EY', 'JH', 'ZH']"
5697,"['OW', 'JH', 'ZH']",1,VCC,"['OW', 'JH', 'ZH']"
5698,"['AE', 'JH', 'ZH']",1,VCC,"['AE', 'JH', 'ZH']"
5699,"['AW', 'JH', 'ZH']",1,VCC,"['AW', 'JH', 'ZH']"
5700,"['AH', 'JH', 'V']",1,VCC,"['AH', 'JH', 'V']"
5701,"['OY', 'JH', 'V']",1,VCC,"['OY', 'JH', 'V']"
5702,"['AA', 'JH', 'V']",1,VCC,"['AA', 'JH', 'V']"
5703,"['AY', 'JH', 'V']",1,VCC,"['AY', 'JH', 'V']"
5704,"['ER', 'JH', 'V']",1,VCC,"['ER', 'JH', 'V']"
5705,"['AO', 'JH', 'V']",1,VCC,"['AO', 'JH', 'V']"
5706,"['UW', 'JH', 'V']",1,VCC,"['UW', 'V', 'JH']"
5707,"['IH', 'JH', 'V']",1,VCC,"['IH', 'V', 'JH']"
5708,"['EH', 'JH', 'V']",1,VCC,"['EH', 'V', 'JH']"
5709,"['UH', 'JH', 'V']",1,VCC,"['UH', 'JH', 'V']"
5710,"['IY', 'JH', 'V']",1,VCC,"['IY', 'JH', 'V']"
5711,"['EY', 'JH', 'V']",1,VCC,"['EY', 'V', 'JH']"
5712,"['OW', 'JH', 'V']",1,VCC,"['OW', 'JH', 'V']"
5713,"['AE', 'JH', 'V']",1,VCC,"['AE', 'JH', 'V']"
5714,"['AW', 'JH', 'V']",1,VCC,"['AW', 'JH', 'V']"
5715,"['AH', 'JH', 'DH']",1,VCC,"['AH', 'DH', 'JH']"
5716,"['OY', 'JH', 'DH']",1,VCC,"['OY', 'DH', 'JH']"
5717,"['AA', 'JH', 'DH']",1,VCC,"['AA', 'DH', 'JH']"
5718,"['AY', 'JH', 'DH']",1,VCC,"['AY', 'JH', 'DH']"
5719,"['ER', 'JH', 'DH']",1,VCC,"['ER', 'JH', 'DH']"
5720,"['AO', 'JH', 'DH']",1,VCC,"['AO', 'DH', 'JH']"
5721,"['UW', 'JH', 'DH']",1,VCC,"['UW', 'DH', 'JH']"
5722,"['IH', 'JH', 'DH']",1,VCC,"['IH', 'DH', 'JH']"
5723,"['EH', 'JH', 'DH']",1,VCC,"['EH', 'DH', 'JH']"
5724,"['UH', 'JH', 'DH']",1,VCC,"['UH', 'JH', 'DH']"
5725,"['IY', 'JH', 'DH']",1,VCC,"['IY', 'JH', 'DH']"
5726,"['EY', 'JH', 'DH']",1,VCC,"['EY', 'JH', 'DH']"
5727,"['OW', 'JH', 'DH']",1,VCC,"['OW', 'DH', 'JH']"
5728,"['AE', 'JH', 'DH']",1,VCC,"['AE', 'JH', 'DH']"
5729,"['AW', 'JH', 'DH']",1,VCC,"['AW', 'DH', 'JH']"
5730,"['AH', 'JH', 'HH']",1,VCC,"['AH', 'G', 'JH']"
5731,"['OY', 'JH', 'HH']",1,VCC,"['OY', 'JH', 'HH']"
5732,"['AA', 'JH', 'HH']",1,VCC,"['AA', 'G', 'JH']"
5733,"['AY', 'JH', 'HH']",1,VCC,"['AY', 'JH', 'HH']"
5734,"['ER', 'JH', 'HH']",1,VCC,"['ER', 'JH', 'HH']"
5735,"['AO', 'JH', 'HH']",1,VCC,"['AO', 'G', 'JH']"
5736,"['UW', 'JH', 'HH']",1,VCC,"['UW', 'JH', 'HH']"
5737,"['IH', 'JH', 'HH']",1,VCC,"['IH', 'JH', 'HH']"
5738,"['EH', 'JH', 'HH']",1,VCC,"['EH', 'G', 'JH']"
5739,"['UH', 'JH', 'HH']",1,VCC,"['UH', 'G', 'JH']"
5740,"['IY', 'JH', 'HH']",1,VCC,"['IY', 'JH', 'HH']"
5741,"['EY', 'JH', 'HH']",1,VCC,"['EY', 'JH', 'HH']"
5742,"['OW', 'JH', 'HH']",1,VCC,"['OW', 'HH', 'JH']"
5743,"['AE', 'JH', 'HH']",1,VCC,"['AE', 'G', 'JH']"
5744,"['AW', 'JH', 'HH']",1,VCC,"['AW', 'JH', 'HH']"
5745,"['AH', 'JH', 'CH']",0,VCC,"['AH', 'CH', 'JH']"
5746,"['OY', 'JH', 'CH']",0,VCC,"['OY', 'JH', 'CH']"
5747,"['AA', 'JH', 'CH']",0,VCC,"['AA', 'JH', 'CH']"
5748,"['AY', 'JH', 'CH']",0,VCC,"['AY', 'JH', 'CH']"
5749,"['ER', 'JH', 'CH']",0,VCC,"['ER', 'JH', 'CH']"
5750,"['AO', 'JH', 'CH']",0,VCC,"['AO', 'JH', 'CH']"
5751,"['UW', 'JH', 'CH']",0,VCC,"['UW', 'JH', 'CH']"
5752,"['IH', 'JH', 'CH']",0,VCC,"['IH', 'CH', 'JH']"
5753,"['EH', 'JH', 'CH']",0,VCC,"['EH', 'JH', 'CH']"
5754,"['UH', 'JH', 'CH']",0,VCC,"['UH', 'CH', 'JH']"
5755,"['IY', 'JH', 'CH']",0,VCC,"['IY', 'JH', 'CH']"
5756,"['EY', 'JH', 'CH']",0,VCC,"['EY', 'JH', 'CH']"
5757,"['OW', 'JH', 'CH']",0,VCC,"['OW', 'CH', 'JH']"
5758,"['AE', 'JH', 'CH']",0,VCC,"['AE', 'JH', 'CH']"
5759,"['AW', 'JH', 'CH']",0,VCC,"['AW', 'CH', 'JH']"
5760,"['AH', 'JH', 'M']",-1,VCC,"['AH', 'JH', 'M']"
5761,"['OY', 'JH', 'M']",-1,VCC,"['OY', 'M', 'JH']"
5762,"['AA', 'JH', 'M']",-1,VCC,"['AA', 'JH', 'M']"
5763,"['AY', 'JH', 'M']",-1,VCC,"['AY', 'JH', 'M']"
5764,"['ER', 'JH', 'M']",-1,VCC,"['ER', 'JH', 'M']"
5765,"['AO', 'JH', 'M']",-1,VCC,"['AO', 'JH', 'M']"
5766,"['UW', 'JH', 'M']",-1,VCC,"['UW', 'JH', 'M']"
5767,"['IH', 'JH', 'M']",-1,VCC,"['IH', 'JH', 'M']"
5768,"['EH', 'JH', 'M']",-1,VCC,"['EH', 'M', 'JH']"
5769,"['UH', 'JH', 'M']",-1,VCC,"['UH', 'JH', 'M']"
5770,"['IY', 'JH', 'M']",-1,VCC,"['IY', 'JH', 'M']"
5771,"['EY', 'JH', 'M']",-1,VCC,"['EY', 'JH', 'M']"
5772,"['OW', 'JH', 'M']",-1,VCC,"['OW', 'JH', 'M']"
5773,"['AE', 'JH', 'M']",-1,VCC,"['AE', 'JH', 'M']"
5774,"['AW', 'JH', 'M']",-1,VCC,"['AW', 'JH', 'M']"
5775,"['AH', 'JH', 'N']",-1,VCC,"['AH', 'JH', 'N']"
5776,"['OY', 'JH', 'N']",-1,VCC,"['OY', 'N', 'JH']"
5777,"['AA', 'JH', 'N']",-1,VCC,"['AA', 'JH', 'N']"
5778,"['AY', 'JH', 'N']",-1,VCC,"['AY', 'JH', 'N']"
5779,"['ER', 'JH', 'N']",-1,VCC,"['ER', 'JH', 'N']"
5780,"['AO', 'JH', 'N']",-1,VCC,"['AO', 'JH', 'N']"
5781,"['UW', 'JH', 'N']",-1,VCC,"['UW', 'JH', 'N']"
5782,"['IH', 'JH', 'N']",-1,VCC,"['IH', 'JH', 'N']"
5783,"['EH', 'JH', 'N']",-1,VCC,"['EH', 'JH', 'N']"
5784,"['UH', 'JH', 'N']",-1,VCC,"['UH', 'JH', 'N']"
5785,"['IY', 'JH', 'N']",-1,VCC,"['IY', 'JH', 'N']"
5786,"['EY', 'JH', 'N']",-1,VCC,"['EY', 'JH', 'N']"
5787,"['OW', 'JH', 'N']",-1,VCC,"['OW', 'JH', 'N']"
5788,"['AE', 'JH', 'N']",-1,VCC,"['AE', 'JH', 'N']"
5789,"['AW', 'JH', 'N']",-1,VCC,"['AW', 'N', 'JH']"
5790,"['AH', 'JH', 'NG']",-1,VCC,"['AH', 'NG', 'JH']"
5791,"['OY', 'JH', 'NG']",-1,VCC,"['OY', 'NG', 'JH']"
5792,"['AA', 'JH', 'NG']",-1,VCC,"['AA', 'NG', 'JH']"
5793,"['AY', 'JH', 'NG']",-1,VCC,"['AY', 'NG', '<EOS>']"
5794,"['ER', 'JH', 'NG']",-1,VCC,"['ER', 'NG', 'JH']"
5795,"['AO', 'JH', 'NG']",-1,VCC,"['AO', 'NG', 'JH']"
5796,"['UW', 'JH', 'NG']",-1,VCC,"['UW', 'NG', 'JH']"
5797,"['IH', 'JH', 'NG']",-1,VCC,"['IH', 'NG', 'JH']"
5798,"['EH', 'JH', 'NG']",-1,VCC,"['EH', 'NG', 'JH']"
5799,"['UH', 'JH', 'NG']",-1,VCC,"['UH', 'NG', 'JH']"
5800,"['IY', 'JH', 'NG']",-1,VCC,"['IY', 'JH', 'NG']"
5801,"['EY', 'JH', 'NG']",-1,VCC,"['EY', 'JH', 'NG']"
5802,"['OW', 'JH', 'NG']",-1,VCC,"['OW', 'NG', 'JH']"
5803,"['AE', 'JH', 'NG']",-1,VCC,"['AE', 'NG', 'JH']"
5804,"['AW', 'JH', 'NG']",-1,VCC,"['AW', 'JH', 'NG']"
5805,"['AH', 'JH', 'L']",-2,VCC,"['AH', 'JH', 'L']"
5806,"['OY', 'JH', 'L']",-2,VCC,"['OY', 'JH', 'L']"
5807,"['AA', 'JH', 'L']",-2,VCC,"['AA', 'JH', 'L']"
5808,"['AY', 'JH', 'L']",-2,VCC,"['AY', 'JH', 'L']"
5809,"['ER', 'JH', 'L']",-2,VCC,"['ER', 'JH', 'L']"
5810,"['AO', 'JH', 'L']",-2,VCC,"['AO', 'JH', 'L']"
5811,"['UW', 'JH', 'L']",-2,VCC,"['UW', 'JH', 'L']"
5812,"['IH', 'JH', 'L']",-2,VCC,"['IH', 'JH', 'L']"
5813,"['EH', 'JH', 'L']",-2,VCC,"['EH', 'JH', 'L']"
5814,"['UH', 'JH', 'L']",-2,VCC,"['UH', 'JH', 'L']"
5815,"['IY', 'JH', 'L']",-2,VCC,"['IY', 'JH', 'L']"
5816,"['EY', 'JH', 'L']",-2,VCC,"['EY', 'JH', 'L']"
5817,"['OW', 'JH', 'L']",-2,VCC,"['OW', 'JH', 'L']"
5818,"['AE', 'JH', 'L']",-2,VCC,"['AE', 'JH', 'L']"
5819,"['AW', 'JH', 'L']",-2,VCC,"['AW', 'JH', 'L']"
5820,"['AH', 'JH', 'R']",-2,VCC,"['AH', 'JH', 'R']"
5821,"['OY', 'JH', 'R']",-2,VCC,"['OY', 'R', 'JH']"
5822,"['AA', 'JH', 'R']",-2,VCC,"['AA', 'R', 'JH']"
5823,"['AY', 'JH', 'R']",-2,VCC,"['AY', 'JH', 'R']"
5824,"['ER', 'JH', 'R']",-2,VCC,"['ER', 'JH', 'R']"
5825,"['AO', 'JH', 'R']",-2,VCC,"['AO', 'R', 'JH']"
5826,"['UW', 'JH', 'R']",-2,VCC,"['UW', 'JH', 'R']"
5827,"['IH', 'JH', 'R']",-2,VCC,"['IH', 'JH', 'R']"
5828,"['EH', 'JH', 'R']",-2,VCC,"['EH', 'R', 'JH']"
5829,"['UH', 'JH', 'R']",-2,VCC,"['UH', 'JH', 'R']"
5830,"['IY', 'JH', 'R']",-2,VCC,"['IY', 'JH', 'R']"
5831,"['EY', 'JH', 'R']",-2,VCC,"['EY', 'JH', 'R']"
5832,"['OW', 'JH', 'R']",-2,VCC,"['OW', 'JH', 'R']"
5833,"['AE', 'JH', 'R']",-2,VCC,"['AE', 'JH', 'R']"
5834,"['AW', 'JH', 'R']",-2,VCC,"['AW', 'JH', 'R']"
5835,"['AH', 'JH', 'W']",-3,VCC,"['AH', 'JH', 'W']"
5836,"['OY', 'JH', 'W']",-3,VCC,"['OY', 'JH', 'W']"
5837,"['AA', 'JH', 'W']",-3,VCC,"['AA', 'JH', 'W']"
5838,"['AY', 'JH', 'W']",-3,VCC,"['AY', 'JH', 'W']"
5839,"['ER', 'JH', 'W']",-3,VCC,"['ER', 'JH', 'W']"
5840,"['AO', 'JH', 'W']",-3,VCC,"['AO', 'JH', 'W']"
5841,"['UW', 'JH', 'W']",-3,VCC,"['AW', 'AE', 'JH']"
5842,"['IH', 'JH', 'W']",-3,VCC,"['IH', 'JH', 'W']"
5843,"['EH', 'JH', 'W']",-3,VCC,"['EH', 'JH', 'W']"
5844,"['UH', 'JH', 'W']",-3,VCC,"['ER', 'JH', 'W']"
5845,"['IY', 'JH', 'W']",-3,VCC,"['IY', 'JH', 'W']"
5846,"['EY', 'JH', 'W']",-3,VCC,"['EY', 'JH', 'W']"
5847,"['OW', 'JH', 'W']",-3,VCC,"['OW', 'W', 'JH']"
5848,"['AE', 'JH', 'W']",-3,VCC,"['AE', 'JH', 'W']"
5849,"['AW', 'JH', 'W']",-3,VCC,"['AW', 'JH', 'W']"
5850,"['AH', 'JH', 'Y']",-3,VCC,"['AH', 'JH', 'Y']"
5851,"['OY', 'JH', 'Y']",-3,VCC,"['OY', 'JH', 'Y']"
5852,"['AA', 'JH', 'Y']",-3,VCC,"['AA', 'JH', 'Y']"
5853,"['AY', 'JH', 'Y']",-3,VCC,"['AY', 'JH', 'Y']"
5854,"['ER', 'JH', 'Y']",-3,VCC,"['ER', 'JH', 'Y']"
5855,"['AO', 'JH', 'Y']",-3,VCC,"['AO', 'JH', 'Y']"
5856,"['UW', 'JH', 'Y']",-3,VCC,"['UW', 'JH', 'Y']"
5857,"['IH', 'JH', 'Y']",-3,VCC,"['IH', 'JH', 'Y']"
5858,"['EH', 'JH', 'Y']",-3,VCC,"['EH', 'JH', 'Y']"
5859,"['UH', 'JH', 'Y']",-3,VCC,"['UH', 'JH', 'Y']"
5860,"['IY', 'JH', 'Y']",-3,VCC,"['IY', 'JH', 'Y']"
5861,"['EY', 'JH', 'Y']",-3,VCC,"['EY', 'JH', 'Y']"
5862,"['OW', 'JH', 'Y']",-3,VCC,"['OW', 'JH', 'Y']"
5863,"['AE', 'JH', 'Y']",-3,VCC,"['AE', 'JH', 'Y']"
5864,"['AW', 'JH', 'Y']",-3,VCC,"['AW', 'JH', 'Y']"
5865,"['AH', 'M', 'P']",3,VCC,"['AH', 'M', 'P']"
5866,"['OY', 'M', 'P']",3,VCC,"['OY', 'M', 'P']"
5867,"['AA', 'M', 'P']",3,VCC,"['AA', 'M', 'P']"
5868,"['AY', 'M', 'P']",3,VCC,"['AY', 'M', 'P']"
5869,"['ER', 'M', 'P']",3,VCC,"['ER', 'M', 'P']"
5870,"['AO', 'M', 'P']",3,VCC,"['AO', 'M', 'P']"
5871,"['UW', 'M', 'P']",3,VCC,"['AE', 'M', 'P']"
5872,"['IH', 'M', 'P']",3,VCC,"['IH', 'M', 'P']"
5873,"['EH', 'M', 'P']",3,VCC,"['EH', 'M', 'P']"
5874,"['UH', 'M', 'P']",3,VCC,"['UH', 'M', 'P']"
5875,"['IY', 'M', 'P']",3,VCC,"['EH', 'M', 'P']"
5876,"['EY', 'M', 'P']",3,VCC,"['EY', 'M', 'P']"
5877,"['OW', 'M', 'P']",3,VCC,"['OW', 'M', 'P']"
5878,"['AE', 'M', 'P']",3,VCC,"['AE', 'M', 'P']"
5879,"['AW', 'M', 'P']",3,VCC,"['AW', 'M', 'P']"
5880,"['AH', 'M', 'T']",3,VCC,"['AH', 'M', 'T']"
5881,"['OY', 'M', 'T']",3,VCC,"['OY', 'M', 'T']"
5882,"['AA', 'M', 'T']",3,VCC,"['AA', 'M', 'T']"
5883,"['AY', 'M', 'T']",3,VCC,"['AY', 'M', 'T']"
5884,"['ER', 'M', 'T']",3,VCC,"['ER', 'M', 'T']"
5885,"['AO', 'M', 'T']",3,VCC,"['AO', 'M', 'T']"
5886,"['UW', 'M', 'T']",3,VCC,"['UW', 'M', 'T']"
5887,"['IH', 'M', 'T']",3,VCC,"['IH', 'M', 'T']"
5888,"['EH', 'M', 'T']",3,VCC,"['EH', 'M', 'T']"
5889,"['UH', 'M', 'T']",3,VCC,"['UH', 'M', 'T']"
5890,"['IY', 'M', 'T']",3,VCC,"['IY', 'M', 'T']"
5891,"['EY', 'M', 'T']",3,VCC,"['EY', 'M', 'T']"
5892,"['OW', 'M', 'T']",3,VCC,"['OW', 'M', 'T']"
5893,"['AE', 'M', 'T']",3,VCC,"['AE', 'M', 'T']"
5894,"['AW', 'M', 'T']",3,VCC,"['AW', 'M', 'T']"
5895,"['AH', 'M', 'K']",3,VCC,"['AH', 'M', 'K']"
5896,"['OY', 'M', 'K']",3,VCC,"['OY', 'M', 'K']"
5897,"['AA', 'M', 'K']",3,VCC,"['AA', 'M', 'K']"
5898,"['AY', 'M', 'K']",3,VCC,"['AY', 'M', 'K']"
5899,"['ER', 'M', 'K']",3,VCC,"['ER', 'M', 'K']"
5900,"['AO', 'M', 'K']",3,VCC,"['AO', 'M', 'K']"
5901,"['UW', 'M', 'K']",3,VCC,"['UW', 'M', 'K']"
5902,"['IH', 'M', 'K']",3,VCC,"['IH', 'M', 'K']"
5903,"['EH', 'M', 'K']",3,VCC,"['EH', 'M', 'K']"
5904,"['UH', 'M', 'K']",3,VCC,"['UH', 'M', 'K']"
5905,"['IY', 'M', 'K']",3,VCC,"['EH', 'M', 'K']"
5906,"['EY', 'M', 'K']",3,VCC,"['EY', 'M', 'K']"
5907,"['OW', 'M', 'K']",3,VCC,"['OW', 'M', 'K']"
5908,"['AE', 'M', 'K']",3,VCC,"['AE', 'M', 'K']"
5909,"['AW', 'M', 'K']",3,VCC,"['AW', 'M', 'K']"
5910,"['AH', 'M', 'B']",3,VCC,"['AH', 'M', 'B']"
5911,"['OY', 'M', 'B']",3,VCC,"['OY', 'M', 'B']"
5912,"['AA', 'M', 'B']",3,VCC,"['AA', 'M', 'B']"
5913,"['AY', 'M', 'B']",3,VCC,"['AY', 'M', 'B']"
5914,"['ER', 'M', 'B']",3,VCC,"['ER', 'M', 'B']"
5915,"['AO', 'M', 'B']",3,VCC,"['AO', 'M', 'B']"
5916,"['UW', 'M', 'B']",3,VCC,"['UW', 'M', 'B']"
5917,"['IH', 'M', 'B']",3,VCC,"['IH', 'M', 'B']"
5918,"['EH', 'M', 'B']",3,VCC,"['EH', 'M', 'B']"
5919,"['UH', 'M', 'B']",3,VCC,"['UH', 'M', 'B']"
5920,"['IY', 'M', 'B']",3,VCC,"['IY', 'M', 'B']"
5921,"['EY', 'M', 'B']",3,VCC,"['EY', 'M', 'B']"
5922,"['OW', 'M', 'B']",3,VCC,"['OW', 'M', 'B']"
5923,"['AE', 'M', 'B']",3,VCC,"['AE', 'M', 'B']"
5924,"['AW', 'M', 'B']",3,VCC,"['AW', 'M', 'B']"
5925,"['AH', 'M', 'D']",3,VCC,"['AH', 'M', 'D']"
5926,"['OY', 'M', 'D']",3,VCC,"['OY', 'M', 'D']"
5927,"['AA', 'M', 'D']",3,VCC,"['AA', 'M', 'D']"
5928,"['AY', 'M', 'D']",3,VCC,"['AY', 'M', 'D']"
5929,"['ER', 'M', 'D']",3,VCC,"['ER', 'M', 'D']"
5930,"['AO', 'M', 'D']",3,VCC,"['AO', 'M', 'D']"
5931,"['UW', 'M', 'D']",3,VCC,"['UW', 'M', 'D']"
5932,"['IH', 'M', 'D']",3,VCC,"['IH', 'M', 'D']"
5933,"['EH', 'M', 'D']",3,VCC,"['EH', 'M', 'D']"
5934,"['UH', 'M', 'D']",3,VCC,"['UH', 'M', 'D']"
5935,"['IY', 'M', 'D']",3,VCC,"['AE', 'M', 'D']"
5936,"['EY', 'M', 'D']",3,VCC,"['EY', 'M', 'D']"
5937,"['OW', 'M', 'D']",3,VCC,"['OW', 'M', 'D']"
5938,"['AE', 'M', 'D']",3,VCC,"['AE', 'M', 'D']"
5939,"['AW', 'M', 'D']",3,VCC,"['AW', 'M', 'D']"
5940,"['AH', 'M', 'G']",3,VCC,"['AH', 'M', 'G']"
5941,"['OY', 'M', 'G']",3,VCC,"['OY', 'G', 'M']"
5942,"['AA', 'M', 'G']",3,VCC,"['AA', 'M', 'G']"
5943,"['AY', 'M', 'G']",3,VCC,"['AY', 'M', 'G']"
5944,"['ER', 'M', 'G']",3,VCC,"['ER', 'M', 'G']"
5945,"['AO', 'M', 'G']",3,VCC,"['AO', 'G', 'M']"
5946,"['UW', 'M', 'G']",3,VCC,"['UW', 'M', 'G']"
5947,"['IH', 'M', 'G']",3,VCC,"['IH', 'M', 'G']"
5948,"['EH', 'M', 'G']",3,VCC,"['EH', 'M', 'G']"
5949,"['UH', 'M', 'G']",3,VCC,"['UH', 'M', 'G']"
5950,"['IY', 'M', 'G']",3,VCC,"['EH', 'M', 'G']"
5951,"['EY', 'M', 'G']",3,VCC,"['EY', 'M', 'G']"
5952,"['OW', 'M', 'G']",3,VCC,"['OW', 'M', 'G']"
5953,"['AE', 'M', 'G']",3,VCC,"['AE', 'M', 'G']"
5954,"['AW', 'M', 'G']",3,VCC,"['AW', 'M', 'G']"
5955,"['AH', 'M', 'F']",2,VCC,"['AH', 'M', 'F']"
5956,"['OY', 'M', 'F']",2,VCC,"['OY', 'M', 'F']"
5957,"['AA', 'M', 'F']",2,VCC,"['AA', 'M', 'F']"
5958,"['AY', 'M', 'F']",2,VCC,"['AY', 'M', 'F']"
5959,"['ER', 'M', 'F']",2,VCC,"['ER', 'M', 'F']"
5960,"['AO', 'M', 'F']",2,VCC,"['AO', 'M', 'F']"
5961,"['UW', 'M', 'F']",2,VCC,"['UW', 'M', 'F']"
5962,"['IH', 'M', 'F']",2,VCC,"['IH', 'M', 'F']"
5963,"['EH', 'M', 'F']",2,VCC,"['EH', 'M', 'F']"
5964,"['UH', 'M', 'F']",2,VCC,"['UH', 'M', 'F']"
5965,"['IY', 'M', 'F']",2,VCC,"['EH', 'M', 'F']"
5966,"['EY', 'M', 'F']",2,VCC,"['EY', 'M', 'F']"
5967,"['OW', 'M', 'F']",2,VCC,"['OW', 'M', 'F']"
5968,"['AE', 'M', 'F']",2,VCC,"['AE', 'M', 'F']"
5969,"['AW', 'M', 'F']",2,VCC,"['AW', 'M', 'F']"
5970,"['AH', 'M', 'TH']",2,VCC,"['AH', 'M', 'TH']"
5971,"['OY', 'M', 'TH']",2,VCC,"['OY', 'M', 'TH']"
5972,"['AA', 'M', 'TH']",2,VCC,"['AA', 'M', 'TH']"
5973,"['AY', 'M', 'TH']",2,VCC,"['AY', 'M', 'TH']"
5974,"['ER', 'M', 'TH']",2,VCC,"['ER', 'M', 'TH']"
5975,"['AO', 'M', 'TH']",2,VCC,"['AO', 'TH', 'M']"
5976,"['UW', 'M', 'TH']",2,VCC,"['UW', 'M', 'TH']"
5977,"['IH', 'M', 'TH']",2,VCC,"['IH', 'M', 'TH']"
5978,"['EH', 'M', 'TH']",2,VCC,"['EH', 'M', 'TH']"
5979,"['UH', 'M', 'TH']",2,VCC,"['UH', 'M', 'TH']"
5980,"['IY', 'M', 'TH']",2,VCC,"['EH', 'M', 'TH']"
5981,"['EY', 'M', 'TH']",2,VCC,"['EY', 'M', 'TH']"
5982,"['OW', 'M', 'TH']",2,VCC,"['OW', 'M', 'TH']"
5983,"['AE', 'M', 'TH']",2,VCC,"['AE', 'M', 'TH']"
5984,"['AW', 'M', 'TH']",2,VCC,"['AW', 'M', 'TH']"
5985,"['AH', 'M', 'S']",2,VCC,"['AH', 'M', 'S']"
5986,"['OY', 'M', 'S']",2,VCC,"['OY', 'M', 'S']"
5987,"['AA', 'M', 'S']",2,VCC,"['AA', 'M', 'S']"
5988,"['AY', 'M', 'S']",2,VCC,"['AY', 'M', 'S']"
5989,"['ER', 'M', 'S']",2,VCC,"['ER', 'M', 'S']"
5990,"['AO', 'M', 'S']",2,VCC,"['AO', 'M', 'S']"
5991,"['UW', 'M', 'S']",2,VCC,"['UW', 'M', 'S']"
5992,"['IH', 'M', 'S']",2,VCC,"['IH', 'M', 'S']"
5993,"['EH', 'M', 'S']",2,VCC,"['EH', 'M', 'S']"
5994,"['UH', 'M', 'S']",2,VCC,"['UH', 'M', 'S']"
5995,"['IY', 'M', 'S']",2,VCC,"['IY', 'M', 'S']"
5996,"['EY', 'M', 'S']",2,VCC,"['EY', 'M', 'S']"
5997,"['OW', 'M', 'S']",2,VCC,"['OW', 'M', 'S']"
5998,"['AE', 'M', 'S']",2,VCC,"['AE', 'M', 'S']"
5999,"['AW', 'M', 'S']",2,VCC,"['AW', 'M', 'S']"
6000,"['AH', 'M', 'SH']",2,VCC,"['AH', 'M', 'SH']"
6001,"['OY', 'M', 'SH']",2,VCC,"['OY', 'SH', 'M']"
6002,"['AA', 'M', 'SH']",2,VCC,"['AA', 'SH', 'M']"
6003,"['AY', 'M', 'SH']",2,VCC,"['AY', 'SH', 'M']"
6004,"['ER', 'M', 'SH']",2,VCC,"['ER', 'M', 'SH']"
6005,"['AO', 'M', 'SH']",2,VCC,"['AO', 'SH', 'M']"
6006,"['UW', 'M', 'SH']",2,VCC,"['UW', 'SH', 'M']"
6007,"['IH', 'M', 'SH']",2,VCC,"['IH', 'M', 'SH']"
6008,"['EH', 'M', 'SH']",2,VCC,"['EH', 'M', 'SH']"
6009,"['UH', 'M', 'SH']",2,VCC,"['UH', 'SH', 'M']"
6010,"['IY', 'M', 'SH']",2,VCC,"['EH', 'M', 'SH']"
6011,"['EY', 'M', 'SH']",2,VCC,"['EY', 'SH', 'M']"
6012,"['OW', 'M', 'SH']",2,VCC,"['OW', 'SH', 'M']"
6013,"['AE', 'M', 'SH']",2,VCC,"['AE', 'SH', 'M']"
6014,"['AW', 'M', 'SH']",2,VCC,"['AW', 'SH', 'M']"
6015,"['AH', 'M', 'Z']",2,VCC,"['AH', 'M', 'Z']"
6016,"['OY', 'M', 'Z']",2,VCC,"['OY', 'M', 'Z']"
6017,"['AA', 'M', 'Z']",2,VCC,"['AA', 'M', 'Z']"
6018,"['AY', 'M', 'Z']",2,VCC,"['AY', 'M', 'Z']"
6019,"['ER', 'M', 'Z']",2,VCC,"['ER', 'M', 'Z']"
6020,"['AO', 'M', 'Z']",2,VCC,"['AO', 'M', 'Z']"
6021,"['UW', 'M', 'Z']",2,VCC,"['UW', 'M', 'Z']"
6022,"['IH', 'M', 'Z']",2,VCC,"['IH', 'M', 'Z']"
6023,"['EH', 'M', 'Z']",2,VCC,"['EH', 'M', 'Z']"
6024,"['UH', 'M', 'Z']",2,VCC,"['UH', 'M', 'Z']"
6025,"['IY', 'M', 'Z']",2,VCC,"['IY', 'M', 'Z']"
6026,"['EY', 'M', 'Z']",2,VCC,"['EY', 'M', 'Z']"
6027,"['OW', 'M', 'Z']",2,VCC,"['OW', 'M', 'Z']"
6028,"['AE', 'M', 'Z']",2,VCC,"['AE', 'M', 'Z']"
6029,"['AW', 'M', 'Z']",2,VCC,"['AW', 'M', 'Z']"
6030,"['AH', 'M', 'ZH']",2,VCC,"['AH', 'M', 'ZH']"
6031,"['OY', 'M', 'ZH']",2,VCC,"['OY', 'M', 'ZH']"
6032,"['AA', 'M', 'ZH']",2,VCC,"['AE', 'M', 'ZH']"
6033,"['AY', 'M', 'ZH']",2,VCC,"['AY', 'M', 'ZH']"
6034,"['ER', 'M', 'ZH']",2,VCC,"['ER', 'M', 'ZH']"
6035,"['AO', 'M', 'ZH']",2,VCC,"['AO', 'M', 'ZH']"
6036,"['UW', 'M', 'ZH']",2,VCC,"['AE', 'M', 'ZH']"
6037,"['IH', 'M', 'ZH']",2,VCC,"['IH', 'M', 'ZH']"
6038,"['EH', 'M', 'ZH']",2,VCC,"['EH', 'M', 'ZH']"
6039,"['UH', 'M', 'ZH']",2,VCC,"['UH', 'M', 'ZH']"
6040,"['IY', 'M', 'ZH']",2,VCC,"['AE', 'M', 'ZH']"
6041,"['EY', 'M', 'ZH']",2,VCC,"['EY', 'M', 'ZH']"
6042,"['OW', 'M', 'ZH']",2,VCC,"['OW', 'M', 'ZH']"
6043,"['AE', 'M', 'ZH']",2,VCC,"['AE', 'M', 'ZH']"
6044,"['AW', 'M', 'ZH']",2,VCC,"['AW', 'M', 'ZH']"
6045,"['AH', 'M', 'V']",2,VCC,"['AH', 'M', 'V']"
6046,"['OY', 'M', 'V']",2,VCC,"['M', 'OY', 'V']"
6047,"['AA', 'M', 'V']",2,VCC,"['AA', 'M', 'V']"
6048,"['AY', 'M', 'V']",2,VCC,"['AY', 'M', 'V']"
6049,"['ER', 'M', 'V']",2,VCC,"['ER', 'M', 'V']"
6050,"['AO', 'M', 'V']",2,VCC,"['M', 'AO', 'V']"
6051,"['UW', 'M', 'V']",2,VCC,"['UW', 'M', 'V']"
6052,"['IH', 'M', 'V']",2,VCC,"['IH', 'M', 'V']"
6053,"['EH', 'M', 'V']",2,VCC,"['EH', 'M', 'V']"
6054,"['UH', 'M', 'V']",2,VCC,"['UH', 'M', 'V']"
6055,"['IY', 'M', 'V']",2,VCC,"['AE', 'M', 'V']"
6056,"['EY', 'M', 'V']",2,VCC,"['EY', 'M', 'V']"
6057,"['OW', 'M', 'V']",2,VCC,"['OW', 'M', 'V']"
6058,"['AE', 'M', 'V']",2,VCC,"['AE', 'M', 'V']"
6059,"['AW', 'M', 'V']",2,VCC,"['AW', 'M', 'V']"
6060,"['AH', 'M', 'DH']",2,VCC,"['AH', 'DH', 'M']"
6061,"['OY', 'M', 'DH']",2,VCC,"['OY', 'M', 'DH']"
6062,"['AA', 'M', 'DH']",2,VCC,"['AA', 'DH', 'M']"
6063,"['AY', 'M', 'DH']",2,VCC,"['AY', 'DH', 'M']"
6064,"['ER', 'M', 'DH']",2,VCC,"['ER', 'DH', 'M']"
6065,"['AO', 'M', 'DH']",2,VCC,"['AO', 'DH', 'M']"
6066,"['UW', 'M', 'DH']",2,VCC,"['AE', 'M', 'DH']"
6067,"['IH', 'M', 'DH']",2,VCC,"['IH', 'DH', 'M']"
6068,"['EH', 'M', 'DH']",2,VCC,"['EH', 'DH', 'M']"
6069,"['UH', 'M', 'DH']",2,VCC,"['UH', 'M', 'DH']"
6070,"['IY', 'M', 'DH']",2,VCC,"['EH', 'DH', 'M']"
6071,"['EY', 'M', 'DH']",2,VCC,"['EY', 'DH', 'M']"
6072,"['OW', 'M', 'DH']",2,VCC,"['OW', 'DH', 'M']"
6073,"['AE', 'M', 'DH']",2,VCC,"['AE', 'M', 'DH']"
6074,"['AW', 'M', 'DH']",2,VCC,"['AW', 'DH', 'M']"
6075,"['AH', 'M', 'HH']",2,VCC,"['AH', 'M', 'HH']"
6076,"['OY', 'M', 'HH']",2,VCC,"['OY', 'M', 'HH']"
6077,"['AA', 'M', 'HH']",2,VCC,"['AA', 'M', 'HH']"
6078,"['AY', 'M', 'HH']",2,VCC,"['AY', 'M', 'HH']"
6079,"['ER', 'M', 'HH']",2,VCC,"['ER', 'M', 'HH']"
6080,"['AO', 'M', 'HH']",2,VCC,"['AO', 'M', 'HH']"
6081,"['UW', 'M', 'HH']",2,VCC,"['UW', 'M', 'HH']"
6082,"['IH', 'M', 'HH']",2,VCC,"['IH', 'M', 'HH']"
6083,"['EH', 'M', 'HH']",2,VCC,"['EH', 'M', 'HH']"
6084,"['UH', 'M', 'HH']",2,VCC,"['UH', 'M', 'HH']"
6085,"['IY', 'M', 'HH']",2,VCC,"['M', 'HH', 'IY']"
6086,"['EY', 'M', 'HH']",2,VCC,"['EY', 'M', 'HH']"
6087,"['OW', 'M', 'HH']",2,VCC,"['OW', 'M', 'HH']"
6088,"['AE', 'M', 'HH']",2,VCC,"['AE', 'M', 'HH']"
6089,"['AW', 'M', 'HH']",2,VCC,"['AW', 'M', 'HH']"
6090,"['AH', 'M', 'CH']",1,VCC,"['AH', 'M', 'CH']"
6091,"['OY', 'M', 'CH']",1,VCC,"['OY', 'M', 'CH']"
6092,"['AA', 'M', 'CH']",1,VCC,"['AA', 'M', 'CH']"
6093,"['AY', 'M', 'CH']",1,VCC,"['AY', 'M', 'CH']"
6094,"['ER', 'M', 'CH']",1,VCC,"['ER', 'M', 'CH']"
6095,"['AO', 'M', 'CH']",1,VCC,"['AO', 'M', 'CH']"
6096,"['UW', 'M', 'CH']",1,VCC,"['UW', 'M', 'CH']"
6097,"['IH', 'M', 'CH']",1,VCC,"['IH', 'M', 'CH']"
6098,"['EH', 'M', 'CH']",1,VCC,"['EH', 'M', 'CH']"
6099,"['UH', 'M', 'CH']",1,VCC,"['IH', 'M', 'CH']"
6100,"['IY', 'M', 'CH']",1,VCC,"['IH', 'M', 'CH']"
6101,"['EY', 'M', 'CH']",1,VCC,"['EY', 'M', 'CH']"
6102,"['OW', 'M', 'CH']",1,VCC,"['OW', 'M', 'CH']"
6103,"['AE', 'M', 'CH']",1,VCC,"['AE', 'M', 'CH']"
6104,"['AW', 'M', 'CH']",1,VCC,"['AW', 'M', 'CH']"
6105,"['AH', 'M', 'JH']",1,VCC,"['AH', 'M', 'JH']"
6106,"['OY', 'M', 'JH']",1,VCC,"['OY', 'M', 'JH']"
6107,"['AA', 'M', 'JH']",1,VCC,"['AA', 'M', 'JH']"
6108,"['AY', 'M', 'JH']",1,VCC,"['AY', 'M', 'JH']"
6109,"['ER', 'M', 'JH']",1,VCC,"['ER', 'M', 'JH']"
6110,"['AO', 'M', 'JH']",1,VCC,"['AO', 'M', 'JH']"
6111,"['UW', 'M', 'JH']",1,VCC,"['UW', 'M', 'JH']"
6112,"['IH', 'M', 'JH']",1,VCC,"['IH', 'M', 'JH']"
6113,"['EH', 'M', 'JH']",1,VCC,"['EH', 'M', 'JH']"
6114,"['UH', 'M', 'JH']",1,VCC,"['UH', 'M', 'JH']"
6115,"['IY', 'M', 'JH']",1,VCC,"['EH', 'M', 'JH']"
6116,"['EY', 'M', 'JH']",1,VCC,"['EY', 'M', 'JH']"
6117,"['OW', 'M', 'JH']",1,VCC,"['OW', 'M', 'JH']"
6118,"['AE', 'M', 'JH']",1,VCC,"['AE', 'M', 'JH']"
6119,"['AW', 'M', 'JH']",1,VCC,"['AW', 'M', 'JH']"
6120,"['AH', 'M', 'N']",0,VCC,"['AH', 'M', 'N']"
6121,"['OY', 'M', 'N']",0,VCC,"['OY', 'N', 'M']"
6122,"['AA', 'M', 'N']",0,VCC,"['AA', 'M', 'N']"
6123,"['AY', 'M', 'N']",0,VCC,"['AY', 'M', '<EOS>']"
6124,"['ER', 'M', 'N']",0,VCC,"['ER', 'M', 'N']"
6125,"['AO', 'M', 'N']",0,VCC,"['AO', 'M', 'N']"
6126,"['UW', 'M', 'N']",0,VCC,"['UW', 'M', 'N']"
6127,"['IH', 'M', 'N']",0,VCC,"['IH', 'M', 'N']"
6128,"['EH', 'M', 'N']",0,VCC,"['EH', 'M', 'N']"
6129,"['UH', 'M', 'N']",0,VCC,"['UH', 'M', 'N']"
6130,"['IY', 'M', 'N']",0,VCC,"['EH', 'M', 'N']"
6131,"['EY', 'M', 'N']",0,VCC,"['EY', 'M', 'N']"
6132,"['OW', 'M', 'N']",0,VCC,"['OW', 'M', 'N']"
6133,"['AE', 'M', 'N']",0,VCC,"['AE', 'M', 'N']"
6134,"['AW', 'M', 'N']",0,VCC,"['AW', 'N', 'M']"
6135,"['AH', 'M', 'NG']",0,VCC,"['AH', 'M', 'NG']"
6136,"['OY', 'M', 'NG']",0,VCC,"['OY', 'NG', 'M']"
6137,"['AA', 'M', 'NG']",0,VCC,"['AA', 'NG', 'M']"
6138,"['AY', 'M', 'NG']",0,VCC,"['AY', 'NG', 'NG']"
6139,"['ER', 'M', 'NG']",0,VCC,"['ER', 'M', 'NG']"
6140,"['AO', 'M', 'NG']",0,VCC,"['AO', 'NG', 'M']"
6141,"['UW', 'M', 'NG']",0,VCC,"['UW', 'M', 'NG']"
6142,"['IH', 'M', 'NG']",0,VCC,"['IH', 'NG', 'M']"
6143,"['EH', 'M', 'NG']",0,VCC,"['EH', 'M', 'NG']"
6144,"['UH', 'M', 'NG']",0,VCC,"['UH', 'M', 'NG']"
6145,"['IY', 'M', 'NG']",0,VCC,"['EH', 'M', 'NG']"
6146,"['EY', 'M', 'NG']",0,VCC,"['EY', 'M', 'NG']"
6147,"['OW', 'M', 'NG']",0,VCC,"['OW', 'NG', 'M']"
6148,"['AE', 'M', 'NG']",0,VCC,"['AE', 'NG', 'M']"
6149,"['AW', 'M', 'NG']",0,VCC,"['AW', 'NG', 'M']"
6150,"['AH', 'M', 'L']",-1,VCC,"['AH', 'M', 'L']"
6151,"['OY', 'M', 'L']",-1,VCC,"['OY', 'M', 'L']"
6152,"['AA', 'M', 'L']",-1,VCC,"['AA', 'M', 'L']"
6153,"['AY', 'M', 'L']",-1,VCC,"['AY', 'M', 'L']"
6154,"['ER', 'M', 'L']",-1,VCC,"['ER', 'M', 'L']"
6155,"['AO', 'M', 'L']",-1,VCC,"['AO', 'L', 'M']"
6156,"['UW', 'M', 'L']",-1,VCC,"['UW', 'M', 'L']"
6157,"['IH', 'M', 'L']",-1,VCC,"['IH', 'M', 'L']"
6158,"['EH', 'M', 'L']",-1,VCC,"['EH', 'M', 'L']"
6159,"['UH', 'M', 'L']",-1,VCC,"['UH', 'M', 'L']"
6160,"['IY', 'M', 'L']",-1,VCC,"['EH', 'M', 'L']"
6161,"['EY', 'M', 'L']",-1,VCC,"['EY', 'M', 'L']"
6162,"['OW', 'M', 'L']",-1,VCC,"['OW', 'M', 'L']"
6163,"['AE', 'M', 'L']",-1,VCC,"['AE', 'M', 'L']"
6164,"['AW', 'M', 'L']",-1,VCC,"['AW', 'M', 'L']"
6165,"['AH', 'M', 'R']",-1,VCC,"['AH', 'M', 'R']"
6166,"['OY', 'M', 'R']",-1,VCC,"['OY', 'M', 'R']"
6167,"['AA', 'M', 'R']",-1,VCC,"['AA', 'M', 'R']"
6168,"['AY', 'M', 'R']",-1,VCC,"['AY', 'M', 'R']"
6169,"['ER', 'M', 'R']",-1,VCC,"['ER', 'M', 'R']"
6170,"['AO', 'M', 'R']",-1,VCC,"['AO', 'R', 'M']"
6171,"['UW', 'M', 'R']",-1,VCC,"['UW', 'M', 'R']"
6172,"['IH', 'M', 'R']",-1,VCC,"['IH', 'M', 'R']"
6173,"['EH', 'M', 'R']",-1,VCC,"['EH', 'M', 'R']"
6174,"['UH', 'M', 'R']",-1,VCC,"['UH', 'M', 'R']"
6175,"['IY', 'M', 'R']",-1,VCC,"['EH', 'M', 'R']"
6176,"['EY', 'M', 'R']",-1,VCC,"['EY', 'M', 'R']"
6177,"['OW', 'M', 'R']",-1,VCC,"['OW', 'M', 'R']"
6178,"['AE', 'M', 'R']",-1,VCC,"['AE', 'M', 'R']"
6179,"['AW', 'M', 'R']",-1,VCC,"['AW', 'M', 'R']"
6180,"['AH', 'M', 'W']",-2,VCC,"['AH', 'M', 'W']"
6181,"['OY', 'M', 'W']",-2,VCC,"['OY', 'M', 'W']"
6182,"['AA', 'M', 'W']",-2,VCC,"['AA', 'M', 'W']"
6183,"['AY', 'M', 'W']",-2,VCC,"['AY', 'M', 'W']"
6184,"['ER', 'M', 'W']",-2,VCC,"['ER', 'M', 'W']"
6185,"['AO', 'M', 'W']",-2,VCC,"['AO', 'M', 'W']"
6186,"['UW', 'M', 'W']",-2,VCC,"['UW', 'M', 'W']"
6187,"['IH', 'M', 'W']",-2,VCC,"['IH', 'M', 'W']"
6188,"['EH', 'M', 'W']",-2,VCC,"['EH', 'M', 'W']"
6189,"['UH', 'M', 'W']",-2,VCC,"['EH', 'M', 'W']"
6190,"['IY', 'M', 'W']",-2,VCC,"['IY', 'M', 'W']"
6191,"['EY', 'M', 'W']",-2,VCC,"['EY', 'M', 'W']"
6192,"['OW', 'M', 'W']",-2,VCC,"['OW', 'M', 'W']"
6193,"['AE', 'M', 'W']",-2,VCC,"['AE', 'M', 'W']"
6194,"['AW', 'M', 'W']",-2,VCC,"['AW', 'M', 'W']"
6195,"['AH', 'M', 'Y']",-2,VCC,"['AH', 'M', 'Y']"
6196,"['OY', 'M', 'Y']",-2,VCC,"['OY', 'M', 'Y']"
6197,"['AA', 'M', 'Y']",-2,VCC,"['AA', 'M', 'Y']"
6198,"['AY', 'M', 'Y']",-2,VCC,"['AY', 'M', 'Y']"
6199,"['ER', 'M', 'Y']",-2,VCC,"['ER', 'M', 'Y']"
6200,"['AO', 'M', 'Y']",-2,VCC,"['AO', 'M', 'Y']"
6201,"['UW', 'M', 'Y']",-2,VCC,"['AE', 'M', 'Y']"
6202,"['IH', 'M', 'Y']",-2,VCC,"['IH', 'M', 'Y']"
6203,"['EH', 'M', 'Y']",-2,VCC,"['EH', 'M', 'Y']"
6204,"['UH', 'M', 'Y']",-2,VCC,"['UH', 'M', 'Y']"
6205,"['IY', 'M', 'Y']",-2,VCC,"['EH', 'M', 'Y']"
6206,"['EY', 'M', 'Y']",-2,VCC,"['EY', 'M', 'Y']"
6207,"['OW', 'M', 'Y']",-2,VCC,"['OW', 'M', 'Y']"
6208,"['AE', 'M', 'Y']",-2,VCC,"['AE', 'M', 'Y']"
6209,"['AW', 'M', 'Y']",-2,VCC,"['AW', 'M', 'Y']"
6210,"['AH', 'N', 'P']",3,VCC,"['AH', 'N', 'P']"
6211,"['OY', 'N', 'P']",3,VCC,"['OY', 'N', 'P']"
6212,"['AA', 'N', 'P']",3,VCC,"['AA', 'N', 'P']"
6213,"['AY', 'N', 'P']",3,VCC,"['AY', 'N', 'P']"
6214,"['ER', 'N', 'P']",3,VCC,"['ER', 'N', 'P']"
6215,"['AO', 'N', 'P']",3,VCC,"['AO', 'N', 'P']"
6216,"['UW', 'N', 'P']",3,VCC,"['IH', 'UW', 'N']"
6217,"['IH', 'N', 'P']",3,VCC,"['IH', 'N', 'P']"
6218,"['EH', 'N', 'P']",3,VCC,"['EH', 'N', 'P']"
6219,"['UH', 'N', 'P']",3,VCC,"['IH', 'N', 'P']"
6220,"['IY', 'N', 'P']",3,VCC,"['IY', 'N', 'P']"
6221,"['EY', 'N', 'P']",3,VCC,"['EY', 'N', 'P']"
6222,"['OW', 'N', 'P']",3,VCC,"['OW', 'N', 'P']"
6223,"['AE', 'N', 'P']",3,VCC,"['AE', 'N', 'P']"
6224,"['AW', 'N', 'P']",3,VCC,"['AW', 'N', 'P']"
6225,"['AH', 'N', 'T']",3,VCC,"['AH', 'N', 'T']"
6226,"['OY', 'N', 'T']",3,VCC,"['OY', 'N', 'T']"
6227,"['AA', 'N', 'T']",3,VCC,"['AA', 'N', 'T']"
6228,"['AY', 'N', 'T']",3,VCC,"['AY', 'N', 'T']"
6229,"['ER', 'N', 'T']",3,VCC,"['ER', 'N', 'T']"
6230,"['AO', 'N', 'T']",3,VCC,"['AO', 'N', 'T']"
6231,"['UW', 'N', 'T']",3,VCC,"['UW', 'N', 'T']"
6232,"['IH', 'N', 'T']",3,VCC,"['IH', 'N', 'T']"
6233,"['EH', 'N', 'T']",3,VCC,"['EH', 'N', 'T']"
6234,"['UH', 'N', 'T']",3,VCC,"['ZH', 'UH', 'T']"
6235,"['IY', 'N', 'T']",3,VCC,"['IY', 'N', 'T']"
6236,"['EY', 'N', 'T']",3,VCC,"['EY', 'N', 'T']"
6237,"['OW', 'N', 'T']",3,VCC,"['OW', 'N', 'T']"
6238,"['AE', 'N', 'T']",3,VCC,"['AE', 'N', 'T']"
6239,"['AW', 'N', 'T']",3,VCC,"['AW', 'N', 'T']"
6240,"['AH', 'N', 'K']",3,VCC,"['AH', 'N', 'K']"
6241,"['OY', 'N', 'K']",3,VCC,"['OY', 'N', 'K']"
6242,"['AA', 'N', 'K']",3,VCC,"['AA', 'N', 'K']"
6243,"['AY', 'N', 'K']",3,VCC,"['AY', 'N', 'K']"
6244,"['ER', 'N', 'K']",3,VCC,"['ER', 'N', 'K']"
6245,"['AO', 'N', 'K']",3,VCC,"['AO', 'N', 'K']"
6246,"['UW', 'N', 'K']",3,VCC,"['UW', 'N', 'K']"
6247,"['IH', 'N', 'K']",3,VCC,"['IH', 'N', 'K']"
6248,"['EH', 'N', 'K']",3,VCC,"['EH', 'N', 'K']"
6249,"['UH', 'N', 'K']",3,VCC,"['EH', 'N', 'K']"
6250,"['IY', 'N', 'K']",3,VCC,"['EH', 'N', 'K']"
6251,"['EY', 'N', 'K']",3,VCC,"['EY', 'N', 'K']"
6252,"['OW', 'N', 'K']",3,VCC,"['OW', 'N', 'K']"
6253,"['AE', 'N', 'K']",3,VCC,"['AE', 'N', 'K']"
6254,"['AW', 'N', 'K']",3,VCC,"['AW', 'N', 'K']"
6255,"['AH', 'N', 'B']",3,VCC,"['AH', 'N', 'B']"
6256,"['OY', 'N', 'B']",3,VCC,"['OY', 'N', 'B']"
6257,"['AA', 'N', 'B']",3,VCC,"['AA', 'N', 'B']"
6258,"['AY', 'N', 'B']",3,VCC,"['AY', 'N', 'B']"
6259,"['ER', 'N', 'B']",3,VCC,"['ER', 'N', 'B']"
6260,"['AO', 'N', 'B']",3,VCC,"['AO', 'N', 'B']"
6261,"['UW', 'N', 'B']",3,VCC,"['UW', 'N', 'B']"
6262,"['IH', 'N', 'B']",3,VCC,"['IH', 'N', 'B']"
6263,"['EH', 'N', 'B']",3,VCC,"['EH', 'N', 'B']"
6264,"['UH', 'N', 'B']",3,VCC,"['UH', 'N', 'B']"
6265,"['IY', 'N', 'B']",3,VCC,"['IY', 'N', 'B']"
6266,"['EY', 'N', 'B']",3,VCC,"['EY', 'N', 'B']"
6267,"['OW', 'N', 'B']",3,VCC,"['OW', 'N', 'B']"
6268,"['AE', 'N', 'B']",3,VCC,"['AE', 'N', 'B']"
6269,"['AW', 'N', 'B']",3,VCC,"['AW', 'N', 'B']"
6270,"['AH', 'N', 'D']",3,VCC,"['AH', 'N', 'D']"
6271,"['OY', 'N', 'D']",3,VCC,"['OY', 'N', 'D']"
6272,"['AA', 'N', 'D']",3,VCC,"['AA', 'N', 'D']"
6273,"['AY', 'N', 'D']",3,VCC,"['AY', 'N', 'D']"
6274,"['ER', 'N', 'D']",3,VCC,"['ER', 'N', 'D']"
6275,"['AO', 'N', 'D']",3,VCC,"['AO', 'N', 'D']"
6276,"['UW', 'N', 'D']",3,VCC,"['UW', 'N', 'D']"
6277,"['IH', 'N', 'D']",3,VCC,"['IH', 'N', 'D']"
6278,"['EH', 'N', 'D']",3,VCC,"['EH', 'N', 'D']"
6279,"['UH', 'N', 'D']",3,VCC,"['UH', 'N', 'D']"
6280,"['IY', 'N', 'D']",3,VCC,"['IY', 'N', 'D']"
6281,"['EY', 'N', 'D']",3,VCC,"['EY', 'N', 'D']"
6282,"['OW', 'N', 'D']",3,VCC,"['OW', 'N', 'D']"
6283,"['AE', 'N', 'D']",3,VCC,"['AE', 'N', 'D']"
6284,"['AW', 'N', 'D']",3,VCC,"['AW', 'N', 'D']"
6285,"['AH', 'N', 'G']",3,VCC,"['AH', 'N', 'G']"
6286,"['OY', 'N', 'G']",3,VCC,"['OY', 'N', 'G']"
6287,"['AA', 'N', 'G']",3,VCC,"['AA', 'N', 'G']"
6288,"['AY', 'N', 'G']",3,VCC,"['AY', 'N', 'G']"
6289,"['ER', 'N', 'G']",3,VCC,"['ER', 'N', 'G']"
6290,"['AO', 'N', 'G']",3,VCC,"['AO', 'G', 'N']"
6291,"['UW', 'N', 'G']",3,VCC,"['UW', 'N', 'G']"
6292,"['IH', 'N', 'G']",3,VCC,"['IH', 'G', 'N']"
6293,"['EH', 'N', 'G']",3,VCC,"['EH', 'N', 'G']"
6294,"['UH', 'N', 'G']",3,VCC,"['EH', 'N', 'G']"
6295,"['IY', 'N', 'G']",3,VCC,"['EH', 'N', 'G']"
6296,"['EY', 'N', 'G']",3,VCC,"['EY', 'N', 'G']"
6297,"['OW', 'N', 'G']",3,VCC,"['OW', 'N', 'G']"
6298,"['AE', 'N', 'G']",3,VCC,"['AE', 'N', 'G']"
6299,"['AW', 'N', 'G']",3,VCC,"['AW', 'N', 'G']"
6300,"['AH', 'N', 'F']",2,VCC,"['AH', 'N', 'F']"
6301,"['OY', 'N', 'F']",2,VCC,"['OY', 'N', 'F']"
6302,"['AA', 'N', 'F']",2,VCC,"['AA', 'N', 'F']"
6303,"['AY', 'N', 'F']",2,VCC,"['AY', 'N', 'F']"
6304,"['ER', 'N', 'F']",2,VCC,"['ER', 'N', 'F']"
6305,"['AO', 'N', 'F']",2,VCC,"['AO', 'N', 'F']"
6306,"['UW', 'N', 'F']",2,VCC,"['UW', 'N', 'F']"
6307,"['IH', 'N', 'F']",2,VCC,"['IH', 'F', 'N']"
6308,"['EH', 'N', 'F']",2,VCC,"['EH', 'N', 'F']"
6309,"['UH', 'N', 'F']",2,VCC,"['EH', 'N', 'F']"
6310,"['IY', 'N', 'F']",2,VCC,"['IY', 'N', 'F']"
6311,"['EY', 'N', 'F']",2,VCC,"['EY', 'N', 'F']"
6312,"['OW', 'N', 'F']",2,VCC,"['OW', 'N', 'F']"
6313,"['AE', 'N', 'F']",2,VCC,"['AE', 'N', 'F']"
6314,"['AW', 'N', 'F']",2,VCC,"['AW', 'N', 'F']"
6315,"['AH', 'N', 'TH']",2,VCC,"['AH', 'N', 'TH']"
6316,"['OY', 'N', 'TH']",2,VCC,"['OY', 'N', 'TH']"
6317,"['AA', 'N', 'TH']",2,VCC,"['AA', 'N', 'TH']"
6318,"['AY', 'N', 'TH']",2,VCC,"['AY', 'N', 'TH']"
6319,"['ER', 'N', 'TH']",2,VCC,"['ER', 'N', 'TH']"
6320,"['AO', 'N', 'TH']",2,VCC,"['AO', 'TH', 'N']"
6321,"['UW', 'N', 'TH']",2,VCC,"['UW', 'N', 'TH']"
6322,"['IH', 'N', 'TH']",2,VCC,"['IH', 'TH', 'N']"
6323,"['EH', 'N', 'TH']",2,VCC,"['EH', 'N', 'TH']"
6324,"['UH', 'N', 'TH']",2,VCC,"['EH', 'N', 'TH']"
6325,"['IY', 'N', 'TH']",2,VCC,"['IY', 'N', 'TH']"
6326,"['EY', 'N', 'TH']",2,VCC,"['EY', 'N', 'TH']"
6327,"['OW', 'N', 'TH']",2,VCC,"['OW', 'N', 'TH']"
6328,"['AE', 'N', 'TH']",2,VCC,"['AE', 'N', 'TH']"
6329,"['AW', 'N', 'TH']",2,VCC,"['AW', 'N', 'TH']"
6330,"['AH', 'N', 'S']",2,VCC,"['AH', 'N', 'S']"
6331,"['OY', 'N', 'S']",2,VCC,"['OY', 'N', 'S']"
6332,"['AA', 'N', 'S']",2,VCC,"['AA', 'N', 'S']"
6333,"['AY', 'N', 'S']",2,VCC,"['AY', 'N', 'S']"
6334,"['ER', 'N', 'S']",2,VCC,"['ER', 'N', 'S']"
6335,"['AO', 'N', 'S']",2,VCC,"['AO', 'N', 'S']"
6336,"['UW', 'N', 'S']",2,VCC,"['UW', 'N', 'S']"
6337,"['IH', 'N', 'S']",2,VCC,"['IH', 'N', 'S']"
6338,"['EH', 'N', 'S']",2,VCC,"['EH', 'N', 'S']"
6339,"['UH', 'N', 'S']",2,VCC,"['UH', 'N', 'S']"
6340,"['IY', 'N', 'S']",2,VCC,"['IY', 'N', 'S']"
6341,"['EY', 'N', 'S']",2,VCC,"['EY', 'N', 'S']"
6342,"['OW', 'N', 'S']",2,VCC,"['OW', 'N', 'S']"
6343,"['AE', 'N', 'S']",2,VCC,"['AE', 'N', 'S']"
6344,"['AW', 'N', 'S']",2,VCC,"['AW', 'N', 'S']"
6345,"['AH', 'N', 'SH']",2,VCC,"['AH', 'N', 'SH']"
6346,"['OY', 'N', 'SH']",2,VCC,"['OY', 'N', 'SH']"
6347,"['AA', 'N', 'SH']",2,VCC,"['AA', 'N', 'SH']"
6348,"['AY', 'N', 'SH']",2,VCC,"['AY', 'N', 'SH']"
6349,"['ER', 'N', 'SH']",2,VCC,"['ER', 'N', 'SH']"
6350,"['AO', 'N', 'SH']",2,VCC,"['AO', 'SH', 'N']"
6351,"['UW', 'N', 'SH']",2,VCC,"['UW', 'SH', 'N']"
6352,"['IH', 'N', 'SH']",2,VCC,"['IH', 'N', 'SH']"
6353,"['EH', 'N', 'SH']",2,VCC,"['EH', 'N', 'SH']"
6354,"['UH', 'N', 'SH']",2,VCC,"['SH', 'UH', 'N']"
6355,"['IY', 'N', 'SH']",2,VCC,"['SH', 'IY', 'N']"
6356,"['EY', 'N', 'SH']",2,VCC,"['EY', 'SH', 'N']"
6357,"['OW', 'N', 'SH']",2,VCC,"['OW', 'N', 'SH']"
6358,"['AE', 'N', 'SH']",2,VCC,"['AE', 'N', 'SH']"
6359,"['AW', 'N', 'SH']",2,VCC,"['AW', 'N', 'SH']"
6360,"['AH', 'N', 'Z']",2,VCC,"['AH', 'N', 'Z']"
6361,"['OY', 'N', 'Z']",2,VCC,"['OY', 'N', 'Z']"
6362,"['AA', 'N', 'Z']",2,VCC,"['AA', 'N', 'Z']"
6363,"['AY', 'N', 'Z']",2,VCC,"['AY', 'N', 'Z']"
6364,"['ER', 'N', 'Z']",2,VCC,"['ER', 'N', 'Z']"
6365,"['AO', 'N', 'Z']",2,VCC,"['AO', 'N', 'Z']"
6366,"['UW', 'N', 'Z']",2,VCC,"['UW', 'N', 'Z']"
6367,"['IH', 'N', 'Z']",2,VCC,"['IH', 'N', 'Z']"
6368,"['EH', 'N', 'Z']",2,VCC,"['EH', 'N', 'Z']"
6369,"['UH', 'N', 'Z']",2,VCC,"['UH', 'N', 'Z']"
6370,"['IY', 'N', 'Z']",2,VCC,"['IY', 'N', 'Z']"
6371,"['EY', 'N', 'Z']",2,VCC,"['EY', 'N', 'Z']"
6372,"['OW', 'N', 'Z']",2,VCC,"['OW', 'N', 'Z']"
6373,"['AE', 'N', 'Z']",2,VCC,"['AE', 'N', 'Z']"
6374,"['AW', 'N', 'Z']",2,VCC,"['AW', 'N', 'Z']"
6375,"['AH', 'N', 'ZH']",2,VCC,"['AH', 'N', 'ZH']"
6376,"['OY', 'N', 'ZH']",2,VCC,"['OY', 'N', 'ZH']"
6377,"['AA', 'N', 'ZH']",2,VCC,"['AA', 'N', 'ZH']"
6378,"['AY', 'N', 'ZH']",2,VCC,"['AY', 'N', 'ZH']"
6379,"['ER', 'N', 'ZH']",2,VCC,"['ER', 'N', 'ZH']"
6380,"['AO', 'N', 'ZH']",2,VCC,"['AO', 'N', 'ZH']"
6381,"['UW', 'N', 'ZH']",2,VCC,"['AE', 'N', 'ZH']"
6382,"['IH', 'N', 'ZH']",2,VCC,"['IH', 'N', 'ZH']"
6383,"['EH', 'N', 'ZH']",2,VCC,"['EH', 'N', 'ZH']"
6384,"['UH', 'N', 'ZH']",2,VCC,"['AE', 'N', 'UH']"
6385,"['IY', 'N', 'ZH']",2,VCC,"['IY', 'N', 'ZH']"
6386,"['EY', 'N', 'ZH']",2,VCC,"['EY', 'N', 'ZH']"
6387,"['OW', 'N', 'ZH']",2,VCC,"['OW', 'N', 'ZH']"
6388,"['AE', 'N', 'ZH']",2,VCC,"['AE', 'N', 'ZH']"
6389,"['AW', 'N', 'ZH']",2,VCC,"['AW', 'N', 'ZH']"
6390,"['AH', 'N', 'V']",2,VCC,"['AH', 'N', 'V']"
6391,"['OY', 'N', 'V']",2,VCC,"['OY', 'N', 'V']"
6392,"['AA', 'N', 'V']",2,VCC,"['AA', 'N', 'V']"
6393,"['AY', 'N', 'V']",2,VCC,"['AY', 'N', 'V']"
6394,"['ER', 'N', 'V']",2,VCC,"['ER', 'N', 'V']"
6395,"['AO', 'N', 'V']",2,VCC,"['AO', 'N', 'V']"
6396,"['UW', 'N', 'V']",2,VCC,"['UW', 'N', 'V']"
6397,"['IH', 'N', 'V']",2,VCC,"['IH', 'N', 'V']"
6398,"['EH', 'N', 'V']",2,VCC,"['EH', 'N', 'V']"
6399,"['UH', 'N', 'V']",2,VCC,"['EH', 'N', 'V']"
6400,"['IY', 'N', 'V']",2,VCC,"['IY', 'N', 'V']"
6401,"['EY', 'N', 'V']",2,VCC,"['EY', 'N', 'V']"
6402,"['OW', 'N', 'V']",2,VCC,"['OW', 'N', 'V']"
6403,"['AE', 'N', 'V']",2,VCC,"['AE', 'N', 'V']"
6404,"['AW', 'N', 'V']",2,VCC,"['AW', 'N', 'V']"
6405,"['AH', 'N', 'DH']",2,VCC,"['AH', 'DH', 'N']"
6406,"['OY', 'N', 'DH']",2,VCC,"['OY', 'N', 'DH']"
6407,"['AA', 'N', 'DH']",2,VCC,"['AA', 'N', 'DH']"
6408,"['AY', 'N', 'DH']",2,VCC,"['AY', 'N', 'DH']"
6409,"['ER', 'N', 'DH']",2,VCC,"['ER', 'N', 'DH']"
6410,"['AO', 'N', 'DH']",2,VCC,"['AO', 'DH', 'N']"
6411,"['UW', 'N', 'DH']",2,VCC,"['DH', 'UW', 'N']"
6412,"['IH', 'N', 'DH']",2,VCC,"['IH', 'DH', 'N']"
6413,"['EH', 'N', 'DH']",2,VCC,"['EH', 'DH', 'N']"
6414,"['UH', 'N', 'DH']",2,VCC,"['DH', 'UH', 'N']"
6415,"['IY', 'N', 'DH']",2,VCC,"['IY', 'N', 'DH']"
6416,"['EY', 'N', 'DH']",2,VCC,"['EY', 'DH', 'N']"
6417,"['OW', 'N', 'DH']",2,VCC,"['OW', 'N', 'DH']"
6418,"['AE', 'N', 'DH']",2,VCC,"['AE', 'N', 'DH']"
6419,"['AW', 'N', 'DH']",2,VCC,"['AW', 'N', 'DH']"
6420,"['AH', 'N', 'HH']",2,VCC,"['AH', 'N', 'HH']"
6421,"['OY', 'N', 'HH']",2,VCC,"['OY', 'N', 'D']"
6422,"['AA', 'N', 'HH']",2,VCC,"['AA', 'N', 'HH']"
6423,"['AY', 'N', 'HH']",2,VCC,"['AY', 'N', 'HH']"
6424,"['ER', 'N', 'HH']",2,VCC,"['ER', 'N', 'HH']"
6425,"['AO', 'N', 'HH']",2,VCC,"['AO', 'N', 'HH']"
6426,"['UW', 'N', 'HH']",2,VCC,"['UW', 'N', 'HH']"
6427,"['IH', 'N', 'HH']",2,VCC,"['IH', 'N', 'HH']"
6428,"['EH', 'N', 'HH']",2,VCC,"['EH', 'N', 'HH']"
6429,"['UH', 'N', 'HH']",2,VCC,"['EH', 'N', 'HH']"
6430,"['IY', 'N', 'HH']",2,VCC,"['IY', 'N', 'HH']"
6431,"['EY', 'N', 'HH']",2,VCC,"['EY', 'N', 'HH']"
6432,"['OW', 'N', 'HH']",2,VCC,"['OW', 'N', 'HH']"
6433,"['AE', 'N', 'HH']",2,VCC,"['AE', 'N', 'HH']"
6434,"['AW', 'N', 'HH']",2,VCC,"['AW', 'N', 'HH']"
6435,"['AH', 'N', 'CH']",1,VCC,"['AH', 'N', 'CH']"
6436,"['OY', 'N', 'CH']",1,VCC,"['OY', 'N', 'CH']"
6437,"['AA', 'N', 'CH']",1,VCC,"['AA', 'N', 'CH']"
6438,"['AY', 'N', 'CH']",1,VCC,"['AY', 'N', 'CH']"
6439,"['ER', 'N', 'CH']",1,VCC,"['ER', 'N', 'CH']"
6440,"['AO', 'N', 'CH']",1,VCC,"['AO', 'N', 'CH']"
6441,"['UW', 'N', 'CH']",1,VCC,"['UW', 'N', 'CH']"
6442,"['IH', 'N', 'CH']",1,VCC,"['IH', 'N', 'CH']"
6443,"['EH', 'N', 'CH']",1,VCC,"['EH', 'N', 'CH']"
6444,"['UH', 'N', 'CH']",1,VCC,"['ZH', 'UH', 'CH']"
6445,"['IY', 'N', 'CH']",1,VCC,"['IY', 'N', 'CH']"
6446,"['EY', 'N', 'CH']",1,VCC,"['EY', 'N', 'CH']"
6447,"['OW', 'N', 'CH']",1,VCC,"['OW', 'N', 'CH']"
6448,"['AE', 'N', 'CH']",1,VCC,"['AE', 'N', 'CH']"
6449,"['AW', 'N', 'CH']",1,VCC,"['AW', 'N', 'CH']"
6450,"['AH', 'N', 'JH']",1,VCC,"['AH', 'N', 'JH']"
6451,"['OY', 'N', 'JH']",1,VCC,"['OY', 'N', 'JH']"
6452,"['AA', 'N', 'JH']",1,VCC,"['AA', 'N', 'JH']"
6453,"['AY', 'N', 'JH']",1,VCC,"['AY', 'N', 'JH']"
6454,"['ER', 'N', 'JH']",1,VCC,"['ER', 'N', 'JH']"
6455,"['AO', 'N', 'JH']",1,VCC,"['AO', 'N', 'JH']"
6456,"['UW', 'N', 'JH']",1,VCC,"['EH', 'N', 'V']"
6457,"['IH', 'N', 'JH']",1,VCC,"['IH', 'N', 'JH']"
6458,"['EH', 'N', 'JH']",1,VCC,"['EH', 'N', 'JH']"
6459,"['UH', 'N', 'JH']",1,VCC,"['EH', 'N', 'UH']"
6460,"['IY', 'N', 'JH']",1,VCC,"['IY', 'N', 'JH']"
6461,"['EY', 'N', 'JH']",1,VCC,"['EY', 'N', 'JH']"
6462,"['OW', 'N', 'JH']",1,VCC,"['OW', 'N', 'JH']"
6463,"['AE', 'N', 'JH']",1,VCC,"['AE', 'N', 'JH']"
6464,"['AW', 'N', 'JH']",1,VCC,"['AW', 'N', 'JH']"
6465,"['AH', 'N', 'M']",0,VCC,"['AH', 'N', 'M']"
6466,"['OY', 'N', 'M']",0,VCC,"['OY', 'N', 'M']"
6467,"['AA', 'N', 'M']",0,VCC,"['AA', 'N', 'M']"
6468,"['AY', 'N', 'M']",0,VCC,"['AY', 'N', 'M']"
6469,"['ER', 'N', 'M']",0,VCC,"['ER', 'N', 'M']"
6470,"['AO', 'N', 'M']",0,VCC,"['AO', 'N', 'M']"
6471,"['UW', 'N', 'M']",0,VCC,"['UW', 'N', 'M']"
6472,"['IH', 'N', 'M']",0,VCC,"['IH', 'N', 'M']"
6473,"['EH', 'N', 'M']",0,VCC,"['EH', 'N', 'M']"
6474,"['UH', 'N', 'M']",0,VCC,"['EH', 'N', 'M']"
6475,"['IY', 'N', 'M']",0,VCC,"['IY', 'N', 'M']"
6476,"['EY', 'N', 'M']",0,VCC,"['EY', 'N', 'M']"
6477,"['OW', 'N', 'M']",0,VCC,"['OW', 'N', 'M']"
6478,"['AE', 'N', 'M']",0,VCC,"['AE', 'N', 'M']"
6479,"['AW', 'N', 'M']",0,VCC,"['AW', 'N', 'M']"
6480,"['AH', 'N', 'NG']",0,VCC,"['AH', 'NG', 'N']"
6481,"['OY', 'N', 'NG']",0,VCC,"['OY', 'N', 'NG']"
6482,"['AA', 'N', 'NG']",0,VCC,"['AA', 'NG', 'N']"
6483,"['AY', 'N', 'NG']",0,VCC,"['AY', 'NG', '<EOS>']"
6484,"['ER', 'N', 'NG']",0,VCC,"['ER', 'NG', 'N']"
6485,"['AO', 'N', 'NG']",0,VCC,"['AO', 'NG', 'N']"
6486,"['UW', 'N', 'NG']",0,VCC,"['UW', 'NG', 'N']"
6487,"['IH', 'N', 'NG']",0,VCC,"['IH', 'NG', 'N']"
6488,"['EH', 'N', 'NG']",0,VCC,"['EH', 'NG', 'N']"
6489,"['UH', 'N', 'NG']",0,VCC,"['UH', 'NG', 'N']"
6490,"['IY', 'N', 'NG']",0,VCC,"['IY', 'NG', 'N']"
6491,"['EY', 'N', 'NG']",0,VCC,"['EY', 'NG', 'N']"
6492,"['OW', 'N', 'NG']",0,VCC,"['OW', 'NG', '<EOS>']"
6493,"['AE', 'N', 'NG']",0,VCC,"['AE', 'NG', 'N']"
6494,"['AW', 'N', 'NG']",0,VCC,"['AW', 'N', 'NG']"
6495,"['AH', 'N', 'L']",-1,VCC,"['AH', 'L', 'L']"
6496,"['OY', 'N', 'L']",-1,VCC,"['OY', 'N', 'L']"
6497,"['AA', 'N', 'L']",-1,VCC,"['AA', 'N', 'L']"
6498,"['AY', 'N', 'L']",-1,VCC,"['AY', 'N', 'L']"
6499,"['ER', 'N', 'L']",-1,VCC,"['ER', 'N', 'L']"
6500,"['AO', 'N', 'L']",-1,VCC,"['AO', 'N', 'L']"
6501,"['UW', 'N', 'L']",-1,VCC,"['UW', 'L', 'N']"
6502,"['IH', 'N', 'L']",-1,VCC,"['IH', 'L', 'N']"
6503,"['EH', 'N', 'L']",-1,VCC,"['EH', 'N', 'L']"
6504,"['UH', 'N', 'L']",-1,VCC,"['EH', 'N', 'L']"
6505,"['IY', 'N', 'L']",-1,VCC,"['IY', 'N', 'L']"
6506,"['EY', 'N', 'L']",-1,VCC,"['EY', 'N', 'L']"
6507,"['OW', 'N', 'L']",-1,VCC,"['OW', 'N', 'L']"
6508,"['AE', 'N', 'L']",-1,VCC,"['AE', 'N', 'L']"
6509,"['AW', 'N', 'L']",-1,VCC,"['AW', 'N', 'L']"
6510,"['AH', 'N', 'R']",-1,VCC,"['AH', 'N', 'R']"
6511,"['OY', 'N', 'R']",-1,VCC,"['OY', 'N', 'R']"
6512,"['AA', 'N', 'R']",-1,VCC,"['AA', 'R', 'N']"
6513,"['AY', 'N', 'R']",-1,VCC,"['AY', 'R', 'N']"
6514,"['ER', 'N', 'R']",-1,VCC,"['ER', 'R', 'N']"
6515,"['AO', 'N', 'R']",-1,VCC,"['AO', 'R', 'N']"
6516,"['UW', 'N', 'R']",-1,VCC,"['UW', 'R', 'N']"
6517,"['IH', 'N', 'R']",-1,VCC,"['IH', 'R', '<EOS>']"
6518,"['EH', 'N', 'R']",-1,VCC,"['EH', 'R', 'N']"
6519,"['UH', 'N', 'R']",-1,VCC,"['UH', 'R', 'N']"
6520,"['IY', 'N', 'R']",-1,VCC,"['IY', 'N', 'R']"
6521,"['EY', 'N', 'R']",-1,VCC,"['EY', 'R', 'N']"
6522,"['OW', 'N', 'R']",-1,VCC,"['OW', 'N', 'R']"
6523,"['AE', 'N', 'R']",-1,VCC,"['AE', 'N', 'R']"
6524,"['AW', 'N', 'R']",-1,VCC,"['AW', 'N', 'R']"
6525,"['AH', 'N', 'W']",-2,VCC,"['AH', 'N', 'W']"
6526,"['OY', 'N', 'W']",-2,VCC,"['OY', 'N', 'W']"
6527,"['AA', 'N', 'W']",-2,VCC,"['AA', 'N', 'W']"
6528,"['AY', 'N', 'W']",-2,VCC,"['AY', 'N', 'W']"
6529,"['ER', 'N', 'W']",-2,VCC,"['ER', 'N', 'W']"
6530,"['AO', 'N', 'W']",-2,VCC,"['AO', 'N', 'W']"
6531,"['UW', 'N', 'W']",-2,VCC,"['EH', 'N', 'W']"
6532,"['IH', 'N', 'W']",-2,VCC,"['IH', 'N', 'W']"
6533,"['EH', 'N', 'W']",-2,VCC,"['EH', 'N', 'W']"
6534,"['UH', 'N', 'W']",-2,VCC,"['EH', 'N', 'W']"
6535,"['IY', 'N', 'W']",-2,VCC,"['IY', 'N', 'W']"
6536,"['EY', 'N', 'W']",-2,VCC,"['EY', 'N', 'W']"
6537,"['OW', 'N', 'W']",-2,VCC,"['OW', 'N', 'W']"
6538,"['AE', 'N', 'W']",-2,VCC,"['AE', 'N', 'W']"
6539,"['AW', 'N', 'W']",-2,VCC,"['AW', 'N', 'W']"
6540,"['AH', 'N', 'Y']",-2,VCC,"['AH', 'N', 'Y']"
6541,"['OY', 'N', 'Y']",-2,VCC,"['OY', 'N', 'Y']"
6542,"['AA', 'N', 'Y']",-2,VCC,"['AA', 'N', 'Y']"
6543,"['AY', 'N', 'Y']",-2,VCC,"['AY', 'N', 'Y']"
6544,"['ER', 'N', 'Y']",-2,VCC,"['ER', 'N', 'Y']"
6545,"['AO', 'N', 'Y']",-2,VCC,"['AO', 'N', 'Y']"
6546,"['UW', 'N', 'Y']",-2,VCC,"['UW', 'N', 'Y']"
6547,"['IH', 'N', 'Y']",-2,VCC,"['IH', 'N', 'Y']"
6548,"['EH', 'N', 'Y']",-2,VCC,"['EH', 'N', 'Y']"
6549,"['UH', 'N', 'Y']",-2,VCC,"['UH', 'R', 'N']"
6550,"['IY', 'N', 'Y']",-2,VCC,"['IY', 'N', 'Y']"
6551,"['EY', 'N', 'Y']",-2,VCC,"['EY', 'N', 'Y']"
6552,"['OW', 'N', 'Y']",-2,VCC,"['OW', 'N', 'Y']"
6553,"['AE', 'N', 'Y']",-2,VCC,"['AE', 'N', 'Y']"
6554,"['AW', 'N', 'Y']",-2,VCC,"['AW', 'N', 'Y']"
6555,"['AH', 'NG', 'P']",3,VCC,"['AH', 'NG', 'P']"
6556,"['OY', 'NG', 'P']",3,VCC,"['OY', 'NG', 'P']"
6557,"['AA', 'NG', 'P']",3,VCC,"['AA', 'NG', 'P']"
6558,"['AY', 'NG', 'P']",3,VCC,"['AY', 'NG', 'P']"
6559,"['ER', 'NG', 'P']",3,VCC,"['ER', 'NG', 'NG']"
6560,"['AO', 'NG', 'P']",3,VCC,"['AO', 'NG', 'P']"
6561,"['UW', 'NG', 'P']",3,VCC,"['UW', 'NG', 'P']"
6562,"['IH', 'NG', 'P']",3,VCC,"['IH', 'NG', 'P']"
6563,"['EH', 'NG', 'P']",3,VCC,"['EH', 'NG', 'P']"
6564,"['UH', 'NG', 'P']",3,VCC,"['UH', 'NG', 'P']"
6565,"['IY', 'NG', 'P']",3,VCC,"['IY', 'NG', 'P']"
6566,"['EY', 'NG', 'P']",3,VCC,"['EY', 'NG', 'P']"
6567,"['OW', 'NG', 'P']",3,VCC,"['OW', 'NG', 'P']"
6568,"['AE', 'NG', 'P']",3,VCC,"['AE', 'NG', 'P']"
6569,"['AW', 'NG', 'P']",3,VCC,"['AW', 'NG', 'P']"
6570,"['AH', 'NG', 'T']",3,VCC,"['AH', 'NG', 'T']"
6571,"['OY', 'NG', 'T']",3,VCC,"['OY', 'NG', 'T']"
6572,"['AA', 'NG', 'T']",3,VCC,"['AA', 'NG', 'T']"
6573,"['AY', 'NG', 'T']",3,VCC,"['AY', 'NG', 'T']"
6574,"['ER', 'NG', 'T']",3,VCC,"['ER', 'NG', 'T']"
6575,"['AO', 'NG', 'T']",3,VCC,"['AO', 'NG', 'T']"
6576,"['UW', 'NG', 'T']",3,VCC,"['UW', 'NG', 'T']"
6577,"['IH', 'NG', 'T']",3,VCC,"['IH', 'NG', 'T']"
6578,"['EH', 'NG', 'T']",3,VCC,"['EH', 'NG', 'T']"
6579,"['UH', 'NG', 'T']",3,VCC,"['UH', 'NG', 'T']"
6580,"['IY', 'NG', 'T']",3,VCC,"['IY', 'NG', 'T']"
6581,"['EY', 'NG', 'T']",3,VCC,"['EY', 'NG', 'T']"
6582,"['OW', 'NG', 'T']",3,VCC,"['OW', 'NG', 'T']"
6583,"['AE', 'NG', 'T']",3,VCC,"['AE', 'NG', 'T']"
6584,"['AW', 'NG', 'T']",3,VCC,"['AW', 'NG', 'T']"
6585,"['AH', 'NG', 'K']",3,VCC,"['AH', 'NG', 'K']"
6586,"['OY', 'NG', 'K']",3,VCC,"['OY', 'NG', 'K']"
6587,"['AA', 'NG', 'K']",3,VCC,"['AA', 'NG', 'K']"
6588,"['AY', 'NG', 'K']",3,VCC,"['AY', 'NG', 'K']"
6589,"['ER', 'NG', 'K']",3,VCC,"['ER', 'NG', 'K']"
6590,"['AO', 'NG', 'K']",3,VCC,"['AO', 'NG', 'K']"
6591,"['UW', 'NG', 'K']",3,VCC,"['UW', 'NG', 'K']"
6592,"['IH', 'NG', 'K']",3,VCC,"['IH', 'NG', 'K']"
6593,"['EH', 'NG', 'K']",3,VCC,"['EH', 'NG', 'K']"
6594,"['UH', 'NG', 'K']",3,VCC,"['UH', 'NG', 'K']"
6595,"['IY', 'NG', 'K']",3,VCC,"['IY', 'NG', 'K']"
6596,"['EY', 'NG', 'K']",3,VCC,"['EY', 'NG', 'K']"
6597,"['OW', 'NG', 'K']",3,VCC,"['OW', 'NG', 'K']"
6598,"['AE', 'NG', 'K']",3,VCC,"['AE', 'NG', 'K']"
6599,"['AW', 'NG', 'K']",3,VCC,"['AW', 'NG', 'K']"
6600,"['AH', 'NG', 'B']",3,VCC,"['AH', 'NG', 'B']"
6601,"['OY', 'NG', 'B']",3,VCC,"['OY', 'NG', 'B']"
6602,"['AA', 'NG', 'B']",3,VCC,"['AA', 'NG', 'B']"
6603,"['AY', 'NG', 'B']",3,VCC,"['AY', 'NG', 'B']"
6604,"['ER', 'NG', 'B']",3,VCC,"['ER', 'NG', 'B']"
6605,"['AO', 'NG', 'B']",3,VCC,"['AO', 'NG', 'B']"
6606,"['UW', 'NG', 'B']",3,VCC,"['UW', 'NG', 'B']"
6607,"['IH', 'NG', 'B']",3,VCC,"['IH', 'NG', 'B']"
6608,"['EH', 'NG', 'B']",3,VCC,"['EH', 'NG', 'B']"
6609,"['UH', 'NG', 'B']",3,VCC,"['UH', 'NG', 'B']"
6610,"['IY', 'NG', 'B']",3,VCC,"['IY', 'NG', 'B']"
6611,"['EY', 'NG', 'B']",3,VCC,"['EY', 'NG', 'B']"
6612,"['OW', 'NG', 'B']",3,VCC,"['OW', 'NG', 'B']"
6613,"['AE', 'NG', 'B']",3,VCC,"['AE', 'NG', 'B']"
6614,"['AW', 'NG', 'B']",3,VCC,"['AW', 'NG', 'B']"
6615,"['AH', 'NG', 'D']",3,VCC,"['AH', 'NG', 'D']"
6616,"['OY', 'NG', 'D']",3,VCC,"['OY', 'NG', 'D']"
6617,"['AA', 'NG', 'D']",3,VCC,"['AA', 'NG', 'D']"
6618,"['AY', 'NG', 'D']",3,VCC,"['AY', 'NG', 'D']"
6619,"['ER', 'NG', 'D']",3,VCC,"['ER', 'NG', 'D']"
6620,"['AO', 'NG', 'D']",3,VCC,"['AO', 'NG', 'D']"
6621,"['UW', 'NG', 'D']",3,VCC,"['UW', 'NG', 'D']"
6622,"['IH', 'NG', 'D']",3,VCC,"['IH', 'NG', 'D']"
6623,"['EH', 'NG', 'D']",3,VCC,"['EH', 'NG', 'D']"
6624,"['UH', 'NG', 'D']",3,VCC,"['UH', 'NG', 'D']"
6625,"['IY', 'NG', 'D']",3,VCC,"['IY', 'NG', 'D']"
6626,"['EY', 'NG', 'D']",3,VCC,"['EY', 'NG', 'D']"
6627,"['OW', 'NG', 'D']",3,VCC,"['OW', 'NG', 'D']"
6628,"['AE', 'NG', 'D']",3,VCC,"['AE', 'NG', 'D']"
6629,"['AW', 'NG', 'D']",3,VCC,"['AW', 'NG', 'D']"
6630,"['AH', 'NG', 'G']",3,VCC,"['AH', 'NG', 'G']"
6631,"['OY', 'NG', 'G']",3,VCC,"['OY', 'NG', 'G']"
6632,"['AA', 'NG', 'G']",3,VCC,"['AA', 'NG', 'G']"
6633,"['AY', 'NG', 'G']",3,VCC,"['AY', 'NG', 'G']"
6634,"['ER', 'NG', 'G']",3,VCC,"['ER', 'NG', 'G']"
6635,"['AO', 'NG', 'G']",3,VCC,"['AO', 'NG', 'G']"
6636,"['UW', 'NG', 'G']",3,VCC,"['UW', 'NG', 'G']"
6637,"['IH', 'NG', 'G']",3,VCC,"['IH', 'NG', 'G']"
6638,"['EH', 'NG', 'G']",3,VCC,"['EH', 'NG', 'G']"
6639,"['UH', 'NG', 'G']",3,VCC,"['UH', 'NG', 'G']"
6640,"['IY', 'NG', 'G']",3,VCC,"['IY', 'NG', 'G']"
6641,"['EY', 'NG', 'G']",3,VCC,"['EY', 'NG', 'G']"
6642,"['OW', 'NG', 'G']",3,VCC,"['OW', 'NG', 'G']"
6643,"['AE', 'NG', 'G']",3,VCC,"['AE', 'NG', 'G']"
6644,"['AW', 'NG', 'G']",3,VCC,"['AW', 'NG', 'G']"
6645,"['AH', 'NG', 'F']",2,VCC,"['AH', 'F', 'NG']"
6646,"['OY', 'NG', 'F']",2,VCC,"['OY', 'NG', 'F']"
6647,"['AA', 'NG', 'F']",2,VCC,"['AA', 'NG', 'F']"
6648,"['AY', 'NG', 'F']",2,VCC,"['AY', 'NG', 'F']"
6649,"['ER', 'NG', 'F']",2,VCC,"['ER', 'NG', 'F']"
6650,"['AO', 'NG', 'F']",2,VCC,"['AO', 'NG', 'F']"
6651,"['UW', 'NG', 'F']",2,VCC,"['UW', 'NG', 'F']"
6652,"['IH', 'NG', 'F']",2,VCC,"['IH', 'NG', 'F']"
6653,"['EH', 'NG', 'F']",2,VCC,"['EH', 'NG', 'F']"
6654,"['UH', 'NG', 'F']",2,VCC,"['UH', 'NG', 'F']"
6655,"['IY', 'NG', 'F']",2,VCC,"['IY', 'NG', 'F']"
6656,"['EY', 'NG', 'F']",2,VCC,"['EY', 'NG', 'F']"
6657,"['OW', 'NG', 'F']",2,VCC,"['OW', 'NG', 'F']"
6658,"['AE', 'NG', 'F']",2,VCC,"['AE', 'NG', 'F']"
6659,"['AW', 'NG', 'F']",2,VCC,"['AW', 'NG', 'F']"
6660,"['AH', 'NG', 'TH']",2,VCC,"['TH', 'AH', 'NG']"
6661,"['OY', 'NG', 'TH']",2,VCC,"['SH', 'AO', 'NG']"
6662,"['AA', 'NG', 'TH']",2,VCC,"['AA', 'NG', 'TH']"
6663,"['AY', 'NG', 'TH']",2,VCC,"['AY', 'NG', 'TH']"
6664,"['ER', 'NG', 'TH']",2,VCC,"['ER', 'NG', 'TH']"
6665,"['AO', 'NG', 'TH']",2,VCC,"['AO', 'NG', 'TH']"
6666,"['UW', 'NG', 'TH']",2,VCC,"['UW', 'NG', 'TH']"
6667,"['IH', 'NG', 'TH']",2,VCC,"['IH', 'NG', 'TH']"
6668,"['EH', 'NG', 'TH']",2,VCC,"['EH', 'NG', 'TH']"
6669,"['UH', 'NG', 'TH']",2,VCC,"['UH', 'NG', 'TH']"
6670,"['IY', 'NG', 'TH']",2,VCC,"['IY', 'NG', 'TH']"
6671,"['EY', 'NG', 'TH']",2,VCC,"['EY', 'NG', 'TH']"
6672,"['OW', 'NG', 'TH']",2,VCC,"['OW', 'NG', 'TH']"
6673,"['AE', 'NG', 'TH']",2,VCC,"['AE', 'NG', 'TH']"
6674,"['AW', 'NG', 'TH']",2,VCC,"['AW', 'NG', 'TH']"
6675,"['AH', 'NG', 'S']",2,VCC,"['AH', 'NG', 'S']"
6676,"['OY', 'NG', 'S']",2,VCC,"['P', 'OW', 'S']"
6677,"['AA', 'NG', 'S']",2,VCC,"['AA', 'NG', 'S']"
6678,"['AY', 'NG', 'S']",2,VCC,"['AY', 'NG', 'S']"
6679,"['ER', 'NG', 'S']",2,VCC,"['ER', 'NG', 'S']"
6680,"['AO', 'NG', 'S']",2,VCC,"['AO', 'NG', 'S']"
6681,"['UW', 'NG', 'S']",2,VCC,"['UW', 'NG', 'S']"
6682,"['IH', 'NG', 'S']",2,VCC,"['IH', 'NG', 'S']"
6683,"['EH', 'NG', 'S']",2,VCC,"['EH', 'NG', 'S']"
6684,"['UH', 'NG', 'S']",2,VCC,"['UH', 'NG', 'NG']"
6685,"['IY', 'NG', 'S']",2,VCC,"['IY', 'NG', 'S']"
6686,"['EY', 'NG', 'S']",2,VCC,"['EY', 'NG', 'S']"
6687,"['OW', 'NG', 'S']",2,VCC,"['OW', 'NG', 'S']"
6688,"['AE', 'NG', 'S']",2,VCC,"['AE', 'NG', 'S']"
6689,"['AW', 'NG', 'S']",2,VCC,"['AW', 'NG', 'S']"
6690,"['AH', 'NG', 'SH']",2,VCC,"['AH', 'NG', 'SH']"
6691,"['OY', 'NG', 'SH']",2,VCC,"['SH', 'OY', 'NG']"
6692,"['AA', 'NG', 'SH']",2,VCC,"['AA', 'NG', 'SH']"
6693,"['AY', 'NG', 'SH']",2,VCC,"['AY', 'NG', 'SH']"
6694,"['ER', 'NG', 'SH']",2,VCC,"['ER', 'NG', 'SH']"
6695,"['AO', 'NG', 'SH']",2,VCC,"['AO', 'NG', 'SH']"
6696,"['UW', 'NG', 'SH']",2,VCC,"['UW', 'NG', 'SH']"
6697,"['IH', 'NG', 'SH']",2,VCC,"['IH', 'NG', 'SH']"
6698,"['EH', 'NG', 'SH']",2,VCC,"['EH', 'NG', 'SH']"
6699,"['UH', 'NG', 'SH']",2,VCC,"['UH', 'NG', 'SH']"
6700,"['IY', 'NG', 'SH']",2,VCC,"['IY', 'NG', 'SH']"
6701,"['EY', 'NG', 'SH']",2,VCC,"['EY', 'NG', 'SH']"
6702,"['OW', 'NG', 'SH']",2,VCC,"['OW', 'NG', 'SH']"
6703,"['AE', 'NG', 'SH']",2,VCC,"['AE', 'NG', 'SH']"
6704,"['AW', 'NG', 'SH']",2,VCC,"['AW', 'NG', 'SH']"
6705,"['AH', 'NG', 'Z']",2,VCC,"['AH', 'NG', 'Z']"
6706,"['OY', 'NG', 'Z']",2,VCC,"['OY', 'NG', 'Z']"
6707,"['AA', 'NG', 'Z']",2,VCC,"['AA', 'NG', 'Z']"
6708,"['AY', 'NG', 'Z']",2,VCC,"['AY', 'NG', 'Z']"
6709,"['ER', 'NG', 'Z']",2,VCC,"['ER', 'NG', 'Z']"
6710,"['AO', 'NG', 'Z']",2,VCC,"['AO', 'NG', 'Z']"
6711,"['UW', 'NG', 'Z']",2,VCC,"['UW', 'NG', 'Z']"
6712,"['IH', 'NG', 'Z']",2,VCC,"['IH', 'NG', 'Z']"
6713,"['EH', 'NG', 'Z']",2,VCC,"['EH', 'NG', 'Z']"
6714,"['UH', 'NG', 'Z']",2,VCC,"['UH', 'NG', 'NG']"
6715,"['IY', 'NG', 'Z']",2,VCC,"['IY', 'NG', 'Z']"
6716,"['EY', 'NG', 'Z']",2,VCC,"['EY', 'NG', 'Z']"
6717,"['OW', 'NG', 'Z']",2,VCC,"['OW', 'NG', 'Z']"
6718,"['AE', 'NG', 'Z']",2,VCC,"['AE', 'NG', 'Z']"
6719,"['AW', 'NG', 'Z']",2,VCC,"['AW', 'NG', 'Z']"
6720,"['AH', 'NG', 'ZH']",2,VCC,"['AH', 'NG', 'ZH']"
6721,"['OY', 'NG', 'ZH']",2,VCC,"['OY', 'NG', 'ZH']"
6722,"['AA', 'NG', 'ZH']",2,VCC,"['AA', 'NG', 'P']"
6723,"['AY', 'NG', 'ZH']",2,VCC,"['AY', 'NG', '<EOS>']"
6724,"['ER', 'NG', 'ZH']",2,VCC,"['ER', 'NG', '<EOS>']"
6725,"['AO', 'NG', 'ZH']",2,VCC,"['AO', 'NG', 'ZH']"
6726,"['UW', 'NG', 'ZH']",2,VCC,"['UW', 'NG', 'ZH']"
6727,"['IH', 'NG', 'ZH']",2,VCC,"['IH', 'NG', 'ZH']"
6728,"['EH', 'NG', 'ZH']",2,VCC,"['EH', 'NG', 'ZH']"
6729,"['UH', 'NG', 'ZH']",2,VCC,"['UH', 'NG', 'ZH']"
6730,"['IY', 'NG', 'ZH']",2,VCC,"['IY', 'NG', 'ZH']"
6731,"['EY', 'NG', 'ZH']",2,VCC,"['EY', 'NG', 'ZH']"
6732,"['OW', 'NG', 'ZH']",2,VCC,"['OW', 'NG', 'ZH']"
6733,"['AE', 'NG', 'ZH']",2,VCC,"['AE', 'NG', 'K']"
6734,"['AW', 'NG', 'ZH']",2,VCC,"['AW', 'NG', 'K']"
6735,"['AH', 'NG', 'V']",2,VCC,"['AH', 'NG', 'V']"
6736,"['OY', 'NG', 'V']",2,VCC,"['EY', 'NG', 'V']"
6737,"['AA', 'NG', 'V']",2,VCC,"['AA', 'NG', 'V']"
6738,"['AY', 'NG', 'V']",2,VCC,"['AY', 'NG', 'V']"
6739,"['ER', 'NG', 'V']",2,VCC,"['ER', 'NG', 'V']"
6740,"['AO', 'NG', 'V']",2,VCC,"['AO', 'NG', 'V']"
6741,"['UW', 'NG', 'V']",2,VCC,"['UW', 'NG', 'V']"
6742,"['IH', 'NG', 'V']",2,VCC,"['IH', 'NG', 'V']"
6743,"['EH', 'NG', 'V']",2,VCC,"['EH', 'NG', 'V']"
6744,"['UH', 'NG', 'V']",2,VCC,"['UH', 'NG', 'V']"
6745,"['IY', 'NG', 'V']",2,VCC,"['IY', 'NG', 'V']"
6746,"['EY', 'NG', 'V']",2,VCC,"['EY', 'NG', 'V']"
6747,"['OW', 'NG', 'V']",2,VCC,"['OW', 'NG', 'V']"
6748,"['AE', 'NG', 'V']",2,VCC,"['AE', 'NG', 'V']"
6749,"['AW', 'NG', 'V']",2,VCC,"['AW', 'NG', 'V']"
6750,"['AH', 'NG', 'DH']",2,VCC,"['AH', 'DH', 'NG']"
6751,"['OY', 'NG', 'DH']",2,VCC,"['OY', 'NG', 'DH']"
6752,"['AA', 'NG', 'DH']",2,VCC,"['AA', 'NG', 'DH']"
6753,"['AY', 'NG', 'DH']",2,VCC,"['AY', 'NG', 'DH']"
6754,"['ER', 'NG', 'DH']",2,VCC,"['ER', 'NG', 'NG']"
6755,"['AO', 'NG', 'DH']",2,VCC,"['AO', 'NG', 'DH']"
6756,"['UW', 'NG', 'DH']",2,VCC,"['UW', 'NG', 'DH']"
6757,"['IH', 'NG', 'DH']",2,VCC,"['IH', 'NG', 'DH']"
6758,"['EH', 'NG', 'DH']",2,VCC,"['EH', 'NG', 'DH']"
6759,"['UH', 'NG', 'DH']",2,VCC,"['UH', 'NG', 'HH']"
6760,"['IY', 'NG', 'DH']",2,VCC,"['IY', 'NG', 'DH']"
6761,"['EY', 'NG', 'DH']",2,VCC,"['EY', 'NG', 'DH']"
6762,"['OW', 'NG', 'DH']",2,VCC,"['OW', 'NG', 'DH']"
6763,"['AE', 'NG', 'DH']",2,VCC,"['AE', 'NG', 'DH']"
6764,"['AW', 'NG', 'DH']",2,VCC,"['AW', 'DH', 'NG']"
6765,"['AH', 'NG', 'HH']",2,VCC,"['AH', 'NG', 'HH']"
6766,"['OY', 'NG', 'HH']",2,VCC,"['OY', 'NG', 'HH']"
6767,"['AA', 'NG', 'HH']",2,VCC,"['AA', 'NG', 'HH']"
6768,"['AY', 'NG', 'HH']",2,VCC,"['AY', 'NG', 'HH']"
6769,"['ER', 'NG', 'HH']",2,VCC,"['ER', 'NG', 'HH']"
6770,"['AO', 'NG', 'HH']",2,VCC,"['AO', 'NG', 'HH']"
6771,"['UW', 'NG', 'HH']",2,VCC,"['UW', 'NG', 'HH']"
6772,"['IH', 'NG', 'HH']",2,VCC,"['IH', 'NG', 'HH']"
6773,"['EH', 'NG', 'HH']",2,VCC,"['EH', 'NG', 'HH']"
6774,"['UH', 'NG', 'HH']",2,VCC,"['UH', 'NG', 'HH']"
6775,"['IY', 'NG', 'HH']",2,VCC,"['IY', 'NG', 'HH']"
6776,"['EY', 'NG', 'HH']",2,VCC,"['EY', 'NG', 'HH']"
6777,"['OW', 'NG', 'HH']",2,VCC,"['OW', 'NG', 'HH']"
6778,"['AE', 'NG', 'HH']",2,VCC,"['AE', 'NG', 'HH']"
6779,"['AW', 'NG', 'HH']",2,VCC,"['AW', 'NG', 'HH']"
6780,"['AH', 'NG', 'CH']",1,VCC,"['AH', 'NG', 'CH']"
6781,"['OY', 'NG', 'CH']",1,VCC,"['CH', 'ER', 'NG']"
6782,"['AA', 'NG', 'CH']",1,VCC,"['AA', 'NG', 'CH']"
6783,"['AY', 'NG', 'CH']",1,VCC,"['AY', 'NG', 'CH']"
6784,"['ER', 'NG', 'CH']",1,VCC,"['ER', 'NG', 'CH']"
6785,"['AO', 'NG', 'CH']",1,VCC,"['AO', 'NG', 'CH']"
6786,"['UW', 'NG', 'CH']",1,VCC,"['UW', 'NG', 'CH']"
6787,"['IH', 'NG', 'CH']",1,VCC,"['IH', 'NG', 'CH']"
6788,"['EH', 'NG', 'CH']",1,VCC,"['EH', 'NG', 'CH']"
6789,"['UH', 'NG', 'CH']",1,VCC,"['CH', 'UH', 'NG']"
6790,"['IY', 'NG', 'CH']",1,VCC,"['IY', 'NG', 'CH']"
6791,"['EY', 'NG', 'CH']",1,VCC,"['EY', 'NG', 'CH']"
6792,"['OW', 'NG', 'CH']",1,VCC,"['OW', 'NG', 'CH']"
6793,"['AE', 'NG', 'CH']",1,VCC,"['AE', 'NG', 'CH']"
6794,"['AW', 'NG', 'CH']",1,VCC,"['AW', 'NG', 'CH']"
6795,"['AH', 'NG', 'JH']",1,VCC,"['AH', 'NG', 'JH']"
6796,"['OY', 'NG', 'JH']",1,VCC,"['OY', 'NG', 'JH']"
6797,"['AA', 'NG', 'JH']",1,VCC,"['AA', 'NG', 'JH']"
6798,"['AY', 'NG', 'JH']",1,VCC,"['AY', 'NG', 'NG']"
6799,"['ER', 'NG', 'JH']",1,VCC,"['ER', 'NG', 'NG']"
6800,"['AO', 'NG', 'JH']",1,VCC,"['AO', 'NG', 'JH']"
6801,"['UW', 'NG', 'JH']",1,VCC,"['UW', 'NG', 'JH']"
6802,"['IH', 'NG', 'JH']",1,VCC,"['IH', 'NG', 'JH']"
6803,"['EH', 'NG', 'JH']",1,VCC,"['EH', 'NG', 'JH']"
6804,"['UH', 'NG', 'JH']",1,VCC,"['UH', 'NG', 'JH']"
6805,"['IY', 'NG', 'JH']",1,VCC,"['IY', 'NG', 'JH']"
6806,"['EY', 'NG', 'JH']",1,VCC,"['EY', 'NG', 'JH']"
6807,"['OW', 'NG', 'JH']",1,VCC,"['OW', 'NG', 'JH']"
6808,"['AE', 'NG', 'JH']",1,VCC,"['AE', 'NG', 'JH']"
6809,"['AW', 'NG', 'JH']",1,VCC,"['AW', 'NG', 'JH']"
6810,"['AH', 'NG', 'M']",0,VCC,"['AH', 'NG', 'M']"
6811,"['OY', 'NG', 'M']",0,VCC,"['OY', 'NG', 'NG']"
6812,"['AA', 'NG', 'M']",0,VCC,"['AA', 'NG', 'M']"
6813,"['AY', 'NG', 'M']",0,VCC,"['AY', 'NG', 'M']"
6814,"['ER', 'NG', 'M']",0,VCC,"['ER', 'NG', 'NG']"
6815,"['AO', 'NG', 'M']",0,VCC,"['AO', 'NG', 'M']"
6816,"['UW', 'NG', 'M']",0,VCC,"['UW', 'NG', 'M']"
6817,"['IH', 'NG', 'M']",0,VCC,"['IH', 'NG', 'M']"
6818,"['EH', 'NG', 'M']",0,VCC,"['EH', 'NG', 'M']"
6819,"['UH', 'NG', 'M']",0,VCC,"['UH', 'NG', 'M']"
6820,"['IY', 'NG', 'M']",0,VCC,"['IY', 'NG', 'M']"
6821,"['EY', 'NG', 'M']",0,VCC,"['EY', 'NG', 'M']"
6822,"['OW', 'NG', 'M']",0,VCC,"['OW', 'NG', 'M']"
6823,"['AE', 'NG', 'M']",0,VCC,"['AE', 'NG', 'M']"
6824,"['AW', 'NG', 'M']",0,VCC,"['AW', 'NG', 'M']"
6825,"['AH', 'NG', 'N']",0,VCC,"['AH', 'NG', 'N']"
6826,"['OY', 'NG', 'N']",0,VCC,"['OY', 'NG', 'N']"
6827,"['AA', 'NG', 'N']",0,VCC,"['AA', 'NG', 'N']"
6828,"['AY', 'NG', 'N']",0,VCC,"['AY', 'NG', '<EOS>']"
6829,"['ER', 'NG', 'N']",0,VCC,"['ER', 'NG', 'N']"
6830,"['AO', 'NG', 'N']",0,VCC,"['AO', 'NG', 'N']"
6831,"['UW', 'NG', 'N']",0,VCC,"['UW', 'NG', 'N']"
6832,"['IH', 'NG', 'N']",0,VCC,"['IH', 'NG', 'N']"
6833,"['EH', 'NG', 'N']",0,VCC,"['EH', 'NG', 'N']"
6834,"['UH', 'NG', 'N']",0,VCC,"['UH', 'NG', 'N']"
6835,"['IY', 'NG', 'N']",0,VCC,"['IY', 'NG', 'N']"
6836,"['EY', 'NG', 'N']",0,VCC,"['EY', 'NG', 'NG']"
6837,"['OW', 'NG', 'N']",0,VCC,"['OW', 'NG', 'N']"
6838,"['AE', 'NG', 'N']",0,VCC,"['AE', 'NG', 'N']"
6839,"['AW', 'NG', 'N']",0,VCC,"['AW', 'NG', 'N']"
6840,"['AH', 'NG', 'L']",-1,VCC,"['AH', 'NG', 'L']"
6841,"['OY', 'NG', 'L']",-1,VCC,"['OY', 'NG', 'L']"
6842,"['AA', 'NG', 'L']",-1,VCC,"['AA', 'NG', 'L']"
6843,"['AY', 'NG', 'L']",-1,VCC,"['AY', 'NG', 'L']"
6844,"['ER', 'NG', 'L']",-1,VCC,"['ER', 'NG', 'L']"
6845,"['AO', 'NG', 'L']",-1,VCC,"['AO', 'NG', 'L']"
6846,"['UW', 'NG', 'L']",-1,VCC,"['UW', 'NG', 'L']"
6847,"['IH', 'NG', 'L']",-1,VCC,"['IH', 'NG', 'L']"
6848,"['EH', 'NG', 'L']",-1,VCC,"['EH', 'NG', 'L']"
6849,"['UH', 'NG', 'L']",-1,VCC,"['UH', 'NG', 'L']"
6850,"['IY', 'NG', 'L']",-1,VCC,"['IY', 'NG', 'L']"
6851,"['EY', 'NG', 'L']",-1,VCC,"['EY', 'NG', 'L']"
6852,"['OW', 'NG', 'L']",-1,VCC,"['OW', 'NG', 'L']"
6853,"['AE', 'NG', 'L']",-1,VCC,"['AE', 'NG', 'L']"
6854,"['AW', 'NG', 'L']",-1,VCC,"['AW', 'NG', 'L']"
6855,"['AH', 'NG', 'R']",-1,VCC,"['AH', 'NG', 'R']"
6856,"['OY', 'NG', 'R']",-1,VCC,"['OY', 'NG', 'R']"
6857,"['AA', 'NG', 'R']",-1,VCC,"['AA', 'NG', 'R']"
6858,"['AY', 'NG', 'R']",-1,VCC,"['AY', 'NG', 'R']"
6859,"['ER', 'NG', 'R']",-1,VCC,"['ER', 'NG', 'R']"
6860,"['AO', 'NG', 'R']",-1,VCC,"['AO', 'NG', 'R']"
6861,"['UW', 'NG', 'R']",-1,VCC,"['UW', 'NG', 'R']"
6862,"['IH', 'NG', 'R']",-1,VCC,"['IH', 'NG', 'R']"
6863,"['EH', 'NG', 'R']",-1,VCC,"['EH', 'NG', 'R']"
6864,"['UH', 'NG', 'R']",-1,VCC,"['UH', 'NG', 'R']"
6865,"['IY', 'NG', 'R']",-1,VCC,"['IY', 'NG', 'R']"
6866,"['EY', 'NG', 'R']",-1,VCC,"['EY', 'NG', 'R']"
6867,"['OW', 'NG', 'R']",-1,VCC,"['OW', 'NG', 'R']"
6868,"['AE', 'NG', 'R']",-1,VCC,"['AE', 'NG', 'R']"
6869,"['AW', 'NG', 'R']",-1,VCC,"['AW', 'NG', 'R']"
6870,"['AH', 'NG', 'W']",-2,VCC,"['AH', 'NG', 'W']"
6871,"['OY', 'NG', 'W']",-2,VCC,"['SH', 'AO', 'NG']"
6872,"['AA', 'NG', 'W']",-2,VCC,"['AA', 'NG', 'W']"
6873,"['AY', 'NG', 'W']",-2,VCC,"['AY', 'NG', 'W']"
6874,"['ER', 'NG', 'W']",-2,VCC,"['ER', 'NG', 'W']"
6875,"['AO', 'NG', 'W']",-2,VCC,"['AO', 'NG', 'W']"
6876,"['UW', 'NG', 'W']",-2,VCC,"['Y', 'UW', 'W']"
6877,"['IH', 'NG', 'W']",-2,VCC,"['IH', 'NG', 'W']"
6878,"['EH', 'NG', 'W']",-2,VCC,"['EH', 'NG', 'W']"
6879,"['UH', 'NG', 'W']",-2,VCC,"['UH', 'NG', 'W']"
6880,"['IY', 'NG', 'W']",-2,VCC,"['IY', 'NG', 'W']"
6881,"['EY', 'NG', 'W']",-2,VCC,"['EY', 'NG', 'W']"
6882,"['OW', 'NG', 'W']",-2,VCC,"['OW', 'NG', 'W']"
6883,"['AE', 'NG', 'W']",-2,VCC,"['AE', 'NG', 'W']"
6884,"['AW', 'NG', 'W']",-2,VCC,"['AW', 'NG', 'W']"
6885,"['AH', 'NG', 'Y']",-2,VCC,"['Y', 'AH', 'NG']"
6886,"['OY', 'NG', 'Y']",-2,VCC,"['OY', 'NG', 'Y']"
6887,"['AA', 'NG', 'Y']",-2,VCC,"['AA', 'NG', 'P']"
6888,"['AY', 'NG', 'Y']",-2,VCC,"['AY', 'NG', '<EOS>']"
6889,"['ER', 'NG', 'Y']",-2,VCC,"['ER', 'NG', 'Y']"
6890,"['AO', 'NG', 'Y']",-2,VCC,"['AO', 'NG', 'Y']"
6891,"['UW', 'NG', 'Y']",-2,VCC,"['Y', 'UW', 'NG']"
6892,"['IH', 'NG', 'Y']",-2,VCC,"['IH', 'NG', 'Y']"
6893,"['EH', 'NG', 'Y']",-2,VCC,"['EH', 'NG', 'Y']"
6894,"['UH', 'NG', 'Y']",-2,VCC,"['UH', 'NG', 'Y']"
6895,"['IY', 'NG', 'Y']",-2,VCC,"['IY', 'NG', 'Y']"
6896,"['EY', 'NG', 'Y']",-2,VCC,"['EY', 'NG', 'Y']"
6897,"['OW', 'NG', 'Y']",-2,VCC,"['OW', 'NG', 'Y']"
6898,"['AE', 'NG', 'Y']",-2,VCC,"['AE', 'NG', 'Y']"
6899,"['AW', 'NG', 'Y']",-2,VCC,"['AW', 'NG', 'Y']"
6900,"['AH', 'L', 'P']",4,VCC,"['AH', 'L', 'P']"
6901,"['OY', 'L', 'P']",4,VCC,"['OY', 'L', 'P']"
6902,"['AA', 'L', 'P']",4,VCC,"['AA', 'L', 'P']"
6903,"['AY', 'L', 'P']",4,VCC,"['AY', 'L', 'P']"
6904,"['ER', 'L', 'P']",4,VCC,"['ER', 'L', 'P']"
6905,"['AO', 'L', 'P']",4,VCC,"['AO', 'L', 'P']"
6906,"['UW', 'L', 'P']",4,VCC,"['IH', 'L', 'P']"
6907,"['IH', 'L', 'P']",4,VCC,"['IH', 'L', 'P']"
6908,"['EH', 'L', 'P']",4,VCC,"['EH', 'L', 'P']"
6909,"['UH', 'L', 'P']",4,VCC,"['IH', 'P', 'L']"
6910,"['IY', 'L', 'P']",4,VCC,"['IY', 'L', 'P']"
6911,"['EY', 'L', 'P']",4,VCC,"['EY', 'L', 'P']"
6912,"['OW', 'L', 'P']",4,VCC,"['OW', 'L', 'P']"
6913,"['AE', 'L', 'P']",4,VCC,"['AE', 'L', 'P']"
6914,"['AW', 'L', 'P']",4,VCC,"['AW', 'L', 'P']"
6915,"['AH', 'L', 'T']",4,VCC,"['AH', 'L', 'T']"
6916,"['OY', 'L', 'T']",4,VCC,"['OY', 'L', 'T']"
6917,"['AA', 'L', 'T']",4,VCC,"['AA', 'L', 'T']"
6918,"['AY', 'L', 'T']",4,VCC,"['AY', 'L', 'T']"
6919,"['ER', 'L', 'T']",4,VCC,"['ER', 'L', 'T']"
6920,"['AO', 'L', 'T']",4,VCC,"['AO', 'L', 'T']"
6921,"['UW', 'L', 'T']",4,VCC,"['UW', 'L', 'T']"
6922,"['IH', 'L', 'T']",4,VCC,"['IH', 'L', 'T']"
6923,"['EH', 'L', 'T']",4,VCC,"['EH', 'L', 'T']"
6924,"['UH', 'L', 'T']",4,VCC,"['AE', 'L', 'UH']"
6925,"['IY', 'L', 'T']",4,VCC,"['IY', 'L', 'T']"
6926,"['EY', 'L', 'T']",4,VCC,"['EY', 'L', 'T']"
6927,"['OW', 'L', 'T']",4,VCC,"['OW', 'L', 'T']"
6928,"['AE', 'L', 'T']",4,VCC,"['AE', 'L', 'T']"
6929,"['AW', 'L', 'T']",4,VCC,"['AW', 'L', 'T']"
6930,"['AH', 'L', 'K']",4,VCC,"['AH', 'L', 'K']"
6931,"['OY', 'L', 'K']",4,VCC,"['OY', 'L', 'K']"
6932,"['AA', 'L', 'K']",4,VCC,"['AA', 'L', 'K']"
6933,"['AY', 'L', 'K']",4,VCC,"['AY', 'L', 'K']"
6934,"['ER', 'L', 'K']",4,VCC,"['ER', 'L', 'K']"
6935,"['AO', 'L', 'K']",4,VCC,"['AO', 'L', 'K']"
6936,"['UW', 'L', 'K']",4,VCC,"['UW', 'L', 'K']"
6937,"['IH', 'L', 'K']",4,VCC,"['IH', 'L', 'K']"
6938,"['EH', 'L', 'K']",4,VCC,"['EH', 'L', 'K']"
6939,"['UH', 'L', 'K']",4,VCC,"['EH', 'L', 'K']"
6940,"['IY', 'L', 'K']",4,VCC,"['EH', 'L', 'K']"
6941,"['EY', 'L', 'K']",4,VCC,"['EY', 'L', 'K']"
6942,"['OW', 'L', 'K']",4,VCC,"['OW', 'L', 'K']"
6943,"['AE', 'L', 'K']",4,VCC,"['AE', 'L', 'K']"
6944,"['AW', 'L', 'K']",4,VCC,"['AW', 'L', 'K']"
6945,"['AH', 'L', 'B']",4,VCC,"['AH', 'L', 'B']"
6946,"['OY', 'L', 'B']",4,VCC,"['OY', 'L', 'B']"
6947,"['AA', 'L', 'B']",4,VCC,"['AA', 'L', 'B']"
6948,"['AY', 'L', 'B']",4,VCC,"['AY', 'L', 'B']"
6949,"['ER', 'L', 'B']",4,VCC,"['ER', 'L', 'B']"
6950,"['AO', 'L', 'B']",4,VCC,"['AO', 'L', 'B']"
6951,"['UW', 'L', 'B']",4,VCC,"['UW', 'L', 'B']"
6952,"['IH', 'L', 'B']",4,VCC,"['IH', 'L', 'B']"
6953,"['EH', 'L', 'B']",4,VCC,"['EH', 'L', 'B']"
6954,"['UH', 'L', 'B']",4,VCC,"['UH', 'L', 'B']"
6955,"['IY', 'L', 'B']",4,VCC,"['IY', 'L', 'B']"
6956,"['EY', 'L', 'B']",4,VCC,"['EY', 'L', 'B']"
6957,"['OW', 'L', 'B']",4,VCC,"['OW', 'L', 'B']"
6958,"['AE', 'L', 'B']",4,VCC,"['AE', 'L', 'B']"
6959,"['AW', 'L', 'B']",4,VCC,"['AW', 'L', 'B']"
6960,"['AH', 'L', 'D']",4,VCC,"['AH', 'L', 'D']"
6961,"['OY', 'L', 'D']",4,VCC,"['OY', 'L', 'D']"
6962,"['AA', 'L', 'D']",4,VCC,"['AA', 'L', 'D']"
6963,"['AY', 'L', 'D']",4,VCC,"['AY', 'L', 'D']"
6964,"['ER', 'L', 'D']",4,VCC,"['ER', 'L', 'D']"
6965,"['AO', 'L', 'D']",4,VCC,"['AO', 'L', 'D']"
6966,"['UW', 'L', 'D']",4,VCC,"['UW', 'L', 'D']"
6967,"['IH', 'L', 'D']",4,VCC,"['IH', 'L', 'D']"
6968,"['EH', 'L', 'D']",4,VCC,"['EH', 'L', 'D']"
6969,"['UH', 'L', 'D']",4,VCC,"['UH', 'L', 'D']"
6970,"['IY', 'L', 'D']",4,VCC,"['IY', 'L', 'D']"
6971,"['EY', 'L', 'D']",4,VCC,"['EY', 'L', 'D']"
6972,"['OW', 'L', 'D']",4,VCC,"['OW', 'L', 'D']"
6973,"['AE', 'L', 'D']",4,VCC,"['AE', 'L', 'D']"
6974,"['AW', 'L', 'D']",4,VCC,"['AW', 'L', 'D']"
6975,"['AH', 'L', 'G']",4,VCC,"['AH', 'L', 'G']"
6976,"['OY', 'L', 'G']",4,VCC,"['OY', 'L', 'G']"
6977,"['AA', 'L', 'G']",4,VCC,"['AA', 'G', 'L']"
6978,"['AY', 'L', 'G']",4,VCC,"['AY', 'L', 'G']"
6979,"['ER', 'L', 'G']",4,VCC,"['ER', 'L', 'G']"
6980,"['AO', 'L', 'G']",4,VCC,"['AO', 'L', 'G']"
6981,"['UW', 'L', 'G']",4,VCC,"['UW', 'L', 'G']"
6982,"['IH', 'L', 'G']",4,VCC,"['IH', 'L', 'G']"
6983,"['EH', 'L', 'G']",4,VCC,"['EH', 'L', 'G']"
6984,"['UH', 'L', 'G']",4,VCC,"['EH', 'G', 'L']"
6985,"['IY', 'L', 'G']",4,VCC,"['IH', 'L', 'G']"
6986,"['EY', 'L', 'G']",4,VCC,"['EY', 'L', 'G']"
6987,"['OW', 'L', 'G']",4,VCC,"['OW', 'L', 'G']"
6988,"['AE', 'L', 'G']",4,VCC,"['AE', 'L', 'G']"
6989,"['AW', 'L', 'G']",4,VCC,"['AW', 'L', 'G']"
6990,"['AH', 'L', 'F']",3,VCC,"['AH', 'L', 'F']"
6991,"['OY', 'L', 'F']",3,VCC,"['OY', 'L', 'F']"
6992,"['AA', 'L', 'F']",3,VCC,"['AA', 'L', 'F']"
6993,"['AY', 'L', 'F']",3,VCC,"['AY', 'L', 'F']"
6994,"['ER', 'L', 'F']",3,VCC,"['ER', 'L', 'F']"
6995,"['AO', 'L', 'F']",3,VCC,"['AO', 'L', 'F']"
6996,"['UW', 'L', 'F']",3,VCC,"['UW', 'L', 'F']"
6997,"['IH', 'L', 'F']",3,VCC,"['IH', 'L', 'F']"
6998,"['EH', 'L', 'F']",3,VCC,"['EH', 'L', 'F']"
6999,"['UH', 'L', 'F']",3,VCC,"['EH', 'L', 'F']"
7000,"['IY', 'L', 'F']",3,VCC,"['EH', 'L', 'F']"
7001,"['EY', 'L', 'F']",3,VCC,"['EY', 'L', 'F']"
7002,"['OW', 'L', 'F']",3,VCC,"['OW', 'L', 'F']"
7003,"['AE', 'L', 'F']",3,VCC,"['AE', 'L', 'F']"
7004,"['AW', 'L', 'F']",3,VCC,"['AW', 'L', 'F']"
7005,"['AH', 'L', 'TH']",3,VCC,"['AH', 'L', 'TH']"
7006,"['OY', 'L', 'TH']",3,VCC,"['OY', 'L', 'TH']"
7007,"['AA', 'L', 'TH']",3,VCC,"['AA', 'L', 'TH']"
7008,"['AY', 'L', 'TH']",3,VCC,"['AY', 'L', 'TH']"
7009,"['ER', 'L', 'TH']",3,VCC,"['ER', 'L', 'TH']"
7010,"['AO', 'L', 'TH']",3,VCC,"['AO', 'L', 'TH']"
7011,"['UW', 'L', 'TH']",3,VCC,"['UW', 'L', 'TH']"
7012,"['IH', 'L', 'TH']",3,VCC,"['IH', 'L', 'TH']"
7013,"['EH', 'L', 'TH']",3,VCC,"['EH', 'L', 'TH']"
7014,"['UH', 'L', 'TH']",3,VCC,"['UH', 'L', 'TH']"
7015,"['IY', 'L', 'TH']",3,VCC,"['IY', 'L', 'TH']"
7016,"['EY', 'L', 'TH']",3,VCC,"['EY', 'L', 'TH']"
7017,"['OW', 'L', 'TH']",3,VCC,"['OW', 'L', 'TH']"
7018,"['AE', 'L', 'TH']",3,VCC,"['AE', 'L', 'TH']"
7019,"['AW', 'L', 'TH']",3,VCC,"['AW', 'L', 'TH']"
7020,"['AH', 'L', 'S']",3,VCC,"['AH', 'L', 'S']"
7021,"['OY', 'L', 'S']",3,VCC,"['OY', 'L', 'S']"
7022,"['AA', 'L', 'S']",3,VCC,"['AA', 'L', 'S']"
7023,"['AY', 'L', 'S']",3,VCC,"['AY', 'L', 'S']"
7024,"['ER', 'L', 'S']",3,VCC,"['ER', 'L', 'S']"
7025,"['AO', 'L', 'S']",3,VCC,"['AO', 'L', 'S']"
7026,"['UW', 'L', 'S']",3,VCC,"['UW', 'L', 'S']"
7027,"['IH', 'L', 'S']",3,VCC,"['IH', 'L', 'S']"
7028,"['EH', 'L', 'S']",3,VCC,"['EH', 'L', 'S']"
7029,"['UH', 'L', 'S']",3,VCC,"['UH', 'L', 'S']"
7030,"['IY', 'L', 'S']",3,VCC,"['IY', 'L', 'S']"
7031,"['EY', 'L', 'S']",3,VCC,"['EY', 'L', 'S']"
7032,"['OW', 'L', 'S']",3,VCC,"['OW', 'L', 'S']"
7033,"['AE', 'L', 'S']",3,VCC,"['AE', 'L', 'S']"
7034,"['AW', 'L', 'S']",3,VCC,"['AW', 'L', 'S']"
7035,"['AH', 'L', 'SH']",3,VCC,"['AH', 'L', 'SH']"
7036,"['OY', 'L', 'SH']",3,VCC,"['OY', 'L', 'SH']"
7037,"['AA', 'L', 'SH']",3,VCC,"['AA', 'L', 'SH']"
7038,"['AY', 'L', 'SH']",3,VCC,"['AY', 'L', 'SH']"
7039,"['ER', 'L', 'SH']",3,VCC,"['ER', 'L', 'SH']"
7040,"['AO', 'L', 'SH']",3,VCC,"['AO', 'L', 'SH']"
7041,"['UW', 'L', 'SH']",3,VCC,"['UW', 'L', 'SH']"
7042,"['IH', 'L', 'SH']",3,VCC,"['IH', 'L', 'SH']"
7043,"['EH', 'L', 'SH']",3,VCC,"['EH', 'L', 'SH']"
7044,"['UH', 'L', 'SH']",3,VCC,"['UH', 'L', 'SH']"
7045,"['IY', 'L', 'SH']",3,VCC,"['EH', 'L', 'SH']"
7046,"['EY', 'L', 'SH']",3,VCC,"['EY', 'L', 'SH']"
7047,"['OW', 'L', 'SH']",3,VCC,"['OW', 'L', 'SH']"
7048,"['AE', 'L', 'SH']",3,VCC,"['AE', 'L', 'SH']"
7049,"['AW', 'L', 'SH']",3,VCC,"['AW', 'L', 'SH']"
7050,"['AH', 'L', 'Z']",3,VCC,"['AH', 'L', 'Z']"
7051,"['OY', 'L', 'Z']",3,VCC,"['OY', 'L', 'Z']"
7052,"['AA', 'L', 'Z']",3,VCC,"['AA', 'L', 'Z']"
7053,"['AY', 'L', 'Z']",3,VCC,"['AY', 'L', 'Z']"
7054,"['ER', 'L', 'Z']",3,VCC,"['ER', 'L', 'Z']"
7055,"['AO', 'L', 'Z']",3,VCC,"['AO', 'L', 'Z']"
7056,"['UW', 'L', 'Z']",3,VCC,"['UW', 'L', 'Z']"
7057,"['IH', 'L', 'Z']",3,VCC,"['IH', 'L', 'Z']"
7058,"['EH', 'L', 'Z']",3,VCC,"['EH', 'L', 'Z']"
7059,"['UH', 'L', 'Z']",3,VCC,"['UH', 'L', 'Z']"
7060,"['IY', 'L', 'Z']",3,VCC,"['IY', 'L', 'Z']"
7061,"['EY', 'L', 'Z']",3,VCC,"['EY', 'L', 'Z']"
7062,"['OW', 'L', 'Z']",3,VCC,"['OW', 'L', 'Z']"
7063,"['AE', 'L', 'Z']",3,VCC,"['AE', 'L', 'Z']"
7064,"['AW', 'L', 'Z']",3,VCC,"['AW', 'L', 'Z']"
7065,"['AH', 'L', 'ZH']",3,VCC,"['AH', 'L', 'ZH']"
7066,"['OY', 'L', 'ZH']",3,VCC,"['OY', 'L', 'ZH']"
7067,"['AA', 'L', 'ZH']",3,VCC,"['AA', 'L', 'ZH']"
7068,"['AY', 'L', 'ZH']",3,VCC,"['AY', 'L', '<EOS>']"
7069,"['ER', 'L', 'ZH']",3,VCC,"['ER', 'L', 'ZH']"
7070,"['AO', 'L', 'ZH']",3,VCC,"['AO', 'L', 'ZH']"
7071,"['UW', 'L', 'ZH']",3,VCC,"['UW', 'L', 'ZH']"
7072,"['IH', 'L', 'ZH']",3,VCC,"['IH', 'L', 'ZH']"
7073,"['EH', 'L', 'ZH']",3,VCC,"['EH', 'L', 'ZH']"
7074,"['UH', 'L', 'ZH']",3,VCC,"['UH', 'L', 'ZH']"
7075,"['IY', 'L', 'ZH']",3,VCC,"['IY', 'L', 'ZH']"
7076,"['EY', 'L', 'ZH']",3,VCC,"['EY', 'L', 'ZH']"
7077,"['OW', 'L', 'ZH']",3,VCC,"['OW', 'L', 'ZH']"
7078,"['AE', 'L', 'ZH']",3,VCC,"['AE', 'L', 'ZH']"
7079,"['AW', 'L', 'ZH']",3,VCC,"['AW', 'L', 'ZH']"
7080,"['AH', 'L', 'V']",3,VCC,"['AH', 'L', 'V']"
7081,"['OY', 'L', 'V']",3,VCC,"['OY', 'L', 'V']"
7082,"['AA', 'L', 'V']",3,VCC,"['AA', 'L', 'V']"
7083,"['AY', 'L', 'V']",3,VCC,"['AY', 'L', 'V']"
7084,"['ER', 'L', 'V']",3,VCC,"['ER', 'L', 'V']"
7085,"['AO', 'L', 'V']",3,VCC,"['AO', 'L', 'V']"
7086,"['UW', 'L', 'V']",3,VCC,"['UW', 'L', 'V']"
7087,"['IH', 'L', 'V']",3,VCC,"['IH', 'L', 'V']"
7088,"['EH', 'L', 'V']",3,VCC,"['EH', 'L', 'V']"
7089,"['UH', 'L', 'V']",3,VCC,"['UH', 'L', 'V']"
7090,"['IY', 'L', 'V']",3,VCC,"['EH', 'L', 'V']"
7091,"['EY', 'L', 'V']",3,VCC,"['EY', 'L', 'V']"
7092,"['OW', 'L', 'V']",3,VCC,"['OW', 'L', 'V']"
7093,"['AE', 'L', 'V']",3,VCC,"['AE', 'L', 'V']"
7094,"['AW', 'L', 'V']",3,VCC,"['AW', 'L', 'V']"
7095,"['AH', 'L', 'DH']",3,VCC,"['AH', 'L', 'DH']"
7096,"['OY', 'L', 'DH']",3,VCC,"['OY', 'L', 'DH']"
7097,"['AA', 'L', 'DH']",3,VCC,"['AA', 'L', 'DH']"
7098,"['AY', 'L', 'DH']",3,VCC,"['AY', 'DH', 'L']"
7099,"['ER', 'L', 'DH']",3,VCC,"['ER', 'L', 'DH']"
7100,"['AO', 'L', 'DH']",3,VCC,"['AO', 'L', 'DH']"
7101,"['UW', 'L', 'DH']",3,VCC,"['AE', 'L', 'DH']"
7102,"['IH', 'L', 'DH']",3,VCC,"['IH', 'DH', 'L']"
7103,"['EH', 'L', 'DH']",3,VCC,"['EH', 'L', 'DH']"
7104,"['UH', 'L', 'DH']",3,VCC,"['UH', 'L', 'DH']"
7105,"['IY', 'L', 'DH']",3,VCC,"['IY', 'L', 'DH']"
7106,"['EY', 'L', 'DH']",3,VCC,"['EY', 'L', 'DH']"
7107,"['OW', 'L', 'DH']",3,VCC,"['OW', 'DH', 'L']"
7108,"['AE', 'L', 'DH']",3,VCC,"['AE', 'L', 'DH']"
7109,"['AW', 'L', 'DH']",3,VCC,"['AW', 'DH', 'L']"
7110,"['AH', 'L', 'HH']",3,VCC,"['AH', 'L', 'HH']"
7111,"['OY', 'L', 'HH']",3,VCC,"['OY', 'L', 'HH']"
7112,"['AA', 'L', 'HH']",3,VCC,"['AA', 'L', 'HH']"
7113,"['AY', 'L', 'HH']",3,VCC,"['AY', 'L', 'HH']"
7114,"['ER', 'L', 'HH']",3,VCC,"['ER', 'L', 'HH']"
7115,"['AO', 'L', 'HH']",3,VCC,"['AO', 'L', 'HH']"
7116,"['UW', 'L', 'HH']",3,VCC,"['UW', 'L', 'HH']"
7117,"['IH', 'L', 'HH']",3,VCC,"['IH', 'L', 'HH']"
7118,"['EH', 'L', 'HH']",3,VCC,"['EH', 'L', 'HH']"
7119,"['UH', 'L', 'HH']",3,VCC,"['EH', 'L', 'HH']"
7120,"['IY', 'L', 'HH']",3,VCC,"['IY', 'L', 'HH']"
7121,"['EY', 'L', 'HH']",3,VCC,"['EY', 'L', 'HH']"
7122,"['OW', 'L', 'HH']",3,VCC,"['OW', 'L', 'HH']"
7123,"['AE', 'L', 'HH']",3,VCC,"['AE', 'L', 'HH']"
7124,"['AW', 'L', 'HH']",3,VCC,"['AW', 'L', 'HH']"
7125,"['AH', 'L', 'CH']",2,VCC,"['AH', 'L', 'CH']"
7126,"['OY', 'L', 'CH']",2,VCC,"['OY', 'L', 'CH']"
7127,"['AA', 'L', 'CH']",2,VCC,"['AA', 'L', 'CH']"
7128,"['AY', 'L', 'CH']",2,VCC,"['AY', 'L', 'CH']"
7129,"['ER', 'L', 'CH']",2,VCC,"['ER', 'L', 'CH']"
7130,"['AO', 'L', 'CH']",2,VCC,"['AO', 'L', 'CH']"
7131,"['UW', 'L', 'CH']",2,VCC,"['UW', 'L', 'CH']"
7132,"['IH', 'L', 'CH']",2,VCC,"['IH', 'L', 'CH']"
7133,"['EH', 'L', 'CH']",2,VCC,"['EH', 'L', 'CH']"
7134,"['UH', 'L', 'CH']",2,VCC,"['CH', 'UH', 'L']"
7135,"['IY', 'L', 'CH']",2,VCC,"['IY', 'L', 'CH']"
7136,"['EY', 'L', 'CH']",2,VCC,"['EY', 'L', 'CH']"
7137,"['OW', 'L', 'CH']",2,VCC,"['OW', 'L', 'CH']"
7138,"['AE', 'L', 'CH']",2,VCC,"['AE', 'L', 'CH']"
7139,"['AW', 'L', 'CH']",2,VCC,"['AW', 'L', 'CH']"
7140,"['AH', 'L', 'JH']",2,VCC,"['AH', 'L', 'JH']"
7141,"['OY', 'L', 'JH']",2,VCC,"['OY', 'L', 'JH']"
7142,"['AA', 'L', 'JH']",2,VCC,"['AA', 'L', 'JH']"
7143,"['AY', 'L', 'JH']",2,VCC,"['AY', 'L', 'JH']"
7144,"['ER', 'L', 'JH']",2,VCC,"['ER', 'L', 'JH']"
7145,"['AO', 'L', 'JH']",2,VCC,"['AO', 'L', 'JH']"
7146,"['UW', 'L', 'JH']",2,VCC,"['IH', 'L', 'UW']"
7147,"['IH', 'L', 'JH']",2,VCC,"['IH', 'L', 'JH']"
7148,"['EH', 'L', 'JH']",2,VCC,"['EH', 'L', 'JH']"
7149,"['UH', 'L', 'JH']",2,VCC,"['UH', 'L', 'JH']"
7150,"['IY', 'L', 'JH']",2,VCC,"['IY', 'L', 'JH']"
7151,"['EY', 'L', 'JH']",2,VCC,"['EY', 'L', 'JH']"
7152,"['OW', 'L', 'JH']",2,VCC,"['OW', 'L', 'JH']"
7153,"['AE', 'L', 'JH']",2,VCC,"['AE', 'L', 'JH']"
7154,"['AW', 'L', 'JH']",2,VCC,"['AW', 'L', 'JH']"
7155,"['AH', 'L', 'M']",1,VCC,"['AH', 'L', 'M']"
7156,"['OY', 'L', 'M']",1,VCC,"['OY', 'L', 'M']"
7157,"['AA', 'L', 'M']",1,VCC,"['AA', 'L', 'M']"
7158,"['AY', 'L', 'M']",1,VCC,"['AY', 'L', 'M']"
7159,"['ER', 'L', 'M']",1,VCC,"['ER', 'L', 'M']"
7160,"['AO', 'L', 'M']",1,VCC,"['AO', 'L', 'M']"
7161,"['UW', 'L', 'M']",1,VCC,"['UW', 'L', 'M']"
7162,"['IH', 'L', 'M']",1,VCC,"['IH', 'L', 'M']"
7163,"['EH', 'L', 'M']",1,VCC,"['EH', 'L', 'M']"
7164,"['UH', 'L', 'M']",1,VCC,"['EH', 'L', 'M']"
7165,"['IY', 'L', 'M']",1,VCC,"['EH', 'L', 'M']"
7166,"['EY', 'L', 'M']",1,VCC,"['EY', 'L', 'M']"
7167,"['OW', 'L', 'M']",1,VCC,"['OW', 'L', 'M']"
7168,"['AE', 'L', 'M']",1,VCC,"['AE', 'L', 'M']"
7169,"['AW', 'L', 'M']",1,VCC,"['AW', 'L', 'M']"
7170,"['AH', 'L', 'N']",1,VCC,"['AH', 'L', 'N']"
7171,"['OY', 'L', 'N']",1,VCC,"['OY', 'L', 'N']"
7172,"['AA', 'L', 'N']",1,VCC,"['AA', 'L', 'N']"
7173,"['AY', 'L', 'N']",1,VCC,"['AY', 'L', '<EOS>']"
7174,"['ER', 'L', 'N']",1,VCC,"['ER', 'L', 'N']"
7175,"['AO', 'L', 'N']",1,VCC,"['AO', 'L', 'N']"
7176,"['UW', 'L', 'N']",1,VCC,"['UW', 'L', 'N']"
7177,"['IH', 'L', 'N']",1,VCC,"['IH', 'L', 'N']"
7178,"['EH', 'L', 'N']",1,VCC,"['EH', 'L', 'N']"
7179,"['UH', 'L', 'N']",1,VCC,"['AE', 'L', 'N']"
7180,"['IY', 'L', 'N']",1,VCC,"['IY', 'L', 'N']"
7181,"['EY', 'L', 'N']",1,VCC,"['EY', 'L', 'N']"
7182,"['OW', 'L', 'N']",1,VCC,"['OW', 'L', 'N']"
7183,"['AE', 'L', 'N']",1,VCC,"['AE', 'L', 'N']"
7184,"['AW', 'L', 'N']",1,VCC,"['AW', 'L', 'N']"
7185,"['AH', 'L', 'NG']",1,VCC,"['AH', 'L', 'NG']"
7186,"['OY', 'L', 'NG']",1,VCC,"['OY', 'NG', 'L']"
7187,"['AA', 'L', 'NG']",1,VCC,"['AA', 'NG', 'L']"
7188,"['AY', 'L', 'NG']",1,VCC,"['AY', 'NG', 'L']"
7189,"['ER', 'L', 'NG']",1,VCC,"['ER', 'NG', 'L']"
7190,"['AO', 'L', 'NG']",1,VCC,"['AO', 'L', 'NG']"
7191,"['UW', 'L', 'NG']",1,VCC,"['UW', 'NG', 'L']"
7192,"['IH', 'L', 'NG']",1,VCC,"['IH', 'NG', 'L']"
7193,"['EH', 'L', 'NG']",1,VCC,"['EH', 'L', 'NG']"
7194,"['UH', 'L', 'NG']",1,VCC,"['UH', 'L', 'NG']"
7195,"['IY', 'L', 'NG']",1,VCC,"['IY', 'L', 'NG']"
7196,"['EY', 'L', 'NG']",1,VCC,"['EY', 'L', 'NG']"
7197,"['OW', 'L', 'NG']",1,VCC,"['OW', 'L', 'NG']"
7198,"['AE', 'L', 'NG']",1,VCC,"['AE', 'NG', 'L']"
7199,"['AW', 'L', 'NG']",1,VCC,"['AW', 'L', 'NG']"
7200,"['AH', 'L', 'R']",0,VCC,"['AH', 'L', 'R']"
7201,"['OY', 'L', 'R']",0,VCC,"['OY', 'L', 'R']"
7202,"['AA', 'L', 'R']",0,VCC,"['AA', 'L', 'R']"
7203,"['AY', 'L', 'R']",0,VCC,"['AY', 'L', 'R']"
7204,"['ER', 'L', 'R']",0,VCC,"['ER', 'L', 'R']"
7205,"['AO', 'L', 'R']",0,VCC,"['AO', 'L', 'R']"
7206,"['UW', 'L', 'R']",0,VCC,"['UW', 'L', 'R']"
7207,"['IH', 'L', 'R']",0,VCC,"['IH', 'L', 'R']"
7208,"['EH', 'L', 'R']",0,VCC,"['EH', 'L', 'R']"
7209,"['UH', 'L', 'R']",0,VCC,"['UH', 'L', 'R']"
7210,"['IY', 'L', 'R']",0,VCC,"['EH', 'R', 'L']"
7211,"['EY', 'L', 'R']",0,VCC,"['EY', 'L', 'R']"
7212,"['OW', 'L', 'R']",0,VCC,"['OW', 'L', 'R']"
7213,"['AE', 'L', 'R']",0,VCC,"['AE', 'L', 'R']"
7214,"['AW', 'L', 'R']",0,VCC,"['AW', 'L', 'R']"
7215,"['AH', 'L', 'W']",-1,VCC,"['AH', 'L', 'W']"
7216,"['OY', 'L', 'W']",-1,VCC,"['OY', 'L', 'W']"
7217,"['AA', 'L', 'W']",-1,VCC,"['AA', 'L', 'W']"
7218,"['AY', 'L', 'W']",-1,VCC,"['AY', 'L', 'W']"
7219,"['ER', 'L', 'W']",-1,VCC,"['ER', 'L', 'W']"
7220,"['AO', 'L', 'W']",-1,VCC,"['AO', 'L', 'W']"
7221,"['UW', 'L', 'W']",-1,VCC,"['UW', 'L', 'W']"
7222,"['IH', 'L', 'W']",-1,VCC,"['IH', 'L', 'W']"
7223,"['EH', 'L', 'W']",-1,VCC,"['EH', 'L', 'W']"
7224,"['UH', 'L', 'W']",-1,VCC,"['EH', 'NG', 'W']"
7225,"['IY', 'L', 'W']",-1,VCC,"['IY', 'L', 'W']"
7226,"['EY', 'L', 'W']",-1,VCC,"['EY', 'L', 'W']"
7227,"['OW', 'L', 'W']",-1,VCC,"['OW', 'L', 'W']"
7228,"['AE', 'L', 'W']",-1,VCC,"['AE', 'L', 'W']"
7229,"['AW', 'L', 'W']",-1,VCC,"['AW', 'L', 'W']"
7230,"['AH', 'L', 'Y']",-1,VCC,"['AH', 'L', 'Y']"
7231,"['OY', 'L', 'Y']",-1,VCC,"['OY', 'L', 'Y']"
7232,"['AA', 'L', 'Y']",-1,VCC,"['AA', 'L', 'Y']"
7233,"['AY', 'L', 'Y']",-1,VCC,"['AY', 'L', 'Y']"
7234,"['ER', 'L', 'Y']",-1,VCC,"['ER', 'L', 'Y']"
7235,"['AO', 'L', 'Y']",-1,VCC,"['AO', 'L', 'Y']"
7236,"['UW', 'L', 'Y']",-1,VCC,"['IH', 'L', 'Y']"
7237,"['IH', 'L', 'Y']",-1,VCC,"['IH', 'L', 'Y']"
7238,"['EH', 'L', 'Y']",-1,VCC,"['EH', 'L', 'Y']"
7239,"['UH', 'L', 'Y']",-1,VCC,"['IH', 'UH', 'Y']"
7240,"['IY', 'L', 'Y']",-1,VCC,"['IY', 'L', 'Y']"
7241,"['EY', 'L', 'Y']",-1,VCC,"['EY', 'L', 'Y']"
7242,"['OW', 'L', 'Y']",-1,VCC,"['OW', 'L', 'Y']"
7243,"['AE', 'L', 'Y']",-1,VCC,"['AE', 'L', 'Y']"
7244,"['AW', 'L', 'Y']",-1,VCC,"['AW', 'L', 'Y']"
7245,"['AH', 'R', 'P']",4,VCC,"['AH', 'R', 'P']"
7246,"['OY', 'R', 'P']",4,VCC,"['OY', 'R', 'P']"
7247,"['AA', 'R', 'P']",4,VCC,"['AA', 'R', 'P']"
7248,"['AY', 'R', 'P']",4,VCC,"['AY', 'R', 'P']"
7249,"['ER', 'R', 'P']",4,VCC,"['ER', 'R', 'P']"
7250,"['AO', 'R', 'P']",4,VCC,"['AO', 'R', 'P']"
7251,"['UW', 'R', 'P']",4,VCC,"['R', 'UW', 'P']"
7252,"['IH', 'R', 'P']",4,VCC,"['IH', 'R', 'P']"
7253,"['EH', 'R', 'P']",4,VCC,"['EH', 'R', 'P']"
7254,"['UH', 'R', 'P']",4,VCC,"['UH', 'R', 'P']"
7255,"['IY', 'R', 'P']",4,VCC,"['R', 'IY', 'P']"
7256,"['EY', 'R', 'P']",4,VCC,"['EY', 'R', 'P']"
7257,"['OW', 'R', 'P']",4,VCC,"['OW', 'R', 'P']"
7258,"['AE', 'R', 'P']",4,VCC,"['AE', 'R', 'P']"
7259,"['AW', 'R', 'P']",4,VCC,"['AW', 'R', 'P']"
7260,"['AH', 'R', 'T']",4,VCC,"['AH', 'R', 'T']"
7261,"['OY', 'R', 'T']",4,VCC,"['OY', 'R', 'T']"
7262,"['AA', 'R', 'T']",4,VCC,"['AA', 'R', 'T']"
7263,"['AY', 'R', 'T']",4,VCC,"['AY', 'R', 'T']"
7264,"['ER', 'R', 'T']",4,VCC,"['ER', 'R', 'T']"
7265,"['AO', 'R', 'T']",4,VCC,"['AO', 'R', 'T']"
7266,"['UW', 'R', 'T']",4,VCC,"['UW', 'R', 'T']"
7267,"['IH', 'R', 'T']",4,VCC,"['IH', 'R', 'T']"
7268,"['EH', 'R', 'T']",4,VCC,"['EH', 'R', 'T']"
7269,"['UH', 'R', 'T']",4,VCC,"['UH', 'R', 'T']"
7270,"['IY', 'R', 'T']",4,VCC,"['R', 'IY', 'T']"
7271,"['EY', 'R', 'T']",4,VCC,"['EY', 'R', 'T']"
7272,"['OW', 'R', 'T']",4,VCC,"['OW', 'R', 'T']"
7273,"['AE', 'R', 'T']",4,VCC,"['AE', 'R', 'T']"
7274,"['AW', 'R', 'T']",4,VCC,"['AW', 'R', 'T']"
7275,"['AH', 'R', 'K']",4,VCC,"['AH', 'R', 'K']"
7276,"['OY', 'R', 'K']",4,VCC,"['OY', 'R', 'K']"
7277,"['AA', 'R', 'K']",4,VCC,"['AA', 'R', 'K']"
7278,"['AY', 'R', 'K']",4,VCC,"['AY', 'R', 'K']"
7279,"['ER', 'R', 'K']",4,VCC,"['ER', 'R', 'K']"
7280,"['AO', 'R', 'K']",4,VCC,"['AO', 'R', 'K']"
7281,"['UW', 'R', 'K']",4,VCC,"['UW', 'R', 'K']"
7282,"['IH', 'R', 'K']",4,VCC,"['IH', 'R', 'K']"
7283,"['EH', 'R', 'K']",4,VCC,"['EH', 'R', 'K']"
7284,"['UH', 'R', 'K']",4,VCC,"['UH', 'R', 'K']"
7285,"['IY', 'R', 'K']",4,VCC,"['R', 'IY', 'K']"
7286,"['EY', 'R', 'K']",4,VCC,"['EY', 'R', 'K']"
7287,"['OW', 'R', 'K']",4,VCC,"['OW', 'R', 'K']"
7288,"['AE', 'R', 'K']",4,VCC,"['AE', 'R', 'K']"
7289,"['AW', 'R', 'K']",4,VCC,"['AW', 'R', 'K']"
7290,"['AH', 'R', 'B']",4,VCC,"['AH', 'R', 'B']"
7291,"['OY', 'R', 'B']",4,VCC,"['OY', 'R', 'B']"
7292,"['AA', 'R', 'B']",4,VCC,"['AA', 'R', 'B']"
7293,"['AY', 'R', 'B']",4,VCC,"['AY', 'R', 'B']"
7294,"['ER', 'R', 'B']",4,VCC,"['ER', 'R', 'B']"
7295,"['AO', 'R', 'B']",4,VCC,"['AO', 'R', 'B']"
7296,"['UW', 'R', 'B']",4,VCC,"['UW', 'R', 'B']"
7297,"['IH', 'R', 'B']",4,VCC,"['IH', 'R', 'B']"
7298,"['EH', 'R', 'B']",4,VCC,"['EH', 'R', 'B']"
7299,"['UH', 'R', 'B']",4,VCC,"['UH', 'R', 'B']"
7300,"['IY', 'R', 'B']",4,VCC,"['R', 'IY', 'B']"
7301,"['EY', 'R', 'B']",4,VCC,"['EY', 'R', 'B']"
7302,"['OW', 'R', 'B']",4,VCC,"['OW', 'R', 'B']"
7303,"['AE', 'R', 'B']",4,VCC,"['AE', 'R', 'B']"
7304,"['AW', 'R', 'B']",4,VCC,"['AW', 'R', 'B']"
7305,"['AH', 'R', 'D']",4,VCC,"['AH', 'R', 'D']"
7306,"['OY', 'R', 'D']",4,VCC,"['OY', 'R', 'D']"
7307,"['AA', 'R', 'D']",4,VCC,"['AA', 'R', 'D']"
7308,"['AY', 'R', 'D']",4,VCC,"['AY', 'R', 'D']"
7309,"['ER', 'R', 'D']",4,VCC,"['ER', 'R', 'D']"
7310,"['AO', 'R', 'D']",4,VCC,"['AO', 'R', 'D']"
7311,"['UW', 'R', 'D']",4,VCC,"['UW', 'R', 'D']"
7312,"['IH', 'R', 'D']",4,VCC,"['IH', 'R', 'D']"
7313,"['EH', 'R', 'D']",4,VCC,"['EH', 'R', 'D']"
7314,"['UH', 'R', 'D']",4,VCC,"['UH', 'R', 'D']"
7315,"['IY', 'R', 'D']",4,VCC,"['IY', 'R', 'D']"
7316,"['EY', 'R', 'D']",4,VCC,"['EY', 'R', 'D']"
7317,"['OW', 'R', 'D']",4,VCC,"['OW', 'R', 'D']"
7318,"['AE', 'R', 'D']",4,VCC,"['AE', 'R', 'D']"
7319,"['AW', 'R', 'D']",4,VCC,"['AW', 'R', 'D']"
7320,"['AH', 'R', 'G']",4,VCC,"['AH', 'R', 'G']"
7321,"['OY', 'R', 'G']",4,VCC,"['OY', 'R', 'G']"
7322,"['AA', 'R', 'G']",4,VCC,"['AA', 'R', 'G']"
7323,"['AY', 'R', 'G']",4,VCC,"['AY', 'R', 'G']"
7324,"['ER', 'R', 'G']",4,VCC,"['ER', 'R', 'G']"
7325,"['AO', 'R', 'G']",4,VCC,"['AO', 'R', 'G']"
7326,"['UW', 'R', 'G']",4,VCC,"['R', 'UW', 'G']"
7327,"['IH', 'R', 'G']",4,VCC,"['IH', 'R', 'G']"
7328,"['EH', 'R', 'G']",4,VCC,"['EH', 'R', 'G']"
7329,"['UH', 'R', 'G']",4,VCC,"['UH', 'R', 'G']"
7330,"['IY', 'R', 'G']",4,VCC,"['R', 'IY', 'G']"
7331,"['EY', 'R', 'G']",4,VCC,"['EY', 'R', 'G']"
7332,"['OW', 'R', 'G']",4,VCC,"['OW', 'R', 'G']"
7333,"['AE', 'R', 'G']",4,VCC,"['AE', 'G', 'R']"
7334,"['AW', 'R', 'G']",4,VCC,"['AW', 'R', 'G']"
7335,"['AH', 'R', 'F']",3,VCC,"['AH', 'R', 'F']"
7336,"['OY', 'R', 'F']",3,VCC,"['OY', 'R', 'F']"
7337,"['AA', 'R', 'F']",3,VCC,"['AA', 'R', 'F']"
7338,"['AY', 'R', 'F']",3,VCC,"['AY', 'R', 'F']"
7339,"['ER', 'R', 'F']",3,VCC,"['ER', 'R', 'F']"
7340,"['AO', 'R', 'F']",3,VCC,"['AO', 'R', 'F']"
7341,"['UW', 'R', 'F']",3,VCC,"['R', 'UW', 'F']"
7342,"['IH', 'R', 'F']",3,VCC,"['IH', 'R', 'F']"
7343,"['EH', 'R', 'F']",3,VCC,"['EH', 'R', 'F']"
7344,"['UH', 'R', 'F']",3,VCC,"['UH', 'R', 'F']"
7345,"['IY', 'R', 'F']",3,VCC,"['R', 'IY', 'F']"
7346,"['EY', 'R', 'F']",3,VCC,"['EY', 'R', 'F']"
7347,"['OW', 'R', 'F']",3,VCC,"['OW', 'R', 'F']"
7348,"['AE', 'R', 'F']",3,VCC,"['AE', 'F', 'R']"
7349,"['AW', 'R', 'F']",3,VCC,"['AW', 'R', 'F']"
7350,"['AH', 'R', 'TH']",3,VCC,"['R', 'AH', 'TH']"
7351,"['OY', 'R', 'TH']",3,VCC,"['OY', 'R', 'TH']"
7352,"['AA', 'R', 'TH']",3,VCC,"['R', 'AA', 'TH']"
7353,"['AY', 'R', 'TH']",3,VCC,"['R', 'AY', 'TH']"
7354,"['ER', 'R', 'TH']",3,VCC,"['ER', 'R', 'TH']"
7355,"['AO', 'R', 'TH']",3,VCC,"['R', 'AO', 'TH']"
7356,"['UW', 'R', 'TH']",3,VCC,"['R', 'UW', 'TH']"
7357,"['IH', 'R', 'TH']",3,VCC,"['IH', 'R', 'TH']"
7358,"['EH', 'R', 'TH']",3,VCC,"['EH', 'R', 'TH']"
7359,"['UH', 'R', 'TH']",3,VCC,"['UH', 'R', 'TH']"
7360,"['IY', 'R', 'TH']",3,VCC,"['R', 'IY', 'TH']"
7361,"['EY', 'R', 'TH']",3,VCC,"['R', 'EY', 'TH']"
7362,"['OW', 'R', 'TH']",3,VCC,"['R', 'OW', 'TH']"
7363,"['AE', 'R', 'TH']",3,VCC,"['R', 'AE', 'TH']"
7364,"['AW', 'R', 'TH']",3,VCC,"['AW', 'R', 'TH']"
7365,"['AH', 'R', 'S']",3,VCC,"['AH', 'R', 'S']"
7366,"['OY', 'R', 'S']",3,VCC,"['OY', 'R', 'S']"
7367,"['AA', 'R', 'S']",3,VCC,"['AA', 'R', 'S']"
7368,"['AY', 'R', 'S']",3,VCC,"['AY', 'R', 'S']"
7369,"['ER', 'R', 'S']",3,VCC,"['ER', 'R', 'S']"
7370,"['AO', 'R', 'S']",3,VCC,"['AO', 'R', 'S']"
7371,"['UW', 'R', 'S']",3,VCC,"['R', 'UW', 'S']"
7372,"['IH', 'R', 'S']",3,VCC,"['IH', 'R', 'S']"
7373,"['EH', 'R', 'S']",3,VCC,"['EH', 'R', 'S']"
7374,"['UH', 'R', 'S']",3,VCC,"['UH', 'R', 'S']"
7375,"['IY', 'R', 'S']",3,VCC,"['R', 'IY', 'S']"
7376,"['EY', 'R', 'S']",3,VCC,"['EY', 'R', 'S']"
7377,"['OW', 'R', 'S']",3,VCC,"['OW', 'R', 'S']"
7378,"['AE', 'R', 'S']",3,VCC,"['AE', 'R', 'S']"
7379,"['AW', 'R', 'S']",3,VCC,"['AW', 'R', 'S']"
7380,"['AH', 'R', 'SH']",3,VCC,"['AH', 'R', 'SH']"
7381,"['OY', 'R', 'SH']",3,VCC,"['OY', 'R', 'SH']"
7382,"['AA', 'R', 'SH']",3,VCC,"['AA', 'R', 'SH']"
7383,"['AY', 'R', 'SH']",3,VCC,"['AY', 'R', 'SH']"
7384,"['ER', 'R', 'SH']",3,VCC,"['ER', 'R', 'SH']"
7385,"['AO', 'R', 'SH']",3,VCC,"['AO', 'R', 'SH']"
7386,"['UW', 'R', 'SH']",3,VCC,"['R', 'UW', 'SH']"
7387,"['IH', 'R', 'SH']",3,VCC,"['IH', 'R', 'SH']"
7388,"['EH', 'R', 'SH']",3,VCC,"['EH', 'R', 'SH']"
7389,"['UH', 'R', 'SH']",3,VCC,"['UH', 'R', 'SH']"
7390,"['IY', 'R', 'SH']",3,VCC,"['R', 'IY', 'SH']"
7391,"['EY', 'R', 'SH']",3,VCC,"['EY', 'R', 'SH']"
7392,"['OW', 'R', 'SH']",3,VCC,"['OW', 'R', 'SH']"
7393,"['AE', 'R', 'SH']",3,VCC,"['AE', 'R', 'SH']"
7394,"['AW', 'R', 'SH']",3,VCC,"['AW', 'R', 'SH']"
7395,"['AH', 'R', 'Z']",3,VCC,"['AH', 'R', 'Z']"
7396,"['OY', 'R', 'Z']",3,VCC,"['OY', 'R', 'Z']"
7397,"['AA', 'R', 'Z']",3,VCC,"['AA', 'R', 'Z']"
7398,"['AY', 'R', 'Z']",3,VCC,"['AY', 'R', 'Z']"
7399,"['ER', 'R', 'Z']",3,VCC,"['ER', 'R', 'Z']"
7400,"['AO', 'R', 'Z']",3,VCC,"['AO', 'R', 'Z']"
7401,"['UW', 'R', 'Z']",3,VCC,"['UW', 'R', 'Z']"
7402,"['IH', 'R', 'Z']",3,VCC,"['IH', 'R', 'Z']"
7403,"['EH', 'R', 'Z']",3,VCC,"['EH', 'R', 'Z']"
7404,"['UH', 'R', 'Z']",3,VCC,"['UH', 'R', 'Z']"
7405,"['IY', 'R', 'Z']",3,VCC,"['IY', 'R', 'Z']"
7406,"['EY', 'R', 'Z']",3,VCC,"['EY', 'R', 'Z']"
7407,"['OW', 'R', 'Z']",3,VCC,"['OW', 'R', 'Z']"
7408,"['AE', 'R', 'Z']",3,VCC,"['AE', 'R', 'Z']"
7409,"['AW', 'R', 'Z']",3,VCC,"['AW', 'R', 'Z']"
7410,"['AH', 'R', 'ZH']",3,VCC,"['AH', 'R', 'ZH']"
7411,"['OY', 'R', 'ZH']",3,VCC,"['OY', 'R', 'ZH']"
7412,"['AA', 'R', 'ZH']",3,VCC,"['AA', 'R', 'ZH']"
7413,"['AY', 'R', 'ZH']",3,VCC,"['AY', 'R', 'ZH']"
7414,"['ER', 'R', 'ZH']",3,VCC,"['ER', 'R', 'ZH']"
7415,"['AO', 'R', 'ZH']",3,VCC,"['AO', 'R', 'ZH']"
7416,"['UW', 'R', 'ZH']",3,VCC,"['UW', 'R', 'ZH']"
7417,"['IH', 'R', 'ZH']",3,VCC,"['IH', 'R', 'ZH']"
7418,"['EH', 'R', 'ZH']",3,VCC,"['EH', 'R', 'ZH']"
7419,"['UH', 'R', 'ZH']",3,VCC,"['UH', 'R', 'ZH']"
7420,"['IY', 'R', 'ZH']",3,VCC,"['R', 'IY', 'ZH']"
7421,"['EY', 'R', 'ZH']",3,VCC,"['EY', 'R', 'ZH']"
7422,"['OW', 'R', 'ZH']",3,VCC,"['OW', 'R', 'ZH']"
7423,"['AE', 'R', 'ZH']",3,VCC,"['AE', 'R', 'ZH']"
7424,"['AW', 'R', 'ZH']",3,VCC,"['AW', 'R', 'ZH']"
7425,"['AH', 'R', 'V']",3,VCC,"['AH', 'R', 'V']"
7426,"['OY', 'R', 'V']",3,VCC,"['OY', 'R', 'V']"
7427,"['AA', 'R', 'V']",3,VCC,"['AA', 'R', 'V']"
7428,"['AY', 'R', 'V']",3,VCC,"['AY', 'R', 'V']"
7429,"['ER', 'R', 'V']",3,VCC,"['ER', 'R', 'V']"
7430,"['AO', 'R', 'V']",3,VCC,"['AO', 'R', 'V']"
7431,"['UW', 'R', 'V']",3,VCC,"['UW', 'R', 'V']"
7432,"['IH', 'R', 'V']",3,VCC,"['IH', 'R', 'V']"
7433,"['EH', 'R', 'V']",3,VCC,"['EH', 'R', 'V']"
7434,"['UH', 'R', 'V']",3,VCC,"['UH', 'R', 'V']"
7435,"['IY', 'R', 'V']",3,VCC,"['R', 'IY', 'V']"
7436,"['EY', 'R', 'V']",3,VCC,"['EY', 'R', 'V']"
7437,"['OW', 'R', 'V']",3,VCC,"['OW', 'R', 'V']"
7438,"['AE', 'R', 'V']",3,VCC,"['AE', 'R', 'V']"
7439,"['AW', 'R', 'V']",3,VCC,"['AW', 'R', 'V']"
7440,"['AH', 'R', 'DH']",3,VCC,"['AH', 'R', 'DH']"
7441,"['OY', 'R', 'DH']",3,VCC,"['OY', 'R', 'DH']"
7442,"['AA', 'R', 'DH']",3,VCC,"['AA', 'R', 'DH']"
7443,"['AY', 'R', 'DH']",3,VCC,"['AY', 'R', 'DH']"
7444,"['ER', 'R', 'DH']",3,VCC,"['ER', 'R', 'DH']"
7445,"['AO', 'R', 'DH']",3,VCC,"['AO', 'R', 'DH']"
7446,"['UW', 'R', 'DH']",3,VCC,"['R', 'UW', 'DH']"
7447,"['IH', 'R', 'DH']",3,VCC,"['IH', 'R', 'DH']"
7448,"['EH', 'R', 'DH']",3,VCC,"['EH', 'R', 'DH']"
7449,"['UH', 'R', 'DH']",3,VCC,"['UH', 'R', 'DH']"
7450,"['IY', 'R', 'DH']",3,VCC,"['R', 'IY', 'DH']"
7451,"['EY', 'R', 'DH']",3,VCC,"['EY', 'R', 'DH']"
7452,"['OW', 'R', 'DH']",3,VCC,"['OW', 'DH', 'R']"
7453,"['AE', 'R', 'DH']",3,VCC,"['AE', 'R', 'DH']"
7454,"['AW', 'R', 'DH']",3,VCC,"['AW', 'R', 'DH']"
7455,"['AH', 'R', 'HH']",3,VCC,"['AH', 'R', 'HH']"
7456,"['OY', 'R', 'HH']",3,VCC,"['OY', 'R', 'HH']"
7457,"['AA', 'R', 'HH']",3,VCC,"['AA', 'R', 'HH']"
7458,"['AY', 'R', 'HH']",3,VCC,"['AY', 'R', 'HH']"
7459,"['ER', 'R', 'HH']",3,VCC,"['ER', 'R', 'HH']"
7460,"['AO', 'R', 'HH']",3,VCC,"['AO', 'R', 'HH']"
7461,"['UW', 'R', 'HH']",3,VCC,"['R', 'UW', 'HH']"
7462,"['IH', 'R', 'HH']",3,VCC,"['IH', 'R', 'HH']"
7463,"['EH', 'R', 'HH']",3,VCC,"['EH', 'R', 'HH']"
7464,"['UH', 'R', 'HH']",3,VCC,"['UH', 'R', 'HH']"
7465,"['IY', 'R', 'HH']",3,VCC,"['R', 'IY', 'HH']"
7466,"['EY', 'R', 'HH']",3,VCC,"['EY', 'R', 'HH']"
7467,"['OW', 'R', 'HH']",3,VCC,"['OW', 'R', 'HH']"
7468,"['AE', 'R', 'HH']",3,VCC,"['AE', 'R', 'HH']"
7469,"['AW', 'R', 'HH']",3,VCC,"['AW', 'R', 'HH']"
7470,"['AH', 'R', 'CH']",2,VCC,"['AH', 'R', 'CH']"
7471,"['OY', 'R', 'CH']",2,VCC,"['OY', 'R', 'CH']"
7472,"['AA', 'R', 'CH']",2,VCC,"['R', 'AA', 'CH']"
7473,"['AY', 'R', 'CH']",2,VCC,"['AY', 'R', 'CH']"
7474,"['ER', 'R', 'CH']",2,VCC,"['ER', 'R', 'CH']"
7475,"['AO', 'R', 'CH']",2,VCC,"['AO', 'R', 'CH']"
7476,"['UW', 'R', 'CH']",2,VCC,"['R', 'UW', 'CH']"
7477,"['IH', 'R', 'CH']",2,VCC,"['IH', 'R', 'CH']"
7478,"['EH', 'R', 'CH']",2,VCC,"['EH', 'R', 'CH']"
7479,"['UH', 'R', 'CH']",2,VCC,"['UH', 'R', 'CH']"
7480,"['IY', 'R', 'CH']",2,VCC,"['R', 'IY', 'CH']"
7481,"['EY', 'R', 'CH']",2,VCC,"['EY', 'R', 'CH']"
7482,"['OW', 'R', 'CH']",2,VCC,"['R', 'OW', 'CH']"
7483,"['AE', 'R', 'CH']",2,VCC,"['AE', 'R', 'CH']"
7484,"['AW', 'R', 'CH']",2,VCC,"['AW', 'R', 'CH']"
7485,"['AH', 'R', 'JH']",2,VCC,"['AH', 'R', 'JH']"
7486,"['OY', 'R', 'JH']",2,VCC,"['OY', 'R', 'JH']"
7487,"['AA', 'R', 'JH']",2,VCC,"['AA', 'R', 'JH']"
7488,"['AY', 'R', 'JH']",2,VCC,"['AY', 'R', 'JH']"
7489,"['ER', 'R', 'JH']",2,VCC,"['ER', 'R', 'JH']"
7490,"['AO', 'R', 'JH']",2,VCC,"['AO', 'R', 'JH']"
7491,"['UW', 'R', 'JH']",2,VCC,"['R', 'UW', 'JH']"
7492,"['IH', 'R', 'JH']",2,VCC,"['IH', 'R', 'JH']"
7493,"['EH', 'R', 'JH']",2,VCC,"['EH', 'R', 'JH']"
7494,"['UH', 'R', 'JH']",2,VCC,"['UH', 'R', 'JH']"
7495,"['IY', 'R', 'JH']",2,VCC,"['IY', 'R', 'JH']"
7496,"['EY', 'R', 'JH']",2,VCC,"['EY', 'R', 'JH']"
7497,"['OW', 'R', 'JH']",2,VCC,"['OW', 'R', 'JH']"
7498,"['AE', 'R', 'JH']",2,VCC,"['AE', 'R', 'JH']"
7499,"['AW', 'R', 'JH']",2,VCC,"['AW', 'R', 'JH']"
7500,"['AH', 'R', 'M']",1,VCC,"['AH', 'R', 'M']"
7501,"['OY', 'R', 'M']",1,VCC,"['OY', 'R', 'M']"
7502,"['AA', 'R', 'M']",1,VCC,"['R', 'AA', 'M']"
7503,"['AY', 'R', 'M']",1,VCC,"['R', 'AY', 'M']"
7504,"['ER', 'R', 'M']",1,VCC,"['ER', 'R', 'M']"
7505,"['AO', 'R', 'M']",1,VCC,"['R', 'AO', 'M']"
7506,"['UW', 'R', 'M']",1,VCC,"['R', 'UW', 'M']"
7507,"['IH', 'R', 'M']",1,VCC,"['IH', 'R', 'M']"
7508,"['EH', 'R', 'M']",1,VCC,"['EH', 'R', 'M']"
7509,"['UH', 'R', 'M']",1,VCC,"['R', 'UH', 'M']"
7510,"['IY', 'R', 'M']",1,VCC,"['R', 'IY', 'M']"
7511,"['EY', 'R', 'M']",1,VCC,"['R', 'EY', 'M']"
7512,"['OW', 'R', 'M']",1,VCC,"['OW', 'R', 'M']"
7513,"['AE', 'R', 'M']",1,VCC,"['AE', 'R', 'M']"
7514,"['AW', 'R', 'M']",1,VCC,"['AW', 'R', 'M']"
7515,"['AH', 'R', 'N']",1,VCC,"['AH', 'R', 'N']"
7516,"['OY', 'R', 'N']",1,VCC,"['OY', 'R', 'N']"
7517,"['AA', 'R', 'N']",1,VCC,"['AA', 'R', 'N']"
7518,"['AY', 'R', 'N']",1,VCC,"['AY', 'R', 'N']"
7519,"['ER', 'R', 'N']",1,VCC,"['ER', 'R', 'N']"
7520,"['AO', 'R', 'N']",1,VCC,"['AO', 'R', 'N']"
7521,"['UW', 'R', 'N']",1,VCC,"['UW', 'R', 'N']"
7522,"['IH', 'R', 'N']",1,VCC,"['IH', 'R', 'N']"
7523,"['EH', 'R', 'N']",1,VCC,"['EH', 'R', 'N']"
7524,"['UH', 'R', 'N']",1,VCC,"['UH', 'R', 'N']"
7525,"['IY', 'R', 'N']",1,VCC,"['R', 'IY', 'N']"
7526,"['EY', 'R', 'N']",1,VCC,"['EY', 'R', 'N']"
7527,"['OW', 'R', 'N']",1,VCC,"['OW', 'R', 'N']"
7528,"['AE', 'R', 'N']",1,VCC,"['AE', 'R', 'N']"
7529,"['AW', 'R', 'N']",1,VCC,"['AW', 'R', 'N']"
7530,"['AH', 'R', 'NG']",1,VCC,"['R', 'AH', 'NG']"
7531,"['OY', 'R', 'NG']",1,VCC,"['OY', 'R', 'NG']"
7532,"['AA', 'R', 'NG']",1,VCC,"['AA', 'R', 'NG']"
7533,"['AY', 'R', 'NG']",1,VCC,"['AY', 'R', 'NG']"
7534,"['ER', 'R', 'NG']",1,VCC,"['ER', 'R', 'NG']"
7535,"['AO', 'R', 'NG']",1,VCC,"['AO', 'R', 'NG']"
7536,"['UW', 'R', 'NG']",1,VCC,"['R', 'UW', 'NG']"
7537,"['IH', 'R', 'NG']",1,VCC,"['IH', 'NG', 'R']"
7538,"['EH', 'R', 'NG']",1,VCC,"['EH', 'R', 'NG']"
7539,"['UH', 'R', 'NG']",1,VCC,"['UH', 'R', 'NG']"
7540,"['IY', 'R', 'NG']",1,VCC,"['R', 'IY', 'NG']"
7541,"['EY', 'R', 'NG']",1,VCC,"['EY', 'R', 'NG']"
7542,"['OW', 'R', 'NG']",1,VCC,"['OW', 'R', 'NG']"
7543,"['AE', 'R', 'NG']",1,VCC,"['AE', 'NG', 'R']"
7544,"['AW', 'R', 'NG']",1,VCC,"['AW', 'R', 'NG']"
7545,"['AH', 'R', 'L']",0,VCC,"['AH', 'L', 'R']"
7546,"['OY', 'R', 'L']",0,VCC,"['OY', 'R', 'L']"
7547,"['AA', 'R', 'L']",0,VCC,"['AA', 'R', 'L']"
7548,"['AY', 'R', 'L']",0,VCC,"['AY', 'R', 'L']"
7549,"['ER', 'R', 'L']",0,VCC,"['ER', 'R', 'L']"
7550,"['AO', 'R', 'L']",0,VCC,"['AO', 'R', 'L']"
7551,"['UW', 'R', 'L']",0,VCC,"['R', 'UW', 'L']"
7552,"['IH', 'R', 'L']",0,VCC,"['IH', 'R', 'L']"
7553,"['EH', 'R', 'L']",0,VCC,"['EH', 'R', 'L']"
7554,"['UH', 'R', 'L']",0,VCC,"['UH', 'R', 'L']"
7555,"['IY', 'R', 'L']",0,VCC,"['R', 'IY', 'L']"
7556,"['EY', 'R', 'L']",0,VCC,"['EY', 'R', 'L']"
7557,"['OW', 'R', 'L']",0,VCC,"['OW', 'R', 'L']"
7558,"['AE', 'R', 'L']",0,VCC,"['AE', 'R', 'L']"
7559,"['AW', 'R', 'L']",0,VCC,"['AW', 'R', 'L']"
7560,"['AH', 'R', 'W']",-1,VCC,"['AH', 'R', 'W']"
7561,"['OY', 'R', 'W']",-1,VCC,"['OY', 'R', 'W']"
7562,"['AA', 'R', 'W']",-1,VCC,"['AA', 'R', 'W']"
7563,"['AY', 'R', 'W']",-1,VCC,"['AY', 'R', 'W']"
7564,"['ER', 'R', 'W']",-1,VCC,"['ER', 'R', 'W']"
7565,"['AO', 'R', 'W']",-1,VCC,"['AO', 'R', 'W']"
7566,"['UW', 'R', 'W']",-1,VCC,"['R', 'UW', 'W']"
7567,"['IH', 'R', 'W']",-1,VCC,"['IH', 'R', 'W']"
7568,"['EH', 'R', 'W']",-1,VCC,"['EH', 'R', 'W']"
7569,"['UH', 'R', 'W']",-1,VCC,"['UH', 'R', 'W']"
7570,"['IY', 'R', 'W']",-1,VCC,"['R', 'IY', 'W']"
7571,"['EY', 'R', 'W']",-1,VCC,"['EY', 'R', 'W']"
7572,"['OW', 'R', 'W']",-1,VCC,"['R', 'OW', 'W']"
7573,"['AE', 'R', 'W']",-1,VCC,"['AE', 'R', 'W']"
7574,"['AW', 'R', 'W']",-1,VCC,"['AW', 'R', 'W']"
7575,"['AH', 'R', 'Y']",-1,VCC,"['AH', 'R', 'Y']"
7576,"['OY', 'R', 'Y']",-1,VCC,"['OY', 'R', 'P']"
7577,"['AA', 'R', 'Y']",-1,VCC,"['AA', 'R', 'Y']"
7578,"['AY', 'R', 'Y']",-1,VCC,"['AY', 'R', 'Y']"
7579,"['ER', 'R', 'Y']",-1,VCC,"['ER', 'R', 'AE']"
7580,"['AO', 'R', 'Y']",-1,VCC,"['AO', 'R', 'Y']"
7581,"['UW', 'R', 'Y']",-1,VCC,"['R', 'UW', 'Y']"
7582,"['IH', 'R', 'Y']",-1,VCC,"['IH', 'R', 'Y']"
7583,"['EH', 'R', 'Y']",-1,VCC,"['EH', 'R', 'Y']"
7584,"['UH', 'R', 'Y']",-1,VCC,"['UH', 'R', 'Y']"
7585,"['IY', 'R', 'Y']",-1,VCC,"['R', 'IY', 'Y']"
7586,"['EY', 'R', 'Y']",-1,VCC,"['EY', 'R', 'Y']"
7587,"['OW', 'R', 'Y']",-1,VCC,"['OW', 'R', 'Y']"
7588,"['AE', 'R', 'Y']",-1,VCC,"['AE', 'R', 'Y']"
7589,"['AW', 'R', 'Y']",-1,VCC,"['AW', 'R', 'Y']"
7590,"['AH', 'W', 'P']",5,VCC,"['AH', 'W', 'P']"
7591,"['OY', 'W', 'P']",5,VCC,"['OY', 'N', 'W']"
7592,"['AA', 'W', 'P']",5,VCC,"['AA', 'NG', 'P']"
7593,"['AY', 'W', 'P']",5,VCC,"['AY', 'W', 'P']"
7594,"['ER', 'W', 'P']",5,VCC,"['ER', 'W', 'P']"
7595,"['AO', 'W', 'P']",5,VCC,"['AO', 'NG', 'P']"
7596,"['UW', 'W', 'P']",5,VCC,"['AY', 'W', 'P']"
7597,"['IH', 'W', 'P']",5,VCC,"['IH', 'DH', 'P']"
7598,"['EH', 'W', 'P']",5,VCC,"['EH', 'W', 'P']"
7599,"['UH', 'W', 'P']",5,VCC,"['UH', 'W', 'P']"
7600,"['IY', 'W', 'P']",5,VCC,"['IY', 'W', 'P']"
7601,"['EY', 'W', 'P']",5,VCC,"['EY', 'W', 'P']"
7602,"['OW', 'W', 'P']",5,VCC,"['OW', 'W', 'P']"
7603,"['AE', 'W', 'P']",5,VCC,"['AE', 'NG', 'P']"
7604,"['AW', 'W', 'P']",5,VCC,"['AW', 'AE', 'P']"
7605,"['AH', 'W', 'T']",5,VCC,"['AH', 'W', 'T']"
7606,"['OY', 'W', 'T']",5,VCC,"['OY', 'W', 'T']"
7607,"['AA', 'W', 'T']",5,VCC,"['AA', 'W', 'T']"
7608,"['AY', 'W', 'T']",5,VCC,"['AY', 'W', 'T']"
7609,"['ER', 'W', 'T']",5,VCC,"['ER', 'W', 'ER']"
7610,"['AO', 'W', 'T']",5,VCC,"['AO', 'W', 'T']"
7611,"['UW', 'W', 'T']",5,VCC,"['UW', 'W', 'T']"
7612,"['IH', 'W', 'T']",5,VCC,"['IH', 'W', 'T']"
7613,"['EH', 'W', 'T']",5,VCC,"['EH', 'W', 'T']"
7614,"['UH', 'W', 'T']",5,VCC,"['SH', 'UH', 'T']"
7615,"['IY', 'W', 'T']",5,VCC,"['IY', 'W', 'T']"
7616,"['EY', 'W', 'T']",5,VCC,"['EY', 'W', 'T']"
7617,"['OW', 'W', 'T']",5,VCC,"['OW', 'W', 'T']"
7618,"['AE', 'W', 'T']",5,VCC,"['AE', 'W', 'T']"
7619,"['AW', 'W', 'T']",5,VCC,"['AW', 'W', 'T']"
7620,"['AH', 'W', 'K']",5,VCC,"['AH', 'W', 'AW']"
7621,"['OY', 'W', 'K']",5,VCC,"['OY', 'W', 'K']"
7622,"['AA', 'W', 'K']",5,VCC,"['AA', 'K', 'W']"
7623,"['AY', 'W', 'K']",5,VCC,"['AY', 'W', 'K']"
7624,"['ER', 'W', 'K']",5,VCC,"['ER', 'W', 'ER']"
7625,"['AO', 'W', 'K']",5,VCC,"['AO', 'W', 'K']"
7626,"['UW', 'W', 'K']",5,VCC,"['UW', 'W', 'K']"
7627,"['IH', 'W', 'K']",5,VCC,"['IH', 'K', 'W']"
7628,"['EH', 'W', 'K']",5,VCC,"['EH', 'K', 'W']"
7629,"['UH', 'W', 'K']",5,VCC,"['UH', 'K', 'W']"
7630,"['IY', 'W', 'K']",5,VCC,"['IY', 'W', 'K']"
7631,"['EY', 'W', 'K']",5,VCC,"['EY', 'W', 'K']"
7632,"['OW', 'W', 'K']",5,VCC,"['OW', 'W', 'ER']"
7633,"['AE', 'W', 'K']",5,VCC,"['AE', 'K', 'W']"
7634,"['AW', 'W', 'K']",5,VCC,"['AW', 'W', 'K']"
7635,"['AH', 'W', 'B']",5,VCC,"['AH', 'B', 'W']"
7636,"['OY', 'W', 'B']",5,VCC,"['OY', 'B', 'W']"
7637,"['AA', 'W', 'B']",5,VCC,"['AA', 'B', 'W']"
7638,"['AY', 'W', 'B']",5,VCC,"['AY', 'B', 'W']"
7639,"['ER', 'W', 'B']",5,VCC,"['ER', 'W', 'B']"
7640,"['AO', 'W', 'B']",5,VCC,"['AO', 'W', 'B']"
7641,"['UW', 'W', 'B']",5,VCC,"['UW', 'B', 'W']"
7642,"['IH', 'W', 'B']",5,VCC,"['IH', 'B', 'W']"
7643,"['EH', 'W', 'B']",5,VCC,"['EH', 'B', 'W']"
7644,"['UH', 'W', 'B']",5,VCC,"['UH', 'W', 'B']"
7645,"['IY', 'W', 'B']",5,VCC,"['IY', 'W', 'B']"
7646,"['EY', 'W', 'B']",5,VCC,"['EY', 'W', 'B']"
7647,"['OW', 'W', 'B']",5,VCC,"['OW', 'W', 'B']"
7648,"['AE', 'W', 'B']",5,VCC,"['AE', 'B', 'W']"
7649,"['AW', 'W', 'B']",5,VCC,"['AW', 'B', 'W']"
7650,"['AH', 'W', 'D']",5,VCC,"['AH', 'W', 'D']"
7651,"['OY', 'W', 'D']",5,VCC,"['OY', 'W', 'ER']"
7652,"['AA', 'W', 'D']",5,VCC,"['AA', 'W', 'D']"
7653,"['AY', 'W', 'D']",5,VCC,"['AY', 'W', 'D']"
7654,"['ER', 'W', 'D']",5,VCC,"['ER', 'W', 'D']"
7655,"['AO', 'W', 'D']",5,VCC,"['AO', 'W', 'D']"
7656,"['UW', 'W', 'D']",5,VCC,"['UW', 'W', 'D']"
7657,"['IH', 'W', 'D']",5,VCC,"['IH', 'DH', 'D']"
7658,"['EH', 'W', 'D']",5,VCC,"['EH', 'W', 'D']"
7659,"['UH', 'W', 'D']",5,VCC,"['UH', 'W', 'ER']"
7660,"['IY', 'W', 'D']",5,VCC,"['IY', 'W', 'D']"
7661,"['EY', 'W', 'D']",5,VCC,"['EY', 'W', 'ER']"
7662,"['OW', 'W', 'D']",5,VCC,"['OW', 'W', 'D']"
7663,"['AE', 'W', 'D']",5,VCC,"['AE', 'D', 'W']"
7664,"['AW', 'W', 'D']",5,VCC,"['AW', 'W', 'D']"
7665,"['AH', 'W', 'G']",5,VCC,"['AH', 'G', 'W']"
7666,"['OY', 'W', 'G']",5,VCC,"['OY', 'N', 'W']"
7667,"['AA', 'W', 'G']",5,VCC,"['AA', 'G', 'W']"
7668,"['AY', 'W', 'G']",5,VCC,"['AY', 'NG', 'G']"
7669,"['ER', 'W', 'G']",5,VCC,"['ER', 'W', 'ER']"
7670,"['AO', 'W', 'G']",5,VCC,"['AO', 'G', 'W']"
7671,"['UW', 'W', 'G']",5,VCC,"['AW', 'AE', 'G']"
7672,"['IH', 'W', 'G']",5,VCC,"['IH', 'G', 'W']"
7673,"['EH', 'W', 'G']",5,VCC,"['EH', 'G', 'W']"
7674,"['UH', 'W', 'G']",5,VCC,"['UH', 'G', 'W']"
7675,"['IY', 'W', 'G']",5,VCC,"['IY', 'W', 'G']"
7676,"['EY', 'W', 'G']",5,VCC,"['EY', 'G', 'W']"
7677,"['OW', 'W', 'G']",5,VCC,"['OW', 'W', 'G']"
7678,"['AE', 'W', 'G']",5,VCC,"['AE', 'NG', 'G']"
7679,"['AW', 'W', 'G']",5,VCC,"['AW', 'N', 'W']"
7680,"['AH', 'W', 'F']",4,VCC,"['AH', 'F', 'W']"
7681,"['OY', 'W', 'F']",4,VCC,"['OY', 'N', 'W']"
7682,"['AA', 'W', 'F']",4,VCC,"['AA', 'W', 'F']"
7683,"['AY', 'W', 'F']",4,VCC,"['AY', 'W', 'F']"
7684,"['ER', 'W', 'F']",4,VCC,"['ER', 'W', 'F']"
7685,"['AO', 'W', 'F']",4,VCC,"['AO', 'F', 'W']"
7686,"['UW', 'W', 'F']",4,VCC,"['UW', 'W', 'F']"
7687,"['IH', 'W', 'F']",4,VCC,"['IH', 'F', 'W']"
7688,"['EH', 'W', 'F']",4,VCC,"['EH', 'F', 'W']"
7689,"['UH', 'W', 'F']",4,VCC,"['UH', 'W', 'F']"
7690,"['IY', 'W', 'F']",4,VCC,"['IY', 'W', 'F']"
7691,"['EY', 'W', 'F']",4,VCC,"['EY', 'W', 'F']"
7692,"['OW', 'W', 'F']",4,VCC,"['OW', 'W', 'F']"
7693,"['AE', 'W', 'F']",4,VCC,"['AE', 'F', 'W']"
7694,"['AW', 'W', 'F']",4,VCC,"['AW', 'AE', 'F']"
7695,"['AH', 'W', 'TH']",4,VCC,"['AH', 'TH', 'W']"
7696,"['OY', 'W', 'TH']",4,VCC,"['OY', 'W', 'TH']"
7697,"['AA', 'W', 'TH']",4,VCC,"['AA', 'W', 'TH']"
7698,"['AY', 'W', 'TH']",4,VCC,"['AY', 'W', 'TH']"
7699,"['ER', 'W', 'TH']",4,VCC,"['ER', 'W', 'TH']"
7700,"['AO', 'W', 'TH']",4,VCC,"['AO', 'TH', 'W']"
7701,"['UW', 'W', 'TH']",4,VCC,"['UW', 'W', 'TH']"
7702,"['IH', 'W', 'TH']",4,VCC,"['IH', 'TH', 'W']"
7703,"['EH', 'W', 'TH']",4,VCC,"['EH', 'TH', 'W']"
7704,"['UH', 'W', 'TH']",4,VCC,"['SH', 'UH', 'W']"
7705,"['IY', 'W', 'TH']",4,VCC,"['IY', 'W', 'TH']"
7706,"['EY', 'W', 'TH']",4,VCC,"['EY', 'W', 'TH']"
7707,"['OW', 'W', 'TH']",4,VCC,"['W', 'OW', 'TH']"
7708,"['AE', 'W', 'TH']",4,VCC,"['AE', 'TH', 'W']"
7709,"['AW', 'W', 'TH']",4,VCC,"['AW', 'W', 'TH']"
7710,"['AH', 'W', 'S']",4,VCC,"['AH', 'W', 'S']"
7711,"['OY', 'W', 'S']",4,VCC,"['OY', 'W', 'S']"
7712,"['AA', 'W', 'S']",4,VCC,"['AA', 'W', 'S']"
7713,"['AY', 'W', 'S']",4,VCC,"['AY', 'W', 'ER']"
7714,"['ER', 'W', 'S']",4,VCC,"['ER', 'W', 'ER']"
7715,"['AO', 'W', 'S']",4,VCC,"['AO', 'W', 'ER']"
7716,"['UW', 'W', 'S']",4,VCC,"['UW', 'W', 'S']"
7717,"['IH', 'W', 'S']",4,VCC,"['IH', 'DH', 'S']"
7718,"['EH', 'W', 'S']",4,VCC,"['EH', 'DH', 'S']"
7719,"['UH', 'W', 'S']",4,VCC,"['UH', 'W', 'ER']"
7720,"['IY', 'W', 'S']",4,VCC,"['IY', 'W', 'ER']"
7721,"['EY', 'W', 'S']",4,VCC,"['EY', 'W', 'S']"
7722,"['OW', 'W', 'S']",4,VCC,"['OW', 'W', 'ER']"
7723,"['AE', 'W', 'S']",4,VCC,"['AE', 'W', 'S']"
7724,"['AW', 'W', 'S']",4,VCC,"['AW', 'W', 'S']"
7725,"['AH', 'W', 'SH']",4,VCC,"['AH', 'SH', 'W']"
7726,"['OY', 'W', 'SH']",4,VCC,"['SH', 'OY', 'W']"
7727,"['AA', 'W', 'SH']",4,VCC,"['AA', 'SH', 'W']"
7728,"['AY', 'W', 'SH']",4,VCC,"['AY', 'SH', 'W']"
7729,"['ER', 'W', 'SH']",4,VCC,"['ER', 'SH', 'W']"
7730,"['AO', 'W', 'SH']",4,VCC,"['AO', 'SH', 'W']"
7731,"['UW', 'W', 'SH']",4,VCC,"['AW', 'AE', 'SH']"
7732,"['IH', 'W', 'SH']",4,VCC,"['IH', 'SH', 'W']"
7733,"['EH', 'W', 'SH']",4,VCC,"['EH', 'W', 'SH']"
7734,"['UH', 'W', 'SH']",4,VCC,"['SH', 'UH', 'W']"
7735,"['IY', 'W', 'SH']",4,VCC,"['SH', 'EH', 'W']"
7736,"['EY', 'W', 'SH']",4,VCC,"['EY', 'SH', 'W']"
7737,"['OW', 'W', 'SH']",4,VCC,"['OW', 'W', 'SH']"
7738,"['AE', 'W', 'SH']",4,VCC,"['AE', 'SH', 'W']"
7739,"['AW', 'W', 'SH']",4,VCC,"['AW', 'SH', 'W']"
7740,"['AH', 'W', 'Z']",4,VCC,"['AH', 'W', 'Z']"
7741,"['OY', 'W', 'Z']",4,VCC,"['OY', 'W', 'ER']"
7742,"['AA', 'W', 'Z']",4,VCC,"['AA', 'DH', 'Z']"
7743,"['AY', 'W', 'Z']",4,VCC,"['AY', 'W', 'ER']"
7744,"['ER', 'W', 'Z']",4,VCC,"['ER', 'W', 'ER']"
7745,"['AO', 'W', 'Z']",4,VCC,"['AO', 'W', 'ER']"
7746,"['UW', 'W', 'Z']",4,VCC,"['UW', 'W', 'Z']"
7747,"['IH', 'W', 'Z']",4,VCC,"['IH', 'DH', 'Z']"
7748,"['EH', 'W', 'Z']",4,VCC,"['EH', 'W', 'Z']"
7749,"['UH', 'W', 'Z']",4,VCC,"['UH', 'W', 'ER']"
7750,"['IY', 'W', 'Z']",4,VCC,"['IY', 'W', 'ER']"
7751,"['EY', 'W', 'Z']",4,VCC,"['EY', 'W', 'Z']"
7752,"['OW', 'W', 'Z']",4,VCC,"['OW', 'W', 'ER']"
7753,"['AE', 'W', 'Z']",4,VCC,"['AE', 'W', 'ER']"
7754,"['AW', 'W', 'Z']",4,VCC,"['AW', 'W', 'ER']"
7755,"['AH', 'W', 'ZH']",4,VCC,"['AH', 'W', 'SH']"
7756,"['OY', 'W', 'ZH']",4,VCC,"['OY', 'N', 'W']"
7757,"['AA', 'W', 'ZH']",4,VCC,"['AA', 'N', 'W']"
7758,"['AY', 'W', 'ZH']",4,VCC,"['AY', 'W', 'ER']"
7759,"['ER', 'W', 'ZH']",4,VCC,"['ER', 'W', 'AE']"
7760,"['AO', 'W', 'ZH']",4,VCC,"['AO', 'DH', 'ZH']"
7761,"['UW', 'W', 'ZH']",4,VCC,"['UW', 'ZH', 'W']"
7762,"['IH', 'W', 'ZH']",4,VCC,"['IH', 'DH', 'ZH']"
7763,"['EH', 'W', 'ZH']",4,VCC,"['EH', 'ZH', 'W']"
7764,"['UH', 'W', 'ZH']",4,VCC,"['UH', 'W', 'AE']"
7765,"['IY', 'W', 'ZH']",4,VCC,"['IY', 'W', 'AE']"
7766,"['EY', 'W', 'ZH']",4,VCC,"['EY', 'W', 'UH']"
7767,"['OW', 'W', 'ZH']",4,VCC,"['OW', 'W', 'UH']"
7768,"['AE', 'W', 'ZH']",4,VCC,"['AE', 'W', 'AE']"
7769,"['AW', 'W', 'ZH']",4,VCC,"['AW', 'ZH', 'W']"
7770,"['AH', 'W', 'V']",4,VCC,"['AH', 'DH', 'V']"
7771,"['OY', 'W', 'V']",4,VCC,"['OY', 'W', 'V']"
7772,"['AA', 'W', 'V']",4,VCC,"['AA', 'DH', 'V']"
7773,"['AY', 'W', 'V']",4,VCC,"['AY', 'W', 'V']"
7774,"['ER', 'W', 'V']",4,VCC,"['ER', 'W', 'V']"
7775,"['AO', 'W', 'V']",4,VCC,"['AO', 'DH', 'V']"
7776,"['UW', 'W', 'V']",4,VCC,"['UW', 'W', 'V']"
7777,"['IH', 'W', 'V']",4,VCC,"['IH', 'DH', 'V']"
7778,"['EH', 'W', 'V']",4,VCC,"['EH', 'DH', 'V']"
7779,"['UH', 'W', 'V']",4,VCC,"['UH', 'W', 'V']"
7780,"['IY', 'W', 'V']",4,VCC,"['IY', 'W', 'V']"
7781,"['EY', 'W', 'V']",4,VCC,"['EY', 'W', 'V']"
7782,"['OW', 'W', 'V']",4,VCC,"['OW', 'W', 'V']"
7783,"['AE', 'W', 'V']",4,VCC,"['AE', 'DH', 'V']"
7784,"['AW', 'W', 'V']",4,VCC,"['AW', 'W', 'V']"
7785,"['AH', 'W', 'DH']",4,VCC,"['AH', 'DH', 'W']"
7786,"['OY', 'W', 'DH']",4,VCC,"['OY', 'W', 'DH']"
7787,"['AA', 'W', 'DH']",4,VCC,"['AA', 'DH', 'W']"
7788,"['AY', 'W', 'DH']",4,VCC,"['AY', 'DH', 'W']"
7789,"['ER', 'W', 'DH']",4,VCC,"['ER', 'DH', 'W']"
7790,"['AO', 'W', 'DH']",4,VCC,"['AO', 'DH', 'W']"
7791,"['UW', 'W', 'DH']",4,VCC,"['AW', 'DH', 'W']"
7792,"['IH', 'W', 'DH']",4,VCC,"['IH', 'DH', 'W']"
7793,"['EH', 'W', 'DH']",4,VCC,"['EH', 'DH', 'W']"
7794,"['UH', 'W', 'DH']",4,VCC,"['SH', 'UH', 'W']"
7795,"['IY', 'W', 'DH']",4,VCC,"['IY', 'W', 'DH']"
7796,"['EY', 'W', 'DH']",4,VCC,"['EY', 'W', 'DH']"
7797,"['OW', 'W', 'DH']",4,VCC,"['OW', 'DH', 'W']"
7798,"['AE', 'W', 'DH']",4,VCC,"['AE', 'DH', 'W']"
7799,"['AW', 'W', 'DH']",4,VCC,"['AW', 'DH', 'W']"
7800,"['AH', 'W', 'HH']",4,VCC,"['AH', 'W', 'HH']"
7801,"['OY', 'W', 'HH']",4,VCC,"['OY', 'W', 'HH']"
7802,"['AA', 'W', 'HH']",4,VCC,"['AA', 'W', 'HH']"
7803,"['AY', 'W', 'HH']",4,VCC,"['AY', 'HH', 'W']"
7804,"['ER', 'W', 'HH']",4,VCC,"['ER', 'HH', 'W']"
7805,"['AO', 'W', 'HH']",4,VCC,"['AO', 'W', 'HH']"
7806,"['UW', 'W', 'HH']",4,VCC,"['UW', 'W', 'HH']"
7807,"['IH', 'W', 'HH']",4,VCC,"['IH', 'HH', 'W']"
7808,"['EH', 'W', 'HH']",4,VCC,"['EH', 'HH', 'W']"
7809,"['UH', 'W', 'HH']",4,VCC,"['EH', 'K', 'HH']"
7810,"['IY', 'W', 'HH']",4,VCC,"['IY', 'HH', 'W']"
7811,"['EY', 'W', 'HH']",4,VCC,"['EY', 'W', 'HH']"
7812,"['OW', 'W', 'HH']",4,VCC,"['OW', 'W', 'HH']"
7813,"['AE', 'W', 'HH']",4,VCC,"['AE', 'NG', 'HH']"
7814,"['AW', 'W', 'HH']",4,VCC,"['AW', 'W', 'HH']"
7815,"['AH', 'W', 'CH']",3,VCC,"['AH', 'W', 'CH']"
7816,"['OY', 'W', 'CH']",3,VCC,"['OY', 'W', 'CH']"
7817,"['AA', 'W', 'CH']",3,VCC,"['AA', 'W', 'CH']"
7818,"['AY', 'W', 'CH']",3,VCC,"['AY', 'W', 'CH']"
7819,"['ER', 'W', 'CH']",3,VCC,"['ER', 'W', 'ER']"
7820,"['AO', 'W', 'CH']",3,VCC,"['AO', 'W', 'CH']"
7821,"['UW', 'W', 'CH']",3,VCC,"['UW', 'W', 'CH']"
7822,"['IH', 'W', 'CH']",3,VCC,"['IH', 'CH', 'W']"
7823,"['EH', 'W', 'CH']",3,VCC,"['EH', 'W', 'CH']"
7824,"['UH', 'W', 'CH']",3,VCC,"['SH', 'UH', 'W']"
7825,"['IY', 'W', 'CH']",3,VCC,"['IY', 'W', 'CH']"
7826,"['EY', 'W', 'CH']",3,VCC,"['EY', 'W', 'CH']"
7827,"['OW', 'W', 'CH']",3,VCC,"['W', 'OW', 'CH']"
7828,"['AE', 'W', 'CH']",3,VCC,"['AE', 'CH', 'W']"
7829,"['AW', 'W', 'CH']",3,VCC,"['AW', 'W', 'CH']"
7830,"['AH', 'W', 'JH']",3,VCC,"['AH', 'W', 'JH']"
7831,"['OY', 'W', 'JH']",3,VCC,"['OY', 'W', 'JH']"
7832,"['AA', 'W', 'JH']",3,VCC,"['AA', 'JH', 'W']"
7833,"['AY', 'W', 'JH']",3,VCC,"['AY', 'W', 'JH']"
7834,"['ER', 'W', 'JH']",3,VCC,"['ER', 'W', 'JH']"
7835,"['AO', 'W', 'JH']",3,VCC,"['AO', 'W', 'JH']"
7836,"['UW', 'W', 'JH']",3,VCC,"['AW', 'AE', 'JH']"
7837,"['IH', 'W', 'JH']",3,VCC,"['IH', 'JH', 'W']"
7838,"['EH', 'W', 'JH']",3,VCC,"['EH', 'W', 'JH']"
7839,"['UH', 'W', 'JH']",3,VCC,"['UH', 'W', 'JH']"
7840,"['IY', 'W', 'JH']",3,VCC,"['IY', 'W', 'JH']"
7841,"['EY', 'W', 'JH']",3,VCC,"['EY', 'W', 'JH']"
7842,"['OW', 'W', 'JH']",3,VCC,"['OW', 'W', 'JH']"
7843,"['AE', 'W', 'JH']",3,VCC,"['AE', 'JH', 'W']"
7844,"['AW', 'W', 'JH']",3,VCC,"['AW', 'W', 'JH']"
7845,"['AH', 'W', 'M']",2,VCC,"['AH', 'M', 'W']"
7846,"['OY', 'W', 'M']",2,VCC,"['OY', 'N', 'W']"
7847,"['AA', 'W', 'M']",2,VCC,"['AA', 'M', 'W']"
7848,"['AY', 'W', 'M']",2,VCC,"['AY', 'W', 'M']"
7849,"['ER', 'W', 'M']",2,VCC,"['ER', 'W', 'M']"
7850,"['AO', 'W', 'M']",2,VCC,"['AO', 'W', 'M']"
7851,"['UW', 'W', 'M']",2,VCC,"['EH', 'M', 'W']"
7852,"['IH', 'W', 'M']",2,VCC,"['IH', 'DH', 'M']"
7853,"['EH', 'W', 'M']",2,VCC,"['EH', 'M', 'W']"
7854,"['UH', 'W', 'M']",2,VCC,"['EH', 'NG', 'W']"
7855,"['IY', 'W', 'M']",2,VCC,"['IY', 'W', 'M']"
7856,"['EY', 'W', 'M']",2,VCC,"['EY', 'W', 'M']"
7857,"['OW', 'W', 'M']",2,VCC,"['OW', 'W', 'M']"
7858,"['AE', 'W', 'M']",2,VCC,"['AE', 'NG', 'W']"
7859,"['AW', 'W', 'M']",2,VCC,"['AW', 'W', 'M']"
7860,"['AH', 'W', 'N']",2,VCC,"['AH', 'W', 'N']"
7861,"['OY', 'W', 'N']",2,VCC,"['OY', 'N', 'W']"
7862,"['AA', 'W', 'N']",2,VCC,"['AA', 'N', 'W']"
7863,"['AY', 'W', 'N']",2,VCC,"['AY', 'W', 'N']"
7864,"['ER', 'W', 'N']",2,VCC,"['ER', 'W', 'N']"
7865,"['AO', 'W', 'N']",2,VCC,"['AO', 'W', 'N']"
7866,"['UW', 'W', 'N']",2,VCC,"['UW', 'W', 'N']"
7867,"['IH', 'W', 'N']",2,VCC,"['IH', 'DH', 'N']"
7868,"['EH', 'W', 'N']",2,VCC,"['EH', 'N', 'W']"
7869,"['UH', 'W', 'N']",2,VCC,"['SH', 'UH', 'N']"
7870,"['IY', 'W', 'N']",2,VCC,"['IY', 'W', 'N']"
7871,"['EY', 'W', 'N']",2,VCC,"['EY', 'W', 'N']"
7872,"['OW', 'W', 'N']",2,VCC,"['OW', 'W', 'N']"
7873,"['AE', 'W', 'N']",2,VCC,"['AE', 'AE', 'N']"
7874,"['AW', 'W', 'N']",2,VCC,"['AW', 'N', 'W']"
7875,"['AH', 'W', 'NG']",2,VCC,"['AH', 'NG', 'W']"
7876,"['OY', 'W', 'NG']",2,VCC,"['OY', 'NG', 'W']"
7877,"['AA', 'W', 'NG']",2,VCC,"['AA', 'NG', 'W']"
7878,"['AY', 'W', 'NG']",2,VCC,"['AY', 'NG', 'W']"
7879,"['ER', 'W', 'NG']",2,VCC,"['ER', 'NG', 'W']"
7880,"['AO', 'W', 'NG']",2,VCC,"['AO', 'NG', 'W']"
7881,"['UW', 'W', 'NG']",2,VCC,"['UW', 'NG', 'W']"
7882,"['IH', 'W', 'NG']",2,VCC,"['IH', 'NG', 'W']"
7883,"['EH', 'W', 'NG']",2,VCC,"['EH', 'NG', 'W']"
7884,"['UH', 'W', 'NG']",2,VCC,"['UH', 'NG', 'W']"
7885,"['IY', 'W', 'NG']",2,VCC,"['IY', 'W', 'NG']"
7886,"['EY', 'W', 'NG']",2,VCC,"['EY', 'NG', 'W']"
7887,"['OW', 'W', 'NG']",2,VCC,"['OW', 'NG', 'W']"
7888,"['AE', 'W', 'NG']",2,VCC,"['AE', 'NG', 'W']"
7889,"['AW', 'W', 'NG']",2,VCC,"['AW', 'NG', 'W']"
7890,"['AH', 'W', 'L']",1,VCC,"['AH', 'L', 'W']"
7891,"['OY', 'W', 'L']",1,VCC,"['OY', 'W', 'L']"
7892,"['AA', 'W', 'L']",1,VCC,"['AA', 'W', 'L']"
7893,"['AY', 'W', 'L']",1,VCC,"['AY', 'W', 'L']"
7894,"['ER', 'W', 'L']",1,VCC,"['ER', 'W', 'L']"
7895,"['AO', 'W', 'L']",1,VCC,"['AO', 'W', 'L']"
7896,"['UW', 'W', 'L']",1,VCC,"['UW', 'W', 'L']"
7897,"['IH', 'W', 'L']",1,VCC,"['IH', 'W', 'L']"
7898,"['EH', 'W', 'L']",1,VCC,"['EH', 'W', 'L']"
7899,"['UH', 'W', 'L']",1,VCC,"['W', 'UH', 'L']"
7900,"['IY', 'W', 'L']",1,VCC,"['IY', 'W', 'L']"
7901,"['EY', 'W', 'L']",1,VCC,"['EY', 'W', 'L']"
7902,"['OW', 'W', 'L']",1,VCC,"['OW', 'W', 'L']"
7903,"['AE', 'W', 'L']",1,VCC,"['AE', 'NG', 'L']"
7904,"['AW', 'W', 'L']",1,VCC,"['AW', 'W', 'L']"
7905,"['AH', 'W', 'R']",1,VCC,"['AH', 'W', 'R']"
7906,"['OY', 'W', 'R']",1,VCC,"['OY', 'W', 'R']"
7907,"['AA', 'W', 'R']",1,VCC,"['AA', 'R', 'W']"
7908,"['AY', 'W', 'R']",1,VCC,"['AY', 'W', 'R']"
7909,"['ER', 'W', 'R']",1,VCC,"['ER', 'W', 'R']"
7910,"['AO', 'W', 'R']",1,VCC,"['AO', 'R', 'W']"
7911,"['UW', 'W', 'R']",1,VCC,"['UW', 'W', 'R']"
7912,"['IH', 'W', 'R']",1,VCC,"['IH', 'R', 'W']"
7913,"['EH', 'W', 'R']",1,VCC,"['EH', 'R', 'W']"
7914,"['UH', 'W', 'R']",1,VCC,"['UH', 'W', 'R']"
7915,"['IY', 'W', 'R']",1,VCC,"['IY', 'W', 'R']"
7916,"['EY', 'W', 'R']",1,VCC,"['EY', 'W', 'R']"
7917,"['OW', 'W', 'R']",1,VCC,"['OW', 'W', 'R']"
7918,"['AE', 'W', 'R']",1,VCC,"['AE', 'K', 'R']"
7919,"['AW', 'W', 'R']",1,VCC,"['AW', 'AE', 'R']"
7920,"['AH', 'W', 'Y']",0,VCC,"['AH', 'W', 'ER']"
7921,"['OY', 'W', 'Y']",0,VCC,"['OY', 'N', 'W']"
7922,"['AA', 'W', 'Y']",0,VCC,"['AA', 'W', 'Y']"
7923,"['AY', 'W', 'Y']",0,VCC,"['AY', 'W', 'Y']"
7924,"['ER', 'W', 'Y']",0,VCC,"['ER', 'W', 'IH']"
7925,"['AO', 'W', 'Y']",0,VCC,"['AO', 'W', 'Y']"
7926,"['UW', 'W', 'Y']",0,VCC,"['AW', 'AE', 'Y']"
7927,"['IH', 'W', 'Y']",0,VCC,"['IH', 'W', 'Y']"
7928,"['EH', 'W', 'Y']",0,VCC,"['EH', 'W', 'Y']"
7929,"['UH', 'W', 'Y']",0,VCC,"['UH', 'W', 'Y']"
7930,"['IY', 'W', 'Y']",0,VCC,"['IY', 'W', 'IH']"
7931,"['EY', 'W', 'Y']",0,VCC,"['EY', 'W', 'Y']"
7932,"['OW', 'W', 'Y']",0,VCC,"['OW', 'W', 'Y']"
7933,"['AE', 'W', 'Y']",0,VCC,"['AE', 'AE', 'W']"
7934,"['AW', 'W', 'Y']",0,VCC,"['AW', 'T', 'W']"
7935,"['AH', 'Y', 'P']",5,VCC,"['AH', 'P', 'Y']"
7936,"['OY', 'Y', 'P']",5,VCC,"['OY', 'Y', 'P']"
7937,"['AA', 'Y', 'P']",5,VCC,"['AA', 'Y', 'P']"
7938,"['AY', 'Y', 'P']",5,VCC,"['AY', 'Y', 'P']"
7939,"['ER', 'Y', 'P']",5,VCC,"['ER', 'Y', 'P']"
7940,"['AO', 'Y', 'P']",5,VCC,"['AO', 'Y', 'P']"
7941,"['UW', 'Y', 'P']",5,VCC,"['IH', 'UW', 'P']"
7942,"['IH', 'Y', 'P']",5,VCC,"['IH', 'P', 'Y']"
7943,"['EH', 'Y', 'P']",5,VCC,"['EH', 'P', 'Y']"
7944,"['UH', 'Y', 'P']",5,VCC,"['IH', 'P', 'Y']"
7945,"['IY', 'Y', 'P']",5,VCC,"['IH', 'Y', 'P']"
7946,"['EY', 'Y', 'P']",5,VCC,"['EY', 'P', 'Y']"
7947,"['OW', 'Y', 'P']",5,VCC,"['OW', 'P', 'Y']"
7948,"['AE', 'Y', 'P']",5,VCC,"['AE', 'P', 'Y']"
7949,"['AW', 'Y', 'P']",5,VCC,"['AW', 'Y', 'P']"
7950,"['AH', 'Y', 'T']",5,VCC,"['AH', 'T', 'Y']"
7951,"['OY', 'Y', 'T']",5,VCC,"['OY', 'T', 'Y']"
7952,"['AA', 'Y', 'T']",5,VCC,"['AA', 'Y', 'T']"
7953,"['AY', 'Y', 'T']",5,VCC,"['AY', 'T', 'Y']"
7954,"['ER', 'Y', 'T']",5,VCC,"['ER', 'Y', 'T']"
7955,"['AO', 'Y', 'T']",5,VCC,"['AO', 'Y', 'T']"
7956,"['UW', 'Y', 'T']",5,VCC,"['Y', 'UW', 'T']"
7957,"['IH', 'Y', 'T']",5,VCC,"['IH', 'T', 'Y']"
7958,"['EH', 'Y', 'T']",5,VCC,"['EH', 'T', 'Y']"
7959,"['UH', 'Y', 'T']",5,VCC,"['Y', 'UH', 'T']"
7960,"['IY', 'Y', 'T']",5,VCC,"['IY', 'Y', 'T']"
7961,"['EY', 'Y', 'T']",5,VCC,"['EY', 'Y', 'T']"
7962,"['OW', 'Y', 'T']",5,VCC,"['OW', 'T', 'Y']"
7963,"['AE', 'Y', 'T']",5,VCC,"['AE', 'T', 'Y']"
7964,"['AW', 'Y', 'T']",5,VCC,"['AW', 'T', 'Y']"
7965,"['AH', 'Y', 'K']",5,VCC,"['AH', 'R', 'K']"
7966,"['OY', 'Y', 'K']",5,VCC,"['OY', 'R', 'K']"
7967,"['AA', 'Y', 'K']",5,VCC,"['AA', 'R', 'K']"
7968,"['AY', 'Y', 'K']",5,VCC,"['AY', 'R', 'K']"
7969,"['ER', 'Y', 'K']",5,VCC,"['ER', 'Y', 'K']"
7970,"['AO', 'Y', 'K']",5,VCC,"['AO', 'R', 'K']"
7971,"['UW', 'Y', 'K']",5,VCC,"['UW', 'R', 'K']"
7972,"['IH', 'Y', 'K']",5,VCC,"['IH', 'R', 'K']"
7973,"['EH', 'Y', 'K']",5,VCC,"['EH', 'R', 'K']"
7974,"['UH', 'Y', 'K']",5,VCC,"['UH', 'T', 'K']"
7975,"['IY', 'Y', 'K']",5,VCC,"['IY', 'Y', 'K']"
7976,"['EY', 'Y', 'K']",5,VCC,"['EY', 'K', 'Y']"
7977,"['OW', 'Y', 'K']",5,VCC,"['OW', 'Y', 'K']"
7978,"['AE', 'Y', 'K']",5,VCC,"['AE', 'Y', 'K']"
7979,"['AW', 'Y', 'K']",5,VCC,"['AW', 'Y', 'K']"
7980,"['AH', 'Y', 'B']",5,VCC,"['AH', 'B', 'Y']"
7981,"['OY', 'Y', 'B']",5,VCC,"['OY', 'B', 'Y']"
7982,"['AA', 'Y', 'B']",5,VCC,"['AA', 'B', 'Y']"
7983,"['AY', 'Y', 'B']",5,VCC,"['AY', 'B', 'Y']"
7984,"['ER', 'Y', 'B']",5,VCC,"['ER', 'B', 'Y']"
7985,"['AO', 'Y', 'B']",5,VCC,"['AO', 'B', 'Y']"
7986,"['UW', 'Y', 'B']",5,VCC,"['UW', 'B', 'Y']"
7987,"['IH', 'Y', 'B']",5,VCC,"['IH', 'B', 'Y']"
7988,"['EH', 'Y', 'B']",5,VCC,"['EH', 'B', 'Y']"
7989,"['UH', 'Y', 'B']",5,VCC,"['Y', 'UH', 'T']"
7990,"['IY', 'Y', 'B']",5,VCC,"['IY', 'B', 'Y']"
7991,"['EY', 'Y', 'B']",5,VCC,"['EY', 'B', 'Y']"
7992,"['OW', 'Y', 'B']",5,VCC,"['IH', 'ZH', 'B']"
7993,"['AE', 'Y', 'B']",5,VCC,"['AE', 'B', 'Y']"
7994,"['AW', 'Y', 'B']",5,VCC,"['AW', 'B', 'Y']"
7995,"['AH', 'Y', 'D']",5,VCC,"['AH', 'Y', 'D']"
7996,"['OY', 'Y', 'D']",5,VCC,"['OY', 'D', 'Y']"
7997,"['AA', 'Y', 'D']",5,VCC,"['AA', 'Y', 'D']"
7998,"['AY', 'Y', 'D']",5,VCC,"['AY', 'D', '<EOS>']"
7999,"['ER', 'Y', 'D']",5,VCC,"['ER', 'Y', 'D']"
8000,"['AO', 'Y', 'D']",5,VCC,"['AO', 'Y', 'D']"
8001,"['UW', 'Y', 'D']",5,VCC,"['UW', 'M', 'D']"
8002,"['IH', 'Y', 'D']",5,VCC,"['IH', 'R', 'D']"
8003,"['EH', 'Y', 'D']",5,VCC,"['EH', 'R', 'D']"
8004,"['UH', 'Y', 'D']",5,VCC,"['UH', 'D', 'Y']"
8005,"['IY', 'Y', 'D']",5,VCC,"['IY', 'Y', 'D']"
8006,"['EY', 'Y', 'D']",5,VCC,"['EY', 'Y', 'D']"
8007,"['OW', 'Y', 'D']",5,VCC,"['OW', 'Y', 'D']"
8008,"['AE', 'Y', 'D']",5,VCC,"['AE', 'Y', 'D']"
8009,"['AW', 'Y', 'D']",5,VCC,"['AW', 'Y', 'D']"
8010,"['AH', 'Y', 'G']",5,VCC,"['AH', 'G', 'Y']"
8011,"['OY', 'Y', 'G']",5,VCC,"['OY', 'G', 'Y']"
8012,"['AA', 'Y', 'G']",5,VCC,"['AA', 'G', 'Y']"
8013,"['AY', 'Y', 'G']",5,VCC,"['AY', 'G', 'Y']"
8014,"['ER', 'Y', 'G']",5,VCC,"['ER', 'G', 'Y']"
8015,"['AO', 'Y', 'G']",5,VCC,"['AO', 'G', 'Y']"
8016,"['UW', 'Y', 'G']",5,VCC,"['IH', 'UW', 'G']"
8017,"['IH', 'Y', 'G']",5,VCC,"['IH', 'G', 'Y']"
8018,"['EH', 'Y', 'G']",5,VCC,"['EH', 'G', 'Y']"
8019,"['UH', 'Y', 'G']",5,VCC,"['UH', 'R', 'G']"
8020,"['IY', 'Y', 'G']",5,VCC,"['IH', 'R', 'G']"
8021,"['EY', 'Y', 'G']",5,VCC,"['EY', 'G', 'Y']"
8022,"['OW', 'Y', 'G']",5,VCC,"['OW', 'G', 'Y']"
8023,"['AE', 'Y', 'G']",5,VCC,"['AE', 'G', 'Y']"
8024,"['AW', 'Y', 'G']",5,VCC,"['AW', 'G', 'Y']"
8025,"['AH', 'Y', 'F']",4,VCC,"['AH', 'F', 'Y']"
8026,"['OY', 'Y', 'F']",4,VCC,"['OY', 'F', 'Y']"
8027,"['AA', 'Y', 'F']",4,VCC,"['AA', 'F', 'Y']"
8028,"['AY', 'Y', 'F']",4,VCC,"['AY', 'F', 'Y']"
8029,"['ER', 'Y', 'F']",4,VCC,"['ER', 'F', 'Y']"
8030,"['AO', 'Y', 'F']",4,VCC,"['AO', 'F', 'Y']"
8031,"['UW', 'Y', 'F']",4,VCC,"['UW', 'F', 'Y']"
8032,"['IH', 'Y', 'F']",4,VCC,"['IH', 'F', 'Y']"
8033,"['EH', 'Y', 'F']",4,VCC,"['EH', 'F', 'Y']"
8034,"['UH', 'Y', 'F']",4,VCC,"['IH', 'F', 'Y']"
8035,"['IY', 'Y', 'F']",4,VCC,"['IY', 'F', 'Y']"
8036,"['EY', 'Y', 'F']",4,VCC,"['EY', 'F', 'Y']"
8037,"['OW', 'Y', 'F']",4,VCC,"['IH', 'S', 'F']"
8038,"['AE', 'Y', 'F']",4,VCC,"['AE', 'F', 'Y']"
8039,"['AW', 'Y', 'F']",4,VCC,"['AW', 'F', 'Y']"
8040,"['AH', 'Y', 'TH']",4,VCC,"['Y', 'AH', 'TH']"
8041,"['OY', 'Y', 'TH']",4,VCC,"['OY', 'TH', 'Y']"
8042,"['AA', 'Y', 'TH']",4,VCC,"['Y', 'AA', 'TH']"
8043,"['AY', 'Y', 'TH']",4,VCC,"['AY', 'R', 'TH']"
8044,"['ER', 'Y', 'TH']",4,VCC,"['ER', 'TH', 'Y']"
8045,"['AO', 'Y', 'TH']",4,VCC,"['AO', 'R', 'TH']"
8046,"['UW', 'Y', 'TH']",4,VCC,"['Y', 'UW', 'TH']"
8047,"['IH', 'Y', 'TH']",4,VCC,"['IH', 'TH', 'Y']"
8048,"['EH', 'Y', 'TH']",4,VCC,"['EH', 'R', 'TH']"
8049,"['UH', 'Y', 'TH']",4,VCC,"['Y', 'UH', 'TH']"
8050,"['IY', 'Y', 'TH']",4,VCC,"['IY', 'Y', 'TH']"
8051,"['EY', 'Y', 'TH']",4,VCC,"['EY', 'R', 'Y']"
8052,"['OW', 'Y', 'TH']",4,VCC,"['Y', 'OW', 'TH']"
8053,"['AE', 'Y', 'TH']",4,VCC,"['AE', 'TH', 'Y']"
8054,"['AW', 'Y', 'TH']",4,VCC,"['AW', 'Y', 'TH']"
8055,"['AH', 'Y', 'S']",4,VCC,"['AH', 'S', 'Y']"
8056,"['OY', 'Y', 'S']",4,VCC,"['OY', 'S', 'Y']"
8057,"['AA', 'Y', 'S']",4,VCC,"['AA', 'Y', 'S']"
8058,"['AY', 'Y', 'S']",4,VCC,"['AY', 'S', 'Y']"
8059,"['ER', 'Y', 'S']",4,VCC,"['ER', 'S', 'Y']"
8060,"['AO', 'Y', 'S']",4,VCC,"['AO', 'Y', 'S']"
8061,"['UW', 'Y', 'S']",4,VCC,"['Y', 'UW', 'S']"
8062,"['IH', 'Y', 'S']",4,VCC,"['IH', 'S', 'Y']"
8063,"['EH', 'Y', 'S']",4,VCC,"['EH', 'S', 'Y']"
8064,"['UH', 'Y', 'S']",4,VCC,"['Y', 'UH', 'S']"
8065,"['IY', 'Y', 'S']",4,VCC,"['IY', 'S', 'Y']"
8066,"['EY', 'Y', 'S']",4,VCC,"['EY', 'S', 'Y']"
8067,"['OW', 'Y', 'S']",4,VCC,"['OW', 'S', 'Y']"
8068,"['AE', 'Y', 'S']",4,VCC,"['AE', 'Y', 'S']"
8069,"['AW', 'Y', 'S']",4,VCC,"['AW', 'Y', 'S']"
8070,"['AH', 'Y', 'SH']",4,VCC,"['AH', 'SH', 'Y']"
8071,"['OY', 'Y', 'SH']",4,VCC,"['OY', 'SH', 'Y']"
8072,"['AA', 'Y', 'SH']",4,VCC,"['AA', 'SH', 'Y']"
8073,"['AY', 'Y', 'SH']",4,VCC,"['AY', 'SH', 'Y']"
8074,"['ER', 'Y', 'SH']",4,VCC,"['ER', 'SH', 'Y']"
8075,"['AO', 'Y', 'SH']",4,VCC,"['AO', 'SH', 'Y']"
8076,"['UW', 'Y', 'SH']",4,VCC,"['Y', 'UW', 'SH']"
8077,"['IH', 'Y', 'SH']",4,VCC,"['IH', 'SH', 'Y']"
8078,"['EH', 'Y', 'SH']",4,VCC,"['EH', 'SH', 'Y']"
8079,"['UH', 'Y', 'SH']",4,VCC,"['Y', 'UH', 'SH']"
8080,"['IY', 'Y', 'SH']",4,VCC,"['IY', 'Y', 'SH']"
8081,"['EY', 'Y', 'SH']",4,VCC,"['EY', 'SH', 'Y']"
8082,"['OW', 'Y', 'SH']",4,VCC,"['OW', 'SH', 'Y']"
8083,"['AE', 'Y', 'SH']",4,VCC,"['AE', 'SH', 'Y']"
8084,"['AW', 'Y', 'SH']",4,VCC,"['AW', 'Y', 'SH']"
8085,"['AH', 'Y', 'Z']",4,VCC,"['AH', 'F', 'Z']"
8086,"['OY', 'Y', 'Z']",4,VCC,"['OY', 'Y', 'Z']"
8087,"['AA', 'Y', 'Z']",4,VCC,"['AA', 'Y', 'Z']"
8088,"['AY', 'Y', 'Z']",4,VCC,"['AY', 'Y', 'Z']"
8089,"['ER', 'Y', 'Z']",4,VCC,"['ER', 'Y', 'Z']"
8090,"['AO', 'Y', 'Z']",4,VCC,"['AO', 'Y', 'Z']"
8091,"['UW', 'Y', 'Z']",4,VCC,"['UW', 'R', 'Z']"
8092,"['IH', 'Y', 'Z']",4,VCC,"['IH', 'R', 'Z']"
8093,"['EH', 'Y', 'Z']",4,VCC,"['EH', 'R', 'Z']"
8094,"['UH', 'Y', 'Z']",4,VCC,"['UH', 'Y', 'Z']"
8095,"['IY', 'Y', 'Z']",4,VCC,"['IY', 'Y', 'Z']"
8096,"['EY', 'Y', 'Z']",4,VCC,"['EY', 'Y', 'Z']"
8097,"['OW', 'Y', 'Z']",4,VCC,"['OW', 'Y', 'Z']"
8098,"['AE', 'Y', 'Z']",4,VCC,"['AE', 'Y', 'Z']"
8099,"['AW', 'Y', 'Z']",4,VCC,"['AW', 'Y', 'Z']"
8100,"['AH', 'Y', 'ZH']",4,VCC,"['AH', 'ZH', 'Y']"
8101,"['OY', 'Y', 'ZH']",4,VCC,"['OY', 'ZH', 'Y']"
8102,"['AA', 'Y', 'ZH']",4,VCC,"['AA', 'Y', 'ZH']"
8103,"['AY', 'Y', 'ZH']",4,VCC,"['AY', 'Y', '<EOS>']"
8104,"['ER', 'Y', 'ZH']",4,VCC,"['ER', 'ZH', 'Y']"
8105,"['AO', 'Y', 'ZH']",4,VCC,"['AO', 'Y', 'ZH']"
8106,"['UW', 'Y', 'ZH']",4,VCC,"['Y', 'UW', 'ZH']"
8107,"['IH', 'Y', 'ZH']",4,VCC,"['IH', 'ZH', 'Y']"
8108,"['EH', 'Y', 'ZH']",4,VCC,"['EH', 'ZH', 'Y']"
8109,"['UH', 'Y', 'ZH']",4,VCC,"['UH', 'ZH', 'Y']"
8110,"['IY', 'Y', 'ZH']",4,VCC,"['IY', 'Y', 'ZH']"
8111,"['EY', 'Y', 'ZH']",4,VCC,"['EY', 'ZH', 'Y']"
8112,"['OW', 'Y', 'ZH']",4,VCC,"['OW', 'ZH', 'Y']"
8113,"['AE', 'Y', 'ZH']",4,VCC,"['AE', 'ZH', 'Y']"
8114,"['AW', 'Y', 'ZH']",4,VCC,"['AW', 'ZH', 'Y']"
8115,"['AH', 'Y', 'V']",4,VCC,"['AH', 'V', 'Y']"
8116,"['OY', 'Y', 'V']",4,VCC,"['OY', 'R', 'V']"
8117,"['AA', 'Y', 'V']",4,VCC,"['AA', 'R', 'V']"
8118,"['AY', 'Y', 'V']",4,VCC,"['AY', 'V', 'Y']"
8119,"['ER', 'Y', 'V']",4,VCC,"['ER', 'Y', 'V']"
8120,"['AO', 'Y', 'V']",4,VCC,"['AO', 'Y', 'V']"
8121,"['UW', 'Y', 'V']",4,VCC,"['UW', 'V', 'Y']"
8122,"['IH', 'Y', 'V']",4,VCC,"['IH', 'R', 'V']"
8123,"['EH', 'Y', 'V']",4,VCC,"['EH', 'R', 'V']"
8124,"['UH', 'Y', 'V']",4,VCC,"['UH', 'R', 'V']"
8125,"['IY', 'Y', 'V']",4,VCC,"['IH', 'R', 'V']"
8126,"['EY', 'Y', 'V']",4,VCC,"['EY', 'V', 'Y']"
8127,"['OW', 'Y', 'V']",4,VCC,"['OW', 'Y', 'V']"
8128,"['AE', 'Y', 'V']",4,VCC,"['AE', 'V', 'Y']"
8129,"['AW', 'Y', 'V']",4,VCC,"['AW', 'Y', 'V']"
8130,"['AH', 'Y', 'DH']",4,VCC,"['AH', 'DH', 'Y']"
8131,"['OY', 'Y', 'DH']",4,VCC,"['OY', 'B', 'DH']"
8132,"['AA', 'Y', 'DH']",4,VCC,"['AA', 'DH', 'Y']"
8133,"['AY', 'Y', 'DH']",4,VCC,"['AY', 'DH', 'Y']"
8134,"['ER', 'Y', 'DH']",4,VCC,"['ER', 'DH', 'Y']"
8135,"['AO', 'Y', 'DH']",4,VCC,"['AO', 'DH', 'Y']"
8136,"['UW', 'Y', 'DH']",4,VCC,"['Y', 'UW', 'DH']"
8137,"['IH', 'Y', 'DH']",4,VCC,"['IH', 'DH', 'Y']"
8138,"['EH', 'Y', 'DH']",4,VCC,"['EH', 'DH', 'Y']"
8139,"['UH', 'Y', 'DH']",4,VCC,"['Y', 'UH', 'SH']"
8140,"['IY', 'Y', 'DH']",4,VCC,"['IY', 'Y', 'DH']"
8141,"['EY', 'Y', 'DH']",4,VCC,"['EY', 'SH', 'Y']"
8142,"['OW', 'Y', 'DH']",4,VCC,"['OW', 'DH', 'Y']"
8143,"['AE', 'Y', 'DH']",4,VCC,"['AE', 'DH', 'Y']"
8144,"['AW', 'Y', 'DH']",4,VCC,"['AW', 'DH', 'Y']"
8145,"['AH', 'Y', 'HH']",4,VCC,"['AH', 'HH', 'Y']"
8146,"['OY', 'Y', 'HH']",4,VCC,"['OY', 'HH', 'Y']"
8147,"['AA', 'Y', 'HH']",4,VCC,"['AA', 'HH', 'Y']"
8148,"['AY', 'Y', 'HH']",4,VCC,"['AY', 'HH', 'Y']"
8149,"['ER', 'Y', 'HH']",4,VCC,"['ER', 'HH', 'Y']"
8150,"['AO', 'Y', 'HH']",4,VCC,"['AO', 'R', 'HH']"
8151,"['UW', 'Y', 'HH']",4,VCC,"['UW', 'HH', 'Y']"
8152,"['IH', 'Y', 'HH']",4,VCC,"['IH', 'HH', 'Y']"
8153,"['EH', 'Y', 'HH']",4,VCC,"['EH', 'R', 'HH']"
8154,"['UH', 'Y', 'HH']",4,VCC,"['UH', 'HH', 'Y']"
8155,"['IY', 'Y', 'HH']",4,VCC,"['IY', 'HH', 'Y']"
8156,"['EY', 'Y', 'HH']",4,VCC,"['EY', 'HH', 'Y']"
8157,"['OW', 'Y', 'HH']",4,VCC,"['OW', 'HH', 'Y']"
8158,"['AE', 'Y', 'HH']",4,VCC,"['AE', 'HH', 'Y']"
8159,"['AW', 'Y', 'HH']",4,VCC,"['AW', 'HH', 'Y']"
8160,"['AH', 'Y', 'CH']",3,VCC,"['AH', 'F', 'Y']"
8161,"['OY', 'Y', 'CH']",3,VCC,"['OY', 'R', 'CH']"
8162,"['AA', 'Y', 'CH']",3,VCC,"['AA', 'R', 'CH']"
8163,"['AY', 'Y', 'CH']",3,VCC,"['AY', 'F', 'Y']"
8164,"['ER', 'Y', 'CH']",3,VCC,"['ER', 'Y', 'CH']"
8165,"['AO', 'Y', 'CH']",3,VCC,"['AO', 'Y', 'CH']"
8166,"['UW', 'Y', 'CH']",3,VCC,"['Y', 'UW', 'CH']"
8167,"['IH', 'Y', 'CH']",3,VCC,"['IH', 'F', 'Y']"
8168,"['EH', 'Y', 'CH']",3,VCC,"['EH', 'F', 'Y']"
8169,"['UH', 'Y', 'CH']",3,VCC,"['Y', 'UH', 'CH']"
8170,"['IY', 'Y', 'CH']",3,VCC,"['IY', 'Y', 'CH']"
8171,"['EY', 'Y', 'CH']",3,VCC,"['EY', 'F', 'Y']"
8172,"['OW', 'Y', 'CH']",3,VCC,"['OW', 'F', 'Y']"
8173,"['AE', 'Y', 'CH']",3,VCC,"['AE', 'NG', 'CH']"
8174,"['AW', 'Y', 'CH']",3,VCC,"['AW', 'Y', 'CH']"
8175,"['AH', 'Y', 'JH']",3,VCC,"['AH', 'JH', 'Y']"
8176,"['OY', 'Y', 'JH']",3,VCC,"['OY', 'Y', 'JH']"
8177,"['AA', 'Y', 'JH']",3,VCC,"['AA', 'Y', 'JH']"
8178,"['AY', 'Y', 'JH']",3,VCC,"['AY', 'JH', 'Y']"
8179,"['ER', 'Y', 'JH']",3,VCC,"['ER', 'Y', 'JH']"
8180,"['AO', 'Y', 'JH']",3,VCC,"['AO', 'Y', 'JH']"
8181,"['UW', 'Y', 'JH']",3,VCC,"['Y', 'UW', 'JH']"
8182,"['IH', 'Y', 'JH']",3,VCC,"['IH', 'JH', 'Y']"
8183,"['EH', 'Y', 'JH']",3,VCC,"['EH', 'Y', 'JH']"
8184,"['UH', 'Y', 'JH']",3,VCC,"['UH', 'T', 'Y']"
8185,"['IY', 'Y', 'JH']",3,VCC,"['IY', 'Y', 'JH']"
8186,"['EY', 'Y', 'JH']",3,VCC,"['EY', 'JH', 'Y']"
8187,"['OW', 'Y', 'JH']",3,VCC,"['OW', 'Y', 'JH']"
8188,"['AE', 'Y', 'JH']",3,VCC,"['AE', 'Y', 'JH']"
8189,"['AW', 'Y', 'JH']",3,VCC,"['AW', 'Y', 'JH']"
8190,"['AH', 'Y', 'M']",2,VCC,"['AH', 'M', 'Y']"
8191,"['OY', 'Y', 'M']",2,VCC,"['OY', 'M', 'Y']"
8192,"['AA', 'Y', 'M']",2,VCC,"['AA', 'R', 'M']"
8193,"['AY', 'Y', 'M']",2,VCC,"['AY', 'R', 'M']"
8194,"['ER', 'Y', 'M']",2,VCC,"['ER', 'M', 'Y']"
8195,"['AO', 'Y', 'M']",2,VCC,"['AO', 'R', 'M']"
8196,"['UW', 'Y', 'M']",2,VCC,"['IH', 'M', 'UW']"
8197,"['IH', 'Y', 'M']",2,VCC,"['IH', 'M', 'Y']"
8198,"['EH', 'Y', 'M']",2,VCC,"['EH', 'R', 'M']"
8199,"['UH', 'Y', 'M']",2,VCC,"['Y', 'UH', 'M']"
8200,"['IY', 'Y', 'M']",2,VCC,"['IY', 'Y', 'M']"
8201,"['EY', 'Y', 'M']",2,VCC,"['EY', 'M', 'Y']"
8202,"['OW', 'Y', 'M']",2,VCC,"['OW', 'Y', 'M']"
8203,"['AE', 'Y', 'M']",2,VCC,"['AE', 'M', 'Y']"
8204,"['AW', 'Y', 'M']",2,VCC,"['AW', 'Y', 'M']"
8205,"['AH', 'Y', 'N']",2,VCC,"['AH', 'Y', 'N']"
8206,"['OY', 'Y', 'N']",2,VCC,"['OY', 'N', 'Y']"
8207,"['AA', 'Y', 'N']",2,VCC,"['AA', 'R', 'N']"
8208,"['AY', 'Y', 'N']",2,VCC,"['AY', 'Y', 'N']"
8209,"['ER', 'Y', 'N']",2,VCC,"['ER', 'Y', 'N']"
8210,"['AO', 'Y', 'N']",2,VCC,"['AO', 'R', 'N']"
8211,"['UW', 'Y', 'N']",2,VCC,"['Y', 'UW', 'N']"
8212,"['IH', 'Y', 'N']",2,VCC,"['IH', 'R', 'N']"
8213,"['EH', 'Y', 'N']",2,VCC,"['EH', 'R', '<EOS>']"
8214,"['UH', 'Y', 'N']",2,VCC,"['Y', 'UH', 'N']"
8215,"['IY', 'Y', 'N']",2,VCC,"['IY', 'Y', 'N']"
8216,"['EY', 'Y', 'N']",2,VCC,"['EY', 'Y', 'N']"
8217,"['OW', 'Y', 'N']",2,VCC,"['OW', 'Y', 'N']"
8218,"['AE', 'Y', 'N']",2,VCC,"['AE', 'Y', 'N']"
8219,"['AW', 'Y', 'N']",2,VCC,"['AW', 'Y', 'N']"
8220,"['AH', 'Y', 'NG']",2,VCC,"['Y', 'AH', 'NG']"
8221,"['OY', 'Y', 'NG']",2,VCC,"['OY', 'Y', 'NG']"
8222,"['AA', 'Y', 'NG']",2,VCC,"['AA', 'Y', 'NG']"
8223,"['AY', 'Y', 'NG']",2,VCC,"['AY', 'NG', '<EOS>']"
8224,"['ER', 'Y', 'NG']",2,VCC,"['ER', 'NG', 'Y']"
8225,"['AO', 'Y', 'NG']",2,VCC,"['AO', 'NG', 'Y']"
8226,"['UW', 'Y', 'NG']",2,VCC,"['Y', 'UW', 'NG']"
8227,"['IH', 'Y', 'NG']",2,VCC,"['IH', 'NG', 'Y']"
8228,"['EH', 'Y', 'NG']",2,VCC,"['EH', 'NG', 'Y']"
8229,"['UH', 'Y', 'NG']",2,VCC,"['Y', 'UH', 'NG']"
8230,"['IY', 'Y', 'NG']",2,VCC,"['IY', 'Y', 'NG']"
8231,"['EY', 'Y', 'NG']",2,VCC,"['EY', 'Y', 'NG']"
8232,"['OW', 'Y', 'NG']",2,VCC,"['OW', 'NG', 'Y']"
8233,"['AE', 'Y', 'NG']",2,VCC,"['AE', 'NG', 'HH']"
8234,"['AW', 'Y', 'NG']",2,VCC,"['AW', 'Y', 'NG']"
8235,"['AH', 'Y', 'L']",1,VCC,"['AH', 'L', 'Y']"
8236,"['OY', 'Y', 'L']",1,VCC,"['OY', 'L', 'Y']"
8237,"['AA', 'Y', 'L']",1,VCC,"['Y', 'AA', 'L']"
8238,"['AY', 'Y', 'L']",1,VCC,"['AY', 'R', 'L']"
8239,"['ER', 'Y', 'L']",1,VCC,"['ER', 'Y', 'L']"
8240,"['AO', 'Y', 'L']",1,VCC,"['AO', 'R', 'L']"
8241,"['UW', 'Y', 'L']",1,VCC,"['Y', 'UW', 'L']"
8242,"['IH', 'Y', 'L']",1,VCC,"['IH', 'L', 'Y']"
8243,"['EH', 'Y', 'L']",1,VCC,"['EH', 'R', 'L']"
8244,"['UH', 'Y', 'L']",1,VCC,"['Y', 'UH', 'L']"
8245,"['IY', 'Y', 'L']",1,VCC,"['IY', 'Y', 'L']"
8246,"['EY', 'Y', 'L']",1,VCC,"['EY', 'Y', 'L']"
8247,"['OW', 'Y', 'L']",1,VCC,"['OW', 'L', 'Y']"
8248,"['AE', 'Y', 'L']",1,VCC,"['AE', 'Y', 'L']"
8249,"['AW', 'Y', 'L']",1,VCC,"['AW', 'Y', 'L']"
8250,"['AH', 'Y', 'R']",1,VCC,"['AH', 'R', 'Y']"
8251,"['OY', 'Y', 'R']",1,VCC,"['OY', 'R', 'P']"
8252,"['AA', 'Y', 'R']",1,VCC,"['AA', 'R', 'R']"
8253,"['AY', 'Y', 'R']",1,VCC,"['AY', 'R', 'R']"
8254,"['ER', 'Y', 'R']",1,VCC,"['ER', 'Y', 'R']"
8255,"['AO', 'Y', 'R']",1,VCC,"['AO', 'R', 'Y']"
8256,"['UW', 'Y', 'R']",1,VCC,"['Y', 'UW', 'R']"
8257,"['IH', 'Y', 'R']",1,VCC,"['IH', 'R', 'Y']"
8258,"['EH', 'Y', 'R']",1,VCC,"['EH', 'R', 'Y']"
8259,"['UH', 'Y', 'R']",1,VCC,"['Y', 'UH', 'R']"
8260,"['IY', 'Y', 'R']",1,VCC,"['IY', 'Y', 'R']"
8261,"['EY', 'Y', 'R']",1,VCC,"['EY', 'R', 'Y']"
8262,"['OW', 'Y', 'R']",1,VCC,"['OW', 'R', 'R']"
8263,"['AE', 'Y', 'R']",1,VCC,"['AE', 'R', 'R']"
8264,"['AW', 'Y', 'R']",1,VCC,"['AW', 'R', 'Y']"
8265,"['AH', 'Y', 'W']",0,VCC,"['AH', 'F', 'Y']"
8266,"['OY', 'Y', 'W']",0,VCC,"['OY', 'B', 'W']"
8267,"['AA', 'Y', 'W']",0,VCC,"['AA', 'Y', 'W']"
8268,"['AY', 'Y', 'W']",0,VCC,"['AY', 'Y', 'W']"
8269,"['ER', 'Y', 'W']",0,VCC,"['ER', 'Y', 'W']"
8270,"['AO', 'Y', 'W']",0,VCC,"['AO', 'Y', 'W']"
8271,"['UW', 'Y', 'W']",0,VCC,"['Y', 'UW', 'W']"
8272,"['IH', 'Y', 'W']",0,VCC,"['IH', 'F', 'Y']"
8273,"['EH', 'Y', 'W']",0,VCC,"['EH', 'R', 'W']"
8274,"['UH', 'Y', 'W']",0,VCC,"['Y', 'UH', 'W']"
8275,"['IY', 'Y', 'W']",0,VCC,"['IY', 'Y', 'W']"
8276,"['EY', 'Y', 'W']",0,VCC,"['EY', 'F', 'Y']"
8277,"['OW', 'Y', 'W']",0,VCC,"['Y', 'OW', 'W']"
8278,"['AE', 'Y', 'W']",0,VCC,"['AE', 'NG', 'W']"
8279,"['AW', 'Y', 'W']",0,VCC,"['AW', 'Y', 'W']"
