,Unnamed: 0,Word,Condition,Lexicality,Size,Morphology,Frequency,Length,Zipf_Frequency,Phonemes,No_Stress,Part of Speech,Prediction
0,0,attending,RLCH,real,long,complex,2.04e-05,7,4.31,"['AH0', 'T', 'EH1', 'N', 'D', 'IH0', 'NG']","['AH', 'T', 'EH', 'N', 'D', 'IH', 'NG']",VERB,"['AH', 'T', 'EH', 'N', 'D', 'IH', 'NG']"
1,1,commissioner,RLCH,real,long,complex,2.69e-05,8,4.43,"['K', 'AH0', 'M', 'IH1', 'SH', 'AH0', 'N', 'ER0']","['K', 'AH', 'M', 'IH', 'SH', 'AH', 'N', 'ER']",NOUN,"['K', 'AH', 'M', 'IH', 'SH', 'AH', 'N', 'ER']"
2,2,operation,RLCH,real,long,complex,8.32e-05,7,4.92,"['AA2', 'P', 'ER0', 'EY1', 'SH', 'AH0', 'N']","['AA', 'P', 'ER', 'EY', 'SH', 'AH', 'N']",NOUN,"['AA', 'P', 'ER', 'EY', 'SH', 'AH', 'N']"
3,3,hospitals,RLCH,real,long,complex,2.14e-05,9,4.33,"['HH', 'AA1', 'S', 'P', 'IH2', 'T', 'AH0', 'L', 'Z']","['HH', 'AA', 'S', 'P', 'IH', 'T', 'AH', 'L', 'Z']",NOUN,"['HH', 'AA', 'S', 'P', 'IH', 'T', 'AH', 'L', 'Z']"
4,4,acquisition,RLCH,real,long,complex,1.82e-05,9,4.26,"['AE2', 'K', 'W', 'AH0', 'Z', 'IH1', 'SH', 'AH0', 'N']","['AE', 'K', 'W', 'AH', 'Z', 'IH', 'SH', 'AH', 'N']",NOUN,"['AE', 'K', 'W', 'AH', 'Z', 'IH', 'SH', 'AH', 'N']"
5,5,drinking,RLCH,real,long,complex,5.13e-05,7,4.71,"['D', 'R', 'IH1', 'NG', 'K', 'IH0', 'NG']","['D', 'R', 'IH', 'NG', 'K', 'IH', 'NG']",VERB,"['D', 'R', 'IH', 'NG', 'K', 'IH', 'NG']"
6,6,universe,RLCH,real,long,complex,3.89e-05,7,4.59,"['Y', 'UW1', 'N', 'AH0', 'V', 'ER2', 'S']","['Y', 'UW', 'N', 'AH', 'V', 'ER', 'S']",NOUN,"['Y', 'UW', 'N', 'AH', 'V', 'ER', 'S']"
7,7,obviously,RLCH,real,long,complex,6.31e-05,8,4.8,"['AA1', 'B', 'V', 'IY0', 'AH0', 'S', 'L', 'IY0']","['AA', 'B', 'V', 'IY', 'AH', 'S', 'L', 'IY']",ADV,"['AA', 'B', 'V', 'IY', 'AH', 'S', 'L', 'IY']"
8,8,physically,RLCH,real,long,complex,2e-05,8,4.3,"['F', 'IH1', 'Z', 'IH0', 'K', 'AH0', 'L', 'IY0']","['F', 'IH', 'Z', 'IH', 'K', 'AH', 'L', 'IY']",ADV,"['F', 'IH', 'Z', 'IH', 'K', 'AH', 'L', 'IY']"
9,9,awareness,RLCH,real,long,complex,2.75e-05,7,4.44,"['AH0', 'W', 'EH1', 'R', 'N', 'AH0', 'S']","['AH', 'W', 'EH', 'R', 'N', 'AH', 'S']",NOUN,"['AH', 'W', 'EH', 'R', 'N', 'AH', 'S']"
10,10,perfectly,RLCH,real,long,complex,4.07e-05,8,4.61,"['P', 'ER1', 'F', 'AH0', 'K', 'T', 'L', 'IY0']","['P', 'ER', 'F', 'AH', 'K', 'T', 'L', 'IY']",ADV,"['P', 'ER', 'F', 'AH', 'K', 'T', 'L', 'IY']"
11,11,underground,RLCH,real,long,complex,2.09e-05,9,4.32,"['AH1', 'N', 'D', 'ER0', 'G', 'R', 'AW2', 'N', 'D']","['AH', 'N', 'D', 'ER', 'G', 'R', 'AW', 'N', 'D']",ADV,"['AH', 'N', 'D', 'ER', 'G', 'R', 'AW', 'N', 'D']"
12,12,listening,RLCH,real,long,complex,4.57e-05,7,4.66,"['L', 'IH1', 'S', 'AH0', 'N', 'IH0', 'NG']","['L', 'IH', 'S', 'AH', 'N', 'IH', 'NG']",VERB,"['L', 'IH', 'S', 'AH', 'N', 'IH', 'NG']"
13,13,languages,RLCH,real,long,complex,2.63e-05,9,4.42,"['L', 'AE1', 'NG', 'G', 'W', 'AH0', 'JH', 'AH0', 'Z']","['L', 'AE', 'NG', 'G', 'W', 'AH', 'JH', 'AH', 'Z']",NOUN,"['L', 'AE', 'NG', 'G', 'W', 'AH', 'JH', 'AH', 'Z']"
14,14,impressed,RLCH,real,long,complex,2.19e-05,7,4.34,"['IH0', 'M', 'P', 'R', 'EH1', 'S', 'T']","['IH', 'M', 'P', 'R', 'EH', 'S', 'T']",VERB,"['IH', 'M', 'P', 'R', 'EH', 'S', 'T']"
15,15,increasing,RLCH,real,long,complex,4.79e-05,8,4.68,"['IH0', 'N', 'K', 'R', 'IY1', 'S', 'IH0', 'NG']","['IH', 'N', 'K', 'R', 'IY', 'S', 'IH', 'NG']",VERB,"['IH', 'N', 'K', 'R', 'IY', 'S', 'IH', 'NG']"
16,16,creation,RLCH,real,long,complex,3.63e-05,7,4.56,"['K', 'R', 'IY0', 'EY1', 'SH', 'AH0', 'N']","['K', 'R', 'IY', 'EY', 'SH', 'AH', 'N']",NOUN,"['K', 'R', 'IY', 'EY', 'SH', 'AH', 'N']"
17,17,framework,RLCH,real,long,complex,1.95e-05,7,4.29,"['F', 'R', 'EY1', 'M', 'W', 'ER2', 'K']","['F', 'R', 'EY', 'M', 'W', 'ER', 'K']",NOUN,"['F', 'R', 'EY', 'M', 'W', 'ER', 'K']"
18,18,different,RLCH,real,long,complex,0.000389,7,5.59,"['D', 'IH1', 'F', 'ER0', 'AH0', 'N', 'T']","['D', 'IH', 'F', 'ER', 'AH', 'N', 'T']",ADJ,"['D', 'IH', 'F', 'ER', 'AH', 'N', 'T']"
19,19,connections,RLCH,real,long,complex,2.09e-05,9,4.32,"['K', 'AH0', 'N', 'EH1', 'K', 'SH', 'AH0', 'N', 'Z']","['K', 'AH', 'N', 'EH', 'K', 'SH', 'AH', 'N', 'Z']",NOUN,"['K', 'AH', 'N', 'EH', 'K', 'SH', 'AH', 'N', 'Z']"
20,20,discussed,RLCH,real,long,complex,2.82e-05,7,4.45,"['D', 'IH0', 'S', 'K', 'AH1', 'S', 'T']","['D', 'IH', 'S', 'K', 'AH', 'S', 'T']",VERB,"['D', 'IH', 'S', 'K', 'AH', 'S', 'T']"
21,21,relation,RLCH,real,long,complex,2.04e-05,7,4.31,"['R', 'IY0', 'L', 'EY1', 'SH', 'AH0', 'N']","['R', 'IY', 'L', 'EY', 'SH', 'AH', 'N']",NOUN,"['R', 'IY', 'L', 'EY', 'SH', 'AH', 'N']"
22,22,graduate,RLCH,real,long,complex,3.16e-05,8,4.5,"['G', 'R', 'AE1', 'JH', 'AH0', 'W', 'AH0', 'T']","['G', 'R', 'AE', 'JH', 'AH', 'W', 'AH', 'T']",NOUN,"['G', 'R', 'AE', 'JH', 'AH', 'W', 'AH', 'T']"
23,23,nevertheless,RLCH,real,long,complex,1.78e-05,9,4.25,"['N', 'EH2', 'V', 'ER0', 'DH', 'AH0', 'L', 'EH1', 'S']","['N', 'EH', 'V', 'ER', 'DH', 'AH', 'L', 'EH', 'S']",ADV,"['N', 'EH', 'V', 'ER', 'DH', 'AH', 'L', 'EH', 'S']"
24,24,discipline,RLCH,real,long,complex,1.7e-05,8,4.23,"['D', 'IH1', 'S', 'AH0', 'P', 'L', 'AH0', 'N']","['D', 'IH', 'S', 'AH', 'P', 'L', 'AH', 'N']",VERB,"['D', 'IH', 'S', 'AH', 'P', 'L', 'AH', 'N']"
25,25,customer,RLCH,real,long,complex,4.07e-05,7,4.61,"['K', 'AH1', 'S', 'T', 'AH0', 'M', 'ER0']","['K', 'AH', 'S', 'T', 'AH', 'M', 'ER']",NOUN,"['K', 'AH', 'S', 'T', 'AH', 'M', 'ER']"
26,26,classical,RLCH,real,long,complex,1.82e-05,8,4.26,"['K', 'L', 'AE1', 'S', 'IH0', 'K', 'AH0', 'L']","['K', 'L', 'AE', 'S', 'IH', 'K', 'AH', 'L']",ADJ,"['K', 'L', 'AE', 'S', 'IH', 'K', 'AH', 'L']"
27,27,progress,RLCH,real,long,complex,6.03e-05,7,4.78,"['P', 'R', 'AA1', 'G', 'R', 'EH2', 'S']","['P', 'R', 'AA', 'G', 'R', 'EH', 'S']",VERB,"['P', 'R', 'AA', 'G', 'R', 'EH', 'S']"
28,28,engineers,RLCH,real,long,complex,2.57e-05,8,4.41,"['EH1', 'N', 'JH', 'AH0', 'N', 'IH1', 'R', 'Z']","['EH', 'N', 'JH', 'AH', 'N', 'IH', 'R', 'Z']",NOUN,"['EH', 'N', 'JH', 'AH', 'N', 'IH', 'R', 'Z']"
29,29,equipment,RLCH,real,long,complex,7.59e-05,9,4.88,"['IH0', 'K', 'W', 'IH1', 'P', 'M', 'AH0', 'N', 'T']","['IH', 'K', 'W', 'IH', 'P', 'M', 'AH', 'N', 'T']",NOUN,"['IH', 'K', 'W', 'IH', 'P', 'M', 'AH', 'N', 'T']"
30,30,existing,RLCH,real,long,complex,5.62e-05,8,4.75,"['IH0', 'G', 'Z', 'IH1', 'S', 'T', 'IH0', 'NG']","['IH', 'G', 'Z', 'IH', 'S', 'T', 'IH', 'NG']",VERB,"['IH', 'G', 'Z', 'IH', 'S', 'T', 'IH', 'NG']"
31,31,technology,RLCH,real,long,complex,0.000123,9,5.09,"['T', 'EH0', 'K', 'N', 'AA1', 'L', 'AH0', 'JH', 'IY0']","['T', 'EH', 'K', 'N', 'AA', 'L', 'AH', 'JH', 'IY']",NOUN,"['T', 'EH', 'K', 'N', 'AA', 'L', 'AH', 'JH', 'IY']"
32,32,continued,RLCH,real,long,complex,9.12e-05,9,4.96,"['K', 'AH0', 'N', 'T', 'IH1', 'N', 'Y', 'UW0', 'D']","['K', 'AH', 'N', 'T', 'IH', 'N', 'Y', 'UW', 'D']",VERB,"['K', 'AH', 'N', 'T', 'IH', 'N', 'Y', 'UW', 'D']"
33,33,racism,RLCH,real,long,complex,1.78e-05,7,4.25,"['R', 'EY1', 'S', 'IH2', 'Z', 'AH0', 'M']","['R', 'EY', 'S', 'IH', 'Z', 'AH', 'M']",NOUN,"['R', 'EY', 'S', 'IH', 'Z', 'AH', 'M']"
34,34,analysis,RLCH,real,long,complex,8.13e-05,8,4.91,"['AH0', 'N', 'AE1', 'L', 'AH0', 'S', 'AH0', 'S']","['AH', 'N', 'AE', 'L', 'AH', 'S', 'AH', 'S']",NOUN,"['AH', 'N', 'AE', 'L', 'AH', 'S', 'AH', 'S']"
35,35,potentially,RLCH,real,long,complex,2.45e-05,9,4.39,"['P', 'AH0', 'T', 'EH1', 'N', 'SH', 'AH0', 'L', 'IY0']","['P', 'AH', 'T', 'EH', 'N', 'SH', 'AH', 'L', 'IY']",ADV,"['P', 'AH', 'T', 'EH', 'N', 'SH', 'AH', 'L', 'IY']"
36,36,developer,RLCH,real,long,complex,1.58e-05,8,4.2,"['D', 'IH0', 'V', 'EH1', 'L', 'AH0', 'P', 'ER0']","['D', 'IH', 'V', 'EH', 'L', 'AH', 'P', 'ER']",NOUN,"['D', 'IH', 'V', 'EH', 'L', 'AH', 'P', 'ER']"
37,37,composed,RLCH,real,long,complex,1.86e-05,7,4.27,"['K', 'AH0', 'M', 'P', 'OW1', 'Z', 'D']","['K', 'AH', 'M', 'P', 'OW', 'Z', 'D']",VERB,"['K', 'AH', 'M', 'P', 'OW', 'Z', 'D']"
38,38,disabled,RLCH,real,long,complex,1.95e-05,8,4.29,"['D', 'IH0', 'S', 'EY1', 'B', 'AH0', 'L', 'D']","['D', 'IH', 'S', 'EY', 'B', 'AH', 'L', 'D']",ADJ,"['D', 'IH', 'S', 'EY', 'B', 'AH', 'L', 'D']"
39,39,punishment,RLCH,real,long,complex,2.19e-05,9,4.34,"['P', 'AH1', 'N', 'IH0', 'SH', 'M', 'AH0', 'N', 'T']","['P', 'AH', 'N', 'IH', 'SH', 'M', 'AH', 'N', 'T']",NOUN,"['P', 'AH', 'N', 'IH', 'SH', 'M', 'AH', 'N', 'T']"
40,40,exposed,RLCH,real,long,complex,3.24e-05,7,4.51,"['IH0', 'K', 'S', 'P', 'OW1', 'Z', 'D']","['IH', 'K', 'S', 'P', 'OW', 'Z', 'D']",VERB,"['IH', 'K', 'S', 'P', 'OW', 'Z', 'D']"
41,41,essentially,RLCH,real,long,complex,2.63e-05,8,4.42,"['IH0', 'S', 'EH1', 'N', 'SH', 'AH0', 'L', 'IY0']","['IH', 'S', 'EH', 'N', 'SH', 'AH', 'L', 'IY']",ADV,"['IH', 'S', 'EH', 'N', 'SH', 'AH', 'L', 'IY']"
42,42,disappeared,RLCH,real,long,complex,1.82e-05,8,4.26,"['D', 'IH2', 'S', 'AH0', 'P', 'IH1', 'R', 'D']","['D', 'IH', 'S', 'AH', 'P', 'IH', 'R', 'D']",VERB,"['D', 'IH', 'S', 'AH', 'P', 'IH', 'R', 'D']"
43,43,themselves,RLCH,real,long,complex,0.000145,8,5.16,"['DH', 'EH0', 'M', 'S', 'EH1', 'L', 'V', 'Z']","['DH', 'EH', 'M', 'S', 'EH', 'L', 'V', 'Z']",PRON,"['DH', 'EH', 'M', 'S', 'EH', 'L', 'V', 'Z']"
44,44,neighborhood,RLCH,real,long,complex,3.16e-05,7,4.5,"['N', 'EY1', 'B', 'ER0', 'HH', 'UH2', 'D']","['N', 'EY', 'B', 'ER', 'HH', 'UH', 'D']",NOUN,"['N', 'EY', 'B', 'ER', 'HH', 'UH', 'D']"
45,45,familiar,RLCH,real,long,complex,4.07e-05,7,4.61,"['F', 'AH0', 'M', 'IH1', 'L', 'Y', 'ER0']","['F', 'AH', 'M', 'IH', 'L', 'Y', 'ER']",ADJ,"['F', 'AH', 'M', 'IH', 'L', 'Y', 'ER']"
46,46,queensland,RLCH,real,long,complex,1.7e-05,9,4.23,"['K', 'W', 'IY1', 'N', 'Z', 'L', 'AE2', 'N', 'D']","['K', 'W', 'IY', 'N', 'Z', 'L', 'AE', 'N', 'D']",PROPN,"['K', 'W', 'IY', 'N', 'Z', 'L', 'AE', 'N', 'D']"
47,47,secrets,RLCH,real,long,complex,2.04e-05,7,4.31,"['S', 'IY1', 'K', 'R', 'AH0', 'T', 'S']","['S', 'IY', 'K', 'R', 'AH', 'T', 'S']",NOUN,"['S', 'IY', 'K', 'R', 'AH', 'T', 'S']"
48,48,cambridge,RLCH,real,long,complex,2.45e-05,7,4.39,"['K', 'EY1', 'M', 'B', 'R', 'IH0', 'JH']","['K', 'EY', 'M', 'B', 'R', 'IH', 'JH']",PROPN,"['K', 'EY', 'M', 'B', 'R', 'IH', 'JH']"
49,49,estimated,RLCH,real,long,complex,4.17e-05,9,4.62,"['EH1', 'S', 'T', 'AH0', 'M', 'EY2', 'T', 'AH0', 'D']","['EH', 'S', 'T', 'AH', 'M', 'EY', 'T', 'AH', 'D']",VERB,"['EH', 'S', 'T', 'AH', 'M', 'EY', 'T', 'AH', 'D']"
50,50,depression,RLCH,real,long,complex,3.63e-05,8,4.56,"['D', 'IH0', 'P', 'R', 'EH1', 'SH', 'AH0', 'N']","['D', 'IH', 'P', 'R', 'EH', 'SH', 'AH', 'N']",NOUN,"['D', 'IH', 'P', 'R', 'EH', 'SH', 'AH', 'N']"
51,51,girlfriend,RLCH,real,long,complex,4.79e-05,8,4.68,"['G', 'ER1', 'L', 'F', 'R', 'EH2', 'N', 'D']","['G', 'ER', 'L', 'F', 'R', 'EH', 'N', 'D']",NOUN,"['G', 'ER', 'L', 'F', 'R', 'EH', 'N', 'D']"
52,52,functional,RLCH,real,long,complex,1.74e-05,9,4.24,"['F', 'AH1', 'NG', 'K', 'SH', 'AH0', 'N', 'AH0', 'L']","['F', 'AH', 'NG', 'K', 'SH', 'AH', 'N', 'AH', 'L']",ADJ,"['F', 'AH', 'NG', 'K', 'SH', 'AH', 'N', 'AH', 'L']"
53,53,ambassador,RLCH,real,long,complex,2.24e-05,8,4.35,"['AE0', 'M', 'B', 'AE1', 'S', 'AH0', 'D', 'ER0']","['AE', 'M', 'B', 'AE', 'S', 'AH', 'D', 'ER']",NOUN,"['AE', 'M', 'B', 'AE', 'S', 'AH', 'D', 'ER']"
54,54,property,RLCH,real,long,complex,0.000129,7,5.11,"['P', 'R', 'AA1', 'P', 'ER0', 'T', 'IY0']","['P', 'R', 'AA', 'P', 'ER', 'T', 'IY']",NOUN,"['P', 'R', 'AA', 'P', 'ER', 'T', 'IY']"
55,55,memorial,RLCH,real,long,complex,2.57e-05,8,4.41,"['M', 'AH0', 'M', 'AO1', 'R', 'IY0', 'AH0', 'L']","['M', 'AH', 'M', 'AO', 'R', 'IY', 'AH', 'L']",NOUN,"['M', 'AH', 'M', 'AO', 'R', 'IY', 'AH', 'L']"
56,56,traveling,RLCH,real,long,complex,1.86e-05,8,4.27,"['T', 'R', 'AE1', 'V', 'AH0', 'L', 'IH0', 'NG']","['T', 'R', 'AE', 'V', 'AH', 'L', 'IH', 'NG']",VERB,"['T', 'R', 'AE', 'V', 'AH', 'L', 'IH', 'NG']"
57,57,percentage,RLCH,real,long,complex,3.02e-05,8,4.48,"['P', 'ER0', 'S', 'EH1', 'N', 'T', 'AH0', 'JH']","['P', 'ER', 'S', 'EH', 'N', 'T', 'AH', 'JH']",NOUN,"['P', 'ER', 'S', 'EH', 'N', 'T', 'AH', 'JH']"
58,58,extremely,RLCH,real,long,complex,6.17e-05,9,4.79,"['IH0', 'K', 'S', 'T', 'R', 'IY1', 'M', 'L', 'IY0']","['IH', 'K', 'S', 'T', 'R', 'IY', 'M', 'L', 'IY']",ADV,"['IH', 'K', 'S', 'T', 'R', 'IY', 'M', 'L', 'IY']"
59,59,refused,RLCH,real,long,complex,3.47e-05,7,4.54,"['R', 'AH0', 'F', 'Y', 'UW1', 'Z', 'D']","['R', 'AH', 'F', 'Y', 'UW', 'Z', 'D']",VERB,"['R', 'AH', 'F', 'Y', 'UW', 'Z', 'D']"
60,60,legendary,RLCH,real,long,complex,1.7e-05,9,4.23,"['L', 'EH1', 'JH', 'AH0', 'N', 'D', 'EH2', 'R', 'IY0']","['L', 'EH', 'JH', 'AH', 'N', 'D', 'EH', 'R', 'IY']",ADJ,"['L', 'EH', 'JH', 'AH', 'N', 'D', 'EH', 'R', 'IY']"
61,61,newspaper,RLCH,real,long,complex,3.98e-05,7,4.6,"['N', 'UW1', 'Z', 'P', 'EY2', 'P', 'ER0']","['N', 'UW', 'Z', 'P', 'EY', 'P', 'ER']",NOUN,"['N', 'UW', 'Z', 'P', 'EY', 'P', 'ER']"
62,62,assessment,RLCH,real,long,complex,2.88e-05,8,4.46,"['AH0', 'S', 'EH1', 'S', 'M', 'AH0', 'N', 'T']","['AH', 'S', 'EH', 'S', 'M', 'AH', 'N', 'T']",NOUN,"['AH', 'S', 'EH', 'S', 'M', 'AH', 'N', 'T']"
63,63,develop,RLCH,real,long,complex,5.62e-05,7,4.75,"['D', 'IH0', 'V', 'EH1', 'L', 'AH0', 'P']","['D', 'IH', 'V', 'EH', 'L', 'AH', 'P']",VERB,"['D', 'IH', 'V', 'EH', 'L', 'AH', 'P']"
64,64,alexander,RLCH,real,long,complex,2.51e-05,9,4.4,"['AE2', 'L', 'AH0', 'G', 'Z', 'AE1', 'N', 'D', 'ER0']","['AE', 'L', 'AH', 'G', 'Z', 'AE', 'N', 'D', 'ER']",PROPN,"['AE', 'L', 'AH', 'G', 'Z', 'AE', 'N', 'D', 'ER']"
65,65,protection,RLCH,real,long,complex,7.08e-05,9,4.85,"['P', 'R', 'AH0', 'T', 'EH1', 'K', 'SH', 'AH0', 'N']","['P', 'R', 'AH', 'T', 'EH', 'K', 'SH', 'AH', 'N']",NOUN,"['P', 'R', 'AH', 'T', 'EH', 'K', 'SH', 'AH', 'N']"
66,66,dominant,RLCH,real,long,complex,1.7e-05,8,4.23,"['D', 'AA1', 'M', 'AH0', 'N', 'AH0', 'N', 'T']","['D', 'AA', 'M', 'AH', 'N', 'AH', 'N', 'T']",ADJ,"['D', 'AA', 'M', 'AH', 'N', 'AH', 'N', 'T']"
67,67,guardian,RLCH,real,long,complex,1.82e-05,7,4.26,"['G', 'AA1', 'R', 'D', 'IY0', 'AH0', 'N']","['G', 'AA', 'R', 'D', 'IY', 'AH', 'N']",NOUN,"['G', 'AA', 'R', 'D', 'IY', 'AH', 'N']"
68,68,supports,RLCH,real,long,complex,2.63e-05,7,4.42,"['S', 'AH0', 'P', 'AO1', 'R', 'T', 'S']","['S', 'AH', 'P', 'AO', 'R', 'T', 'S']",VERB,"['S', 'AH', 'P', 'AO', 'R', 'T', 'S']"
69,69,nigeria,RLCH,real,long,complex,2.14e-05,7,4.33,"['N', 'AY0', 'JH', 'IH1', 'R', 'IY0', 'AH0']","['N', 'AY', 'JH', 'IH', 'R', 'IY', 'AH']",PROPN,"['N', 'AY', 'JH', 'IH', 'R', 'IY', 'AH']"
70,70,expensive,RLCH,real,long,complex,4.9e-05,9,4.69,"['IH0', 'K', 'S', 'P', 'EH1', 'N', 'S', 'IH0', 'V']","['IH', 'K', 'S', 'P', 'EH', 'N', 'S', 'IH', 'V']",ADJ,"['IH', 'K', 'S', 'P', 'EH', 'N', 'S', 'IH', 'V']"
71,71,developers,RLCH,real,long,complex,1.66e-05,9,4.22,"['D', 'IH0', 'V', 'EH1', 'L', 'AH0', 'P', 'ER0', 'Z']","['D', 'IH', 'V', 'EH', 'L', 'AH', 'P', 'ER', 'Z']",NOUN,"['D', 'IH', 'V', 'EH', 'L', 'AH', 'P', 'ER', 'Z']"
72,72,january,RLCH,real,long,complex,0.000123,8,5.09,"['JH', 'AE1', 'N', 'Y', 'UW0', 'EH2', 'R', 'IY0']","['JH', 'AE', 'N', 'Y', 'UW', 'EH', 'R', 'IY']",PROPN,"['JH', 'AE', 'N', 'Y', 'UW', 'EH', 'R', 'IY']"
73,73,findings,RLCH,real,long,complex,2.4e-05,7,4.38,"['F', 'AY1', 'N', 'D', 'IH0', 'NG', 'Z']","['F', 'AY', 'N', 'D', 'IH', 'NG', 'Z']",NOUN,"['F', 'AY', 'N', 'D', 'IH', 'NG', 'Z']"
74,74,extension,RLCH,real,long,complex,2.88e-05,9,4.46,"['IH0', 'K', 'S', 'T', 'EH1', 'N', 'SH', 'AH0', 'N']","['IH', 'K', 'S', 'T', 'EH', 'N', 'SH', 'AH', 'N']",NOUN,"['IH', 'K', 'S', 'T', 'EH', 'N', 'SH', 'AH', 'N']"
75,75,describe,RLCH,real,long,complex,3.63e-05,7,4.56,"['D', 'IH0', 'S', 'K', 'R', 'AY1', 'B']","['D', 'IH', 'S', 'K', 'R', 'AY', 'B']",VERB,"['D', 'IH', 'S', 'K', 'R', 'AY', 'B']"
76,76,friendly,RLCH,real,long,complex,4.37e-05,7,4.64,"['F', 'R', 'EH1', 'N', 'D', 'L', 'IY0']","['F', 'R', 'EH', 'N', 'D', 'L', 'IY']",ADJ,"['F', 'R', 'EH', 'N', 'D', 'L', 'IY']"
77,77,activities,RLCH,real,long,complex,8.13e-05,9,4.91,"['AE0', 'K', 'T', 'IH1', 'V', 'AH0', 'T', 'IY0', 'Z']","['AE', 'K', 'T', 'IH', 'V', 'AH', 'T', 'IY', 'Z']",NOUN,"['AE', 'K', 'T', 'IH', 'V', 'AH', 'T', 'IY', 'Z']"
78,78,christian,RLCH,real,long,complex,7.59e-05,7,4.88,"['K', 'R', 'IH1', 'S', 'CH', 'AH0', 'N']","['K', 'R', 'IH', 'S', 'CH', 'AH', 'N']",ADJ,"['K', 'R', 'IH', 'S', 'CH', 'AH', 'N']"
79,79,introduced,RLCH,real,long,complex,5.25e-05,9,4.72,"['IH2', 'N', 'T', 'R', 'AH0', 'D', 'UW1', 'S', 'T']","['IH', 'N', 'T', 'R', 'AH', 'D', 'UW', 'S', 'T']",VERB,"['IH', 'N', 'T', 'R', 'AH', 'D', 'UW', 'S', 'T']"
80,80,critical,RLCH,real,long,complex,6.76e-05,8,4.83,"['K', 'R', 'IH1', 'T', 'IH0', 'K', 'AH0', 'L']","['K', 'R', 'IH', 'T', 'IH', 'K', 'AH', 'L']",ADJ,"['K', 'R', 'IH', 'T', 'IH', 'K', 'AH', 'L']"
81,81,journalist,RLCH,real,long,complex,2.4e-05,8,4.38,"['JH', 'ER1', 'N', 'AH0', 'L', 'AH0', 'S', 'T']","['JH', 'ER', 'N', 'AH', 'L', 'AH', 'S', 'T']",NOUN,"['JH', 'ER', 'N', 'AH', 'L', 'AH', 'S', 'T']"
82,82,expecting,RLCH,real,long,complex,2.63e-05,9,4.42,"['IH0', 'K', 'S', 'P', 'EH1', 'K', 'T', 'IH0', 'NG']","['IH', 'K', 'S', 'P', 'EH', 'K', 'T', 'IH', 'NG']",VERB,"['IH', 'K', 'S', 'P', 'EH', 'K', 'T', 'IH', 'NG']"
83,83,integrity,RLCH,real,long,complex,1.66e-05,9,4.22,"['IH0', 'N', 'T', 'EH1', 'G', 'R', 'AH0', 'T', 'IY0']","['IH', 'N', 'T', 'EH', 'G', 'R', 'AH', 'T', 'IY']",NOUN,"['IH', 'N', 'T', 'EH', 'G', 'R', 'AH', 'T', 'IY']"
84,84,starting,RLCH,real,long,complex,0.000117,7,5.07,"['S', 'T', 'AA1', 'R', 'T', 'IH0', 'NG']","['S', 'T', 'AA', 'R', 'T', 'IH', 'NG']",VERB,"['S', 'T', 'AA', 'R', 'T', 'IH', 'NG']"
85,85,threatened,RLCH,real,long,complex,2.29e-05,7,4.36,"['TH', 'R', 'EH1', 'T', 'AH0', 'N', 'D']","['TH', 'R', 'EH', 'T', 'AH', 'N', 'D']",VERB,"['TH', 'R', 'EH', 'T', 'AH', 'N', 'D']"
86,86,offensive,RLCH,real,long,complex,2.88e-05,7,4.46,"['AH0', 'F', 'EH1', 'N', 'S', 'IH0', 'V']","['AH', 'F', 'EH', 'N', 'S', 'IH', 'V']",ADJ,"['AH', 'F', 'EH', 'N', 'S', 'IH', 'V']"
87,87,problems,RLCH,real,long,complex,0.000155,8,5.19,"['P', 'R', 'AA1', 'B', 'L', 'AH0', 'M', 'Z']","['P', 'R', 'AA', 'B', 'L', 'AH', 'M', 'Z']",NOUN,"['P', 'R', 'AA', 'B', 'L', 'AH', 'M', 'Z']"
88,88,interesting,RLCH,real,long,complex,0.0001,9,5.0,"['IH1', 'N', 'T', 'R', 'AH0', 'S', 'T', 'IH0', 'NG']","['IH', 'N', 'T', 'R', 'AH', 'S', 'T', 'IH', 'NG']",VERB,"['IH', 'N', 'T', 'R', 'AH', 'S', 'T', 'IH', 'NG']"
89,89,credits,RLCH,real,long,complex,1.86e-05,7,4.27,"['K', 'R', 'EH1', 'D', 'IH0', 'T', 'S']","['K', 'R', 'EH', 'D', 'IH', 'T', 'S']",NOUN,"['K', 'R', 'EH', 'D', 'IH', 'T', 'S']"
90,90,islamic,RLCH,real,long,complex,2.75e-05,7,4.44,"['IH0', 'Z', 'L', 'AA1', 'M', 'IH0', 'K']","['IH', 'Z', 'L', 'AA', 'M', 'IH', 'K']",ADJ,"['IH', 'Z', 'L', 'AA', 'M', 'IH', 'K']"
91,91,recording,RLCH,real,long,complex,3.24e-05,8,4.51,"['R', 'AH0', 'K', 'AO1', 'R', 'D', 'IH0', 'NG']","['R', 'AH', 'K', 'AO', 'R', 'D', 'IH', 'NG']",VERB,"['R', 'AH', 'K', 'AO', 'R', 'D', 'IH', 'NG']"
92,92,advanced,RLCH,real,long,complex,5.13e-05,7,4.71,"['AH0', 'D', 'V', 'AE1', 'N', 'S', 'T']","['AH', 'D', 'V', 'AE', 'N', 'S', 'T']",ADJ,"['AH', 'D', 'V', 'AE', 'N', 'S', 'T']"
93,93,premium,RLCH,real,long,complex,2.14e-05,7,4.33,"['P', 'R', 'IY1', 'M', 'IY0', 'AH0', 'M']","['P', 'R', 'IY', 'M', 'IY', 'AH', 'M']",NOUN,"['P', 'R', 'IY', 'M', 'IY', 'AH', 'M']"
94,94,december,RLCH,real,long,complex,0.000117,7,5.07,"['D', 'IH0', 'S', 'EH1', 'M', 'B', 'ER0']","['D', 'IH', 'S', 'EH', 'M', 'B', 'ER']",PROPN,"['D', 'IH', 'S', 'EH', 'M', 'B', 'ER']"
95,95,emergency,RLCH,real,long,complex,5.25e-05,8,4.72,"['IH0', 'M', 'ER1', 'JH', 'AH0', 'N', 'S', 'IY0']","['IH', 'M', 'ER', 'JH', 'AH', 'N', 'S', 'IY']",NOUN,"['IH', 'M', 'ER', 'JH', 'AH', 'N', 'S', 'IY']"
96,96,mechanism,RLCH,real,long,complex,1.86e-05,9,4.27,"['M', 'EH1', 'K', 'AH0', 'N', 'IH2', 'Z', 'AH0', 'M']","['M', 'EH', 'K', 'AH', 'N', 'IH', 'Z', 'AH', 'M']",NOUN,"['M', 'EH', 'K', 'AH', 'N', 'IH', 'Z', 'AH', 'M']"
97,97,situations,RLCH,real,long,complex,2.95e-05,9,4.47,"['S', 'IH2', 'CH', 'UW0', 'EY1', 'SH', 'AH0', 'N', 'Z']","['S', 'IH', 'CH', 'UW', 'EY', 'SH', 'AH', 'N', 'Z']",NOUN,"['S', 'IH', 'CH', 'UW', 'EY', 'SH', 'AH', 'N', 'Z']"
98,98,evolution,RLCH,real,long,complex,2.57e-05,8,4.41,"['EH2', 'V', 'AH0', 'L', 'UW1', 'SH', 'AH0', 'N']","['EH', 'V', 'AH', 'L', 'UW', 'SH', 'AH', 'N']",NOUN,"['EH', 'V', 'AH', 'L', 'UW', 'SH', 'AH', 'N']"
99,99,employers,RLCH,real,long,complex,1.78e-05,7,4.25,"['EH0', 'M', 'P', 'L', 'OY1', 'ER0', 'Z']","['EH', 'M', 'P', 'L', 'OY', 'ER', 'Z']",NOUN,"['EH', 'M', 'P', 'L', 'OY', 'ER', 'Z']"
100,100,confluence,RLCL,real,long,complex,1.32e-06,9,3.12,"['K', 'AA1', 'N', 'F', 'L', 'UW0', 'AH0', 'N', 'S']","['K', 'AA', 'N', 'F', 'L', 'UW', 'AH', 'N', 'S']",NOUN,"['K', 'AA', 'N', 'F', 'L', 'UW', 'AH', 'N', 'S']"
101,101,raspberries,RLCL,real,long,complex,9.55e-07,8,2.98,"['R', 'AE1', 'Z', 'B', 'EH2', 'R', 'IY0', 'Z']","['R', 'AE', 'Z', 'B', 'EH', 'R', 'IY', 'Z']",NOUN,"['R', 'AE', 'Z', 'B', 'EH', 'R', 'IY', 'Z']"
102,102,syrians,RLCL,real,long,complex,1.38e-06,7,3.14,"['S', 'IH1', 'R', 'IY0', 'AH0', 'N', 'Z']","['S', 'IH', 'R', 'IY', 'AH', 'N', 'Z']",PROPN,"['S', 'IH', 'R', 'IY', 'AH', 'N', 'Z']"
103,103,reassurance,RLCL,real,long,complex,1.86e-06,9,3.27,"['R', 'IY2', 'AH0', 'SH', 'UH1', 'R', 'AH0', 'N', 'S']","['R', 'IY', 'AH', 'SH', 'UH', 'R', 'AH', 'N', 'S']",NOUN,"['R', 'IY', 'AH', 'SH', 'UH', 'R', 'AH', 'N', 'S']"
104,104,generously,RLCL,real,long,complex,1.95e-06,8,3.29,"['JH', 'EH1', 'N', 'ER0', 'AH0', 'S', 'L', 'IY0']","['JH', 'EH', 'N', 'ER', 'AH', 'S', 'L', 'IY']",ADV,"['JH', 'EH', 'N', 'ER', 'AH', 'S', 'L', 'IY']"
105,105,patrolled,RLCL,real,long,complex,7.94e-07,7,2.9,"['P', 'AH0', 'T', 'R', 'OW1', 'L', 'D']","['P', 'AH', 'T', 'R', 'OW', 'L', 'D']",VERB,"['P', 'AH', 'T', 'R', 'OW', 'L', 'D']"
106,106,telemetry,RLCL,real,long,complex,1e-06,9,3.0,"['T', 'AH0', 'L', 'EH1', 'M', 'AH0', 'T', 'R', 'IY0']","['T', 'AH', 'L', 'EH', 'M', 'AH', 'T', 'R', 'IY']",NOUN,"['T', 'AH', 'L', 'EH', 'M', 'AH', 'T', 'R', 'IY']"
107,107,womanhood,RLCL,real,long,complex,7.59e-07,8,2.88,"['W', 'UH1', 'M', 'AH0', 'N', 'HH', 'UH2', 'D']","['W', 'UH', 'M', 'AH', 'N', 'HH', 'UH', 'D']",NOUN,"['W', 'UH', 'M', 'AH', 'N', 'HH', 'UH', 'D']"
108,108,correlated,RLCL,real,long,complex,3.16e-06,9,3.5,"['K', 'AO1', 'R', 'AH0', 'L', 'EY2', 'T', 'AH0', 'D']","['K', 'AO', 'R', 'AH', 'L', 'EY', 'T', 'AH', 'D']",VERB,"['K', 'AO', 'R', 'AH', 'L', 'EY', 'T', 'AH', 'D']"
109,109,precarious,RLCL,real,long,complex,1.86e-06,9,3.27,"['P', 'R', 'IY0', 'K', 'EH1', 'R', 'IY0', 'AH0', 'S']","['P', 'R', 'IY', 'K', 'EH', 'R', 'IY', 'AH', 'S']",ADJ,"['P', 'R', 'IY', 'K', 'EH', 'R', 'IY', 'AH', 'S']"
110,110,narcissist,RLCL,real,long,complex,9.77e-07,9,2.99,"['N', 'AA1', 'R', 'S', 'IH0', 'S', 'IH0', 'S', 'T']","['N', 'AA', 'R', 'S', 'IH', 'S', 'IH', 'S', 'T']",NOUN,"['N', 'AA', 'R', 'S', 'IH', 'S', 'IH', 'S', 'T']"
111,111,biosphere,RLCL,real,long,complex,7.76e-07,7,2.89,"['B', 'AY1', 'OW0', 'S', 'F', 'IH2', 'R']","['B', 'AY', 'OW', 'S', 'F', 'IH', 'R']",ADV,"['B', 'AY', 'OW', 'S', 'F', 'IH', 'R']"
112,112,implants,RLCL,real,long,complex,3.16e-06,8,3.5,"['IH1', 'M', 'P', 'L', 'AE2', 'N', 'T', 'S']","['IH', 'M', 'P', 'L', 'AE', 'N', 'T', 'S']",NOUN,"['IH', 'M', 'P', 'L', 'AE', 'N', 'T', 'S']"
113,113,habitats,RLCL,real,long,complex,3.09e-06,8,3.49,"['HH', 'AE1', 'B', 'AH0', 'T', 'AE2', 'T', 'S']","['HH', 'AE', 'B', 'AH', 'T', 'AE', 'T', 'S']",NOUN,"['HH', 'AE', 'B', 'AH', 'T', 'AE', 'T', 'S']"
114,114,comedians,RLCL,real,long,complex,3.09e-06,9,3.49,"['K', 'AH0', 'M', 'IY1', 'D', 'IY0', 'AH0', 'N', 'Z']","['K', 'AH', 'M', 'IY', 'D', 'IY', 'AH', 'N', 'Z']",NOUN,"['K', 'AH', 'M', 'IY', 'D', 'IY', 'AH', 'N', 'Z']"
115,115,decimal,RLCL,real,long,complex,1.91e-06,7,3.28,"['D', 'EH1', 'S', 'AH0', 'M', 'AH0', 'L']","['D', 'EH', 'S', 'AH', 'M', 'AH', 'L']",ADJ,"['D', 'EH', 'S', 'AH', 'M', 'AH', 'L']"
116,116,blockbuster,RLCL,real,long,complex,3.02e-06,9,3.48,"['B', 'L', 'AA1', 'K', 'B', 'AH2', 'S', 'T', 'ER0']","['B', 'L', 'AA', 'K', 'B', 'AH', 'S', 'T', 'ER']",NOUN,"['B', 'L', 'AA', 'K', 'B', 'AH', 'S', 'T', 'ER']"
117,117,superfluous,RLCL,real,long,complex,1e-06,9,3.0,"['S', 'UW1', 'P', 'ER0', 'F', 'L', 'W', 'AH2', 'S']","['S', 'UW', 'P', 'ER', 'F', 'L', 'W', 'AH', 'S']",ADJ,"['S', 'UW', 'P', 'ER', 'F', 'L', 'W', 'AH', 'S']"
118,118,superpowers,RLCL,real,long,complex,1.38e-06,8,3.14,"['S', 'UW2', 'P', 'ER0', 'P', 'AW1', 'ER0', 'Z']","['S', 'UW', 'P', 'ER', 'P', 'AW', 'ER', 'Z']",NOUN,"['S', 'UW', 'P', 'ER', 'P', 'AW', 'ER', 'Z']"
119,119,hologram,RLCL,real,long,complex,1.29e-06,8,3.11,"['HH', 'AA1', 'L', 'AH0', 'G', 'R', 'AE2', 'M']","['HH', 'AA', 'L', 'AH', 'G', 'R', 'AE', 'M']",PROPN,"['HH', 'AA', 'L', 'AH', 'G', 'R', 'AE', 'M']"
120,120,duplex,RLCL,real,long,complex,1.35e-06,7,3.13,"['D', 'UW1', 'P', 'L', 'EH2', 'K', 'S']","['D', 'UW', 'P', 'L', 'EH', 'K', 'S']",NOUN,"['D', 'UW', 'P', 'L', 'EH', 'K', 'S']"
121,121,commemorate,RLCL,real,long,complex,3.09e-06,8,3.49,"['K', 'AH0', 'M', 'EH1', 'M', 'ER0', 'EY2', 'T']","['K', 'AH', 'M', 'EH', 'M', 'ER', 'EY', 'T']",VERB,"['K', 'AH', 'M', 'EH', 'M', 'ER', 'EY', 'T']"
122,122,withhold,RLCL,real,long,complex,1.91e-06,7,3.28,"['W', 'IH0', 'TH', 'HH', 'OW1', 'L', 'D']","['W', 'IH', 'TH', 'HH', 'OW', 'L', 'D']",VERB,"['W', 'IH', 'TH', 'HH', 'OW', 'L', 'D']"
123,123,bearable,RLCL,real,long,complex,7.76e-07,7,2.89,"['B', 'EH1', 'R', 'AH0', 'B', 'AH0', 'L']","['B', 'EH', 'R', 'AH', 'B', 'AH', 'L']",ADJ,"['B', 'EH', 'R', 'AH', 'B', 'AH', 'L']"
124,124,potency,RLCL,real,long,complex,1.86e-06,7,3.27,"['P', 'OW1', 'T', 'AH0', 'N', 'S', 'IY0']","['P', 'OW', 'T', 'AH', 'N', 'S', 'IY']",NOUN,"['P', 'OW', 'T', 'AH', 'N', 'S', 'IY']"
125,125,dignified,RLCL,real,long,complex,1.91e-06,8,3.28,"['D', 'IH1', 'G', 'N', 'AH0', 'F', 'AY2', 'D']","['D', 'IH', 'G', 'N', 'AH', 'F', 'AY', 'D']",ADJ,"['D', 'IH', 'G', 'N', 'AH', 'F', 'AY', 'D']"
126,126,constraint,RLCL,real,long,complex,1.91e-06,9,3.28,"['K', 'AH0', 'N', 'S', 'T', 'R', 'EY1', 'N', 'T']","['K', 'AH', 'N', 'S', 'T', 'R', 'EY', 'N', 'T']",NOUN,"['K', 'AH', 'N', 'S', 'T', 'R', 'EY', 'N', 'T']"
127,127,deterrence,RLCL,real,long,complex,9.77e-07,7,2.99,"['D', 'IH0', 'T', 'ER1', 'AH0', 'N', 'S']","['D', 'IH', 'T', 'ER', 'AH', 'N', 'S']",NOUN,"['D', 'IH', 'T', 'ER', 'AH', 'N', 'S']"
128,128,dishwasher,RLCL,real,long,complex,1.95e-06,7,3.29,"['D', 'IH1', 'SH', 'W', 'AA2', 'SH', 'ER0']","['D', 'IH', 'SH', 'W', 'AA', 'SH', 'ER']",NOUN,"['D', 'IH', 'SH', 'W', 'AA', 'SH', 'ER']"
129,129,venetian,RLCL,real,long,complex,2e-06,7,3.3,"['V', 'AH0', 'N', 'IY1', 'SH', 'AH0', 'N']","['V', 'AH', 'N', 'IY', 'SH', 'AH', 'N']",ADJ,"['V', 'AH', 'N', 'IY', 'SH', 'AH', 'N']"
130,130,shortages,RLCL,real,long,complex,3.16e-06,8,3.5,"['SH', 'AO1', 'R', 'T', 'AH0', 'JH', 'AH0', 'Z']","['SH', 'AO', 'R', 'T', 'AH', 'JH', 'AH', 'Z']",NOUN,"['SH', 'AO', 'R', 'T', 'AH', 'JH', 'AH', 'Z']"
131,131,refinery,RLCL,real,long,complex,3.09e-06,7,3.49,"['R', 'IH0', 'F', 'AY1', 'N', 'ER0', 'IY0']","['R', 'IH', 'F', 'AY', 'N', 'ER', 'IY']",NOUN,"['R', 'IH', 'F', 'AY', 'N', 'ER', 'IY']"
132,132,deodorant,RLCL,real,long,complex,1.32e-06,8,3.12,"['D', 'IY0', 'OW1', 'D', 'ER0', 'AH0', 'N', 'T']","['D', 'IY', 'OW', 'D', 'ER', 'AH', 'N', 'T']",NOUN,"['D', 'IY', 'OW', 'D', 'ER', 'AH', 'N', 'T']"
133,133,unequal,RLCL,real,long,complex,2e-06,7,3.3,"['AH0', 'N', 'IY1', 'K', 'W', 'AH0', 'L']","['AH', 'N', 'IY', 'K', 'W', 'AH', 'L']",ADJ,"['AH', 'N', 'IY', 'K', 'W', 'AH', 'L']"
134,134,famously,RLCL,real,long,complex,3.09e-06,7,3.49,"['F', 'EY1', 'M', 'AH0', 'S', 'L', 'IY0']","['F', 'EY', 'M', 'AH', 'S', 'L', 'IY']",ADV,"['F', 'EY', 'M', 'AH', 'S', 'L', 'IY']"
135,135,botanical,RLCL,real,long,complex,3.09e-06,9,3.49,"['B', 'AH0', 'T', 'AE1', 'N', 'IH0', 'K', 'AH0', 'L']","['B', 'AH', 'T', 'AE', 'N', 'IH', 'K', 'AH', 'L']",PROPN,"['B', 'AH', 'T', 'AE', 'N', 'IH', 'K', 'AH', 'L']"
136,136,multiply,RLCL,real,long,complex,3.16e-06,8,3.5,"['M', 'AH1', 'L', 'T', 'AH0', 'P', 'L', 'AY2']","['M', 'AH', 'L', 'T', 'AH', 'P', 'L', 'AY']",VERB,"['M', 'AH', 'L', 'T', 'AH', 'P', 'L', 'AY']"
137,137,bohemian,RLCL,real,long,complex,3.16e-06,8,3.5,"['B', 'OW0', 'HH', 'IY1', 'M', 'IY0', 'AH0', 'N']","['B', 'OW', 'HH', 'IY', 'M', 'IY', 'AH', 'N']",ADJ,"['B', 'OW', 'HH', 'IY', 'M', 'IY', 'AH', 'N']"
138,138,aristocrat,RLCL,real,long,complex,9.77e-07,9,2.99,"['ER0', 'IH1', 'S', 'T', 'AH0', 'K', 'R', 'AE2', 'T']","['ER', 'IH', 'S', 'T', 'AH', 'K', 'R', 'AE', 'T']",NOUN,"['ER', 'IH', 'S', 'T', 'AH', 'K', 'R', 'AE', 'T']"
139,139,glamorous,RLCL,real,long,complex,3.16e-06,7,3.5,"['G', 'L', 'AE1', 'M', 'ER0', 'AH0', 'S']","['G', 'L', 'AE', 'M', 'ER', 'AH', 'S']",ADJ,"['G', 'L', 'AE', 'M', 'ER', 'AH', 'S']"
140,140,locomotive,RLCL,real,long,complex,3.16e-06,9,3.5,"['L', 'OW2', 'K', 'AH0', 'M', 'OW1', 'T', 'IH0', 'V']","['L', 'OW', 'K', 'AH', 'M', 'OW', 'T', 'IH', 'V']",NOUN,"['L', 'OW', 'K', 'AH', 'M', 'OW', 'T', 'IH', 'V']"
141,141,daredevil,RLCL,real,long,complex,1.95e-06,8,3.29,"['D', 'EH1', 'R', 'D', 'EH2', 'V', 'AH0', 'L']","['D', 'EH', 'R', 'D', 'EH', 'V', 'AH', 'L']",NOUN,"['D', 'EH', 'R', 'D', 'EH', 'V', 'AH', 'L']"
142,142,camaraderie,RLCL,real,long,complex,9.77e-07,8,2.99,"['K', 'AA2', 'M', 'ER0', 'AA1', 'D', 'ER0', 'IY0']","['K', 'AA', 'M', 'ER', 'AA', 'D', 'ER', 'IY']",NOUN,"['K', 'AA', 'M', 'ER', 'AA', 'D', 'ER', 'IY']"
143,143,recital,RLCL,real,long,complex,1.91e-06,7,3.28,"['R', 'AH0', 'S', 'AY1', 'T', 'AH0', 'L']","['R', 'AH', 'S', 'AY', 'T', 'AH', 'L']",NOUN,"['R', 'AH', 'S', 'AY', 'T', 'AH', 'L']"
144,144,topography,RLCL,real,long,complex,1.91e-06,9,3.28,"['T', 'AH0', 'P', 'AA1', 'G', 'R', 'AH0', 'F', 'IY0']","['T', 'AH', 'P', 'AA', 'G', 'R', 'AH', 'F', 'IY']",NOUN,"['T', 'AH', 'P', 'AA', 'G', 'R', 'AH', 'F', 'IY']"
145,145,stroking,RLCL,real,long,complex,1.38e-06,7,3.14,"['S', 'T', 'R', 'OW1', 'K', 'IH0', 'NG']","['S', 'T', 'R', 'OW', 'K', 'IH', 'NG']",VERB,"['S', 'T', 'R', 'OW', 'K', 'IH', 'NG']"
146,146,yellowstone,RLCL,real,long,complex,1.91e-06,8,3.28,"['Y', 'EH1', 'L', 'OW0', 'S', 'T', 'OW2', 'N']","['Y', 'EH', 'L', 'OW', 'S', 'T', 'OW', 'N']",PROPN,"['Y', 'EH', 'L', 'OW', 'S', 'T', 'OW', 'N']"
147,147,dangling,RLCL,real,long,complex,1.95e-06,8,3.29,"['D', 'AE1', 'NG', 'G', 'AH0', 'L', 'IH0', 'NG']","['D', 'AE', 'NG', 'G', 'AH', 'L', 'IH', 'NG']",VERB,"['D', 'AE', 'NG', 'G', 'AH', 'L', 'IH', 'NG']"
148,148,telepathy,RLCL,real,long,complex,7.59e-07,8,2.88,"['T', 'AH0', 'L', 'EH1', 'P', 'AH0', 'TH', 'IY0']","['T', 'AH', 'L', 'EH', 'P', 'AH', 'TH', 'IY']",PROPN,"['T', 'AH', 'L', 'EH', 'P', 'AH', 'TH', 'IY']"
149,149,bulldozer,RLCL,real,long,complex,7.59e-07,7,2.88,"['B', 'UH1', 'L', 'D', 'OW2', 'Z', 'ER0']","['B', 'UH', 'L', 'D', 'OW', 'Z', 'ER']",NOUN,"['B', 'UH', 'L', 'D', 'OW', 'Z', 'ER']"
150,150,extortion,RLCL,real,long,complex,1.95e-06,9,3.29,"['IH0', 'K', 'S', 'T', 'AO1', 'R', 'SH', 'AH0', 'N']","['IH', 'K', 'S', 'T', 'AO', 'R', 'SH', 'AH', 'N']",NOUN,"['IH', 'K', 'S', 'T', 'AO', 'R', 'SH', 'AH', 'N']"
151,151,norwegians,RLCL,real,long,complex,7.59e-07,9,2.88,"['N', 'AO0', 'R', 'W', 'IY1', 'JH', 'AH0', 'N', 'Z']","['N', 'AO', 'R', 'W', 'IY', 'JH', 'AH', 'N', 'Z']",PROPN,"['N', 'AO', 'R', 'W', 'IY', 'JH', 'AH', 'N', 'Z']"
152,152,interchange,RLCL,real,long,complex,3.09e-06,8,3.49,"['IH1', 'N', 'T', 'ER0', 'CH', 'EY2', 'N', 'JH']","['IH', 'N', 'T', 'ER', 'CH', 'EY', 'N', 'JH']",VERB,"['IH', 'N', 'T', 'ER', 'CH', 'EY', 'N', 'JH']"
153,153,polynesian,RLCL,real,long,complex,7.94e-07,9,2.9,"['P', 'AA2', 'L', 'IH0', 'N', 'IY1', 'ZH', 'AH0', 'N']","['P', 'AA', 'L', 'IH', 'N', 'IY', 'ZH', 'AH', 'N']",ADJ,"['P', 'AA', 'L', 'IH', 'N', 'IY', 'ZH', 'AH', 'N']"
154,154,vindictive,RLCL,real,long,complex,9.55e-07,9,2.98,"['V', 'IH0', 'N', 'D', 'IH1', 'K', 'T', 'IH0', 'V']","['V', 'IH', 'N', 'D', 'IH', 'K', 'T', 'IH', 'V']",ADJ,"['V', 'IH', 'N', 'D', 'IH', 'K', 'T', 'IH', 'V']"
155,155,anaerobic,RLCL,real,long,complex,9.33e-07,7,2.97,"['AE2', 'N', 'ER0', 'OW1', 'B', 'IH0', 'K']","['AE', 'N', 'ER', 'OW', 'B', 'IH', 'K']",ADJ,"['AE', 'N', 'ER', 'OW', 'B', 'IH', 'K']"
156,156,psychopathic,RLCL,real,long,complex,7.94e-07,9,2.9,"['S', 'AY2', 'K', 'AH0', 'P', 'AE1', 'TH', 'IH0', 'K']","['S', 'AY', 'K', 'AH', 'P', 'AE', 'TH', 'IH', 'K']",ADJ,"['S', 'AY', 'K', 'AH', 'P', 'AE', 'TH', 'IH', 'K']"
157,157,footprints,RLCL,real,long,complex,1.95e-06,9,3.29,"['F', 'UH1', 'T', 'P', 'R', 'IH2', 'N', 'T', 'S']","['F', 'UH', 'T', 'P', 'R', 'IH', 'N', 'T', 'S']",NOUN,"['F', 'UH', 'T', 'P', 'R', 'IH', 'N', 'T', 'S']"
158,158,cynicism,RLCL,real,long,complex,1.35e-06,9,3.13,"['S', 'IH1', 'N', 'IH0', 'S', 'IH2', 'Z', 'AH0', 'M']","['S', 'IH', 'N', 'IH', 'S', 'IH', 'Z', 'AH', 'M']",NOUN,"['S', 'IH', 'N', 'IH', 'S', 'IH', 'Z', 'AH', 'M']"
159,159,specialize,RLCL,real,long,complex,1.91e-06,8,3.28,"['S', 'P', 'EH1', 'SH', 'AH0', 'L', 'AY2', 'Z']","['S', 'P', 'EH', 'SH', 'AH', 'L', 'AY', 'Z']",VERB,"['S', 'P', 'EH', 'SH', 'AH', 'L', 'AY', 'Z']"
160,160,pretext,RLCL,real,long,complex,1.86e-06,8,3.27,"['P', 'R', 'IY1', 'T', 'EH2', 'K', 'S', 'T']","['P', 'R', 'IY', 'T', 'EH', 'K', 'S', 'T']",NOUN,"['P', 'R', 'IY', 'T', 'EH', 'K', 'S', 'T']"
161,161,blasted,RLCL,real,long,complex,3.09e-06,7,3.49,"['B', 'L', 'AE1', 'S', 'T', 'AH0', 'D']","['B', 'L', 'AE', 'S', 'T', 'AH', 'D']",VERB,"['B', 'L', 'AE', 'S', 'T', 'AH', 'D']"
162,162,unisex,RLCL,real,long,complex,1e-06,8,3.0,"['Y', 'UW1', 'N', 'IH0', 'S', 'EH2', 'K', 'S']","['Y', 'UW', 'N', 'IH', 'S', 'EH', 'K', 'S']",NOUN,"['Y', 'UW', 'N', 'IH', 'S', 'EH', 'K', 'S']"
163,163,sculptural,RLCL,real,long,complex,7.94e-07,9,2.9,"['S', 'K', 'AH1', 'L', 'P', 'CH', 'ER0', 'AH0', 'L']","['S', 'K', 'AH', 'L', 'P', 'CH', 'ER', 'AH', 'L']",ADJ,"['S', 'K', 'AH', 'L', 'P', 'CH', 'ER', 'AH', 'L']"
164,164,virulent,RLCL,real,long,complex,7.59e-07,8,2.88,"['V', 'IH1', 'R', 'AH0', 'L', 'AH0', 'N', 'T']","['V', 'IH', 'R', 'AH', 'L', 'AH', 'N', 'T']",ADJ,"['V', 'IH', 'R', 'AH', 'L', 'AH', 'N', 'T']"
165,165,upheaval,RLCL,real,long,complex,1.35e-06,7,3.13,"['AH0', 'P', 'HH', 'IY1', 'V', 'AH0', 'L']","['AH', 'P', 'HH', 'IY', 'V', 'AH', 'L']",NOUN,"['AH', 'P', 'HH', 'IY', 'V', 'AH', 'L']"
166,166,epicenter,RLCL,real,long,complex,7.94e-07,8,2.9,"['EH1', 'P', 'AH0', 'S', 'EH2', 'N', 'T', 'ER0']","['EH', 'P', 'AH', 'S', 'EH', 'N', 'T', 'ER']",NOUN,"['EH', 'P', 'AH', 'S', 'EH', 'N', 'T', 'ER']"
167,167,obedience,RLCL,real,long,complex,3.16e-06,8,3.5,"['OW0', 'B', 'IY1', 'D', 'IY0', 'AH0', 'N', 'S']","['OW', 'B', 'IY', 'D', 'IY', 'AH', 'N', 'S']",NOUN,"['OW', 'B', 'IY', 'D', 'IY', 'AH', 'N', 'S']"
168,168,tunneling,RLCL,real,long,complex,7.94e-07,7,2.9,"['T', 'AH1', 'N', 'AH0', 'L', 'IH0', 'NG']","['T', 'AH', 'N', 'AH', 'L', 'IH', 'NG']",VERB,"['T', 'AH', 'N', 'AH', 'L', 'IH', 'NG']"
169,169,markedly,RLCL,real,long,complex,1.95e-06,8,3.29,"['M', 'AA1', 'R', 'K', 'AH0', 'D', 'L', 'IY0']","['M', 'AA', 'R', 'K', 'AH', 'D', 'L', 'IY']",ADV,"['M', 'AA', 'R', 'K', 'AH', 'D', 'L', 'IY']"
170,170,hinduism,RLCL,real,long,complex,1.86e-06,9,3.27,"['HH', 'IH1', 'N', 'JH', 'UW0', 'IH2', 'Z', 'AH0', 'M']","['HH', 'IH', 'N', 'JH', 'UW', 'IH', 'Z', 'AH', 'M']",NOUN,"['HH', 'IH', 'N', 'JH', 'UW', 'IH', 'Z', 'AH', 'M']"
171,171,agonizing,RLCL,real,long,complex,9.77e-07,8,2.99,"['AE1', 'G', 'AH0', 'N', 'AY0', 'Z', 'IH0', 'NG']","['AE', 'G', 'AH', 'N', 'AY', 'Z', 'IH', 'NG']",VERB,"['AE', 'G', 'AH', 'N', 'AY', 'Z', 'IH', 'NG']"
172,172,trampoline,RLCL,real,long,complex,1.38e-06,9,3.14,"['T', 'R', 'AE2', 'M', 'P', 'AH0', 'L', 'IY1', 'N']","['T', 'R', 'AE', 'M', 'P', 'AH', 'L', 'IY', 'N']",NOUN,"['T', 'R', 'AE', 'M', 'P', 'AH', 'L', 'IY', 'N']"
173,173,barbarian,RLCL,real,long,complex,1.91e-06,9,3.28,"['B', 'AA0', 'R', 'B', 'EH1', 'R', 'IY0', 'AH0', 'N']","['B', 'AA', 'R', 'B', 'EH', 'R', 'IY', 'AH', 'N']",ADJ,"['B', 'AA', 'R', 'B', 'EH', 'R', 'IY', 'AH', 'N']"
174,174,ancestry,RLCL,real,long,complex,3.16e-06,8,3.5,"['AE1', 'N', 'S', 'EH0', 'S', 'T', 'R', 'IY0']","['AE', 'N', 'S', 'EH', 'S', 'T', 'R', 'IY']",NOUN,"['AE', 'N', 'S', 'EH', 'S', 'T', 'R', 'IY']"
175,175,traveller,RLCL,real,long,complex,3.09e-06,7,3.49,"['T', 'R', 'AE1', 'V', 'AH0', 'L', 'ER0']","['T', 'R', 'AE', 'V', 'AH', 'L', 'ER']",NOUN,"['T', 'R', 'AE', 'V', 'AH', 'L', 'ER']"
176,176,egyptians,RLCL,real,long,complex,3.09e-06,8,3.49,"['IH0', 'JH', 'IH1', 'P', 'SH', 'AH0', 'N', 'Z']","['IH', 'JH', 'IH', 'P', 'SH', 'AH', 'N', 'Z']",PROPN,"['IH', 'JH', 'IH', 'P', 'SH', 'AH', 'N', 'Z']"
177,177,correspond,RLCL,real,long,complex,3.16e-06,9,3.5,"['K', 'AO2', 'R', 'AH0', 'S', 'P', 'AA1', 'N', 'D']","['K', 'AO', 'R', 'AH', 'S', 'P', 'AA', 'N', 'D']",VERB,"['K', 'AO', 'R', 'AH', 'S', 'P', 'AA', 'N', 'D']"
178,178,immaterial,RLCL,real,long,complex,7.76e-07,9,2.89,"['IH2', 'M', 'AH0', 'T', 'IH1', 'R', 'IY0', 'AH0', 'L']","['IH', 'M', 'AH', 'T', 'IH', 'R', 'IY', 'AH', 'L']",ADJ,"['IH', 'M', 'AH', 'T', 'IH', 'R', 'IY', 'AH', 'L']"
179,179,untimely,RLCL,real,long,complex,1.32e-06,7,3.12,"['AH0', 'N', 'T', 'AY1', 'M', 'L', 'IY0']","['AH', 'N', 'T', 'AY', 'M', 'L', 'IY']",ADJ,"['AH', 'N', 'T', 'AY', 'M', 'L', 'IY']"
180,180,caloric,RLCL,real,long,complex,9.55e-07,7,2.98,"['K', 'AH0', 'L', 'AO1', 'R', 'IH0', 'K']","['K', 'AH', 'L', 'AO', 'R', 'IH', 'K']",ADJ,"['K', 'AH', 'L', 'AO', 'R', 'IH', 'K']"
181,181,mindful,RLCL,real,long,complex,3.09e-06,7,3.49,"['M', 'AY1', 'N', 'D', 'F', 'AH0', 'L']","['M', 'AY', 'N', 'D', 'F', 'AH', 'L']",ADJ,"['M', 'AY', 'N', 'D', 'F', 'AH', 'L']"
182,182,fisherman,RLCL,real,long,complex,3.09e-06,7,3.49,"['F', 'IH1', 'SH', 'ER0', 'M', 'AE2', 'N']","['F', 'IH', 'SH', 'ER', 'M', 'AE', 'N']",NOUN,"['F', 'IH', 'SH', 'ER', 'M', 'AE', 'N']"
183,183,faithfully,RLCL,real,long,complex,1.86e-06,7,3.27,"['F', 'EY1', 'TH', 'F', 'AH0', 'L', 'IY0']","['F', 'EY', 'TH', 'F', 'AH', 'L', 'IY']",ADV,"['F', 'EY', 'TH', 'F', 'AH', 'L', 'IY']"
184,184,bartender,RLCL,real,long,complex,3.16e-06,8,3.5,"['B', 'AA1', 'R', 'T', 'EH2', 'N', 'D', 'ER0']","['B', 'AA', 'R', 'T', 'EH', 'N', 'D', 'ER']",NOUN,"['B', 'AA', 'R', 'T', 'EH', 'N', 'D', 'ER']"
185,185,reopened,RLCL,real,long,complex,3.09e-06,7,3.49,"['R', 'IY0', 'OW1', 'P', 'AH0', 'N', 'D']","['R', 'IY', 'OW', 'P', 'AH', 'N', 'D']",VERB,"['R', 'IY', 'OW', 'P', 'AH', 'N', 'D']"
186,186,parentheses,RLCL,real,long,complex,1.35e-06,9,3.13,"['P', 'ER0', 'EH1', 'N', 'TH', 'AH0', 'S', 'IY2', 'Z']","['P', 'ER', 'EH', 'N', 'TH', 'AH', 'S', 'IY', 'Z']",NOUN,"['P', 'ER', 'EH', 'N', 'TH', 'AH', 'S', 'IY', 'Z']"
187,187,subculture,RLCL,real,long,complex,9.55e-07,8,2.98,"['S', 'AH1', 'B', 'K', 'AH2', 'L', 'CH', 'ER0']","['S', 'AH', 'B', 'K', 'AH', 'L', 'CH', 'ER']",NOUN,"['S', 'AH', 'B', 'K', 'AH', 'L', 'CH', 'ER']"
188,188,adapting,RLCL,real,long,complex,3.16e-06,7,3.5,"['AH0', 'D', 'AE1', 'P', 'T', 'IH0', 'NG']","['AH', 'D', 'AE', 'P', 'T', 'IH', 'NG']",VERB,"['AH', 'D', 'AE', 'P', 'T', 'IH', 'NG']"
189,189,liberia,RLCL,real,long,complex,3.16e-06,7,3.5,"['L', 'AY0', 'B', 'IH1', 'R', 'IY0', 'AH0']","['L', 'AY', 'B', 'IH', 'R', 'IY', 'AH']",PROPN,"['L', 'AY', 'B', 'IH', 'R', 'IY', 'AH']"
190,190,coincide,RLCL,real,long,complex,3.09e-06,7,3.49,"['K', 'OW2', 'IH0', 'N', 'S', 'AY1', 'D']","['K', 'OW', 'IH', 'N', 'S', 'AY', 'D']",VERB,"['K', 'OW', 'IH', 'N', 'S', 'AY', 'D']"
191,191,westside,RLCL,real,long,complex,1e-06,7,3.0,"['W', 'EH1', 'S', 'T', 'S', 'AY1', 'D']","['W', 'EH', 'S', 'T', 'S', 'AY', 'D']",NOUN,"['W', 'EH', 'S', 'T', 'S', 'AY', 'D']"
192,192,homophobic,RLCL,real,long,complex,3.16e-06,9,3.5,"['HH', 'OW2', 'M', 'AH0', 'F', 'OW1', 'B', 'IH0', 'K']","['HH', 'OW', 'M', 'AH', 'F', 'OW', 'B', 'IH', 'K']",ADJ,"['HH', 'OW', 'M', 'AH', 'F', 'OW', 'B', 'IH', 'K']"
193,193,consular,RLCL,real,long,complex,1.95e-06,7,3.29,"['K', 'AA1', 'N', 'S', 'AH0', 'L', 'ER0']","['K', 'AA', 'N', 'S', 'AH', 'L', 'ER']",ADJ,"['K', 'AA', 'N', 'S', 'AH', 'L', 'ER']"
194,194,suspicions,RLCL,real,long,complex,3.09e-06,9,3.49,"['S', 'AH0', 'S', 'P', 'IH1', 'SH', 'AH0', 'N', 'Z']","['S', 'AH', 'S', 'P', 'IH', 'SH', 'AH', 'N', 'Z']",NOUN,"['S', 'AH', 'S', 'P', 'IH', 'SH', 'AH', 'N', 'Z']"
195,195,pendulum,RLCL,real,long,complex,1.86e-06,8,3.27,"['P', 'EH1', 'N', 'JH', 'AH0', 'L', 'AH0', 'M']","['P', 'EH', 'N', 'JH', 'AH', 'L', 'AH', 'M']",NOUN,"['P', 'EH', 'N', 'JH', 'AH', 'L', 'AH', 'M']"
196,196,archival,RLCL,real,long,complex,1.91e-06,7,3.28,"['AA0', 'R', 'K', 'AY1', 'V', 'AH0', 'L']","['AA', 'R', 'K', 'AY', 'V', 'AH', 'L']",ADJ,"['AA', 'R', 'K', 'AY', 'V', 'AH', 'L']"
197,197,steadfast,RLCL,real,long,complex,1.38e-06,8,3.14,"['S', 'T', 'EH1', 'D', 'F', 'AE2', 'S', 'T']","['S', 'T', 'EH', 'D', 'F', 'AE', 'S', 'T']",ADJ,"['S', 'T', 'EH', 'D', 'F', 'AE', 'S', 'T']"
198,198,goldberg,RLCL,real,long,complex,3.16e-06,7,3.5,"['G', 'OW1', 'L', 'D', 'B', 'ER0', 'G']","['G', 'OW', 'L', 'D', 'B', 'ER', 'G']",PROPN,"['G', 'OW', 'L', 'D', 'B', 'ER', 'G']"
199,199,mediator,RLCL,real,long,complex,1.95e-06,7,3.29,"['M', 'IY1', 'D', 'IY0', 'EY2', 'T', 'ER0']","['M', 'IY', 'D', 'IY', 'EY', 'T', 'ER']",NOUN,"['M', 'IY', 'D', 'IY', 'EY', 'T', 'ER']"
200,200,contact,RLSH,real,long,simple,9.77e-05,7,4.99,"['K', 'AA1', 'N', 'T', 'AE2', 'K', 'T']","['K', 'AA', 'N', 'T', 'AE', 'K', 'T']",NOUN,"['K', 'AA', 'N', 'T', 'AE', 'K', 'T']"
201,201,concept,RLSH,real,long,simple,5.89e-05,7,4.77,"['K', 'AA1', 'N', 'S', 'EH0', 'P', 'T']","['K', 'AA', 'N', 'S', 'EH', 'P', 'T']",NOUN,"['K', 'AA', 'N', 'S', 'EH', 'P', 'T']"
202,202,funeral,RLSH,real,long,simple,2.34e-05,7,4.37,"['F', 'Y', 'UW1', 'N', 'ER0', 'AH0', 'L']","['F', 'Y', 'UW', 'N', 'ER', 'AH', 'L']",NOUN,"['F', 'Y', 'UW', 'N', 'ER', 'AH', 'L']"
203,203,marijuana,RLSH,real,long,simple,1.58e-05,8,4.2,"['M', 'EH2', 'R', 'AH0', 'W', 'AA1', 'N', 'AH0']","['M', 'EH', 'R', 'AH', 'W', 'AA', 'N', 'AH']",NOUN,"['M', 'EH', 'R', 'AH', 'W', 'AA', 'N', 'AH']"
204,204,clinton,RLSH,real,long,simple,3.72e-05,7,4.57,"['K', 'L', 'IH1', 'N', 'T', 'AH0', 'N']","['K', 'L', 'IH', 'N', 'T', 'AH', 'N']",PROPN,"['K', 'L', 'IH', 'N', 'T', 'AH', 'N']"
205,205,strategy,RLSH,real,long,simple,5.5e-05,8,4.74,"['S', 'T', 'R', 'AE1', 'T', 'AH0', 'JH', 'IY0']","['S', 'T', 'R', 'AE', 'T', 'AH', 'JH', 'IY']",NOUN,"['S', 'T', 'R', 'AE', 'T', 'AH', 'JH', 'IY']"
206,206,husband,RLSH,real,long,simple,0.0001,7,5.0,"['HH', 'AH1', 'Z', 'B', 'AH0', 'N', 'D']","['HH', 'AH', 'Z', 'B', 'AH', 'N', 'D']",NOUN,"['HH', 'AH', 'Z', 'B', 'AH', 'N', 'D']"
207,207,washington,RLSH,real,long,simple,0.00012,8,5.08,"['W', 'AA1', 'SH', 'IH0', 'NG', 'T', 'AH0', 'N']","['W', 'AA', 'SH', 'IH', 'NG', 'T', 'AH', 'N']",PROPN,"['W', 'AA', 'SH', 'IH', 'NG', 'T', 'AH', 'N']"
208,208,ultimate,RLSH,real,long,simple,3.39e-05,7,4.53,"['AH1', 'L', 'T', 'AH0', 'M', 'AH0', 'T']","['AH', 'L', 'T', 'AH', 'M', 'AH', 'T']",ADJ,"['AH', 'L', 'T', 'AH', 'M', 'AH', 'T']"
209,209,domestic,RLSH,real,long,simple,4.9e-05,8,4.69,"['D', 'AH0', 'M', 'EH1', 'S', 'T', 'IH0', 'K']","['D', 'AH', 'M', 'EH', 'S', 'T', 'IH', 'K']",ADJ,"['D', 'AH', 'M', 'EH', 'S', 'T', 'IH', 'K']"
210,210,arsenal,RLSH,real,long,simple,2.04e-05,7,4.31,"['AA1', 'R', 'S', 'AH0', 'N', 'AH0', 'L']","['AA', 'R', 'S', 'AH', 'N', 'AH', 'L']",ADJ,"['AA', 'R', 'S', 'AH', 'N', 'AH', 'L']"
211,211,lieutenant,RLSH,real,long,simple,2.75e-05,8,4.44,"['L', 'UW0', 'T', 'EH1', 'N', 'AH0', 'N', 'T']","['L', 'UW', 'T', 'EH', 'N', 'AH', 'N', 'T']",NOUN,"['L', 'UW', 'T', 'EH', 'N', 'AH', 'N', 'T']"
212,212,present,RLSH,real,long,simple,0.000151,7,5.18,"['P', 'R', 'EH1', 'Z', 'AH0', 'N', 'T']","['P', 'R', 'EH', 'Z', 'AH', 'N', 'T']",VERB,"['P', 'R', 'EH', 'Z', 'AH', 'N', 'T']"
213,213,element,RLSH,real,long,simple,2.88e-05,7,4.46,"['EH1', 'L', 'AH0', 'M', 'AH0', 'N', 'T']","['EH', 'L', 'AH', 'M', 'AH', 'N', 'T']",NOUN,"['EH', 'L', 'AH', 'M', 'AH', 'N', 'T']"
214,214,instance,RLSH,real,long,simple,3.89e-05,7,4.59,"['IH1', 'N', 'S', 'T', 'AH0', 'N', 'S']","['IH', 'N', 'S', 'T', 'AH', 'N', 'S']",NOUN,"['IH', 'N', 'S', 'T', 'AH', 'N', 'S']"
215,215,sentence,RLSH,real,long,simple,3.8e-05,7,4.58,"['S', 'EH1', 'N', 'T', 'AH0', 'N', 'S']","['S', 'EH', 'N', 'T', 'AH', 'N', 'S']",NOUN,"['S', 'EH', 'N', 'T', 'AH', 'N', 'S']"
216,216,vulnerable,RLSH,real,long,simple,1.62e-05,9,4.21,"['V', 'AH1', 'L', 'N', 'ER0', 'AH0', 'B', 'AH0', 'L']","['V', 'AH', 'L', 'N', 'ER', 'AH', 'B', 'AH', 'L']",ADJ,"['V', 'AH', 'L', 'N', 'ER', 'AH', 'B', 'AH', 'L']"
217,217,implement,RLSH,real,long,simple,1.58e-05,9,4.2,"['IH1', 'M', 'P', 'L', 'AH0', 'M', 'AH0', 'N', 'T']","['IH', 'M', 'P', 'L', 'AH', 'M', 'AH', 'N', 'T']",VERB,"['IH', 'M', 'P', 'L', 'AH', 'M', 'AH', 'N', 'T']"
218,218,galaxy,RLSH,real,long,simple,1.91e-05,7,4.28,"['G', 'AE1', 'L', 'AH0', 'K', 'S', 'IY0']","['G', 'AE', 'L', 'AH', 'K', 'S', 'IY']",NOUN,"['G', 'AE', 'L', 'AH', 'K', 'S', 'IY']"
219,219,museum,RLSH,real,long,simple,5.13e-05,7,4.71,"['M', 'Y', 'UW0', 'Z', 'IY1', 'AH0', 'M']","['M', 'Y', 'UW', 'Z', 'IY', 'AH', 'M']",NOUN,"['M', 'Y', 'UW', 'Z', 'IY', 'AH', 'M']"
220,220,economy,RLSH,real,long,simple,7.41e-05,7,4.87,"['IH0', 'K', 'AA1', 'N', 'AH0', 'M', 'IY0']","['IH', 'K', 'AA', 'N', 'AH', 'M', 'IY']",NOUN,"['IH', 'K', 'AA', 'N', 'AH', 'M', 'IY']"
221,221,ordinary,RLSH,real,long,simple,2.63e-05,8,4.42,"['AO1', 'R', 'D', 'AH0', 'N', 'EH2', 'R', 'IY0']","['AO', 'R', 'D', 'AH', 'N', 'EH', 'R', 'IY']",ADJ,"['AO', 'R', 'D', 'AH', 'N', 'EH', 'R', 'IY']"
222,222,suspect,RLSH,real,long,simple,3.24e-05,7,4.51,"['S', 'AH1', 'S', 'P', 'EH2', 'K', 'T']","['S', 'AH', 'S', 'P', 'EH', 'K', 'T']",VERB,"['S', 'AH', 'S', 'P', 'EH', 'K', 'T']"
223,223,principle,RLSH,real,long,simple,2.19e-05,9,4.34,"['P', 'R', 'IH1', 'N', 'S', 'AH0', 'P', 'AH0', 'L']","['P', 'R', 'IH', 'N', 'S', 'AH', 'P', 'AH', 'L']",NOUN,"['P', 'R', 'IH', 'N', 'S', 'AH', 'P', 'AH', 'L']"
224,224,consider,RLSH,real,long,simple,9.77e-05,7,4.99,"['K', 'AH0', 'N', 'S', 'IH1', 'D', 'ER0']","['K', 'AH', 'N', 'S', 'IH', 'D', 'ER']",VERB,"['K', 'AH', 'N', 'S', 'IH', 'D', 'ER']"
225,225,usual,RLSH,real,long,simple,4.17e-05,7,4.62,"['Y', 'UW1', 'ZH', 'AH0', 'W', 'AH0', 'L']","['Y', 'UW', 'ZH', 'AH', 'W', 'AH', 'L']",ADJ,"['Y', 'UW', 'ZH', 'AH', 'W', 'AH', 'L']"
226,226,concrete,RLSH,real,long,simple,2.75e-05,7,4.44,"['K', 'AH0', 'N', 'K', 'R', 'IY1', 'T']","['K', 'AH', 'N', 'K', 'R', 'IY', 'T']",NOUN,"['K', 'AH', 'N', 'K', 'R', 'IY', 'T']"
227,227,possible,RLSH,real,long,simple,0.000229,7,5.36,"['P', 'AA1', 'S', 'AH0', 'B', 'AH0', 'L']","['P', 'AA', 'S', 'AH', 'B', 'AH', 'L']",ADJ,"['P', 'AA', 'S', 'AH', 'B', 'AH', 'L']"
228,228,expense,RLSH,real,long,simple,1.7e-05,7,4.23,"['IH0', 'K', 'S', 'P', 'EH1', 'N', 'S']","['IH', 'K', 'S', 'P', 'EH', 'N', 'S']",NOUN,"['IH', 'K', 'S', 'P', 'EH', 'N', 'S']"
229,229,manual,RLSH,real,long,simple,2.09e-05,7,4.32,"['M', 'AE1', 'N', 'Y', 'UW0', 'AH0', 'L']","['M', 'AE', 'N', 'Y', 'UW', 'AH', 'L']",ADJ,"['M', 'AE', 'N', 'Y', 'UW', 'AH', 'L']"
230,230,wisconsin,RLSH,real,long,simple,2.29e-05,9,4.36,"['W', 'IH0', 'S', 'K', 'AA1', 'N', 'S', 'AH0', 'N']","['W', 'IH', 'S', 'K', 'AA', 'N', 'S', 'AH', 'N']",PROPN,"['W', 'IH', 'S', 'K', 'AA', 'N', 'S', 'AH', 'N']"
231,231,oxygen,RLSH,real,long,simple,1.78e-05,7,4.25,"['AA1', 'K', 'S', 'AH0', 'JH', 'AH0', 'N']","['AA', 'K', 'S', 'AH', 'JH', 'AH', 'N']",NOUN,"['AA', 'K', 'S', 'AH', 'JH', 'AH', 'N']"
232,232,advocate,RLSH,real,long,simple,1.62e-05,7,4.21,"['AE1', 'D', 'V', 'AH0', 'K', 'AH0', 'T']","['AE', 'D', 'V', 'AH', 'K', 'AH', 'T']",VERB,"['AE', 'D', 'V', 'AH', 'K', 'AH', 'T']"
233,233,attention,RLSH,real,long,simple,0.000129,7,5.11,"['AH0', 'T', 'EH1', 'N', 'SH', 'AH0', 'N']","['AH', 'T', 'EH', 'N', 'SH', 'AH', 'N']",NOUN,"['AH', 'T', 'EH', 'N', 'SH', 'AH', 'N']"
234,234,genuine,RLSH,real,long,simple,2.34e-05,8,4.37,"['JH', 'EH1', 'N', 'Y', 'AH0', 'W', 'AH0', 'N']","['JH', 'EH', 'N', 'Y', 'AH', 'W', 'AH', 'N']",ADJ,"['JH', 'EH', 'N', 'Y', 'AH', 'W', 'AH', 'N']"
235,235,important,RLSH,real,long,simple,0.000275,9,5.44,"['IH0', 'M', 'P', 'AO1', 'R', 'T', 'AH0', 'N', 'T']","['IH', 'M', 'P', 'AO', 'R', 'T', 'AH', 'N', 'T']",ADJ,"['IH', 'M', 'P', 'AO', 'R', 'T', 'AH', 'N', 'T']"
236,236,volunteer,RLSH,real,long,simple,1.91e-05,8,4.28,"['V', 'AA2', 'L', 'AH0', 'N', 'T', 'IH1', 'R']","['V', 'AA', 'L', 'AH', 'N', 'T', 'IH', 'R']",NOUN,"['V', 'AA', 'L', 'AH', 'N', 'T', 'IH', 'R']"
237,237,apparent,RLSH,real,long,simple,2.09e-05,7,4.32,"['AH0', 'P', 'EH1', 'R', 'AH0', 'N', 'T']","['AH', 'P', 'EH', 'R', 'AH', 'N', 'T']",ADJ,"['AH', 'P', 'EH', 'R', 'AH', 'N', 'T']"
238,238,anniversary,RLSH,real,long,simple,3.39e-05,8,4.53,"['AE2', 'N', 'AH0', 'V', 'ER1', 'S', 'ER0', 'IY0']","['AE', 'N', 'AH', 'V', 'ER', 'S', 'ER', 'IY']",NOUN,"['AE', 'N', 'AH', 'V', 'ER', 'S', 'ER', 'IY']"
239,239,respect,RLSH,real,long,simple,0.000107,7,5.03,"['R', 'IH0', 'S', 'P', 'EH1', 'K', 'T']","['R', 'IH', 'S', 'P', 'EH', 'K', 'T']",NOUN,"['R', 'IH', 'S', 'P', 'EH', 'K', 'T']"
240,240,faculty,RLSH,real,long,simple,2.09e-05,7,4.32,"['F', 'AE1', 'K', 'AH0', 'L', 'T', 'IY0']","['F', 'AE', 'K', 'AH', 'L', 'T', 'IY']",NOUN,"['F', 'AE', 'K', 'AH', 'L', 'T', 'IY']"
241,241,efficient,RLSH,real,long,simple,2.63e-05,7,4.42,"['IH0', 'F', 'IH1', 'SH', 'AH0', 'N', 'T']","['IH', 'F', 'IH', 'SH', 'AH', 'N', 'T']",ADJ,"['IH', 'F', 'IH', 'SH', 'AH', 'N', 'T']"
242,242,curious,RLSH,real,long,simple,2.82e-05,7,4.45,"['K', 'Y', 'UH1', 'R', 'IY0', 'AH0', 'S']","['K', 'Y', 'UH', 'R', 'IY', 'AH', 'S']",ADJ,"['K', 'Y', 'UH', 'R', 'IY', 'AH', 'S']"
243,243,interest,RLSH,real,long,simple,0.000148,7,5.17,"['IH1', 'N', 'T', 'R', 'AH0', 'S', 'T']","['IH', 'N', 'T', 'R', 'AH', 'S', 'T']",NOUN,"['IH', 'N', 'T', 'R', 'AH', 'S', 'T']"
244,244,position,RLSH,real,long,simple,0.000162,7,5.21,"['P', 'AH0', 'Z', 'IH1', 'SH', 'AH0', 'N']","['P', 'AH', 'Z', 'IH', 'SH', 'AH', 'N']",NOUN,"['P', 'AH', 'Z', 'IH', 'SH', 'AH', 'N']"
245,245,estimate,RLSH,real,long,simple,1.95e-05,7,4.29,"['EH1', 'S', 'T', 'AH0', 'M', 'AH0', 'T']","['EH', 'S', 'T', 'AH', 'M', 'AH', 'T']",VERB,"['EH', 'S', 'T', 'AH', 'M', 'AH', 'T']"
246,246,pregnant,RLSH,real,long,simple,3.63e-05,8,4.56,"['P', 'R', 'EH1', 'G', 'N', 'AH0', 'N', 'T']","['P', 'R', 'EH', 'G', 'N', 'AH', 'N', 'T']",ADJ,"['P', 'R', 'EH', 'G', 'N', 'AH', 'N', 'T']"
247,247,conflict,RLSH,real,long,simple,4.37e-05,8,4.64,"['K', 'AA1', 'N', 'F', 'L', 'IH0', 'K', 'T']","['K', 'AA', 'N', 'F', 'L', 'IH', 'K', 'T']",NOUN,"['K', 'AA', 'N', 'F', 'L', 'IH', 'K', 'T']"
248,248,academy,RLSH,real,long,simple,3.72e-05,7,4.57,"['AH0', 'K', 'AE1', 'D', 'AH0', 'M', 'IY0']","['AH', 'K', 'AE', 'D', 'AH', 'M', 'IY']",NOUN,"['AH', 'K', 'AE', 'D', 'AH', 'M', 'IY']"
249,249,innocent,RLSH,real,long,simple,2.82e-05,7,4.45,"['IH1', 'N', 'AH0', 'S', 'AH0', 'N', 'T']","['IH', 'N', 'AH', 'S', 'AH', 'N', 'T']",ADJ,"['IH', 'N', 'AH', 'S', 'AH', 'N', 'T']"
250,250,houston,RLSH,real,long,simple,2.63e-05,7,4.42,"['HH', 'Y', 'UW1', 'S', 'T', 'AH0', 'N']","['HH', 'Y', 'UW', 'S', 'T', 'AH', 'N']",PROPN,"['HH', 'Y', 'UW', 'S', 'T', 'AH', 'N']"
251,251,vehicle,RLSH,real,long,simple,5.75e-05,7,4.76,"['V', 'IY1', 'HH', 'IH0', 'K', 'AH0', 'L']","['V', 'IY', 'HH', 'IH', 'K', 'AH', 'L']",NOUN,"['V', 'IY', 'HH', 'IH', 'K', 'AH', 'L']"
252,252,category,RLSH,real,long,simple,3.72e-05,8,4.57,"['K', 'AE1', 'T', 'AH0', 'G', 'AO2', 'R', 'IY0']","['K', 'AE', 'T', 'AH', 'G', 'AO', 'R', 'IY']",NOUN,"['K', 'AE', 'T', 'AH', 'G', 'AO', 'R', 'IY']"
253,253,stadium,RLSH,real,long,simple,4.27e-05,7,4.63,"['S', 'T', 'EY1', 'D', 'IY0', 'AH0', 'M']","['S', 'T', 'EY', 'D', 'IY', 'AH', 'M']",NOUN,"['S', 'T', 'EY', 'D', 'IY', 'AH', 'M']"
254,254,violent,RLSH,real,long,simple,2.88e-05,7,4.46,"['V', 'AY1', 'AH0', 'L', 'AH0', 'N', 'T']","['V', 'AY', 'AH', 'L', 'AH', 'N', 'T']",ADJ,"['V', 'AY', 'AH', 'L', 'AH', 'N', 'T']"
255,255,struggle,RLSH,real,long,simple,4.17e-05,7,4.62,"['S', 'T', 'R', 'AH1', 'G', 'AH0', 'L']","['S', 'T', 'R', 'AH', 'G', 'AH', 'L']",VERB,"['S', 'T', 'R', 'AH', 'G', 'AH', 'L']"
256,256,respond,RLSH,real,long,simple,3.39e-05,7,4.53,"['R', 'IH0', 'S', 'P', 'AA1', 'N', 'D']","['R', 'IH', 'S', 'P', 'AA', 'N', 'D']",VERB,"['R', 'IH', 'S', 'P', 'AA', 'N', 'D']"
257,257,register,RLSH,real,long,simple,3.89e-05,7,4.59,"['R', 'EH1', 'JH', 'IH0', 'S', 'T', 'ER0']","['R', 'EH', 'JH', 'IH', 'S', 'T', 'ER']",VERB,"['R', 'EH', 'JH', 'IH', 'S', 'T', 'ER']"
258,258,mutual,RLSH,real,long,simple,1.82e-05,8,4.26,"['M', 'Y', 'UW1', 'CH', 'AH0', 'W', 'AH0', 'L']","['M', 'Y', 'UW', 'CH', 'AH', 'W', 'AH', 'L']",ADJ,"['M', 'Y', 'UW', 'CH', 'AH', 'W', 'AH', 'L']"
259,259,hospital,RLSH,real,long,simple,0.000117,8,5.07,"['HH', 'AA1', 'S', 'P', 'IH2', 'T', 'AH0', 'L']","['HH', 'AA', 'S', 'P', 'IH', 'T', 'AH', 'L']",NOUN,"['HH', 'AA', 'S', 'P', 'IH', 'T', 'AH', 'L']"
260,260,determine,RLSH,real,long,simple,4.27e-05,7,4.63,"['D', 'AH0', 'T', 'ER1', 'M', 'AH0', 'N']","['D', 'AH', 'T', 'ER', 'M', 'AH', 'N']",VERB,"['D', 'AH', 'T', 'ER', 'M', 'AH', 'N']"
261,261,request,RLSH,real,long,simple,5.75e-05,7,4.76,"['R', 'IH0', 'K', 'W', 'EH1', 'S', 'T']","['R', 'IH', 'K', 'W', 'EH', 'S', 'T']",VERB,"['R', 'IH', 'K', 'W', 'EH', 'S', 'T']"
262,262,november,RLSH,real,long,simple,0.000126,7,5.1,"['N', 'OW0', 'V', 'EH1', 'M', 'B', 'ER0']","['N', 'OW', 'V', 'EH', 'M', 'B', 'ER']",PROPN,"['N', 'OW', 'V', 'EH', 'M', 'B', 'ER']"
263,263,project,RLSH,real,long,simple,0.000166,7,5.22,"['P', 'R', 'AA1', 'JH', 'EH0', 'K', 'T']","['P', 'R', 'AA', 'JH', 'EH', 'K', 'T']",NOUN,"['P', 'R', 'AA', 'JH', 'EH', 'K', 'T']"
264,264,secretary,RLSH,real,long,simple,8.91e-05,9,4.95,"['S', 'EH1', 'K', 'R', 'AH0', 'T', 'EH2', 'R', 'IY0']","['S', 'EH', 'K', 'R', 'AH', 'T', 'EH', 'R', 'IY']",NOUN,"['S', 'EH', 'K', 'R', 'AH', 'T', 'EH', 'R', 'IY']"
265,265,disaster,RLSH,real,long,simple,2.45e-05,7,4.39,"['D', 'IH0', 'Z', 'AE1', 'S', 'T', 'ER0']","['D', 'IH', 'Z', 'AE', 'S', 'T', 'ER']",NOUN,"['D', 'IH', 'Z', 'AE', 'S', 'T', 'ER']"
266,266,guarantee,RLSH,real,long,simple,2.75e-05,7,4.44,"['G', 'EH2', 'R', 'AH0', 'N', 'T', 'IY1']","['G', 'EH', 'R', 'AH', 'N', 'T', 'IY']",VERB,"['G', 'EH', 'R', 'AH', 'N', 'T', 'IY']"
267,267,appreciate,RLSH,real,long,simple,5.5e-05,8,4.74,"['AH0', 'P', 'R', 'IY1', 'SH', 'IY0', 'EY2', 'T']","['AH', 'P', 'R', 'IY', 'SH', 'IY', 'EY', 'T']",VERB,"['AH', 'P', 'R', 'IY', 'SH', 'IY', 'EY', 'T']"
268,268,conduct,RLSH,real,long,simple,3.31e-05,7,4.52,"['K', 'AA1', 'N', 'D', 'AH0', 'K', 'T']","['K', 'AA', 'N', 'D', 'AH', 'K', 'T']",VERB,"['K', 'AA', 'N', 'D', 'AH', 'K', 'T']"
269,269,consent,RLSH,real,long,simple,2.29e-05,7,4.36,"['K', 'AH0', 'N', 'S', 'EH1', 'N', 'T']","['K', 'AH', 'N', 'S', 'EH', 'N', 'T']",NOUN,"['K', 'AH', 'N', 'S', 'EH', 'N', 'T']"
270,270,strength,RLSH,real,long,simple,6.31e-05,7,4.8,"['S', 'T', 'R', 'EH1', 'NG', 'K', 'TH']","['S', 'T', 'R', 'EH', 'NG', 'K', 'TH']",NOUN,"['S', 'T', 'R', 'EH', 'NG', 'K', 'TH']"
271,271,america,RLSH,real,long,simple,0.000166,7,5.22,"['AH0', 'M', 'EH1', 'R', 'AH0', 'K', 'AH0']","['AH', 'M', 'EH', 'R', 'AH', 'K', 'AH']",PROPN,"['AH', 'M', 'EH', 'R', 'AH', 'K', 'AH']"
272,272,alabama,RLSH,real,long,simple,1.82e-05,7,4.26,"['AE2', 'L', 'AH0', 'B', 'AE1', 'M', 'AH0']","['AE', 'L', 'AH', 'B', 'AE', 'M', 'AH']",PROPN,"['AE', 'L', 'AH', 'B', 'AE', 'M', 'AH']"
273,273,problem,RLSH,real,long,simple,0.000251,7,5.4,"['P', 'R', 'AA1', 'B', 'L', 'AH0', 'M']","['P', 'R', 'AA', 'B', 'L', 'AH', 'M']",NOUN,"['P', 'R', 'AA', 'B', 'L', 'AH', 'M']"
274,274,singapore,RLSH,real,long,simple,2.24e-05,7,4.35,"['S', 'IH1', 'NG', 'AH0', 'P', 'AO2', 'R']","['S', 'IH', 'NG', 'AH', 'P', 'AO', 'R']",PROPN,"['S', 'IH', 'NG', 'AH', 'P', 'AO', 'R']"
275,275,incident,RLSH,real,long,simple,3.47e-05,8,4.54,"['IH1', 'N', 'S', 'AH0', 'D', 'AH0', 'N', 'T']","['IH', 'N', 'S', 'AH', 'D', 'AH', 'N', 'T']",NOUN,"['IH', 'N', 'S', 'AH', 'D', 'AH', 'N', 'T']"
276,276,portrait,RLSH,real,long,simple,1.66e-05,7,4.22,"['P', 'AO1', 'R', 'T', 'R', 'AH0', 'T']","['P', 'AO', 'R', 'T', 'R', 'AH', 'T']",NOUN,"['P', 'AO', 'R', 'T', 'R', 'AH', 'T']"
277,277,regular,RLSH,real,long,simple,8.91e-05,7,4.95,"['R', 'EH1', 'G', 'Y', 'AH0', 'L', 'ER0']","['R', 'EH', 'G', 'Y', 'AH', 'L', 'ER']",ADJ,"['R', 'EH', 'G', 'Y', 'AH', 'L', 'ER']"
278,278,hamilton,RLSH,real,long,simple,2.04e-05,8,4.31,"['HH', 'AE1', 'M', 'AH0', 'L', 'T', 'AH0', 'N']","['HH', 'AE', 'M', 'AH', 'L', 'T', 'AH', 'N']",PROPN,"['HH', 'AE', 'M', 'AH', 'L', 'T', 'AH', 'N']"
279,279,contract,RLSH,real,long,simple,8.71e-05,8,4.94,"['K', 'AA1', 'N', 'T', 'R', 'AE2', 'K', 'T']","['K', 'AA', 'N', 'T', 'R', 'AE', 'K', 'T']",NOUN,"['K', 'AA', 'N', 'T', 'R', 'AE', 'K', 'T']"
280,280,convince,RLSH,real,long,simple,1.82e-05,7,4.26,"['K', 'AH0', 'N', 'V', 'IH1', 'N', 'S']","['K', 'AH', 'N', 'V', 'IH', 'N', 'S']",VERB,"['K', 'AH', 'N', 'V', 'IH', 'N', 'S']"
281,281,tournament,RLSH,real,long,simple,3.63e-05,9,4.56,"['T', 'UH1', 'R', 'N', 'AH0', 'M', 'AH0', 'N', 'T']","['T', 'UH', 'R', 'N', 'AH', 'M', 'AH', 'N', 'T']",NOUN,"['T', 'UH', 'R', 'N', 'AH', 'M', 'AH', 'N', 'T']"
282,282,alcohol,RLSH,real,long,simple,4.07e-05,7,4.61,"['AE1', 'L', 'K', 'AH0', 'HH', 'AA2', 'L']","['AE', 'L', 'K', 'AH', 'HH', 'AA', 'L']",NOUN,"['AE', 'L', 'K', 'AH', 'HH', 'AA', 'L']"
283,283,complete,RLSH,real,long,simple,0.000126,7,5.1,"['K', 'AH0', 'M', 'P', 'L', 'IY1', 'T']","['K', 'AH', 'M', 'P', 'L', 'IY', 'T']",VERB,"['K', 'AH', 'M', 'P', 'L', 'IY', 'T']"
284,284,province,RLSH,real,long,simple,2.95e-05,7,4.47,"['P', 'R', 'AA1', 'V', 'AH0', 'N', 'S']","['P', 'R', 'AA', 'V', 'AH', 'N', 'S']",NOUN,"['P', 'R', 'AA', 'V', 'AH', 'N', 'S']"
285,285,subject,RLSH,real,long,simple,9.12e-05,7,4.96,"['S', 'AH1', 'B', 'JH', 'IH0', 'K', 'T']","['S', 'AH', 'B', 'JH', 'IH', 'K', 'T']",NOUN,"['S', 'AH', 'B', 'JH', 'IH', 'K', 'T']"
286,286,mexico,RLSH,real,long,simple,5.62e-05,7,4.75,"['M', 'EH1', 'K', 'S', 'AH0', 'K', 'OW2']","['M', 'EH', 'K', 'S', 'AH', 'K', 'OW']",PROPN,"['M', 'EH', 'K', 'S', 'AH', 'K', 'OW']"
287,287,parliament,RLSH,real,long,simple,5.5e-05,9,4.74,"['P', 'AA1', 'R', 'L', 'AH0', 'M', 'AH0', 'N', 'T']","['P', 'AA', 'R', 'L', 'AH', 'M', 'AH', 'N', 'T']",NOUN,"['P', 'AA', 'R', 'L', 'AH', 'M', 'AH', 'N', 'T']"
288,288,margaret,RLSH,real,long,simple,1.7e-05,7,4.23,"['M', 'AA1', 'R', 'G', 'ER0', 'IH0', 'T']","['M', 'AA', 'R', 'G', 'ER', 'IH', 'T']",PROPN,"['M', 'AA', 'R', 'G', 'ER', 'IH', 'T']"
289,289,principal,RLSH,real,long,simple,3.31e-05,9,4.52,"['P', 'R', 'IH1', 'N', 'S', 'AH0', 'P', 'AH0', 'L']","['P', 'R', 'IH', 'N', 'S', 'AH', 'P', 'AH', 'L']",NOUN,"['P', 'R', 'IH', 'N', 'S', 'AH', 'P', 'AH', 'L']"
290,290,magazine,RLSH,real,long,simple,5.5e-05,7,4.74,"['M', 'AE1', 'G', 'AH0', 'Z', 'IY2', 'N']","['M', 'AE', 'G', 'AH', 'Z', 'IY', 'N']",NOUN,"['M', 'AE', 'G', 'AH', 'Z', 'IY', 'N']"
291,291,candidate,RLSH,real,long,simple,4.57e-05,8,4.66,"['K', 'AE1', 'N', 'D', 'AH0', 'D', 'EY0', 'T']","['K', 'AE', 'N', 'D', 'AH', 'D', 'EY', 'T']",NOUN,"['K', 'AE', 'N', 'D', 'AH', 'D', 'EY', 'T']"
292,292,fantasy,RLSH,real,long,simple,3.31e-05,7,4.52,"['F', 'AE1', 'N', 'T', 'AH0', 'S', 'IY0']","['F', 'AE', 'N', 'T', 'AH', 'S', 'IY']",NOUN,"['F', 'AE', 'N', 'T', 'AH', 'S', 'IY']"
293,293,argentina,RLSH,real,long,simple,1.66e-05,9,4.22,"['AA2', 'R', 'JH', 'AH0', 'N', 'T', 'IY1', 'N', 'AH0']","['AA', 'R', 'JH', 'AH', 'N', 'T', 'IY', 'N', 'AH']",PROPN,"['AA', 'R', 'JH', 'AH', 'N', 'T', 'IY', 'N', 'AH']"
294,294,franchise,RLSH,real,long,simple,1.95e-05,7,4.29,"['F', 'R', 'AE1', 'N', 'CH', 'AY2', 'Z']","['F', 'R', 'AE', 'N', 'CH', 'AY', 'Z']",NOUN,"['F', 'R', 'AE', 'N', 'CH', 'AY', 'Z']"
295,295,document,RLSH,real,long,simple,3.16e-05,9,4.5,"['D', 'AA1', 'K', 'Y', 'AH0', 'M', 'AH0', 'N', 'T']","['D', 'AA', 'K', 'Y', 'AH', 'M', 'AH', 'N', 'T']",NOUN,"['D', 'AA', 'K', 'Y', 'AH', 'M', 'AH', 'N', 'T']"
296,296,capacity,RLSH,real,long,simple,5.13e-05,8,4.71,"['K', 'AH0', 'P', 'AE1', 'S', 'AH0', 'T', 'IY0']","['K', 'AH', 'P', 'AE', 'S', 'AH', 'T', 'IY']",NOUN,"['K', 'AH', 'P', 'AE', 'S', 'AH', 'T', 'IY']"
297,297,deputy,RLSH,real,long,simple,3.55e-05,7,4.55,"['D', 'EH1', 'P', 'Y', 'AH0', 'T', 'IY0']","['D', 'EH', 'P', 'Y', 'AH', 'T', 'IY']",NOUN,"['D', 'EH', 'P', 'Y', 'AH', 'T', 'IY']"
298,298,religion,RLSH,real,long,simple,5.5e-05,7,4.74,"['R', 'IH0', 'L', 'IH1', 'JH', 'AH0', 'N']","['R', 'IH', 'L', 'IH', 'JH', 'AH', 'N']",NOUN,"['R', 'IH', 'L', 'IH', 'JH', 'AH', 'N']"
299,299,library,RLSH,real,long,simple,7.24e-05,7,4.86,"['L', 'AY1', 'B', 'R', 'EH2', 'R', 'IY0']","['L', 'AY', 'B', 'R', 'EH', 'R', 'IY']",NOUN,"['L', 'AY', 'B', 'R', 'EH', 'R', 'IY']"
300,300,burgundy,RLSL,real,long,simple,2.88e-06,7,3.46,"['B', 'ER1', 'G', 'AH0', 'N', 'D', 'IY0']","['B', 'ER', 'G', 'AH', 'N', 'D', 'IY']",NOUN,"['B', 'ER', 'G', 'AH', 'N', 'D', 'IY']"
301,301,tripoli,RLSL,real,long,simple,1.95e-06,7,3.29,"['T', 'R', 'IH1', 'P', 'AH0', 'L', 'IY0']","['T', 'R', 'IH', 'P', 'AH', 'L', 'IY']",PROPN,"['T', 'R', 'IH', 'P', 'AH', 'L', 'IY']"
302,302,barbados,RLSL,real,long,simple,3.16e-06,8,3.5,"['B', 'AA0', 'R', 'B', 'EY1', 'D', 'OW0', 'S']","['B', 'AA', 'R', 'B', 'EY', 'D', 'OW', 'S']",PROPN,"['B', 'AA', 'R', 'B', 'EY', 'D', 'OW', 'S']"
303,303,scarlett,RLSL,real,long,simple,2.82e-06,7,3.45,"['S', 'K', 'AA1', 'R', 'L', 'IH0', 'T']","['S', 'K', 'AA', 'R', 'L', 'IH', 'T']",PROPN,"['S', 'K', 'AA', 'R', 'L', 'IH', 'T']"
304,304,ecstasy,RLSL,real,long,simple,3.02e-06,7,3.48,"['EH1', 'K', 'S', 'T', 'AH0', 'S', 'IY0']","['EH', 'K', 'S', 'T', 'AH', 'S', 'IY']",NOUN,"['EH', 'K', 'S', 'T', 'AH', 'S', 'IY']"
305,305,kubrick,RLSL,real,long,simple,7.59e-07,7,2.88,"['K', 'Y', 'UW1', 'B', 'R', 'IH2', 'K']","['K', 'Y', 'UW', 'B', 'R', 'IH', 'K']",PROPN,"['K', 'Y', 'UW', 'B', 'R', 'IH', 'K']"
306,306,impetus,RLSL,real,long,simple,1.86e-06,7,3.27,"['IH1', 'M', 'P', 'AH0', 'T', 'AH0', 'S']","['IH', 'M', 'P', 'AH', 'T', 'AH', 'S']",NOUN,"['IH', 'M', 'P', 'AH', 'T', 'AH', 'S']"
307,307,honolulu,RLSL,real,long,simple,3.16e-06,8,3.5,"['HH', 'AA2', 'N', 'AH0', 'L', 'UW1', 'L', 'UW0']","['HH', 'AA', 'N', 'AH', 'L', 'UW', 'L', 'UW']",PROPN,"['HH', 'AA', 'N', 'AH', 'L', 'UW', 'L', 'UW']"
308,308,amethyst,RLSL,real,long,simple,1.02e-06,7,3.01,"['AE1', 'M', 'IH0', 'TH', 'IH0', 'S', 'T']","['AE', 'M', 'IH', 'TH', 'IH', 'S', 'T']",NOUN,"['AE', 'M', 'IH', 'TH', 'IH', 'S', 'T']"
309,309,cadillac,RLSL,real,long,simple,3.02e-06,7,3.48,"['K', 'AE1', 'D', 'AH0', 'L', 'AE2', 'K']","['K', 'AE', 'D', 'AH', 'L', 'AE', 'K']",PROPN,"['K', 'AE', 'D', 'AH', 'L', 'AE', 'K']"
310,310,epsilon,RLSL,real,long,simple,7.59e-07,7,2.88,"['EH1', 'P', 'S', 'AH0', 'L', 'AA2', 'N']","['EH', 'P', 'S', 'AH', 'L', 'AA', 'N']",NOUN,"['EH', 'P', 'S', 'AH', 'L', 'AA', 'N']"
311,311,tabernacle,RLSL,real,long,simple,1.15e-06,9,3.06,"['T', 'AE1', 'B', 'ER0', 'N', 'AE2', 'K', 'AH0', 'L']","['T', 'AE', 'B', 'ER', 'N', 'AE', 'K', 'AH', 'L']",NOUN,"['T', 'AE', 'B', 'ER', 'N', 'AE', 'K', 'AH', 'L']"
312,312,pringle,RLSL,real,long,simple,7.94e-07,7,2.9,"['P', 'R', 'IH1', 'NG', 'G', 'AH0', 'L']","['P', 'R', 'IH', 'NG', 'G', 'AH', 'L']",PROPN,"['P', 'R', 'IH', 'NG', 'G', 'AH', 'L']"
313,313,diaspora,RLSL,real,long,simple,2.82e-06,7,3.45,"['D', 'AY0', 'AE1', 'S', 'P', 'ER0', 'AH0']","['D', 'AY', 'AE', 'S', 'P', 'ER', 'AH']",PROPN,"['D', 'AY', 'AE', 'S', 'P', 'ER', 'AH']"
314,314,camelot,RLSL,real,long,simple,9.33e-07,7,2.97,"['K', 'AE1', 'M', 'AH0', 'L', 'AA2', 'T']","['K', 'AE', 'M', 'AH', 'L', 'AA', 'T']",PROPN,"['K', 'AE', 'M', 'AH', 'L', 'AA', 'T']"
315,315,conundrum,RLSL,real,long,simple,1e-06,9,3.0,"['K', 'AH0', 'N', 'AH1', 'N', 'D', 'R', 'AH0', 'M']","['K', 'AH', 'N', 'AH', 'N', 'D', 'R', 'AH', 'M']",NOUN,"['K', 'AH', 'N', 'AH', 'N', 'D', 'R', 'AH', 'M']"
316,316,lombard,RLSL,real,long,simple,1e-06,7,3.0,"['L', 'AA1', 'M', 'B', 'AA0', 'R', 'D']","['L', 'AA', 'M', 'B', 'AA', 'R', 'D']",PROPN,"['L', 'AA', 'M', 'B', 'AA', 'R', 'D']"
317,317,placebo,RLSL,real,long,simple,3.02e-06,7,3.48,"['P', 'L', 'AH0', 'S', 'IY1', 'B', 'OW0']","['P', 'L', 'AH', 'S', 'IY', 'B', 'OW']",NOUN,"['P', 'L', 'AH', 'S', 'IY', 'B', 'OW']"
318,318,bolshevik,RLSL,real,long,simple,9.33e-07,8,2.97,"['B', 'OW1', 'L', 'SH', 'AH0', 'V', 'IH2', 'K']","['B', 'OW', 'L', 'SH', 'AH', 'V', 'IH', 'K']",ADJ,"['B', 'OW', 'L', 'SH', 'AH', 'V', 'IH', 'K']"
319,319,ephemeral,RLSL,real,long,simple,9.77e-07,7,2.99,"['IH0', 'F', 'EH1', 'M', 'ER0', 'AH0', 'L']","['IH', 'F', 'EH', 'M', 'ER', 'AH', 'L']",ADJ,"['IH', 'F', 'EH', 'M', 'ER', 'AH', 'L']"
320,320,nicaragua,RLSL,real,long,simple,2.75e-06,8,3.44,"['N', 'IH2', 'K', 'ER0', 'AA1', 'G', 'W', 'AH0']","['N', 'IH', 'K', 'ER', 'AA', 'G', 'W', 'AH']",PROPN,"['N', 'IH', 'K', 'ER', 'AA', 'G', 'W', 'AH']"
321,321,apricot,RLSL,real,long,simple,9.55e-07,7,2.98,"['EY1', 'P', 'R', 'AH0', 'K', 'AA2', 'T']","['EY', 'P', 'R', 'AH', 'K', 'AA', 'T']",PROPN,"['EY', 'P', 'R', 'AH', 'K', 'AA', 'T']"
322,322,hiroshima,RLSL,real,long,simple,1.86e-06,8,3.27,"['HH', 'IH2', 'R', 'OW0', 'SH', 'IY1', 'M', 'AH0']","['HH', 'IH', 'R', 'OW', 'SH', 'IY', 'M', 'AH']",PROPN,"['HH', 'IH', 'R', 'OW', 'SH', 'IY', 'M', 'AH']"
323,323,adrenal,RLSL,real,long,simple,9.77e-07,7,2.99,"['AH0', 'D', 'R', 'IY1', 'N', 'AH0', 'L']","['AH', 'D', 'R', 'IY', 'N', 'AH', 'L']",PROPN,"['AH', 'D', 'R', 'IY', 'N', 'AH', 'L']"
324,324,requiem,RLSL,real,long,simple,1.15e-06,7,3.06,"['R', 'EH1', 'K', 'W', 'IY0', 'AH0', 'M']","['R', 'EH', 'K', 'W', 'IY', 'AH', 'M']",NOUN,"['R', 'EH', 'K', 'W', 'IY', 'AH', 'M']"
325,325,kendrick,RLSL,real,long,simple,2.88e-06,7,3.46,"['K', 'EH1', 'N', 'D', 'R', 'IH0', 'K']","['K', 'EH', 'N', 'D', 'R', 'IH', 'K']",PROPN,"['K', 'EH', 'N', 'D', 'R', 'IH', 'K']"
326,326,marlboro,RLSL,real,long,simple,1.05e-06,7,3.02,"['M', 'AA1', 'R', 'L', 'B', 'ER0', 'OW0']","['M', 'AA', 'R', 'L', 'B', 'ER', 'OW']",PROPN,"['M', 'AA', 'R', 'L', 'B', 'ER', 'OW']"
327,327,abercrombie,RLSL,real,long,simple,9.33e-07,9,2.97,"['AE2', 'B', 'ER0', 'K', 'R', 'AA1', 'M', 'B', 'IY0']","['AE', 'B', 'ER', 'K', 'R', 'AA', 'M', 'B', 'IY']",PROPN,"['AE', 'B', 'ER', 'K', 'R', 'AA', 'M', 'B', 'IY']"
328,328,socrates,RLSL,real,long,simple,1.86e-06,8,3.27,"['S', 'AA1', 'K', 'R', 'AH0', 'T', 'IY2', 'Z']","['S', 'AA', 'K', 'R', 'AH', 'T', 'IY', 'Z']",NOUN,"['S', 'AA', 'K', 'R', 'AH', 'T', 'IY', 'Z']"
329,329,nagasaki,RLSL,real,long,simple,9.55e-07,8,2.98,"['N', 'AA2', 'G', 'AA0', 'S', 'AA1', 'K', 'IY0']","['N', 'AA', 'G', 'AA', 'S', 'AA', 'K', 'IY']",PROPN,"['N', 'AA', 'G', 'AA', 'S', 'AA', 'K', 'IY']"
330,330,mutiny,RLSL,real,long,simple,1.86e-06,7,3.27,"['M', 'Y', 'UW1', 'T', 'AH0', 'N', 'IY0']","['M', 'Y', 'UW', 'T', 'AH', 'N', 'IY']",NOUN,"['M', 'Y', 'UW', 'T', 'AH', 'N', 'IY']"
331,331,wesleyan,RLSL,real,long,simple,1.12e-06,7,3.05,"['W', 'EH1', 'Z', 'L', 'IY0', 'AH0', 'N']","['W', 'EH', 'Z', 'L', 'IY', 'AH', 'N']",PROPN,"['W', 'EH', 'Z', 'L', 'IY', 'AH', 'N']"
332,332,eradicate,RLSL,real,long,simple,1.95e-06,8,3.29,"['IH0', 'R', 'AE1', 'D', 'AH0', 'K', 'EY2', 'T']","['IH', 'R', 'AE', 'D', 'AH', 'K', 'EY', 'T']",VERB,"['IH', 'R', 'AE', 'D', 'AH', 'K', 'EY', 'T']"
333,333,umbilical,RLSL,real,long,simple,1.05e-06,9,3.02,"['AH0', 'M', 'B', 'IH1', 'L', 'IH0', 'K', 'AH0', 'L']","['AH', 'M', 'B', 'IH', 'L', 'IH', 'K', 'AH', 'L']",ADJ,"['AH', 'M', 'B', 'IH', 'L', 'IH', 'K', 'AH', 'L']"
334,334,cornelius,RLSL,real,long,simple,1.86e-06,9,3.27,"['K', 'AO0', 'R', 'N', 'IY1', 'L', 'Y', 'AH0', 'S']","['K', 'AO', 'R', 'N', 'IY', 'L', 'Y', 'AH', 'S']",PROPN,"['K', 'AO', 'R', 'N', 'IY', 'L', 'Y', 'AH', 'S']"
335,335,crocodile,RLSL,real,long,simple,3.09e-06,8,3.49,"['K', 'R', 'AA1', 'K', 'AH0', 'D', 'AY2', 'L']","['K', 'R', 'AA', 'K', 'AH', 'D', 'AY', 'L']",NOUN,"['K', 'R', 'AA', 'K', 'AH', 'D', 'AY', 'L']"
336,336,pensacola,RLSL,real,long,simple,1.15e-06,9,3.06,"['P', 'EH2', 'N', 'S', 'AH0', 'K', 'OW1', 'L', 'AH0']","['P', 'EH', 'N', 'S', 'AH', 'K', 'OW', 'L', 'AH']",PROPN,"['P', 'EH', 'N', 'S', 'AH', 'K', 'OW', 'L', 'AH']"
337,337,pasadena,RLSL,real,long,simple,2.82e-06,8,3.45,"['P', 'AE2', 'S', 'AH0', 'D', 'IY1', 'N', 'ER0']","['P', 'AE', 'S', 'AH', 'D', 'IY', 'N', 'ER']",PROPN,"['P', 'AE', 'S', 'AH', 'D', 'IY', 'N', 'ER']"
338,338,amulet,RLSL,real,long,simple,9.77e-07,7,2.99,"['AE1', 'M', 'Y', 'AH0', 'L', 'AH0', 'T']","['AE', 'M', 'Y', 'AH', 'L', 'AH', 'T']",NOUN,"['AE', 'M', 'Y', 'AH', 'L', 'AH', 'T']"
339,339,kalamazoo,RLSL,real,long,simple,9.77e-07,8,2.99,"['K', 'AE2', 'L', 'AH0', 'M', 'AH0', 'Z', 'UW1']","['K', 'AE', 'L', 'AH', 'M', 'AH', 'Z', 'UW']",PROPN,"['K', 'AE', 'L', 'AH', 'M', 'AH', 'Z', 'UW']"
340,340,molasses,RLSL,real,long,simple,1e-06,7,3.0,"['M', 'AH0', 'L', 'AE1', 'S', 'AH0', 'Z']","['M', 'AH', 'L', 'AE', 'S', 'AH', 'Z']",VERB,"['M', 'AH', 'L', 'AE', 'S', 'AH', 'Z']"
341,341,ebenezer,RLSL,real,long,simple,7.76e-07,7,2.89,"['EH2', 'B', 'IH0', 'N', 'IY1', 'Z', 'ER0']","['EH', 'B', 'IH', 'N', 'IY', 'Z', 'ER']",PROPN,"['EH', 'B', 'IH', 'N', 'IY', 'Z', 'ER']"
342,342,epitome,RLSL,real,long,simple,1.91e-06,7,3.28,"['IH0', 'P', 'IH1', 'T', 'AH0', 'M', 'IY0']","['IH', 'P', 'IH', 'T', 'AH', 'M', 'IY']",NOUN,"['IH', 'P', 'IH', 'T', 'AH', 'M', 'IY']"
343,343,hezbollah,RLSL,real,long,simple,1.86e-06,7,3.27,"['HH', 'EH0', 'Z', 'B', 'AA1', 'L', 'AH0']","['HH', 'EH', 'Z', 'B', 'AA', 'L', 'AH']",PROPN,"['HH', 'EH', 'Z', 'B', 'AA', 'L', 'AH']"
344,344,reprimand,RLSL,real,long,simple,7.94e-07,9,2.9,"['R', 'EH1', 'P', 'R', 'AH0', 'M', 'AE2', 'N', 'D']","['R', 'EH', 'P', 'R', 'AH', 'M', 'AE', 'N', 'D']",VERB,"['R', 'EH', 'P', 'R', 'AH', 'M', 'AE', 'N', 'D']"
345,345,plankton,RLSL,real,long,simple,1.12e-06,8,3.05,"['P', 'L', 'AE1', 'NG', 'K', 'T', 'AH0', 'N']","['P', 'L', 'AE', 'NG', 'K', 'T', 'AH', 'N']",NOUN,"['P', 'L', 'AE', 'NG', 'K', 'T', 'AH', 'N']"
346,346,maserati,RLSL,real,long,simple,9.55e-07,8,2.98,"['M', 'AE2', 'S', 'EH0', 'R', 'AA1', 'T', 'IY0']","['M', 'AE', 'S', 'EH', 'R', 'AA', 'T', 'IY']",PROPN,"['M', 'AE', 'S', 'EH', 'R', 'AA', 'T', 'IY']"
347,347,yokohama,RLSL,real,long,simple,1.12e-06,8,3.05,"['Y', 'OW2', 'K', 'AH0', 'HH', 'AA1', 'M', 'AH0']","['Y', 'OW', 'K', 'AH', 'HH', 'AA', 'M', 'AH']",PROPN,"['Y', 'OW', 'K', 'AH', 'HH', 'AA', 'M', 'AH']"
348,348,albuquerque,RLSL,real,long,simple,3.16e-06,8,3.5,"['AE1', 'L', 'B', 'AH0', 'K', 'ER0', 'K', 'IY0']","['AE', 'L', 'B', 'AH', 'K', 'ER', 'K', 'IY']",PROPN,"['AE', 'L', 'B', 'AH', 'K', 'ER', 'K', 'IY']"
349,349,pretzel,RLSL,real,long,simple,9.55e-07,7,2.98,"['P', 'R', 'EH1', 'T', 'Z', 'AH0', 'L']","['P', 'R', 'EH', 'T', 'Z', 'AH', 'L']",PROPN,"['P', 'R', 'EH', 'T', 'Z', 'AH', 'L']"
350,350,lavatory,RLSL,real,long,simple,7.94e-07,8,2.9,"['L', 'AE1', 'V', 'AH0', 'T', 'AO2', 'R', 'IY0']","['L', 'AE', 'V', 'AH', 'T', 'AO', 'R', 'IY']",NOUN,"['L', 'AE', 'V', 'AH', 'T', 'AO', 'R', 'IY']"
351,351,mozambique,RLSL,real,long,simple,1.95e-06,8,3.29,"['M', 'OW2', 'Z', 'AE0', 'M', 'B', 'IY1', 'K']","['M', 'OW', 'Z', 'AE', 'M', 'B', 'IY', 'K']",PROPN,"['M', 'OW', 'Z', 'AE', 'M', 'B', 'IY', 'K']"
352,352,penicillin,RLSL,real,long,simple,1.1e-06,9,3.04,"['P', 'EH2', 'N', 'AH0', 'S', 'IH1', 'L', 'AH0', 'N']","['P', 'EH', 'N', 'AH', 'S', 'IH', 'L', 'AH', 'N']",NOUN,"['P', 'EH', 'N', 'AH', 'S', 'IH', 'L', 'AH', 'N']"
353,353,broccoli,RLSL,real,long,simple,3.16e-06,7,3.5,"['B', 'R', 'AA1', 'K', 'AH0', 'L', 'IY0']","['B', 'R', 'AA', 'K', 'AH', 'L', 'IY']",VERB,"['B', 'R', 'AA', 'K', 'AH', 'L', 'IY']"
354,354,molotov,RLSL,real,long,simple,1.05e-06,7,3.02,"['M', 'AO1', 'L', 'AH0', 'T', 'AA2', 'F']","['M', 'AO', 'L', 'AH', 'T', 'AA', 'F']",PROPN,"['M', 'AO', 'L', 'AH', 'T', 'AA', 'F']"
355,355,winthrop,RLSL,real,long,simple,1.1e-06,7,3.04,"['W', 'IH1', 'N', 'TH', 'R', 'AH0', 'P']","['W', 'IH', 'N', 'TH', 'R', 'AH', 'P']",PROPN,"['W', 'IH', 'N', 'TH', 'R', 'AH', 'P']"
356,356,behemoth,RLSL,real,long,simple,9.33e-07,7,2.97,"['B', 'AH0', 'HH', 'IY1', 'M', 'AH0', 'TH']","['B', 'AH', 'HH', 'IY', 'M', 'AH', 'TH']",NOUN,"['B', 'AH', 'HH', 'IY', 'M', 'AH', 'TH']"
357,357,siegfried,RLSL,real,long,simple,1.07e-06,7,3.03,"['S', 'IY1', 'G', 'F', 'R', 'IY2', 'D']","['S', 'IY', 'G', 'F', 'R', 'IY', 'D']",PROPN,"['S', 'IY', 'G', 'F', 'R', 'IY', 'D']"
358,358,uranus,RLSL,real,long,simple,1.02e-06,7,3.01,"['Y', 'UW1', 'R', 'AH0', 'N', 'AH0', 'S']","['Y', 'UW', 'R', 'AH', 'N', 'AH', 'S']",PROPN,"['Y', 'UW', 'R', 'AH', 'N', 'AH', 'S']"
359,359,trenton,RLSL,real,long,simple,1.95e-06,7,3.29,"['T', 'R', 'EH1', 'N', 'T', 'AH0', 'N']","['T', 'R', 'EH', 'N', 'T', 'AH', 'N']",PROPN,"['T', 'R', 'EH', 'N', 'T', 'AH', 'N']"
360,360,pragmatic,RLSL,real,long,simple,3.09e-06,9,3.49,"['P', 'R', 'AE0', 'G', 'M', 'AE1', 'T', 'IH0', 'K']","['P', 'R', 'AE', 'G', 'M', 'AE', 'T', 'IH', 'K']",ADJ,"['P', 'R', 'AE', 'G', 'M', 'AE', 'T', 'IH', 'K']"
361,361,blatant,RLSL,real,long,simple,2.82e-06,7,3.45,"['B', 'L', 'EY1', 'T', 'AH0', 'N', 'T']","['B', 'L', 'EY', 'T', 'AH', 'N', 'T']",ADJ,"['B', 'L', 'EY', 'T', 'AH', 'N', 'T']"
362,362,chardonnay,RLSL,real,long,simple,9.55e-07,7,2.98,"['CH', 'AA0', 'R', 'D', 'AA1', 'N', 'EY0']","['CH', 'AA', 'R', 'D', 'AA', 'N', 'EY']",NOUN,"['CH', 'AA', 'R', 'D', 'AA', 'N', 'EY']"
363,363,travesty,RLSL,real,long,simple,1e-06,8,3.0,"['T', 'R', 'AE1', 'V', 'AH0', 'S', 'T', 'IY0']","['T', 'R', 'AE', 'V', 'AH', 'S', 'T', 'IY']",PROPN,"['T', 'R', 'AE', 'V', 'AH', 'S', 'T', 'IY']"
364,364,jeremiah,RLSL,real,long,simple,3.02e-06,7,3.48,"['JH', 'EH2', 'R', 'AH0', 'M', 'AY1', 'AH0']","['JH', 'EH', 'R', 'AH', 'M', 'AY', 'AH']",PROPN,"['JH', 'EH', 'R', 'AH', 'M', 'AY', 'AH']"
365,365,vortex,RLSL,real,long,simple,2.95e-06,7,3.47,"['V', 'AO1', 'R', 'T', 'EH0', 'K', 'S']","['V', 'AO', 'R', 'T', 'EH', 'K', 'S']",NOUN,"['V', 'AO', 'R', 'T', 'EH', 'K', 'S']"
366,366,badminton,RLSL,real,long,simple,1.91e-06,9,3.28,"['B', 'AE1', 'D', 'M', 'IH2', 'N', 'T', 'AH0', 'N']","['B', 'AE', 'D', 'M', 'IH', 'N', 'T', 'AH', 'N']",PROPN,"['B', 'AE', 'D', 'M', 'IH', 'N', 'T', 'AH', 'N']"
367,367,heineken,RLSL,real,long,simple,1.02e-06,7,3.01,"['HH', 'AY1', 'N', 'AH0', 'K', 'AH0', 'N']","['HH', 'AY', 'N', 'AH', 'K', 'AH', 'N']",PROPN,"['HH', 'AY', 'N', 'AH', 'K', 'AH', 'N']"
368,368,azerbaijan,RLSL,real,long,simple,3.02e-06,8,3.48,"['AA2', 'Z', 'ER0', 'B', 'AY0', 'JH', 'AA1', 'N']","['AA', 'Z', 'ER', 'B', 'AY', 'JH', 'AA', 'N']",PROPN,"['AA', 'Z', 'ER', 'B', 'AY', 'JH', 'AA', 'N']"
369,369,synagogue,RLSL,real,long,simple,2.82e-06,7,3.45,"['S', 'IH1', 'N', 'AH0', 'G', 'AO2', 'G']","['S', 'IH', 'N', 'AH', 'G', 'AO', 'G']",NOUN,"['S', 'IH', 'N', 'AH', 'G', 'AO', 'G']"
370,370,labrador,RLSL,real,long,simple,2e-06,8,3.3,"['L', 'AE1', 'B', 'R', 'AH0', 'D', 'AO2', 'R']","['L', 'AE', 'B', 'R', 'AH', 'D', 'AO', 'R']",PROPN,"['L', 'AE', 'B', 'R', 'AH', 'D', 'AO', 'R']"
371,371,euphrates,RLSL,real,long,simple,7.76e-07,8,2.89,"['Y', 'UW0', 'F', 'R', 'EY1', 'T', 'IY0', 'Z']","['Y', 'UW', 'F', 'R', 'EY', 'T', 'IY', 'Z']",X,"['Y', 'UW', 'F', 'R', 'EY', 'T', 'IY', 'Z']"
372,372,avalanche,RLSL,real,long,simple,3.02e-06,7,3.48,"['AE1', 'V', 'AH0', 'L', 'AE2', 'N', 'CH']","['AE', 'V', 'AH', 'L', 'AE', 'N', 'CH']",NOUN,"['AE', 'V', 'AH', 'L', 'AE', 'N', 'CH']"
373,373,trafalgar,RLSL,real,long,simple,1.05e-06,8,3.02,"['T', 'R', 'AH0', 'F', 'AE1', 'L', 'G', 'ER0']","['T', 'R', 'AH', 'F', 'AE', 'L', 'G', 'ER']",PROPN,"['T', 'R', 'AH', 'F', 'AE', 'L', 'G', 'ER']"
374,374,tarantino,RLSL,real,long,simple,1.1e-06,9,3.04,"['T', 'AA0', 'R', 'AA0', 'N', 'T', 'IY1', 'N', 'OW0']","['T', 'AA', 'R', 'AA', 'N', 'T', 'IY', 'N', 'OW']",NOUN,"['T', 'AA', 'R', 'AA', 'N', 'T', 'IY', 'N', 'OW']"
375,375,confetti,RLSL,real,long,simple,1.07e-06,7,3.03,"['K', 'AH0', 'N', 'F', 'EH1', 'T', 'IY0']","['K', 'AH', 'N', 'F', 'EH', 'T', 'IY']",NOUN,"['K', 'AH', 'N', 'F', 'EH', 'T', 'IY']"
376,376,hallelujah,RLSL,real,long,simple,2e-06,8,3.3,"['HH', 'AE2', 'L', 'AH0', 'L', 'UW1', 'Y', 'AH0']","['HH', 'AE', 'L', 'AH', 'L', 'UW', 'Y', 'AH']",PROPN,"['HH', 'AE', 'L', 'AH', 'L', 'UW', 'Y', 'AH']"
377,377,catapult,RLSL,real,long,simple,1.02e-06,8,3.01,"['K', 'AE1', 'T', 'AH0', 'P', 'AH2', 'L', 'T']","['K', 'AE', 'T', 'AH', 'P', 'AH', 'L', 'T']",VERB,"['K', 'AE', 'T', 'AH', 'P', 'AH', 'L', 'T']"
378,378,sheridan,RLSL,real,long,simple,2.95e-06,7,3.47,"['SH', 'EH1', 'R', 'IH0', 'D', 'AH0', 'N']","['SH', 'EH', 'R', 'IH', 'D', 'AH', 'N']",PROPN,"['SH', 'EH', 'R', 'IH', 'D', 'AH', 'N']"
379,379,ukulele,RLSL,real,long,simple,1.02e-06,8,3.01,"['Y', 'UW2', 'K', 'AH0', 'L', 'EY1', 'L', 'IY0']","['Y', 'UW', 'K', 'AH', 'L', 'EY', 'L', 'IY']",PROPN,"['Y', 'UW', 'K', 'AH', 'L', 'EY', 'L', 'IY']"
380,380,fluctuate,RLSL,real,long,simple,9.77e-07,9,2.99,"['F', 'L', 'AH1', 'K', 'CH', 'AH0', 'W', 'EY2', 'T']","['F', 'L', 'AH', 'K', 'CH', 'AH', 'W', 'EY', 'T']",VERB,"['F', 'L', 'AH', 'K', 'CH', 'AH', 'W', 'EY', 'T']"
381,381,anomaly,RLSL,real,long,simple,2.95e-06,7,3.47,"['AH0', 'N', 'AA1', 'M', 'AH0', 'L', 'IY0']","['AH', 'N', 'AA', 'M', 'AH', 'L', 'IY']",NOUN,"['AH', 'N', 'AA', 'M', 'AH', 'L', 'IY']"
382,382,zeppelin,RLSL,real,long,simple,1.95e-06,7,3.29,"['Z', 'EH1', 'P', 'IH0', 'L', 'IH0', 'N']","['Z', 'EH', 'P', 'IH', 'L', 'IH', 'N']",PROPN,"['Z', 'EH', 'P', 'IH', 'L', 'IH', 'N']"
383,383,avocado,RLSL,real,long,simple,2.82e-06,7,3.45,"['AE2', 'V', 'AH0', 'K', 'AA1', 'D', 'OW0']","['AE', 'V', 'AH', 'K', 'AA', 'D', 'OW']",NOUN,"['AE', 'V', 'AH', 'K', 'AA', 'D', 'OW']"
384,384,thesaurus,RLSL,real,long,simple,7.59e-07,7,2.88,"['TH', 'AH0', 'S', 'AO1', 'R', 'AH0', 'S']","['TH', 'AH', 'S', 'AO', 'R', 'AH', 'S']",NOUN,"['TH', 'AH', 'S', 'AO', 'R', 'AH', 'S']"
385,385,porcupine,RLSL,real,long,simple,7.59e-07,9,2.88,"['P', 'AO1', 'R', 'K', 'Y', 'AH0', 'P', 'AY2', 'N']","['P', 'AO', 'R', 'K', 'Y', 'AH', 'P', 'AY', 'N']",NOUN,"['P', 'AO', 'R', 'K', 'Y', 'AH', 'P', 'AY', 'N']"
386,386,caramel,RLSL,real,long,simple,3.02e-06,7,3.48,"['K', 'EH1', 'R', 'AH0', 'M', 'AH0', 'L']","['K', 'EH', 'R', 'AH', 'M', 'AH', 'L']",PROPN,"['K', 'EH', 'R', 'AH', 'M', 'AH', 'L']"
387,387,innuendo,RLSL,real,long,simple,7.94e-07,8,2.9,"['IH0', 'N', 'Y', 'UW0', 'EH1', 'N', 'D', 'OW0']","['IH', 'N', 'Y', 'UW', 'EH', 'N', 'D', 'OW']",NOUN,"['IH', 'N', 'Y', 'UW', 'EH', 'N', 'D', 'OW']"
388,388,costello,RLSL,real,long,simple,1.95e-06,7,3.29,"['K', 'AO2', 'S', 'T', 'EH1', 'L', 'OW0']","['K', 'AO', 'S', 'T', 'EH', 'L', 'OW']",PROPN,"['K', 'AO', 'S', 'T', 'EH', 'L', 'OW']"
389,389,episcopal,RLSL,real,long,simple,2.75e-06,9,3.44,"['IH0', 'P', 'IH1', 'S', 'K', 'AH0', 'P', 'AH0', 'L']","['IH', 'P', 'IH', 'S', 'K', 'AH', 'P', 'AH', 'L']",PROPN,"['IH', 'P', 'IH', 'S', 'K', 'AH', 'P', 'AH', 'L']"
390,390,nordstrom,RLSL,real,long,simple,9.55e-07,9,2.98,"['N', 'AO1', 'R', 'D', 'S', 'T', 'R', 'AH0', 'M']","['N', 'AO', 'R', 'D', 'S', 'T', 'R', 'AH', 'M']",PROPN,"['N', 'AO', 'R', 'D', 'S', 'T', 'R', 'AH', 'M']"
391,391,cannibal,RLSL,real,long,simple,1.12e-06,7,3.05,"['K', 'AE1', 'N', 'AH0', 'B', 'AH0', 'L']","['K', 'AE', 'N', 'AH', 'B', 'AH', 'L']",NOUN,"['K', 'AE', 'N', 'AH', 'B', 'AH', 'L']"
392,392,vanderbilt,RLSL,real,long,simple,1.86e-06,9,3.27,"['V', 'AE1', 'N', 'D', 'ER0', 'B', 'IH0', 'L', 'T']","['V', 'AE', 'N', 'D', 'ER', 'B', 'IH', 'L', 'T']",PROPN,"['V', 'AE', 'N', 'D', 'ER', 'B', 'IH', 'L', 'T']"
393,393,lavender,RLSL,real,long,simple,2.75e-06,7,3.44,"['L', 'AE1', 'V', 'AH0', 'N', 'D', 'ER0']","['L', 'AE', 'V', 'AH', 'N', 'D', 'ER']",VERB,"['L', 'AE', 'V', 'AH', 'N', 'D', 'ER']"
394,394,gingrich,RLSL,real,long,simple,9.77e-07,7,2.99,"['G', 'IH1', 'NG', 'G', 'R', 'IH0', 'CH']","['G', 'IH', 'NG', 'G', 'R', 'IH', 'CH']",PROPN,"['G', 'IH', 'NG', 'G', 'R', 'IH', 'CH']"
395,395,javelin,RLSL,real,long,simple,7.94e-07,7,2.9,"['JH', 'AE1', 'V', 'AH0', 'L', 'AH0', 'N']","['JH', 'AE', 'V', 'AH', 'L', 'AH', 'N']",NOUN,"['JH', 'AE', 'V', 'AH', 'L', 'AH', 'N']"
396,396,piccadilly,RLSL,real,long,simple,1.05e-06,8,3.02,"['P', 'IH1', 'K', 'AH0', 'D', 'IH2', 'L', 'IY0']","['P', 'IH', 'K', 'AH', 'D', 'IH', 'L', 'IY']",PROPN,"['P', 'IH', 'K', 'AH', 'D', 'IH', 'L', 'IY']"
397,397,anaconda,RLSL,real,long,simple,9.33e-07,8,2.97,"['AE2', 'N', 'AH0', 'K', 'AA1', 'N', 'D', 'AH0']","['AE', 'N', 'AH', 'K', 'AA', 'N', 'D', 'AH']",NOUN,"['AE', 'N', 'AH', 'K', 'AA', 'N', 'D', 'AH']"
398,398,mannequin,RLSL,real,long,simple,1.15e-06,7,3.06,"['M', 'AE1', 'N', 'AH0', 'K', 'IH0', 'N']","['M', 'AE', 'N', 'AH', 'K', 'IH', 'N']",NOUN,"['M', 'AE', 'N', 'AH', 'K', 'IH', 'N']"
399,399,fiduciary,RLSL,real,long,simple,1.12e-06,9,3.05,"['F', 'AH0', 'D', 'UW1', 'SH', 'IY0', 'EH2', 'R', 'IY0']","['F', 'AH', 'D', 'UW', 'SH', 'IY', 'EH', 'R', 'IY']",ADJ,"['F', 'AH', 'D', 'UW', 'SH', 'IY', 'EH', 'R', 'IY']"
400,400,gathered,RSCH,real,short,complex,1.86e-05,5,4.27,"['G', 'AE1', 'DH', 'ER0', 'D']","['G', 'AE', 'DH', 'ER', 'D']",VERB,"['G', 'AE', 'DH', 'ER', 'D']"
401,401,having,RSCH,real,short,complex,0.000389,5,5.59,"['HH', 'AE1', 'V', 'IH0', 'NG']","['HH', 'AE', 'V', 'IH', 'NG']",VERB,"['HH', 'AE', 'V', 'IH', 'NG']"
402,402,lovely,RSCH,real,short,complex,5.5e-05,5,4.74,"['L', 'AH1', 'V', 'L', 'IY0']","['L', 'AH', 'V', 'L', 'IY']",ADJ,"['L', 'AH', 'V', 'L', 'IY']"
403,403,update,RSCH,real,short,complex,4.9e-05,5,4.69,"['AH0', 'P', 'D', 'EY1', 'T']","['AH', 'P', 'D', 'EY', 'T']",VERB,"['AH', 'P', 'D', 'EY', 'T']"
404,404,healthy,RSCH,real,short,complex,6.31e-05,5,4.8,"['HH', 'EH1', 'L', 'TH', 'IY0']","['HH', 'EH', 'L', 'TH', 'IY']",ADJ,"['HH', 'EH', 'L', 'TH', 'IY']"
405,405,outlet,RSCH,real,short,complex,1e-05,5,4.0,"['AW1', 'T', 'L', 'EH2', 'T']","['AW', 'T', 'L', 'EH', 'T']",NOUN,"['AW', 'T', 'L', 'EH', 'T']"
406,406,emperor,RSCH,real,short,complex,1.78e-05,5,4.25,"['EH1', 'M', 'P', 'ER0', 'ER0']","['EH', 'M', 'P', 'ER', 'ER']",NOUN,"['EH', 'M', 'P', 'ER', 'ER']"
407,407,research,RSCH,real,short,complex,0.000245,5,5.39,"['R', 'IY0', 'S', 'ER1', 'CH']","['R', 'IY', 'S', 'ER', 'CH']",NOUN,"['R', 'IY', 'S', 'ER', 'CH']"
408,408,their,RSCH,real,short,complex,0.00214,3,6.33,"['DH', 'EH1', 'R']","['DH', 'EH', 'R']",PRON,"['DH', 'EH', 'R']"
409,409,footage,RSCH,real,short,complex,2.04e-05,5,4.31,"['F', 'UH1', 'T', 'IH0', 'JH']","['F', 'UH', 'T', 'IH', 'JH']",NOUN,"['F', 'UH', 'T', 'IH', 'JH']"
410,410,makeup,RSCH,real,short,complex,2.45e-05,5,4.39,"['M', 'EY1', 'K', 'AH2', 'P']","['M', 'EY', 'K', 'AH', 'P']",NOUN,"['M', 'EY', 'K', 'AH', 'P']"
411,411,filmed,RSCH,real,short,complex,1.15e-05,5,4.06,"['F', 'IH1', 'L', 'M', 'D']","['F', 'IH', 'L', 'M', 'D']",VERB,"['F', 'IH', 'L', 'M', 'D']"
412,412,innings,RSCH,real,short,complex,1.05e-05,5,4.02,"['IH1', 'N', 'IH0', 'NG', 'Z']","['IH', 'N', 'IH', 'NG', 'Z']",VERB,"['IH', 'N', 'IH', 'NG', 'Z']"
413,413,gotten,RSCH,real,short,complex,2.95e-05,5,4.47,"['G', 'AA1', 'T', 'AH0', 'N']","['G', 'AA', 'T', 'AH', 'N']",VERB,"['G', 'AA', 'T', 'AH', 'N']"
414,414,forever,RSCH,real,short,complex,5.5e-05,5,4.74,"['F', 'ER0', 'EH1', 'V', 'ER0']","['F', 'ER', 'EH', 'V', 'ER']",ADV,"['F', 'ER', 'EH', 'V', 'ER']"
415,415,assigned,RSCH,real,short,complex,2.45e-05,5,4.39,"['AH0', 'S', 'AY1', 'N', 'D']","['AH', 'S', 'AY', 'N', 'D']",VERB,"['AH', 'S', 'AY', 'N', 'D']"
416,416,workout,RSCH,real,short,complex,1.05e-05,5,4.02,"['W', 'ER1', 'K', 'AW2', 'T']","['W', 'ER', 'K', 'AW', 'T']",NOUN,"['W', 'ER', 'K', 'AW', 'T']"
417,417,goodbye,RSCH,real,short,complex,2e-05,5,4.3,"['G', 'UH2', 'D', 'B', 'AY1']","['G', 'UH', 'D', 'B', 'AY']",NOUN,"['G', 'UH', 'D', 'B', 'AY']"
418,418,goddess,RSCH,real,short,complex,1.02e-05,5,4.01,"['G', 'AA1', 'D', 'AH0', 'S']","['G', 'AA', 'D', 'AH', 'S']",NOUN,"['G', 'AA', 'D', 'AH', 'S']"
419,419,called,RSCH,real,short,complex,0.000389,4,5.59,"['K', 'AO1', 'L', 'D']","['K', 'AO', 'L', 'D']",VERB,"['K', 'AO', 'L', 'D']"
420,420,southern,RSCH,real,short,complex,6.92e-05,5,4.84,"['S', 'AH1', 'DH', 'ER0', 'N']","['S', 'AH', 'DH', 'ER', 'N']",ADJ,"['S', 'AH', 'DH', 'ER', 'N']"
421,421,doing,RSCH,real,short,complex,0.000398,4,5.6,"['D', 'UW1', 'IH0', 'NG']","['D', 'UW', 'IH', 'NG']",VERB,"['D', 'UW', 'IH', 'NG']"
422,422,greater,RSCH,real,short,complex,7.94e-05,5,4.9,"['G', 'R', 'EY1', 'T', 'ER0']","['G', 'R', 'EY', 'T', 'ER']",ADJ,"['G', 'R', 'EY', 'T', 'ER']"
423,423,airline,RSCH,real,short,complex,1.1e-05,5,4.04,"['EH1', 'R', 'L', 'AY2', 'N']","['EH', 'R', 'L', 'AY', 'N']",NOUN,"['EH', 'R', 'L', 'AY', 'N']"
424,424,wished,RSCH,real,short,complex,1e-05,4,4.0,"['W', 'IH1', 'SH', 'T']","['W', 'IH', 'SH', 'T']",VERB,"['W', 'IH', 'SH', 'T']"
425,425,really,RSCH,real,short,complex,0.000933,4,5.97,"['R', 'IH1', 'L', 'IY0']","['R', 'IH', 'L', 'IY']",ADV,"['R', 'IH', 'L', 'IY']"
426,426,things,RSCH,real,short,complex,0.00055,4,5.74,"['TH', 'IH1', 'NG', 'Z']","['TH', 'IH', 'NG', 'Z']",NOUN,"['TH', 'IH', 'NG', 'Z']"
427,427,outcome,RSCH,real,short,complex,2.24e-05,5,4.35,"['AW1', 'T', 'K', 'AH2', 'M']","['AW', 'T', 'K', 'AH', 'M']",VERB,"['AW', 'T', 'K', 'AH', 'M']"
428,428,marriage,RSCH,real,short,complex,8.13e-05,5,4.91,"['M', 'EH1', 'R', 'IH0', 'JH']","['M', 'EH', 'R', 'IH', 'JH']",NOUN,"['M', 'EH', 'R', 'IH', 'JH']"
429,429,social,RSCH,real,short,complex,0.000263,5,5.42,"['S', 'OW1', 'SH', 'AH0', 'L']","['S', 'OW', 'SH', 'AH', 'L']",ADJ,"['S', 'OW', 'SH', 'AH', 'L']"
430,430,passage,RSCH,real,short,complex,1.86e-05,5,4.27,"['P', 'AE1', 'S', 'AH0', 'JH']","['P', 'AE', 'S', 'AH', 'JH']",NOUN,"['P', 'AE', 'S', 'AH', 'JH']"
431,431,someday,RSCH,real,short,complex,1.12e-05,5,4.05,"['S', 'AH1', 'M', 'D', 'EY2']","['S', 'AH', 'M', 'D', 'EY']",NOUN,"['S', 'AH', 'M', 'D', 'EY']"
432,432,known,RSCH,real,short,complex,0.000245,3,5.39,"['N', 'OW1', 'N']","['N', 'OW', 'N']",VERB,"['N', 'OW', 'N']"
433,433,getting,RSCH,real,short,complex,0.000372,5,5.57,"['G', 'EH1', 'T', 'IH0', 'NG']","['G', 'EH', 'T', 'IH', 'NG']",VERB,"['G', 'EH', 'T', 'IH', 'NG']"
434,434,utterly,RSCH,real,short,complex,1.05e-05,5,4.02,"['AH1', 'T', 'ER0', 'L', 'IY0']","['AH', 'T', 'ER', 'L', 'IY']",ADV,"['AH', 'T', 'ER', 'L', 'IY']"
435,435,birthday,RSCH,real,short,complex,5.75e-05,5,4.76,"['B', 'ER1', 'TH', 'D', 'EY2']","['B', 'ER', 'TH', 'D', 'EY']",NOUN,"['B', 'ER', 'TH', 'D', 'EY']"
436,436,aging,RSCH,real,short,complex,1.1e-05,4,4.04,"['EY1', 'JH', 'IH0', 'NG']","['EY', 'JH', 'IH', 'NG']",VERB,"['EY', 'JH', 'IH', 'NG']"
437,437,carrier,RSCH,real,short,complex,1.95e-05,5,4.29,"['K', 'AE1', 'R', 'IY0', 'ER0']","['K', 'AE', 'R', 'IY', 'ER']",NOUN,"['K', 'AE', 'R', 'IY', 'ER']"
438,438,beating,RSCH,real,short,complex,2.69e-05,5,4.43,"['B', 'IY1', 'T', 'IH0', 'NG']","['B', 'IY', 'T', 'IH', 'NG']",VERB,"['B', 'IY', 'T', 'IH', 'NG']"
439,439,thrown,RSCH,real,short,complex,2.51e-05,4,4.4,"['TH', 'R', 'OW1', 'N']","['TH', 'R', 'OW', 'N']",VERB,"['TH', 'R', 'OW', 'N']"
440,440,going,RSCH,real,short,complex,0.000871,4,5.94,"['G', 'OW1', 'IH0', 'NG']","['G', 'OW', 'IH', 'NG']",VERB,"['G', 'OW', 'IH', 'NG']"
441,441,highly,RSCH,real,short,complex,7.76e-05,4,4.89,"['HH', 'AY1', 'L', 'IY0']","['HH', 'AY', 'L', 'IY']",ADV,"['HH', 'AY', 'L', 'IY']"
442,442,surveys,RSCH,real,short,complex,1e-05,5,4.0,"['S', 'ER1', 'V', 'EY2', 'Z']","['S', 'ER', 'V', 'EY', 'Z']",NOUN,"['S', 'ER', 'V', 'EY', 'Z']"
443,443,diving,RSCH,real,short,complex,1.05e-05,5,4.02,"['D', 'AY1', 'V', 'IH0', 'NG']","['D', 'AY', 'V', 'IH', 'NG']",VERB,"['D', 'AY', 'V', 'IH', 'NG']"
444,444,realize,RSCH,real,short,complex,6.76e-05,5,4.83,"['R', 'IY1', 'L', 'AY2', 'Z']","['R', 'IY', 'L', 'AY', 'Z']",VERB,"['R', 'IY', 'L', 'AY', 'Z']"
445,445,nothing,RSCH,real,short,complex,0.000355,5,5.55,"['N', 'AH1', 'TH', 'IH0', 'NG']","['N', 'AH', 'TH', 'IH', 'NG']",PRON,"['N', 'AH', 'TH', 'IH', 'NG']"
446,446,agreed,RSCH,real,short,complex,6.92e-05,5,4.84,"['AH0', 'G', 'R', 'IY1', 'D']","['AH', 'G', 'R', 'IY', 'D']",VERB,"['AH', 'G', 'R', 'IY', 'D']"
447,447,indeed,RSCH,real,short,complex,6.17e-05,5,4.79,"['IH0', 'N', 'D', 'IY1', 'D']","['IH', 'N', 'D', 'IY', 'D']",ADV,"['IH', 'N', 'D', 'IY', 'D']"
448,448,outdoor,RSCH,real,short,complex,1.7e-05,5,4.23,"['AW1', 'T', 'D', 'AO2', 'R']","['AW', 'T', 'D', 'AO', 'R']",NOUN,"['AW', 'T', 'D', 'AO', 'R']"
449,449,whoever,RSCH,real,short,complex,2.63e-05,5,4.42,"['HH', 'UW0', 'EH1', 'V', 'ER0']","['HH', 'UW', 'EH', 'V', 'ER']",PRON,"['HH', 'UW', 'EH', 'V', 'ER']"
450,450,wedding,RSCH,real,short,complex,6.76e-05,5,4.83,"['W', 'EH1', 'D', 'IH0', 'NG']","['W', 'EH', 'D', 'IH', 'NG']",NOUN,"['W', 'EH', 'D', 'IH', 'NG']"
451,451,turkish,RSCH,real,short,complex,1.91e-05,5,4.28,"['T', 'ER1', 'K', 'IH0', 'SH']","['T', 'ER', 'K', 'IH', 'SH']",ADJ,"['T', 'ER', 'K', 'IH', 'SH']"
452,452,blows,RSCH,real,short,complex,1.1e-05,4,4.04,"['B', 'L', 'OW1', 'Z']","['B', 'L', 'OW', 'Z']",VERB,"['B', 'L', 'OW', 'Z']"
453,453,halfway,RSCH,real,short,complex,1.15e-05,5,4.06,"['HH', 'AE1', 'F', 'W', 'EY1']","['HH', 'AE', 'F', 'W', 'EY']",ADV,"['HH', 'AE', 'F', 'W', 'EY']"
454,454,awesome,RSCH,real,short,complex,8.32e-05,4,4.92,"['AA1', 'S', 'AH0', 'M']","['AA', 'S', 'AH', 'M']",ADJ,"['AA', 'S', 'AH', 'M']"
455,455,thermal,RSCH,real,short,complex,1.1e-05,5,4.04,"['TH', 'ER1', 'M', 'AH0', 'L']","['TH', 'ER', 'M', 'AH', 'L']",ADJ,"['TH', 'ER', 'M', 'AH', 'L']"
456,456,wolves,RSCH,real,short,complex,1.02e-05,5,4.01,"['W', 'UH1', 'L', 'V', 'Z']","['W', 'UH', 'L', 'V', 'Z']",NOUN,"['W', 'UH', 'L', 'V', 'Z']"
457,457,rarely,RSCH,real,short,complex,2.63e-05,5,4.42,"['R', 'EH1', 'R', 'L', 'IY0']","['R', 'EH', 'R', 'L', 'IY']",ADV,"['R', 'EH', 'R', 'L', 'IY']"
458,458,fourth,RSCH,real,short,complex,6.76e-05,4,4.83,"['F', 'AO1', 'R', 'TH']","['F', 'AO', 'R', 'TH']",ADJ,"['F', 'AO', 'R', 'TH']"
459,459,truly,RSCH,real,short,complex,7.41e-05,5,4.87,"['T', 'R', 'UW1', 'L', 'IY0']","['T', 'R', 'UW', 'L', 'IY']",ADV,"['T', 'R', 'UW', 'L', 'IY']"
460,460,overall,RSCH,real,short,complex,7.94e-05,5,4.9,"['OW1', 'V', 'ER0', 'AO2', 'L']","['OW', 'V', 'ER', 'AO', 'L']",ADJ,"['OW', 'V', 'ER', 'AO', 'L']"
461,461,another,RSCH,real,short,complex,0.00055,5,5.74,"['AH0', 'N', 'AH1', 'DH', 'ER0']","['AH', 'N', 'AH', 'DH', 'ER']",PRON,"['AH', 'N', 'AH', 'DH', 'ER']"
462,462,dealt,RSCH,real,short,complex,1.58e-05,4,4.2,"['D', 'EH1', 'L', 'T']","['D', 'EH', 'L', 'T']",VERB,"['D', 'EH', 'L', 'T']"
463,463,wooden,RSCH,real,short,complex,2.14e-05,5,4.33,"['W', 'UH1', 'D', 'AH0', 'N']","['W', 'UH', 'D', 'AH', 'N']",ADJ,"['W', 'UH', 'D', 'AH', 'N']"
464,464,its,RSCH,real,short,complex,0.00138,3,6.14,"['IH1', 'T', 'S']","['IH', 'T', 'S']",PRON,"['IH', 'T', 'S']"
465,465,liar,RSCH,real,short,complex,1.05e-05,3,4.02,"['L', 'AY1', 'ER0']","['L', 'AY', 'ER']",NOUN,"['L', 'AY', 'ER']"
466,466,insane,RSCH,real,short,complex,2.51e-05,5,4.4,"['IH0', 'N', 'S', 'EY1', 'N']","['IH', 'N', 'S', 'EY', 'N']",ADJ,"['IH', 'N', 'S', 'EY', 'N']"
467,467,because,RSCH,real,short,complex,0.00107,5,6.03,"['B', 'IH0', 'K', 'AO1', 'Z']","['B', 'IH', 'K', 'AO', 'Z']",SCONJ,"['B', 'IH', 'K', 'AO', 'Z']"
468,468,abroad,RSCH,real,short,complex,2.45e-05,5,4.39,"['AH0', 'B', 'R', 'AO1', 'D']","['AH', 'B', 'R', 'AO', 'D']",ADV,"['AH', 'B', 'R', 'AO', 'D']"
469,469,nervous,RSCH,real,short,complex,2.63e-05,5,4.42,"['N', 'ER1', 'V', 'AH0', 'S']","['N', 'ER', 'V', 'AH', 'S']",ADJ,"['N', 'ER', 'V', 'AH', 'S']"
470,470,whereas,RSCH,real,short,complex,2.57e-05,5,4.41,"['W', 'EH0', 'R', 'AE1', 'Z']","['W', 'EH', 'R', 'AE', 'Z']",SCONJ,"['W', 'EH', 'R', 'AE', 'Z']"
471,471,eastern,RSCH,real,short,complex,6.03e-05,5,4.78,"['IY1', 'S', 'T', 'ER0', 'N']","['IY', 'S', 'T', 'ER', 'N']",ADJ,"['IY', 'S', 'T', 'ER', 'N']"
472,472,outfit,RSCH,real,short,complex,1.66e-05,5,4.22,"['AW1', 'T', 'F', 'IH2', 'T']","['AW', 'T', 'F', 'IH', 'T']",NOUN,"['AW', 'T', 'F', 'IH', 'T']"
473,473,behalf,RSCH,real,short,complex,2.63e-05,5,4.42,"['B', 'IH0', 'HH', 'AE1', 'F']","['B', 'IH', 'HH', 'AE', 'F']",NOUN,"['B', 'IH', 'HH', 'AE', 'F']"
474,474,liquor,RSCH,real,short,complex,1.02e-05,4,4.01,"['L', 'IH1', 'K', 'ER0']","['L', 'IH', 'K', 'ER']",NOUN,"['L', 'IH', 'K', 'ER']"
475,475,begun,RSCH,real,short,complex,2.29e-05,5,4.36,"['B', 'IH0', 'G', 'AH1', 'N']","['B', 'IH', 'G', 'AH', 'N']",VERB,"['B', 'IH', 'G', 'AH', 'N']"
476,476,fallen,RSCH,real,short,complex,2.45e-05,5,4.39,"['F', 'AA1', 'L', 'AH0', 'N']","['F', 'AA', 'L', 'AH', 'N']",VERB,"['F', 'AA', 'L', 'AH', 'N']"
477,477,within,RSCH,real,short,complex,0.000275,5,5.44,"['W', 'IH0', 'DH', 'IH1', 'N']","['W', 'IH', 'DH', 'IH', 'N']",ADP,"['W', 'IH', 'DH', 'IH', 'N']"
478,478,fried,RSCH,real,short,complex,1.15e-05,4,4.06,"['F', 'R', 'AY1', 'D']","['F', 'R', 'AY', 'D']",VERB,"['F', 'R', 'AY', 'D']"
479,479,stole,RSCH,real,short,complex,1.62e-05,4,4.21,"['S', 'T', 'OW1', 'L']","['S', 'T', 'OW', 'L']",VERB,"['S', 'T', 'OW', 'L']"
480,480,offense,RSCH,real,short,complex,1.82e-05,5,4.26,"['AH0', 'F', 'EH1', 'N', 'S']","['AH', 'F', 'EH', 'N', 'S']",NOUN,"['AH', 'F', 'EH', 'N', 'S']"
481,481,renewed,RSCH,real,short,complex,1.1e-05,5,4.04,"['R', 'IH0', 'N', 'UW1', 'D']","['R', 'IH', 'N', 'UW', 'D']",VERB,"['R', 'IH', 'N', 'UW', 'D']"
482,482,safely,RSCH,real,short,complex,1.66e-05,5,4.22,"['S', 'EY1', 'F', 'L', 'IY0']","['S', 'EY', 'F', 'L', 'IY']",ADV,"['S', 'EY', 'F', 'L', 'IY']"
483,483,lottery,RSCH,real,short,complex,1e-05,5,4.0,"['L', 'AA1', 'T', 'ER0', 'IY0']","['L', 'AA', 'T', 'ER', 'IY']",NOUN,"['L', 'AA', 'T', 'ER', 'IY']"
484,484,fishing,RSCH,real,short,complex,2.95e-05,5,4.47,"['F', 'IH1', 'SH', 'IH0', 'NG']","['F', 'IH', 'SH', 'IH', 'NG']",NOUN,"['F', 'IH', 'SH', 'IH', 'NG']"
485,485,happier,RSCH,real,short,complex,1.15e-05,5,4.06,"['HH', 'AE1', 'P', 'IY0', 'ER0']","['HH', 'AE', 'P', 'IY', 'ER']",ADJ,"['HH', 'AE', 'P', 'IY', 'ER']"
486,486,forgive,RSCH,real,short,complex,1.78e-05,5,4.25,"['F', 'ER0', 'G', 'IH1', 'V']","['F', 'ER', 'G', 'IH', 'V']",VERB,"['F', 'ER', 'G', 'IH', 'V']"
487,487,surface,RSCH,real,short,complex,6.76e-05,5,4.83,"['S', 'ER1', 'F', 'AH0', 'S']","['S', 'ER', 'F', 'AH', 'S']",NOUN,"['S', 'ER', 'F', 'AH', 'S']"
488,488,keeper,RSCH,real,short,complex,1.05e-05,4,4.02,"['K', 'IY1', 'P', 'ER0']","['K', 'IY', 'P', 'ER']",NOUN,"['K', 'IY', 'P', 'ER']"
489,489,announce,RSCH,real,short,complex,1.82e-05,5,4.26,"['AH0', 'N', 'AW1', 'N', 'S']","['AH', 'N', 'AW', 'N', 'S']",VERB,"['AH', 'N', 'AW', 'N', 'S']"
490,490,being,RSCH,real,short,complex,0.000891,4,5.95,"['B', 'IY1', 'IH0', 'NG']","['B', 'IY', 'IH', 'NG']",AUX,"['B', 'IY', 'IH', 'NG']"
491,491,become,RSCH,real,short,complex,0.000251,5,5.4,"['B', 'IH0', 'K', 'AH1', 'M']","['B', 'IH', 'K', 'AH', 'M']",VERB,"['B', 'IH', 'K', 'AH', 'M']"
492,492,always,RSCH,real,short,complex,0.000575,5,5.76,"['AO1', 'L', 'W', 'EY2', 'Z']","['AO', 'L', 'W', 'EY', 'Z']",ADV,"['AO', 'L', 'W', 'EY', 'Z']"
493,493,screwed,RSCH,real,short,complex,1e-05,5,4.0,"['S', 'K', 'R', 'UW1', 'D']","['S', 'K', 'R', 'UW', 'D']",VERB,"['S', 'K', 'R', 'UW', 'D']"
494,494,affairs,RSCH,real,short,complex,4.68e-05,5,4.67,"['AH0', 'F', 'EH1', 'R', 'Z']","['AH', 'F', 'EH', 'R', 'Z']",NOUN,"['AH', 'F', 'EH', 'R', 'Z']"
495,495,railway,RSCH,real,short,complex,2.88e-05,5,4.46,"['R', 'EY1', 'L', 'W', 'EY2']","['R', 'EY', 'L', 'W', 'EY']",NOUN,"['R', 'EY', 'L', 'W', 'EY']"
496,496,later,RSCH,real,short,complex,0.000309,4,5.49,"['L', 'EY1', 'T', 'ER0']","['L', 'EY', 'T', 'ER']",ADV,"['L', 'EY', 'T', 'ER']"
497,497,sexy,RSCH,real,short,complex,2.63e-05,5,4.42,"['S', 'EH1', 'K', 'S', 'IY0']","['S', 'EH', 'K', 'S', 'IY']",ADJ,"['S', 'EH', 'K', 'S', 'IY']"
498,498,teacher,RSCH,real,short,complex,7.59e-05,4,4.88,"['T', 'IY1', 'CH', 'ER0']","['T', 'IY', 'CH', 'ER']",NOUN,"['T', 'IY', 'CH', 'ER']"
499,499,turning,RSCH,real,short,complex,5.13e-05,5,4.71,"['T', 'ER1', 'N', 'IH0', 'NG']","['T', 'ER', 'N', 'IH', 'NG']",VERB,"['T', 'ER', 'N', 'IH', 'NG']"
500,500,encode,RSCL,real,short,complex,8.91e-07,5,2.95,"['EH0', 'N', 'K', 'OW1', 'D']","['EH', 'N', 'K', 'OW', 'D']",VERB,"['EH', 'N', 'K', 'OW', 'D']"
501,501,bathe,RSCL,real,short,complex,1.66e-06,3,3.22,"['B', 'EY1', 'DH']","['B', 'EY', 'DH']",VERB,"['B', 'EY', 'DH']"
502,502,foggy,RSCL,real,short,complex,1.55e-06,4,3.19,"['F', 'AA1', 'G', 'IY0']","['F', 'AA', 'G', 'IY']",ADJ,"['F', 'AA', 'G', 'IY']"
503,503,footing,RSCL,real,short,complex,3.16e-06,5,3.5,"['F', 'UH1', 'T', 'IH0', 'NG']","['F', 'UH', 'T', 'IH', 'NG']",VERB,"['F', 'UH', 'T', 'IH', 'NG']"
504,504,lows,RSCL,real,short,complex,2.82e-06,3,3.45,"['L', 'OW1', 'Z']","['L', 'OW', 'Z']",NOUN,"['L', 'OW', 'Z']"
505,505,eyebrow,RSCL,real,short,complex,2.34e-06,4,3.37,"['AY1', 'B', 'R', 'AW2']","['AY', 'B', 'R', 'AW']",NOUN,"['AY', 'B', 'R', 'AW']"
506,506,smelled,RSCL,real,short,complex,3.16e-06,5,3.5,"['S', 'M', 'EH1', 'L', 'D']","['S', 'M', 'EH', 'L', 'D']",VERB,"['S', 'M', 'EH', 'L', 'D']"
507,507,beehive,RSCL,real,short,complex,7.76e-07,5,2.89,"['B', 'IY1', 'HH', 'AY2', 'V']","['B', 'IY', 'HH', 'AY', 'V']",NOUN,"['B', 'IY', 'HH', 'AY', 'V']"
508,508,earner,RSCL,real,short,complex,8.71e-07,3,2.94,"['ER1', 'N', 'ER0']","['ER', 'N', 'ER']",NOUN,"['ER', 'N', 'ER']"
509,509,tableau,RSCL,real,short,complex,8.32e-07,5,2.92,"['T', 'AH0', 'B', 'L', 'OW1']","['T', 'AH', 'B', 'L', 'OW']",NOUN,"['T', 'AH', 'B', 'L', 'OW']"
510,510,tenths,RSCL,real,short,complex,9.33e-07,5,2.97,"['T', 'EH1', 'N', 'TH', 'S']","['T', 'EH', 'N', 'TH', 'S']",NOUN,"['T', 'EH', 'N', 'TH', 'S']"
511,511,perverse,RSCL,real,short,complex,1.55e-06,5,3.19,"['P', 'ER0', 'V', 'ER1', 'S']","['P', 'ER', 'V', 'ER', 'S']",ADJ,"['P', 'ER', 'V', 'ER', 'S']"
512,512,adjourned,RSCL,real,short,complex,2.19e-06,5,3.34,"['AH0', 'JH', 'ER1', 'N', 'D']","['AH', 'JH', 'ER', 'N', 'D']",VERB,"['AH', 'JH', 'ER', 'N', 'D']"
513,513,chewy,RSCL,real,short,complex,8.71e-07,3,2.94,"['CH', 'UW1', 'IY0']","['CH', 'UW', 'IY']",ADJ,"['CH', 'UW', 'IY']"
514,514,mating,RSCL,real,short,complex,3.16e-06,5,3.5,"['M', 'EY1', 'T', 'IH0', 'NG']","['M', 'EY', 'T', 'IH', 'NG']",VERB,"['M', 'EY', 'T', 'IH', 'NG']"
515,515,deepen,RSCL,real,short,complex,1.55e-06,5,3.19,"['D', 'IY1', 'P', 'AH0', 'N']","['D', 'IY', 'P', 'AH', 'N']",VERB,"['D', 'IY', 'P', 'AH', 'N']"
516,516,ablaze,RSCL,real,short,complex,8.51e-07,5,2.93,"['AH0', 'B', 'L', 'EY1', 'Z']","['AH', 'B', 'L', 'EY', 'Z']",ADJ,"['AH', 'B', 'L', 'EY', 'Z']"
517,517,onerous,RSCL,real,short,complex,8.32e-07,5,2.92,"['OW1', 'N', 'ER0', 'AH0', 'S']","['OW', 'N', 'ER', 'AH', 'S']",ADJ,"['OW', 'N', 'ER', 'AH', 'S']"
518,518,assessor,RSCL,real,short,complex,7.59e-07,5,2.88,"['AH0', 'S', 'EH1', 'S', 'ER0']","['AH', 'S', 'EH', 'S', 'ER']",NOUN,"['AH', 'S', 'EH', 'S', 'ER']"
519,519,iced,RSCL,real,short,complex,2.88e-06,3,3.46,"['AY1', 'S', 'T']","['AY', 'S', 'T']",VERB,"['AY', 'S', 'T']"
520,520,geese,RSCL,real,short,complex,2.24e-06,3,3.35,"['G', 'IY1', 'S']","['G', 'IY', 'S']",VERB,"['G', 'IY', 'S']"
521,521,doughnut,RSCL,real,short,complex,1.48e-06,5,3.17,"['D', 'OW1', 'N', 'AH2', 'T']","['D', 'OW', 'N', 'AH', 'T']",VERB,"['D', 'OW', 'N', 'AH', 'T']"
522,522,haitian,RSCL,real,short,complex,2.24e-06,5,3.35,"['HH', 'EY1', 'SH', 'AH0', 'N']","['HH', 'EY', 'SH', 'AH', 'N']",ADJ,"['HH', 'EY', 'SH', 'AH', 'N']"
523,523,herbal,RSCL,real,short,complex,2.29e-06,4,3.36,"['ER1', 'B', 'AH0', 'L']","['ER', 'B', 'AH', 'L']",ADJ,"['ER', 'B', 'AH', 'L']"
524,524,anew,RSCL,real,short,complex,1.58e-06,3,3.2,"['AH0', 'N', 'UW1']","['AH', 'N', 'UW']",ADV,"['AH', 'N', 'UW']"
525,525,drier,RSCL,real,short,complex,1.55e-06,4,3.19,"['D', 'R', 'AY1', 'ER0']","['D', 'R', 'AY', 'ER']",ADJ,"['D', 'R', 'AY', 'ER']"
526,526,awfully,RSCL,real,short,complex,2.57e-06,4,3.41,"['AA1', 'F', 'L', 'IY0']","['AA', 'F', 'L', 'IY']",ADV,"['AA', 'F', 'L', 'IY']"
527,527,upped,RSCL,real,short,complex,1.17e-06,3,3.07,"['AH1', 'P', 'T']","['AH', 'P', 'T']",VERB,"['AH', 'P', 'T']"
528,528,faiths,RSCL,real,short,complex,1.58e-06,4,3.2,"['F', 'EY1', 'TH', 'S']","['F', 'EY', 'TH', 'S']",NOUN,"['F', 'EY', 'TH', 'S']"
529,529,sorely,RSCL,real,short,complex,1.55e-06,5,3.19,"['S', 'AO1', 'R', 'L', 'IY0']","['S', 'AO', 'R', 'L', 'IY']",ADV,"['S', 'AO', 'R', 'L', 'IY']"
530,530,hippie,RSCL,real,short,complex,2.29e-06,4,3.36,"['HH', 'IH1', 'P', 'IY0']","['HH', 'IH', 'P', 'IY']",NOUN,"['HH', 'IH', 'P', 'IY']"
531,531,eyeing,RSCL,real,short,complex,1.45e-06,3,3.16,"['AY1', 'IH0', 'NG']","['AY', 'IH', 'NG']",VERB,"['AY', 'IH', 'NG']"
532,532,skinner,RSCL,real,short,complex,3.16e-06,5,3.5,"['S', 'K', 'IH1', 'N', 'ER0']","['S', 'K', 'IH', 'N', 'ER']",PROPN,"['S', 'K', 'IH', 'N', 'ER']"
533,533,mixer,RSCL,real,short,complex,3.16e-06,5,3.5,"['M', 'IH1', 'K', 'S', 'ER0']","['M', 'IH', 'K', 'S', 'ER']",NOUN,"['M', 'IH', 'K', 'S', 'ER']"
534,534,growers,RSCL,real,short,complex,3.16e-06,5,3.5,"['G', 'R', 'OW1', 'ER0', 'Z']","['G', 'R', 'OW', 'ER', 'Z']",NOUN,"['G', 'R', 'OW', 'ER', 'Z']"
535,535,shrunk,RSCL,real,short,complex,1.51e-06,5,3.18,"['SH', 'R', 'AH1', 'NG', 'K']","['SH', 'R', 'AH', 'NG', 'K']",VERB,"['SH', 'R', 'AH', 'NG', 'K']"
536,536,caress,RSCL,real,short,complex,8.71e-07,4,2.94,"['K', 'ER0', 'EH1', 'S']","['K', 'ER', 'EH', 'S']",VERB,"['K', 'ER', 'EH', 'S']"
537,537,earthy,RSCL,real,short,complex,1.05e-06,3,3.02,"['ER1', 'TH', 'IY0']","['ER', 'TH', 'IY']",ADJ,"['ER', 'TH', 'IY']"
538,538,bows,RSCL,real,short,complex,3.16e-06,3,3.5,"['B', 'AW1', 'Z']","['B', 'AW', 'Z']",VERB,"['B', 'AW', 'Z']"
539,539,airtight,RSCL,real,short,complex,8.91e-07,5,2.95,"['EH1', 'R', 'T', 'AY2', 'T']","['EH', 'R', 'T', 'AY', 'T']",NOUN,"['EH', 'R', 'T', 'AY', 'T']"
540,540,eater,RSCL,real,short,complex,2.63e-06,3,3.42,"['IY1', 'T', 'ER0']","['IY', 'T', 'ER']",NOUN,"['IY', 'T', 'ER']"
541,541,redo,RSCL,real,short,complex,1.55e-06,4,3.19,"['R', 'IY0', 'D', 'UW1']","['R', 'IY', 'D', 'UW']",VERB,"['R', 'IY', 'D', 'UW']"
542,542,seaman,RSCL,real,short,complex,1.58e-06,5,3.2,"['S', 'IY1', 'M', 'AH0', 'N']","['S', 'IY', 'M', 'AH', 'N']",NOUN,"['S', 'IY', 'M', 'AH', 'N']"
543,543,dries,RSCL,real,short,complex,1.58e-06,4,3.2,"['D', 'R', 'AY1', 'Z']","['D', 'R', 'AY', 'Z']",VERB,"['D', 'R', 'AY', 'Z']"
544,544,roaming,RSCL,real,short,complex,3.16e-06,5,3.5,"['R', 'OW1', 'M', 'IH0', 'NG']","['R', 'OW', 'M', 'IH', 'NG']",VERB,"['R', 'OW', 'M', 'IH', 'NG']"
545,545,longing,RSCL,real,short,complex,3.16e-06,5,3.5,"['L', 'AO1', 'NG', 'IH0', 'NG']","['L', 'AO', 'NG', 'IH', 'NG']",NOUN,"['L', 'AO', 'NG', 'IH', 'NG']"
546,546,orator,RSCL,real,short,complex,7.94e-07,5,2.9,"['AO1', 'R', 'AH0', 'T', 'ER0']","['AO', 'R', 'AH', 'T', 'ER']",NOUN,"['AO', 'R', 'AH', 'T', 'ER']"
547,547,kneel,RSCL,real,short,complex,1.74e-06,3,3.24,"['N', 'IY1', 'L']","['N', 'IY', 'L']",VERB,"['N', 'IY', 'L']"
548,548,hellish,RSCL,real,short,complex,8.32e-07,5,2.92,"['HH', 'EH1', 'L', 'IH0', 'SH']","['HH', 'EH', 'L', 'IH', 'SH']",ADJ,"['HH', 'EH', 'L', 'IH', 'SH']"
549,549,sayings,RSCL,real,short,complex,1.48e-06,5,3.17,"['S', 'EY1', 'IH0', 'NG', 'Z']","['S', 'EY', 'IH', 'NG', 'Z']",NOUN,"['S', 'EY', 'IH', 'NG', 'Z']"
550,550,bluish,RSCL,real,short,complex,7.59e-07,5,2.88,"['B', 'L', 'UW1', 'IH0', 'SH']","['B', 'L', 'UW', 'IH', 'SH']",ADJ,"['B', 'L', 'UW', 'IH', 'SH']"
551,551,detour,RSCL,real,short,complex,1.58e-06,5,3.2,"['D', 'IH0', 'T', 'UH1', 'R']","['D', 'IH', 'T', 'UH', 'R']",NOUN,"['D', 'IH', 'T', 'UH', 'R']"
552,552,eased,RSCL,real,short,complex,1.78e-06,3,3.25,"['IY1', 'Z', 'D']","['IY', 'Z', 'D']",VERB,"['IY', 'Z', 'D']"
553,553,finesse,RSCL,real,short,complex,1.51e-06,5,3.18,"['F', 'IH0', 'N', 'EH1', 'S']","['F', 'IH', 'N', 'EH', 'S']",VERB,"['F', 'IH', 'N', 'EH', 'S']"
554,554,lawler,RSCL,real,short,complex,8.51e-07,4,2.93,"['L', 'AO1', 'L', 'ER0']","['L', 'AO', 'L', 'ER']",PROPN,"['L', 'AO', 'L', 'ER']"
555,555,haters,RSCL,real,short,complex,3.16e-06,5,3.5,"['HH', 'EY1', 'T', 'ER0', 'Z']","['HH', 'EY', 'T', 'ER', 'Z']",NOUN,"['HH', 'EY', 'T', 'ER', 'Z']"
556,556,foresee,RSCL,real,short,complex,1.51e-06,5,3.18,"['F', 'AO0', 'R', 'S', 'IY1']","['F', 'AO', 'R', 'S', 'IY']",VERB,"['F', 'AO', 'R', 'S', 'IY']"
557,557,outweighed,RSCL,real,short,complex,7.94e-07,5,2.9,"['AW0', 'T', 'W', 'EY1', 'D']","['AW', 'T', 'W', 'EY', 'D']",VERB,"['AW', 'T', 'W', 'EY', 'D']"
558,558,biggie,RSCL,real,short,complex,1.51e-06,4,3.18,"['B', 'IH1', 'G', 'IY0']","['B', 'IH', 'G', 'IY']",NOUN,"['B', 'IH', 'G', 'IY']"
559,559,sewn,RSCL,real,short,complex,1.51e-06,3,3.18,"['S', 'OW1', 'N']","['S', 'OW', 'N']",VERB,"['S', 'OW', 'N']"
560,560,oxen,RSCL,real,short,complex,7.94e-07,5,2.9,"['AA1', 'K', 'S', 'AH0', 'N']","['AA', 'K', 'S', 'AH', 'N']",PROPN,"['AA', 'K', 'S', 'AH', 'N']"
561,561,mapped,RSCL,real,short,complex,3.16e-06,4,3.5,"['M', 'AE1', 'P', 'T']","['M', 'AE', 'P', 'T']",VERB,"['M', 'AE', 'P', 'T']"
562,562,mailed,RSCL,real,short,complex,3.16e-06,4,3.5,"['M', 'EY1', 'L', 'D']","['M', 'EY', 'L', 'D']",VERB,"['M', 'EY', 'L', 'D']"
563,563,shrank,RSCL,real,short,complex,7.94e-07,5,2.9,"['SH', 'R', 'AE1', 'NG', 'K']","['SH', 'R', 'AE', 'NG', 'K']",VERB,"['SH', 'R', 'AE', 'NG', 'K']"
564,564,impair,RSCL,real,short,complex,8.51e-07,5,2.93,"['IH0', 'M', 'P', 'EH1', 'R']","['IH', 'M', 'P', 'EH', 'R']",VERB,"['IH', 'M', 'P', 'EH', 'R']"
565,565,afoot,RSCL,real,short,complex,7.76e-07,4,2.89,"['AH0', 'F', 'UH1', 'T']","['AH', 'F', 'UH', 'T']",VERB,"['AH', 'F', 'UH', 'T']"
566,566,docked,RSCL,real,short,complex,1.58e-06,4,3.2,"['D', 'AA1', 'K', 'T']","['D', 'AA', 'K', 'T']",VERB,"['D', 'AA', 'K', 'T']"
567,567,oars,RSCL,real,short,complex,1.02e-06,3,3.01,"['AO1', 'R', 'Z']","['AO', 'R', 'Z']",NOUN,"['AO', 'R', 'Z']"
568,568,recoil,RSCL,real,short,complex,1.55e-06,5,3.19,"['R', 'IY0', 'K', 'OY1', 'L']","['R', 'IY', 'K', 'OY', 'L']",VERB,"['R', 'IY', 'K', 'OY', 'L']"
569,569,hitter,RSCL,real,short,complex,3.16e-06,4,3.5,"['HH', 'IH1', 'T', 'ER0']","['HH', 'IH', 'T', 'ER']",NOUN,"['HH', 'IH', 'T', 'ER']"
570,570,outing,RSCL,real,short,complex,3.16e-06,4,3.5,"['AW1', 'T', 'IH0', 'NG']","['AW', 'T', 'IH', 'NG']",NOUN,"['AW', 'T', 'IH', 'NG']"
571,571,eels,RSCL,real,short,complex,1.51e-06,3,3.18,"['IY1', 'L', 'Z']","['IY', 'L', 'Z']",NOUN,"['IY', 'L', 'Z']"
572,572,disarray,RSCL,real,short,complex,9.12e-07,5,2.96,"['D', 'IH2', 'S', 'ER0', 'EY1']","['D', 'IH', 'S', 'ER', 'EY']",NOUN,"['D', 'IH', 'S', 'ER', 'EY']"
573,573,ills,RSCL,real,short,complex,1.02e-06,3,3.01,"['IH1', 'L', 'Z']","['IH', 'L', 'Z']",NOUN,"['IH', 'L', 'Z']"
574,574,rename,RSCL,real,short,complex,1.51e-06,5,3.18,"['R', 'IY0', 'N', 'EY1', 'M']","['R', 'IY', 'N', 'EY', 'M']",VERB,"['R', 'IY', 'N', 'EY', 'M']"
575,575,lashes,RSCL,real,short,complex,2.75e-06,5,3.44,"['L', 'AE1', 'SH', 'IH0', 'Z']","['L', 'AE', 'SH', 'IH', 'Z']",NOUN,"['L', 'AE', 'SH', 'IH', 'Z']"
576,576,seashore,RSCL,real,short,complex,8.32e-07,5,2.92,"['S', 'IY1', 'SH', 'AO2', 'R']","['S', 'IY', 'SH', 'AO', 'R']",NOUN,"['S', 'IY', 'SH', 'AO', 'R']"
577,577,badges,RSCL,real,short,complex,3.16e-06,5,3.5,"['B', 'AE1', 'JH', 'IH0', 'Z']","['B', 'AE', 'JH', 'IH', 'Z']",NOUN,"['B', 'AE', 'JH', 'IH', 'Z']"
578,578,milky,RSCL,real,short,complex,3.16e-06,5,3.5,"['M', 'IH1', 'L', 'K', 'IY0']","['M', 'IH', 'L', 'K', 'IY']",ADJ,"['M', 'IH', 'L', 'K', 'IY']"
579,579,ascent,RSCL,real,short,complex,2.63e-06,5,3.42,"['AH0', 'S', 'EH1', 'N', 'T']","['AH', 'S', 'EH', 'N', 'T']",NOUN,"['AH', 'S', 'EH', 'N', 'T']"
580,580,sawmill,RSCL,real,short,complex,7.76e-07,5,2.89,"['S', 'AO1', 'M', 'IH2', 'L']","['S', 'AO', 'M', 'IH', 'L']",NOUN,"['S', 'AO', 'M', 'IH', 'L']"
581,581,authored,RSCL,real,short,complex,3.09e-06,4,3.49,"['AO1', 'TH', 'ER0', 'D']","['AO', 'TH', 'ER', 'D']",VERB,"['AO', 'TH', 'ER', 'D']"
582,582,bailout,RSCL,real,short,complex,1.45e-06,5,3.16,"['B', 'EY1', 'L', 'AW2', 'T']","['B', 'EY', 'L', 'AW', 'T']",NOUN,"['B', 'EY', 'L', 'AW', 'T']"
583,583,beggar,RSCL,real,short,complex,1.48e-06,4,3.17,"['B', 'EH1', 'G', 'ER0']","['B', 'EH', 'G', 'ER']",NOUN,"['B', 'EH', 'G', 'ER']"
584,584,chords,RSCL,real,short,complex,3.16e-06,5,3.5,"['K', 'AO1', 'R', 'D', 'Z']","['K', 'AO', 'R', 'D', 'Z']",NOUN,"['K', 'AO', 'R', 'D', 'Z']"
585,585,unearthed,RSCL,real,short,complex,1.55e-06,5,3.19,"['AH0', 'N', 'ER1', 'TH', 'T']","['AH', 'N', 'ER', 'TH', 'T']",VERB,"['AH', 'N', 'ER', 'TH', 'T']"
586,586,ferries,RSCL,real,short,complex,1.51e-06,5,3.18,"['F', 'EH1', 'R', 'IY0', 'Z']","['F', 'EH', 'R', 'IY', 'Z']",NOUN,"['F', 'EH', 'R', 'IY', 'Z']"
587,587,signage,RSCL,real,short,complex,1.55e-06,5,3.19,"['S', 'AY1', 'N', 'IH0', 'JH']","['S', 'AY', 'N', 'IH', 'JH']",NOUN,"['S', 'AY', 'N', 'IH', 'JH']"
588,588,eyeing,RSCL,real,short,complex,1.45e-06,3,3.16,"['AY1', 'IH0', 'NG']","['AY', 'IH', 'NG']",VERB,"['AY', 'IH', 'NG']"
589,589,chilly,RSCL,real,short,complex,3.16e-06,4,3.5,"['CH', 'IH1', 'L', 'IY0']","['CH', 'IH', 'L', 'IY']",ADJ,"['CH', 'IH', 'L', 'IY']"
590,590,vowed,RSCL,real,short,complex,2.45e-06,3,3.39,"['V', 'AW1', 'D']","['V', 'AW', 'D']",VERB,"['V', 'AW', 'D']"
591,591,newtown,RSCL,real,short,complex,1.58e-06,5,3.2,"['N', 'UW1', 'T', 'AW2', 'N']","['N', 'UW', 'T', 'AW', 'N']",PROPN,"['N', 'UW', 'T', 'AW', 'N']"
592,592,sighed,RSCL,real,short,complex,1.35e-06,3,3.13,"['S', 'AY1', 'D']","['S', 'AY', 'D']",VERB,"['S', 'AY', 'D']"
593,593,apes,RSCL,real,short,complex,2.82e-06,3,3.45,"['EY1', 'P', 'S']","['EY', 'P', 'S']",NOUN,"['EY', 'P', 'S']"
594,594,shone,RSCL,real,short,complex,1.7e-06,3,3.23,"['SH', 'OW1', 'N']","['SH', 'OW', 'N']",VERB,"['SH', 'OW', 'N']"
595,595,maoist,RSCL,real,short,complex,7.94e-07,5,2.9,"['M', 'AW1', 'IH0', 'S', 'T']","['M', 'AW', 'IH', 'S', 'T']",PROPN,"['M', 'AW', 'IH', 'S', 'T']"
596,596,unveil,RSCL,real,short,complex,1.58e-06,5,3.2,"['AH0', 'N', 'V', 'EY1', 'L']","['AH', 'N', 'V', 'EY', 'L']",VERB,"['AH', 'N', 'V', 'EY', 'L']"
597,597,boos,RSCL,real,short,complex,1.07e-06,3,3.03,"['B', 'UW1', 'Z']","['B', 'UW', 'Z']",PROPN,"['B', 'UW', 'Z']"
598,598,crappy,RSCL,real,short,complex,3.16e-06,5,3.5,"['K', 'R', 'AE1', 'P', 'IY2']","['K', 'R', 'AE', 'P', 'IY']",ADJ,"['K', 'R', 'AE', 'P', 'IY']"
599,599,keyed,RSCL,real,short,complex,7.76e-07,3,2.89,"['K', 'IY1', 'D']","['K', 'IY', 'D']",VERB,"['K', 'IY', 'D']"
600,600,agree,RSSH,real,short,simple,9.33e-05,4,4.97,"['AH0', 'G', 'R', 'IY1']","['AH', 'G', 'R', 'IY']",VERB,"['AH', 'G', 'R', 'IY']"
601,601,claim,RSSH,real,short,simple,8.91e-05,4,4.95,"['K', 'L', 'EY1', 'M']","['K', 'L', 'EY', 'M']",VERB,"['K', 'L', 'EY', 'M']"
602,602,said,RSSH,real,short,simple,0.00102,3,6.01,"['S', 'EH1', 'D']","['S', 'EH', 'D']",VERB,"['S', 'EH', 'D']"
603,603,stark,RSSH,real,short,simple,1.02e-05,5,4.01,"['S', 'T', 'AA1', 'R', 'K']","['S', 'T', 'AA', 'R', 'K']",ADJ,"['S', 'T', 'AA', 'R', 'K']"
604,604,known,RSSH,real,short,simple,0.000245,3,5.39,"['N', 'OW1', 'N']","['N', 'OW', 'N']",VERB,"['N', 'OW', 'N']"
605,605,case,RSSH,real,short,simple,0.000355,3,5.55,"['K', 'EY1', 'S']","['K', 'EY', 'S']",NOUN,"['K', 'EY', 'S']"
606,606,those,RSSH,real,short,simple,0.000794,3,5.9,"['DH', 'OW1', 'Z']","['DH', 'OW', 'Z']",PRON,"['DH', 'OW', 'Z']"
607,607,please,RSSH,real,short,simple,0.000457,4,5.66,"['P', 'L', 'IY1', 'Z']","['P', 'L', 'IY', 'Z']",INTJ,"['P', 'L', 'IY', 'Z']"
608,608,minute,RSSH,real,short,simple,9.55e-05,5,4.98,"['M', 'IH1', 'N', 'AH0', 'T']","['M', 'IH', 'N', 'AH', 'T']",NOUN,"['M', 'IH', 'N', 'AH', 'T']"
609,609,maybe,RSSH,real,short,simple,0.000282,4,5.45,"['M', 'EY1', 'B', 'IY0']","['M', 'EY', 'B', 'IY']",ADV,"['M', 'EY', 'B', 'IY']"
610,610,state,RSSH,real,short,simple,0.000603,4,5.78,"['S', 'T', 'EY1', 'T']","['S', 'T', 'EY', 'T']",NOUN,"['S', 'T', 'EY', 'T']"
611,611,jerk,RSSH,real,short,simple,1e-05,3,4.0,"['JH', 'ER1', 'K']","['JH', 'ER', 'K']",VERB,"['JH', 'ER', 'K']"
612,612,den,RSSH,real,short,simple,1.02e-05,3,4.01,"['D', 'EH1', 'N']","['D', 'EH', 'N']",VERB,"['D', 'EH', 'N']"
613,613,lap,RSSH,real,short,simple,1.51e-05,3,4.18,"['L', 'AE1', 'P']","['L', 'AE', 'P']",NOUN,"['L', 'AE', 'P']"
614,614,could,RSSH,real,short,simple,0.00115,3,6.06,"['K', 'UH1', 'D']","['K', 'UH', 'D']",AUX,"['K', 'UH', 'D']"
615,615,taxi,RSSH,real,short,simple,1.55e-05,5,4.19,"['T', 'AE1', 'K', 'S', 'IY0']","['T', 'AE', 'K', 'S', 'IY']",NOUN,"['T', 'AE', 'K', 'S', 'IY']"
616,616,help,RSSH,real,short,simple,0.000562,4,5.75,"['HH', 'EH1', 'L', 'P']","['HH', 'EH', 'L', 'P']",VERB,"['HH', 'EH', 'L', 'P']"
617,617,chase,RSSH,real,short,simple,2.75e-05,3,4.44,"['CH', 'EY1', 'S']","['CH', 'EY', 'S']",VERB,"['CH', 'EY', 'S']"
618,618,part,RSSH,real,short,simple,0.000603,4,5.78,"['P', 'AA1', 'R', 'T']","['P', 'AA', 'R', 'T']",NOUN,"['P', 'AA', 'R', 'T']"
619,619,wear,RSSH,real,short,simple,8.32e-05,3,4.92,"['W', 'EH1', 'R']","['W', 'EH', 'R']",VERB,"['W', 'EH', 'R']"
620,620,money,RSSH,real,short,simple,0.000437,4,5.64,"['M', 'AH1', 'N', 'IY0']","['M', 'AH', 'N', 'IY']",NOUN,"['M', 'AH', 'N', 'IY']"
621,621,harm,RSSH,real,short,simple,2.95e-05,4,4.47,"['HH', 'AA1', 'R', 'M']","['HH', 'AA', 'R', 'M']",VERB,"['HH', 'AA', 'R', 'M']"
622,622,gauge,RSSH,real,short,simple,1.05e-05,3,4.02,"['G', 'EY1', 'JH']","['G', 'EY', 'JH']",VERB,"['G', 'EY', 'JH']"
623,623,boot,RSSH,real,short,simple,1.55e-05,3,4.19,"['B', 'UW1', 'T']","['B', 'UW', 'T']",NOUN,"['B', 'UW', 'T']"
624,624,chart,RSSH,real,short,simple,2.95e-05,4,4.47,"['CH', 'AA1', 'R', 'T']","['CH', 'AA', 'R', 'T']",NOUN,"['CH', 'AA', 'R', 'T']"
625,625,health,RSSH,real,short,simple,0.000275,4,5.44,"['HH', 'EH1', 'L', 'TH']","['HH', 'EH', 'L', 'TH']",NOUN,"['HH', 'EH', 'L', 'TH']"
626,626,bar,RSSH,real,short,simple,8.71e-05,3,4.94,"['B', 'AA1', 'R']","['B', 'AA', 'R']",NOUN,"['B', 'AA', 'R']"
627,627,power,RSSH,real,short,simple,0.000331,3,5.52,"['P', 'AW1', 'ER0']","['P', 'AW', 'ER']",NOUN,"['P', 'AW', 'ER']"
628,628,body,RSSH,real,short,simple,0.000251,4,5.4,"['B', 'AA1', 'D', 'IY0']","['B', 'AA', 'D', 'IY']",NOUN,"['B', 'AA', 'D', 'IY']"
629,629,best,RSSH,real,short,simple,0.000692,4,5.84,"['B', 'EH1', 'S', 'T']","['B', 'EH', 'S', 'T']",ADJ,"['B', 'EH', 'S', 'T']"
630,630,grain,RSSH,real,short,simple,1.51e-05,4,4.18,"['G', 'R', 'EY1', 'N']","['G', 'R', 'EY', 'N']",NOUN,"['G', 'R', 'EY', 'N']"
631,631,white,RSSH,real,short,simple,0.000324,3,5.51,"['W', 'AY1', 'T']","['W', 'AY', 'T']",ADJ,"['W', 'AY', 'T']"
632,632,right,RSSH,real,short,simple,0.000912,3,5.96,"['R', 'AY1', 'T']","['R', 'AY', 'T']",INTJ,"['R', 'AY', 'T']"
633,633,them,RSSH,real,short,simple,0.00155,3,6.19,"['DH', 'EH1', 'M']","['DH', 'EH', 'M']",PRON,"['DH', 'EH', 'M']"
634,634,sun,RSSH,real,short,simple,9.33e-05,3,4.97,"['S', 'AH1', 'N']","['S', 'AH', 'N']",NOUN,"['S', 'AH', 'N']"
635,635,more,RSSH,real,short,simple,0.00229,3,6.36,"['M', 'AO1', 'R']","['M', 'AO', 'R']",ADJ,"['M', 'AO', 'R']"
636,636,crude,RSSH,real,short,simple,1e-05,4,4.0,"['K', 'R', 'UW1', 'D']","['K', 'R', 'UW', 'D']",NOUN,"['K', 'R', 'UW', 'D']"
637,637,bound,RSSH,real,short,simple,2.88e-05,4,4.46,"['B', 'AW1', 'N', 'D']","['B', 'AW', 'N', 'D']",VERB,"['B', 'AW', 'N', 'D']"
638,638,when,RSSH,real,short,simple,0.00234,3,6.37,"['W', 'EH1', 'N']","['W', 'EH', 'N']",SCONJ,"['W', 'EH', 'N']"
639,639,that,RSSH,real,short,simple,0.0102,3,7.01,"['DH', 'AE1', 'T']","['DH', 'AE', 'T']",PRON,"['DH', 'AE', 'T']"
640,640,hip,RSSH,real,short,simple,2.88e-05,3,4.46,"['HH', 'IH1', 'P']","['HH', 'IH', 'P']",NOUN,"['HH', 'IH', 'P']"
641,641,run,RSSH,real,short,simple,0.000309,3,5.49,"['R', 'AH1', 'N']","['R', 'AH', 'N']",VERB,"['R', 'AH', 'N']"
642,642,search,RSSH,real,short,simple,9.12e-05,3,4.96,"['S', 'ER1', 'CH']","['S', 'ER', 'CH']",NOUN,"['S', 'ER', 'CH']"
643,643,none,RSSH,real,short,simple,8.51e-05,3,4.93,"['N', 'AH1', 'N']","['N', 'AH', 'N']",NOUN,"['N', 'AH', 'N']"
644,644,let,RSSH,real,short,simple,0.000398,3,5.6,"['L', 'EH1', 'T']","['L', 'EH', 'T']",VERB,"['L', 'EH', 'T']"
645,645,found,RSSH,real,short,simple,0.000479,4,5.68,"['F', 'AW1', 'N', 'D']","['F', 'AW', 'N', 'D']",VERB,"['F', 'AW', 'N', 'D']"
646,646,image,RSSH,real,short,simple,8.71e-05,4,4.94,"['IH1', 'M', 'AH0', 'JH']","['IH', 'M', 'AH', 'JH']",NOUN,"['IH', 'M', 'AH', 'JH']"
647,647,whole,RSSH,real,short,simple,0.000288,3,5.46,"['HH', 'OW1', 'L']","['HH', 'OW', 'L']",ADJ,"['HH', 'OW', 'L']"
648,648,pet,RSSH,real,short,simple,2.82e-05,3,4.45,"['P', 'EH1', 'T']","['P', 'EH', 'T']",NOUN,"['P', 'EH', 'T']"
649,649,flash,RSSH,real,short,simple,2.82e-05,4,4.45,"['F', 'L', 'AE1', 'SH']","['F', 'L', 'AE', 'SH']",VERB,"['F', 'L', 'AE', 'SH']"
650,650,such,RSSH,real,short,simple,0.000692,3,5.84,"['S', 'AH1', 'CH']","['S', 'AH', 'CH']",ADJ,"['S', 'AH', 'CH']"
651,651,kind,RSSH,real,short,simple,0.000282,4,5.45,"['K', 'AY1', 'N', 'D']","['K', 'AY', 'N', 'D']",NOUN,"['K', 'AY', 'N', 'D']"
652,652,used,RSSH,real,short,simple,0.000631,4,5.8,"['Y', 'UW1', 'Z', 'D']","['Y', 'UW', 'Z', 'D']",VERB,"['Y', 'UW', 'Z', 'D']"
653,653,back,RSSH,real,short,simple,0.0011,3,6.04,"['B', 'AE1', 'K']","['B', 'AE', 'K']",ADV,"['B', 'AE', 'K']"
654,654,south,RSSH,real,short,simple,0.000251,3,5.4,"['S', 'AW1', 'TH']","['S', 'AW', 'TH']",NOUN,"['S', 'AW', 'TH']"
655,655,stop,RSSH,real,short,simple,0.000331,4,5.52,"['S', 'T', 'AA1', 'P']","['S', 'T', 'AA', 'P']",VERB,"['S', 'T', 'AA', 'P']"
656,656,fear,RSSH,real,short,simple,8.91e-05,3,4.95,"['F', 'IH1', 'R']","['F', 'IH', 'R']",VERB,"['F', 'IH', 'R']"
657,657,make,RSSH,real,short,simple,0.0012,3,6.08,"['M', 'EY1', 'K']","['M', 'EY', 'K']",VERB,"['M', 'EY', 'K']"
658,658,far,RSSH,real,short,simple,0.000316,3,5.5,"['F', 'AA1', 'R']","['F', 'AA', 'R']",ADV,"['F', 'AA', 'R']"
659,659,than,RSSH,real,short,simple,0.00135,3,6.13,"['DH', 'AE1', 'N']","['DH', 'AE', 'N']",ADP,"['DH', 'AE', 'N']"
660,660,point,RSSH,real,short,simple,0.000347,4,5.54,"['P', 'OY1', 'N', 'T']","['P', 'OY', 'N', 'T']",VERB,"['P', 'OY', 'N', 'T']"
661,661,scene,RSSH,real,short,simple,9.33e-05,3,4.97,"['S', 'IY1', 'N']","['S', 'IY', 'N']",NOUN,"['S', 'IY', 'N']"
662,662,rule,RSSH,real,short,simple,8.71e-05,3,4.94,"['R', 'UW1', 'L']","['R', 'UW', 'L']",VERB,"['R', 'UW', 'L']"
663,663,sell,RSSH,real,short,simple,9.55e-05,3,4.98,"['S', 'EH1', 'L']","['S', 'EH', 'L']",VERB,"['S', 'EH', 'L']"
664,664,gray,RSSH,real,short,simple,2.82e-05,3,4.45,"['G', 'R', 'EY1']","['G', 'R', 'EY']",ADJ,"['G', 'R', 'EY']"
665,665,this,RSSH,real,short,simple,0.00661,3,6.82,"['DH', 'IH1', 'S']","['DH', 'IH', 'S']",PRON,"['DH', 'IH', 'S']"
666,666,great,RSSH,real,short,simple,0.000759,4,5.88,"['G', 'R', 'EY1', 'T']","['G', 'R', 'EY', 'T']",ADJ,"['G', 'R', 'EY', 'T']"
667,667,bad,RSSH,real,short,simple,0.000339,3,5.53,"['B', 'AE1', 'D']","['B', 'AE', 'D']",ADJ,"['B', 'AE', 'D']"
668,668,from,RSSH,real,short,simple,0.00427,4,6.63,"['F', 'R', 'AH1', 'M']","['F', 'R', 'AH', 'M']",ADP,"['F', 'R', 'AH', 'M']"
669,669,uncle,RSSH,real,short,simple,2.82e-05,5,4.45,"['AH1', 'NG', 'K', 'AH0', 'L']","['AH', 'NG', 'K', 'AH', 'L']",NOUN,"['AH', 'NG', 'K', 'AH', 'L']"
670,670,nude,RSSH,real,short,simple,1e-05,3,4.0,"['N', 'UW1', 'D']","['N', 'UW', 'D']",ADJ,"['N', 'UW', 'D']"
671,671,crush,RSSH,real,short,simple,1.48e-05,4,4.17,"['K', 'R', 'AH1', 'SH']","['K', 'R', 'AH', 'SH']",VERB,"['K', 'R', 'AH', 'SH']"
672,672,cargo,RSSH,real,short,simple,1.55e-05,5,4.19,"['K', 'AA1', 'R', 'G', 'OW2']","['K', 'AA', 'R', 'G', 'OW']",NOUN,"['K', 'AA', 'R', 'G', 'OW']"
673,673,there,RSSH,real,short,simple,0.00204,3,6.31,"['DH', 'EH1', 'R']","['DH', 'EH', 'R']",PRON,"['DH', 'EH', 'R']"
674,674,got,RSSH,real,short,simple,0.000813,3,5.91,"['G', 'AA1', 'T']","['G', 'AA', 'T']",VERB,"['G', 'AA', 'T']"
675,675,other,RSSH,real,short,simple,0.00145,3,6.16,"['AH1', 'DH', 'ER0']","['AH', 'DH', 'ER']",ADJ,"['AH', 'DH', 'ER']"
676,676,which,RSSH,real,short,simple,0.002,3,6.3,"['W', 'IH1', 'CH']","['W', 'IH', 'CH']",PRON,"['W', 'IH', 'CH']"
677,677,can,RSSH,real,short,simple,0.00288,3,6.46,"['K', 'AE1', 'N']","['K', 'AE', 'N']",AUX,"['K', 'AE', 'N']"
678,678,nature,RSSH,real,short,simple,9.55e-05,4,4.98,"['N', 'EY1', 'CH', 'ER0']","['N', 'EY', 'CH', 'ER']",NOUN,"['N', 'EY', 'CH', 'ER']"
679,679,five,RSSH,real,short,simple,0.000282,3,5.45,"['F', 'AY1', 'V']","['F', 'AY', 'V']",NUM,"['F', 'AY', 'V']"
680,680,shit,RSSH,real,short,simple,0.000302,3,5.48,"['SH', 'IH1', 'T']","['SH', 'IH', 'T']",VERB,"['SH', 'IH', 'T']"
681,681,fan,RSSH,real,short,simple,8.32e-05,3,4.92,"['F', 'AE1', 'N']","['F', 'AE', 'N']",PROPN,"['F', 'AE', 'N']"
682,682,raid,RSSH,real,short,simple,1.55e-05,3,4.19,"['R', 'EY1', 'D']","['R', 'EY', 'D']",NOUN,"['R', 'EY', 'D']"
683,683,get,RSSH,real,short,simple,0.00191,3,6.28,"['G', 'EH1', 'T']","['G', 'EH', 'T']",VERB,"['G', 'EH', 'T']"
684,684,sure,RSSH,real,short,simple,0.000468,3,5.67,"['SH', 'UH1', 'R']","['SH', 'UH', 'R']",ADJ,"['SH', 'UH', 'R']"
685,685,soccer,RSSH,real,short,simple,3.02e-05,4,4.48,"['S', 'AA1', 'K', 'ER0']","['S', 'AA', 'K', 'ER']",NOUN,"['S', 'AA', 'K', 'ER']"
686,686,love,RSSH,real,short,simple,0.000661,3,5.82,"['L', 'AH1', 'V']","['L', 'AH', 'V']",VERB,"['L', 'AH', 'V']"
687,687,drone,RSSH,real,short,simple,1e-05,4,4.0,"['D', 'R', 'OW1', 'N']","['D', 'R', 'OW', 'N']",NOUN,"['D', 'R', 'OW', 'N']"
688,688,bone,RSSH,real,short,simple,2.95e-05,3,4.47,"['B', 'OW1', 'N']","['B', 'OW', 'N']",NOUN,"['B', 'OW', 'N']"
689,689,wrong,RSSH,real,short,simple,0.000245,3,5.39,"['R', 'AO1', 'NG']","['R', 'AO', 'NG']",ADJ,"['R', 'AO', 'NG']"
690,690,tape,RSSH,real,short,simple,2.75e-05,3,4.44,"['T', 'EY1', 'P']","['T', 'EY', 'P']",NOUN,"['T', 'EY', 'P']"
691,691,battle,RSSH,real,short,simple,8.71e-05,5,4.94,"['B', 'AE1', 'T', 'AH0', 'L']","['B', 'AE', 'T', 'AH', 'L']",NOUN,"['B', 'AE', 'T', 'AH', 'L']"
692,692,bath,RSSH,real,short,simple,2.75e-05,3,4.44,"['B', 'AE1', 'TH']","['B', 'AE', 'TH']",NOUN,"['B', 'AE', 'TH']"
693,693,bulk,RSSH,real,short,simple,1.55e-05,4,4.19,"['B', 'AH1', 'L', 'K']","['B', 'AH', 'L', 'K']",NOUN,"['B', 'AH', 'L', 'K']"
694,694,week,RSSH,real,short,simple,0.000363,3,5.56,"['W', 'IY1', 'K']","['W', 'IY', 'K']",NOUN,"['W', 'IY', 'K']"
695,695,hard,RSSH,real,short,simple,0.000339,4,5.53,"['HH', 'AA1', 'R', 'D']","['HH', 'AA', 'R', 'D']",ADV,"['HH', 'AA', 'R', 'D']"
696,696,lack,RSSH,real,short,simple,8.32e-05,3,4.92,"['L', 'AE1', 'K']","['L', 'AE', 'K']",NOUN,"['L', 'AE', 'K']"
697,697,might,RSSH,real,short,simple,0.000457,3,5.66,"['M', 'AY1', 'T']","['M', 'AY', 'T']",AUX,"['M', 'AY', 'T']"
698,698,thing,RSSH,real,short,simple,0.000525,3,5.72,"['TH', 'IH1', 'NG']","['TH', 'IH', 'NG']",NOUN,"['TH', 'IH', 'NG']"
699,699,sort,RSSH,real,short,simple,0.0001,4,5.0,"['S', 'AO1', 'R', 'T']","['S', 'AO', 'R', 'T']",NOUN,"['S', 'AO', 'R', 'T']"
700,700,cajun,RSSL,real,short,simple,9.77e-07,5,2.99,"['K', 'EY1', 'JH', 'AH0', 'N']","['K', 'EY', 'JH', 'AH', 'N']",PROPN,"['K', 'EY', 'JH', 'AH', 'N']"
701,701,judo,RSSL,real,short,simple,1.78e-06,4,3.25,"['JH', 'UW1', 'D', 'OW2']","['JH', 'UW', 'D', 'OW']",NOUN,"['JH', 'UW', 'D', 'OW']"
702,702,heinous,RSSL,real,short,simple,1.78e-06,5,3.25,"['HH', 'EY1', 'N', 'AH0', 'S']","['HH', 'EY', 'N', 'AH', 'S']",ADJ,"['HH', 'EY', 'N', 'AH', 'S']"
703,703,hind,RSSL,real,short,simple,3.16e-06,4,3.5,"['HH', 'AY1', 'N', 'D']","['HH', 'AY', 'N', 'D']",NOUN,"['HH', 'AY', 'N', 'D']"
704,704,larva,RSSL,real,short,simple,9.77e-07,5,2.99,"['L', 'AA1', 'R', 'V', 'AH0']","['L', 'AA', 'R', 'V', 'AH']",PROPN,"['L', 'AA', 'R', 'V', 'AH']"
705,705,buckle,RSSL,real,short,simple,3.16e-06,5,3.5,"['B', 'AH1', 'K', 'AH0', 'L']","['B', 'AH', 'K', 'AH', 'L']",VERB,"['B', 'AH', 'K', 'AH', 'L']"
706,706,elk,RSSL,real,short,simple,3.09e-06,3,3.49,"['EH1', 'L', 'K']","['EH', 'L', 'K']",NOUN,"['EH', 'L', 'K']"
707,707,lex,RSSL,real,short,simple,3.16e-06,4,3.5,"['L', 'EH1', 'K', 'S']","['L', 'EH', 'K', 'S']",PROPN,"['L', 'EH', 'K', 'S']"
708,708,cannes,RSSL,real,short,simple,3.16e-06,4,3.5,"['K', 'AE1', 'N', 'Z']","['K', 'AE', 'N', 'Z']",PROPN,"['K', 'AE', 'N', 'Z']"
709,709,tug,RSSL,real,short,simple,3.16e-06,3,3.5,"['T', 'AH1', 'G']","['T', 'AH', 'G']",NOUN,"['T', 'AH', 'G']"
710,710,mabel,RSSL,real,short,simple,1.78e-06,5,3.25,"['M', 'EY1', 'B', 'AH0', 'L']","['M', 'EY', 'B', 'AH', 'L']",PROPN,"['M', 'EY', 'B', 'AH', 'L']"
711,711,tenet,RSSL,real,short,simple,1e-06,5,3.0,"['T', 'EH1', 'N', 'AH0', 'T']","['T', 'EH', 'N', 'AH', 'T']",NOUN,"['T', 'EH', 'N', 'AH', 'T']"
712,712,quell,RSSL,real,short,simple,1e-06,4,3.0,"['K', 'W', 'EH1', 'L']","['K', 'W', 'EH', 'L']",VERB,"['K', 'W', 'EH', 'L']"
713,713,druid,RSSL,real,short,simple,9.77e-07,5,2.99,"['D', 'R', 'UW1', 'IH0', 'D']","['D', 'R', 'UW', 'IH', 'D']",ADJ,"['D', 'R', 'UW', 'IH', 'D']"
714,714,clog,RSSL,real,short,simple,9.77e-07,4,2.99,"['K', 'L', 'AA1', 'G']","['K', 'L', 'AA', 'G']",VERB,"['K', 'L', 'AA', 'G']"
715,715,barge,RSSL,real,short,simple,3.16e-06,4,3.5,"['B', 'AA1', 'R', 'JH']","['B', 'AA', 'R', 'JH']",VERB,"['B', 'AA', 'R', 'JH']"
716,716,attire,RSSL,real,short,simple,3.09e-06,4,3.49,"['AH0', 'T', 'AY1', 'ER0']","['AH', 'T', 'AY', 'ER']",NOUN,"['AH', 'T', 'AY', 'ER']"
717,717,cider,RSSL,real,short,simple,3.16e-06,4,3.5,"['S', 'AY1', 'D', 'ER0']","['S', 'AY', 'D', 'ER']",NOUN,"['S', 'AY', 'D', 'ER']"
718,718,bong,RSSL,real,short,simple,3.16e-06,3,3.5,"['B', 'AA1', 'NG']","['B', 'AA', 'NG']",NOUN,"['B', 'AA', 'NG']"
719,719,diaper,RSSL,real,short,simple,3.09e-06,4,3.49,"['D', 'AY1', 'P', 'ER0']","['D', 'AY', 'P', 'ER']",NOUN,"['D', 'AY', 'P', 'ER']"
720,720,chanel,RSSL,real,short,simple,3.09e-06,5,3.49,"['SH', 'AH0', 'N', 'EH1', 'L']","['SH', 'AH', 'N', 'EH', 'L']",PROPN,"['SH', 'AH', 'N', 'EH', 'L']"
721,721,jihad,RSSL,real,short,simple,3.09e-06,5,3.49,"['JH', 'IY1', 'HH', 'AE0', 'D']","['JH', 'IY', 'HH', 'AE', 'D']",NOUN,"['JH', 'IY', 'HH', 'AE', 'D']"
722,722,goof,RSSL,real,short,simple,9.77e-07,3,2.99,"['G', 'UW1', 'F']","['G', 'UW', 'F']",NOUN,"['G', 'UW', 'F']"
723,723,bert,RSSL,real,short,simple,3.16e-06,3,3.5,"['B', 'ER1', 'T']","['B', 'ER', 'T']",PROPN,"['B', 'ER', 'T']"
724,724,dud,RSSL,real,short,simple,9.77e-07,3,2.99,"['D', 'AH1', 'D']","['D', 'AH', 'D']",NOUN,"['D', 'AH', 'D']"
725,725,havoc,RSSL,real,short,simple,3.16e-06,5,3.5,"['HH', 'AE1', 'V', 'AH0', 'K']","['HH', 'AE', 'V', 'AH', 'K']",NOUN,"['HH', 'AE', 'V', 'AH', 'K']"
726,726,sabbath,RSSL,real,short,simple,3.16e-06,5,3.5,"['S', 'AE1', 'B', 'AH0', 'TH']","['S', 'AE', 'B', 'AH', 'TH']",PROPN,"['S', 'AE', 'B', 'AH', 'TH']"
727,727,custer,RSSL,real,short,simple,9.77e-07,5,2.99,"['K', 'AH1', 'S', 'T', 'ER0']","['K', 'AH', 'S', 'T', 'ER']",PROPN,"['K', 'AH', 'S', 'T', 'ER']"
728,728,hive,RSSL,real,short,simple,3.16e-06,3,3.5,"['HH', 'AY1', 'V']","['HH', 'AY', 'V']",NOUN,"['HH', 'AY', 'V']"
729,729,axle,RSSL,real,short,simple,3.09e-06,5,3.49,"['AE1', 'K', 'S', 'AH0', 'L']","['AE', 'K', 'S', 'AH', 'L']",NOUN,"['AE', 'K', 'S', 'AH', 'L']"
730,730,quench,RSSL,real,short,simple,7.76e-07,5,2.89,"['K', 'W', 'EH1', 'N', 'CH']","['K', 'W', 'EH', 'N', 'CH']",VERB,"['K', 'W', 'EH', 'N', 'CH']"
731,731,dudley,RSSL,real,short,simple,3.09e-06,5,3.49,"['D', 'AH1', 'D', 'L', 'IY0']","['D', 'AH', 'D', 'L', 'IY']",PROPN,"['D', 'AH', 'D', 'L', 'IY']"
732,732,quilt,RSSL,real,short,simple,1.78e-06,5,3.25,"['K', 'W', 'IH1', 'L', 'T']","['K', 'W', 'IH', 'L', 'T']",NOUN,"['K', 'W', 'IH', 'L', 'T']"
733,733,mesa,RSSL,real,short,simple,3.16e-06,4,3.5,"['M', 'EY1', 'S', 'AH0']","['M', 'EY', 'S', 'AH']",PROPN,"['M', 'EY', 'S', 'AH']"
734,734,kuala,RSSL,real,short,simple,3.16e-06,5,3.5,"['K', 'W', 'AA1', 'L', 'AH0']","['K', 'W', 'AA', 'L', 'AH']",PROPN,"['K', 'W', 'AA', 'L', 'AH']"
735,735,luigi,RSSL,real,short,simple,1.78e-06,5,3.25,"['L', 'UW0', 'IY1', 'JH', 'IY0']","['L', 'UW', 'IY', 'JH', 'IY']",PROPN,"['L', 'UW', 'IY', 'JH', 'IY']"
736,736,aorta,RSSL,real,short,simple,8.32e-07,5,2.92,"['EY0', 'AO1', 'R', 'T', 'AH0']","['EY', 'AO', 'R', 'T', 'AH']",PROPN,"['EY', 'AO', 'R', 'T', 'AH']"
737,737,lint,RSSL,real,short,simple,9.77e-07,4,2.99,"['L', 'IH1', 'N', 'T']","['L', 'IH', 'N', 'T']",NOUN,"['L', 'IH', 'N', 'T']"
738,738,glee,RSSL,real,short,simple,3.09e-06,3,3.49,"['G', 'L', 'IY1']","['G', 'L', 'IY']",NOUN,"['G', 'L', 'IY']"
739,739,cask,RSSL,real,short,simple,9.77e-07,4,2.99,"['K', 'AE1', 'S', 'K']","['K', 'AE', 'S', 'K']",NOUN,"['K', 'AE', 'S', 'K']"
740,740,roost,RSSL,real,short,simple,1e-06,4,3.0,"['R', 'UW1', 'S', 'T']","['R', 'UW', 'S', 'T']",VERB,"['R', 'UW', 'S', 'T']"
741,741,pivot,RSSL,real,short,simple,3.16e-06,5,3.5,"['P', 'IH1', 'V', 'AH0', 'T']","['P', 'IH', 'V', 'AH', 'T']",NOUN,"['P', 'IH', 'V', 'AH', 'T']"
742,742,eliot,RSSL,real,short,simple,3.16e-06,5,3.5,"['EH1', 'L', 'IY0', 'AH0', 'T']","['EH', 'L', 'IY', 'AH', 'T']",PROPN,"['EH', 'L', 'IY', 'AH', 'T']"
743,743,dazzle,RSSL,real,short,simple,1.05e-06,5,3.02,"['D', 'AE1', 'Z', 'AH0', 'L']","['D', 'AE', 'Z', 'AH', 'L']",VERB,"['D', 'AE', 'Z', 'AH', 'L']"
744,744,ikea,RSSL,real,short,simple,3.09e-06,4,3.49,"['AY2', 'K', 'IY1', 'AH0']","['AY', 'K', 'IY', 'AH']",PROPN,"['AY', 'K', 'IY', 'AH']"
745,745,manger,RSSL,real,short,simple,9.77e-07,5,2.99,"['M', 'EY1', 'N', 'JH', 'ER0']","['M', 'EY', 'N', 'JH', 'ER']",NOUN,"['M', 'EY', 'N', 'JH', 'ER']"
746,746,bland,RSSL,real,short,simple,3.16e-06,5,3.5,"['B', 'L', 'AE1', 'N', 'D']","['B', 'L', 'AE', 'N', 'D']",ADJ,"['B', 'L', 'AE', 'N', 'D']"
747,747,patel,RSSL,real,short,simple,3.09e-06,5,3.49,"['P', 'AH0', 'T', 'EH1', 'L']","['P', 'AH', 'T', 'EH', 'L']",PROPN,"['P', 'AH', 'T', 'EH', 'L']"
748,748,dayton,RSSL,real,short,simple,3.16e-06,5,3.5,"['D', 'EY1', 'T', 'AH0', 'N']","['D', 'EY', 'T', 'AH', 'N']",PROPN,"['D', 'EY', 'T', 'AH', 'N']"
749,749,hue,RSSL,real,short,simple,3.09e-06,3,3.49,"['HH', 'Y', 'UW1']","['HH', 'Y', 'UW']",NOUN,"['HH', 'Y', 'UW']"
750,750,gulp,RSSL,real,short,simple,8.51e-07,4,2.93,"['G', 'AH1', 'L', 'P']","['G', 'AH', 'L', 'P']",VERB,"['G', 'AH', 'L', 'P']"
751,751,yank,RSSL,real,short,simple,1e-06,4,3.0,"['Y', 'AE1', 'NG', 'K']","['Y', 'AE', 'NG', 'K']",VERB,"['Y', 'AE', 'NG', 'K']"
752,752,musk,RSSL,real,short,simple,3.09e-06,4,3.49,"['M', 'AH1', 'S', 'K']","['M', 'AH', 'S', 'K']",NOUN,"['M', 'AH', 'S', 'K']"
753,753,cobb,RSSL,real,short,simple,3.16e-06,3,3.5,"['K', 'AA1', 'B']","['K', 'AA', 'B']",PROPN,"['K', 'AA', 'B']"
754,754,moth,RSSL,real,short,simple,3.16e-06,3,3.5,"['M', 'AO1', 'TH']","['M', 'AO', 'TH']",NOUN,"['M', 'AO', 'TH']"
755,755,keane,RSSL,real,short,simple,1.78e-06,3,3.25,"['K', 'IY1', 'N']","['K', 'IY', 'N']",PROPN,"['K', 'IY', 'N']"
756,756,shard,RSSL,real,short,simple,1e-06,4,3.0,"['SH', 'AA1', 'R', 'D']","['SH', 'AA', 'R', 'D']",NOUN,"['SH', 'AA', 'R', 'D']"
757,757,foley,RSSL,real,short,simple,3.16e-06,4,3.5,"['F', 'OW1', 'L', 'IY0']","['F', 'OW', 'L', 'IY']",PROPN,"['F', 'OW', 'L', 'IY']"
758,758,guinness,RSSL,real,short,simple,3.09e-06,5,3.49,"['G', 'IH1', 'N', 'AH0', 'S']","['G', 'IH', 'N', 'AH', 'S']",PROPN,"['G', 'IH', 'N', 'AH', 'S']"
759,759,bribe,RSSL,real,short,simple,3.16e-06,4,3.5,"['B', 'R', 'AY1', 'B']","['B', 'R', 'AY', 'B']",VERB,"['B', 'R', 'AY', 'B']"
760,760,equip,RSSL,real,short,simple,3.16e-06,5,3.5,"['IH0', 'K', 'W', 'IH1', 'P']","['IH', 'K', 'W', 'IH', 'P']",VERB,"['IH', 'K', 'W', 'IH', 'P']"
761,761,flap,RSSL,real,short,simple,3.09e-06,4,3.49,"['F', 'L', 'AE1', 'P']","['F', 'L', 'AE', 'P']",NOUN,"['F', 'L', 'AE', 'P']"
762,762,brag,RSSL,real,short,simple,3.09e-06,4,3.49,"['B', 'R', 'AE1', 'G']","['B', 'R', 'AE', 'G']",VERB,"['B', 'R', 'AE', 'G']"
763,763,coco,RSSL,real,short,simple,3.09e-06,4,3.49,"['K', 'OW1', 'K', 'OW2']","['K', 'OW', 'K', 'OW']",PROPN,"['K', 'OW', 'K', 'OW']"
764,764,sieve,RSSL,real,short,simple,1e-06,3,3.0,"['S', 'IH1', 'V']","['S', 'IH', 'V']",NOUN,"['S', 'IH', 'V']"
765,765,imam,RSSL,real,short,simple,3.16e-06,4,3.5,"['AY1', 'M', 'AE0', 'M']","['AY', 'M', 'AE', 'M']",NOUN,"['AY', 'M', 'AE', 'M']"
766,766,dine,RSSL,real,short,simple,3.09e-06,3,3.49,"['D', 'AY1', 'N']","['D', 'AY', 'N']",VERB,"['D', 'AY', 'N']"
767,767,spore,RSSL,real,short,simple,1e-06,4,3.0,"['S', 'P', 'AO1', 'R']","['S', 'P', 'AO', 'R']",PROPN,"['S', 'P', 'AO', 'R']"
768,768,aloof,RSSL,real,short,simple,9.77e-07,4,2.99,"['AH0', 'L', 'UW1', 'F']","['AH', 'L', 'UW', 'F']",ADJ,"['AH', 'L', 'UW', 'F']"
769,769,jekyll,RSSL,real,short,simple,9.77e-07,5,2.99,"['JH', 'EH1', 'K', 'AH0', 'L']","['JH', 'EH', 'K', 'AH', 'L']",PROPN,"['JH', 'EH', 'K', 'AH', 'L']"
770,770,urdu,RSSL,real,short,simple,1.82e-06,3,3.26,"['ER0', 'D', 'UW1']","['ER', 'D', 'UW']",PROPN,"['ER', 'D', 'UW']"
771,771,derrick,RSSL,real,short,simple,3.09e-06,5,3.49,"['D', 'EH1', 'R', 'IH0', 'K']","['D', 'EH', 'R', 'IH', 'K']",PROPN,"['D', 'EH', 'R', 'IH', 'K']"
772,772,klaus,RSSL,real,short,simple,3.16e-06,4,3.5,"['K', 'L', 'AW1', 'S']","['K', 'L', 'AW', 'S']",PROPN,"['K', 'L', 'AW', 'S']"
773,773,bimbo,RSSL,real,short,simple,7.41e-07,5,2.87,"['B', 'IH1', 'M', 'B', 'OW0']","['B', 'IH', 'M', 'B', 'OW']",NOUN,"['B', 'IH', 'M', 'B', 'OW']"
774,774,annex,RSSL,real,short,simple,3.16e-06,5,3.5,"['AE1', 'N', 'EH2', 'K', 'S']","['AE', 'N', 'EH', 'K', 'S']",VERB,"['AE', 'N', 'EH', 'K', 'S']"
775,775,lahore,RSSL,real,short,simple,3.09e-06,5,3.49,"['L', 'AA0', 'HH', 'AO1', 'R']","['L', 'AA', 'HH', 'AO', 'R']",PROPN,"['L', 'AA', 'HH', 'AO', 'R']"
776,776,arbor,RSSL,real,short,simple,3.09e-06,4,3.49,"['AA1', 'R', 'B', 'ER0']","['AA', 'R', 'B', 'ER']",NOUN,"['AA', 'R', 'B', 'ER']"
777,777,barley,RSSL,real,short,simple,3.09e-06,5,3.49,"['B', 'AA1', 'R', 'L', 'IY0']","['B', 'AA', 'R', 'L', 'IY']",NOUN,"['B', 'AA', 'R', 'L', 'IY']"
778,778,apnea,RSSL,real,short,simple,1e-06,5,3.0,"['AE1', 'P', 'N', 'IY0', 'AH0']","['AE', 'P', 'N', 'IY', 'AH']",PROPN,"['AE', 'P', 'N', 'IY', 'AH']"
779,779,nasal,RSSL,real,short,simple,3.09e-06,5,3.49,"['N', 'EY1', 'Z', 'AH0', 'L']","['N', 'EY', 'Z', 'AH', 'L']",ADJ,"['N', 'EY', 'Z', 'AH', 'L']"
780,780,loon,RSSL,real,short,simple,9.77e-07,3,2.99,"['L', 'UW1', 'N']","['L', 'UW', 'N']",NOUN,"['L', 'UW', 'N']"
781,781,loaf,RSSL,real,short,simple,3.09e-06,3,3.49,"['L', 'OW1', 'F']","['L', 'OW', 'F']",PROPN,"['L', 'OW', 'F']"
782,782,subaru,RSSL,real,short,simple,1.82e-06,5,3.26,"['S', 'UW1', 'B', 'ER0', 'UW0']","['S', 'UW', 'B', 'ER', 'UW']",PROPN,"['S', 'UW', 'B', 'ER', 'UW']"
783,783,accrue,RSSL,real,short,simple,8.13e-07,4,2.91,"['AH0', 'K', 'R', 'UW1']","['AH', 'K', 'R', 'UW']",VERB,"['AH', 'K', 'R', 'UW']"
784,784,peg,RSSL,real,short,simple,3.09e-06,3,3.49,"['P', 'EH1', 'G']","['P', 'EH', 'G']",NOUN,"['P', 'EH', 'G']"
785,785,nectar,RSSL,real,short,simple,1.78e-06,5,3.25,"['N', 'EH1', 'K', 'T', 'ER0']","['N', 'EH', 'K', 'T', 'ER']",PROPN,"['N', 'EH', 'K', 'T', 'ER']"
786,786,pita,RSSL,real,short,simple,1e-06,4,3.0,"['P', 'IY1', 'T', 'AH0']","['P', 'IY', 'T', 'AH']",NOUN,"['P', 'IY', 'T', 'AH']"
787,787,cub,RSSL,real,short,simple,3.09e-06,3,3.49,"['K', 'AH1', 'B']","['K', 'AH', 'B']",NOUN,"['K', 'AH', 'B']"
788,788,sauna,RSSL,real,short,simple,1.78e-06,4,3.25,"['S', 'AO1', 'N', 'AH0']","['S', 'AO', 'N', 'AH']",PROPN,"['S', 'AO', 'N', 'AH']"
789,789,canoe,RSSL,real,short,simple,3.16e-06,4,3.5,"['K', 'AH0', 'N', 'UW1']","['K', 'AH', 'N', 'UW']",NOUN,"['K', 'AH', 'N', 'UW']"
790,790,wink,RSSL,real,short,simple,3.16e-06,4,3.5,"['W', 'IH1', 'NG', 'K']","['W', 'IH', 'NG', 'K']",NOUN,"['W', 'IH', 'NG', 'K']"
791,791,knob,RSSL,real,short,simple,3.09e-06,3,3.49,"['N', 'AA1', 'B']","['N', 'AA', 'B']",NOUN,"['N', 'AA', 'B']"
792,792,oprah,RSSL,real,short,simple,3.09e-06,4,3.49,"['OW1', 'P', 'R', 'AH0']","['OW', 'P', 'R', 'AH']",PROPN,"['OW', 'P', 'R', 'AH']"
793,793,guam,RSSL,real,short,simple,1.78e-06,4,3.25,"['G', 'W', 'AA1', 'M']","['G', 'W', 'AA', 'M']",PROPN,"['G', 'W', 'AA', 'M']"
794,794,avid,RSSL,real,short,simple,3.16e-06,4,3.5,"['AE1', 'V', 'AH0', 'D']","['AE', 'V', 'AH', 'D']",ADJ,"['AE', 'V', 'AH', 'D']"
795,795,acacia,RSSL,real,short,simple,1.02e-06,5,3.01,"['AH0', 'K', 'EY1', 'SH', 'AH0']","['AH', 'K', 'EY', 'SH', 'AH']",NOUN,"['AH', 'K', 'EY', 'SH', 'AH']"
796,796,oft,RSSL,real,short,simple,1.78e-06,3,3.25,"['AO1', 'F', 'T']","['AO', 'F', 'T']",ADV,"['AO', 'F', 'T']"
797,797,leach,RSSL,real,short,simple,1.78e-06,3,3.25,"['L', 'IY1', 'CH']","['L', 'IY', 'CH']",VERB,"['L', 'IY', 'CH']"
798,798,hoot,RSSL,real,short,simple,9.77e-07,3,2.99,"['HH', 'UW1', 'T']","['HH', 'UW', 'T']",NOUN,"['HH', 'UW', 'T']"
799,799,odor,RSSL,real,short,simple,3.09e-06,3,3.49,"['OW1', 'D', 'ER0']","['OW', 'D', 'ER']",NOUN,"['OW', 'D', 'ER']"
800,0,solocomov,PLS,pseudo,long,simple,,9,,"['S', 'OW0', 'L', 'OW1', 'K', 'AH0', 'M', 'AO0', 'F']","['S', 'OW', 'L', 'OW', 'K', 'AH', 'M', 'AO', 'F']",,"['S', 'OW', 'L', 'OW', 'K', 'AH', 'M', 'AO', 'F']"
801,1,gostrient,PLS,pseudo,long,simple,,9,,"['G', 'AA1', 'S', 'T', 'R', 'IY0', 'EH0', 'N', 'T']","['G', 'AA', 'S', 'T', 'R', 'IY', 'EH', 'N', 'T']",,"['G', 'AA', 'S', 'T', 'R', 'IY', 'EH', 'N', 'T']"
802,2,divestrate,PLS,pseudo,long,simple,,9,,"['D', 'IH1', 'V', 'EH0', 'S', 'T', 'R', 'EY2', 'T']","['D', 'IH', 'V', 'EH', 'S', 'T', 'R', 'EY', 'T']",,"['D', 'IH', 'V', 'EH', 'S', 'T', 'R', 'EY', 'T']"
803,3,strusanad,PLS,pseudo,long,simple,,9,,"['S', 'T', 'R', 'UW1', 'S', 'AH0', 'N', 'AH0', 'D']","['S', 'T', 'R', 'UW', 'S', 'AH', 'N', 'AH', 'D']",,"['S', 'T', 'R', 'UW', 'S', 'AH', 'N', 'AH', 'D']"
804,4,diuralim,PLS,pseudo,long,simple,,9,,"['D', 'AY0', 'Y', 'UH1', 'R', 'AH0', 'L', 'AH0', 'M']","['D', 'AY', 'Y', 'UH', 'R', 'AH', 'L', 'AH', 'M']",,"['D', 'AY', 'Y', 'UH', 'R', 'AH', 'L', 'AH', 'M']"
805,5,speryborm,PLS,pseudo,long,simple,,9,,"['S', 'P', 'EH1', 'R', 'IY0', 'B', 'AO2', 'R', 'M']","['S', 'P', 'EH', 'R', 'IY', 'B', 'AO', 'R', 'M']",,"['S', 'P', 'EH', 'R', 'IY', 'B', 'AO', 'R', 'M']"
806,6,inflegest,PLS,pseudo,long,simple,,9,,"['IH1', 'N', 'F', 'L', 'AH0', 'JH', 'EH0', 'S', 'T']","['IH', 'N', 'F', 'L', 'AH', 'JH', 'EH', 'S', 'T']",,"['IH', 'N', 'F', 'L', 'AH', 'JH', 'EH', 'S', 'T']"
807,7,balentina,PLS,pseudo,long,simple,,9,,"['B', 'AA0', 'L', 'EH0', 'N', 'T', 'IY1', 'N', 'AH0']","['B', 'AA', 'L', 'EH', 'N', 'T', 'IY', 'N', 'AH']",,"['B', 'AA', 'L', 'EH', 'N', 'T', 'IY', 'N', 'AH']"
808,8,cladwicheet,PLS,pseudo,long,simple,,9,,"['K', 'L', 'AE1', 'D', 'W', 'IH0', 'CH', 'IY2', 'T']","['K', 'L', 'AE', 'D', 'W', 'IH', 'CH', 'IY', 'T']",,"['K', 'L', 'AE', 'D', 'CH', 'IH', 'W', 'IH', 'T']"
809,9,websident,PLS,pseudo,long,simple,,9,,"['W', 'EH1', 'B', 'S', 'IH0', 'D', 'AH0', 'N', 'T']","['W', 'EH', 'B', 'S', 'IH', 'D', 'AH', 'N', 'T']",,"['W', 'EH', 'B', 'S', 'IH', 'D', 'AH', 'N', 'T']"
810,10,livinisal,PLS,pseudo,long,simple,,9,,"['L', 'IH1', 'V', 'IH0', 'N', 'IH0', 'S', 'AH0', 'L']","['L', 'IH', 'V', 'IH', 'N', 'IH', 'S', 'AH', 'L']",,"['L', 'IH', 'V', 'IH', 'N', 'IH', 'S', 'AH', 'L']"
811,11,epirental,PLS,pseudo,long,simple,,9,,"['EH0', 'P', 'IH0', 'R', 'EH1', 'N', 'T', 'AH0', 'L']","['EH', 'P', 'IH', 'R', 'EH', 'N', 'T', 'AH', 'L']",,"['EH', 'P', 'IH', 'R', 'EH', 'N', 'T', 'AH', 'L']"
812,12,coallencite,PLS,pseudo,long,simple,,9,,"['K', 'OW0', 'AA1', 'L', 'EH0', 'N', 'S', 'AY0', 'T']","['K', 'OW', 'AA', 'L', 'EH', 'N', 'S', 'AY', 'T']",,"['K', 'OW', 'AA', 'N', 'EH', 'L', 'S', 'AY', 'T']"
813,13,notencest,PLS,pseudo,long,simple,,9,,"['N', 'OW1', 'T', 'AH0', 'N', 'S', 'AH0', 'S', 'T']","['N', 'OW', 'T', 'AH', 'N', 'S', 'AH', 'S', 'T']",,"['N', 'OW', 'T', 'AH', 'N', 'S', 'AH', 'S', 'T']"
814,14,islaterdine,PLS,pseudo,long,simple,,9,,"['IH0', 'S', 'L', 'AA1', 'T', 'ER0', 'D', 'AY0', 'N']","['IH', 'S', 'L', 'AA', 'T', 'ER', 'D', 'AY', 'N']",,"['IH', 'S', 'L', 'AA', 'T', 'ER', 'D', 'AY', 'N']"
815,15,yesperest,PLS,pseudo,long,simple,,9,,"['Y', 'EH1', 'S', 'P', 'IH0', 'R', 'EH0', 'S', 'T']","['Y', 'EH', 'S', 'P', 'IH', 'R', 'EH', 'S', 'T']",,"['Y', 'EH', 'S', 'P', 'IH', 'R', 'EH', 'S', 'T']"
816,16,foldomence,PLS,pseudo,long,simple,,9,,"['F', 'OW1', 'L', 'D', 'AA0', 'M', 'AH0', 'N', 'S']","['F', 'OW', 'L', 'D', 'AA', 'M', 'AH', 'N', 'S']",,"['F', 'OW', 'L', 'D', 'AA', 'M', 'AH', 'N', 'S']"
817,17,baventina,PLS,pseudo,long,simple,,9,,"['B', 'AA0', 'V', 'EH0', 'N', 'T', 'IY1', 'N', 'AH0']","['B', 'AA', 'V', 'EH', 'N', 'T', 'IY', 'N', 'AH']",,"['B', 'AA', 'V', 'EH', 'N', 'T', 'IY', 'N', 'AH']"
818,18,franciple,PLS,pseudo,long,simple,,9,,"['F', 'R', 'AE1', 'N', 'S', 'AH0', 'P', 'AH0', 'L']","['F', 'R', 'AE', 'N', 'S', 'AH', 'P', 'AH', 'L']",,"['F', 'R', 'AE', 'N', 'S', 'AH', 'P', 'AH', 'L']"
819,19,vistormand,PLS,pseudo,long,simple,,9,,"['V', 'IH1', 'S', 'T', 'ER0', 'M', 'AE2', 'N', 'D']","['V', 'IH', 'S', 'T', 'ER', 'M', 'AE', 'N', 'D']",,"['V', 'IH', 'S', 'T', 'ER', 'M', 'AE', 'N', 'D']"
820,20,mucipital,PLS,pseudo,long,simple,,9,,"['M', 'AH0', 'S', 'IH1', 'P', 'IH0', 'T', 'AH0', 'L']","['M', 'AH', 'S', 'IH', 'P', 'IH', 'T', 'AH', 'L']",,"['M', 'AH', 'S', 'IH', 'P', 'IH', 'T', 'AH', 'L']"
821,21,anclusent,PLS,pseudo,long,simple,,9,,"['AE1', 'N', 'K', 'L', 'UW0', 'S', 'EH2', 'N', 'T']","['AE', 'N', 'K', 'L', 'UW', 'S', 'EH', 'N', 'T']",,"['AE', 'N', 'K', 'L', 'UW', 'S', 'EH', 'N', 'T']"
822,22,squistant,PLS,pseudo,long,simple,,9,,"['S', 'K', 'W', 'IH1', 'S', 'T', 'AH0', 'N', 'T']","['S', 'K', 'W', 'IH', 'S', 'T', 'AH', 'N', 'T']",,"['S', 'K', 'W', 'IH', 'S', 'T', 'AH', 'N', 'T']"
823,23,everialis,PLS,pseudo,long,simple,,9,,"['EH0', 'V', 'ER1', 'R', 'IY0', 'AH0', 'L', 'IH0', 'S']","['EH', 'V', 'ER', 'R', 'IY', 'AH', 'L', 'IH', 'S']",,"['EH', 'V', 'ER', 'R', 'IY', 'AH', 'L', 'IH', 'S']"
824,24,alrelopal,PLS,pseudo,long,simple,,9,,"['AE2', 'L', 'R', 'EH0', 'L', 'AA1', 'P', 'AH0', 'L']","['AE', 'L', 'R', 'EH', 'L', 'AA', 'P', 'AH', 'L']",,"['AE', 'L', 'R', 'EH', 'L', 'AA', 'P', 'AH', 'L']"
825,25,storstent,PLS,pseudo,long,simple,,9,,"['S', 'T', 'AO1', 'R', 'S', 'T', 'AH0', 'N', 'T']","['S', 'T', 'AO', 'R', 'S', 'T', 'AH', 'N', 'T']",,"['S', 'T', 'AO', 'R', 'S', 'T', 'AH', 'N', 'T']"
826,26,trynkabel,PLS,pseudo,long,simple,,9,,"['T', 'R', 'IH1', 'N', 'K', 'AH0', 'B', 'EH0', 'L']","['T', 'R', 'IH', 'N', 'K', 'AH', 'B', 'EH', 'L']",,"['T', 'R', 'IH', 'N', 'K', 'AH', 'B', 'EH', 'L']"
827,27,advantint,PLS,pseudo,long,simple,,9,,"['AE0', 'D', 'V', 'AE1', 'N', 'T', 'IH0', 'N', 'T']","['AE', 'D', 'V', 'AE', 'N', 'T', 'IH', 'N', 'T']",,"['AE', 'D', 'V', 'AE', 'N', 'T', 'IH', 'N', 'T']"
828,28,honofecine,PLS,pseudo,long,simple,,9,,"['HH', 'OW0', 'N', 'OW1', 'F', 'AH0', 'S', 'IY2', 'N']","['HH', 'OW', 'N', 'OW', 'F', 'AH', 'S', 'IY', 'N']",,"['HH', 'OW', 'N', 'OW', 'F', 'AH', 'S', 'IY', 'N']"
829,29,reasoduct,PLS,pseudo,long,simple,,9,,"['R', 'IY2', 'AH0', 'S', 'OW1', 'D', 'AH0', 'K', 'T']","['R', 'IY', 'AH', 'S', 'OW', 'D', 'AH', 'K', 'T']",,"['R', 'IY', 'AH', 'D', 'OW', 'S', 'AH', 'K', 'T']"
830,30,stogriture,PLS,pseudo,long,simple,,9,,"['S', 'T', 'OW1', 'G', 'R', 'IH0', 'CH', 'ER0', 'IY0']","['S', 'T', 'OW', 'G', 'R', 'IH', 'CH', 'ER', 'IY']",,"['S', 'T', 'OW', 'G', 'R', 'IH', 'CH', 'ER', 'IY']"
831,31,sigrusachy,PLS,pseudo,long,simple,,9,,"['S', 'IY1', 'G', 'R', 'UW0', 'S', 'AH1', 'CH', 'IY0']","['S', 'IY', 'G', 'R', 'UW', 'S', 'AH', 'CH', 'IY']",,"['S', 'IY', 'G', 'R', 'UW', 'S', 'AH', 'CH', 'IY']"
832,32,wisconsus,PLS,pseudo,long,simple,,9,,"['W', 'IH1', 'S', 'K', 'AH0', 'N', 'S', 'AH0', 'Z']","['W', 'IH', 'S', 'K', 'AH', 'N', 'S', 'AH', 'Z']",,"['W', 'IH', 'S', 'K', 'AH', 'N', 'S', 'AH', 'Z']"
833,33,innough,PSC,pseudo,short,complex,,3,,"['IH0', 'N', 'AW1']","['IH', 'N', 'AW']",,"['IH', 'N', 'AW']"
834,34,authed,PSC,pseudo,short,complex,,3,,"['AO1', 'TH', 'T']","['AO', 'TH', 'T']",,"['AO', 'TH', 'T']"
835,35,acooh,PSC,pseudo,short,complex,,3,,"['AH0', 'K', 'UW1']","['AH', 'K', 'UW']",,"['AH', 'K', 'UW']"
836,36,eitter,PSC,pseudo,short,complex,,3,,"['AY1', 'T', 'ER0']","['AY', 'T', 'ER']",,"['AY', 'T', 'ER']"
837,37,knowee,PSC,pseudo,short,complex,,3,,"['N', 'OW1', 'IY0']","['N', 'OW', 'IY']",,"['N', 'OW', 'IY']"
838,38,thitch,PSC,pseudo,short,complex,,3,,"['TH', 'IH1', 'CH']","['TH', 'IH', 'CH']",,"['TH', 'IH', 'CH']"
839,39,whowi,PSC,pseudo,short,complex,,3,,"['HH', 'UW1', 'IY0']","['HH', 'UW', 'IY']",,"['HH', 'UW', 'IY']"
840,40,weas,PSC,pseudo,short,complex,,3,,"['W', 'IY1', 'Z']","['W', 'IY', 'Z']",,"['W', 'IY', 'Z']"
841,41,emmed,PSC,pseudo,short,complex,,3,,"['EH1', 'M', 'D']","['EH', 'M', 'D']",,"['EH', 'M', 'D']"
842,42,aggy,PSC,pseudo,short,complex,,3,,"['AE1', 'G', 'IY0']","['AE', 'G', 'IY']",,"['AE', 'G', 'IY']"
843,43,ipper,PSC,pseudo,short,complex,,3,,"['IH1', 'P', 'ER0']","['IH', 'P', 'ER']",,"['IH', 'P', 'ER']"
844,44,soer,PSC,pseudo,short,complex,,3,,"['S', 'AO1', 'R']","['S', 'AO', 'R']",,"['S', 'AO', 'R']"
845,45,ealer,PSC,pseudo,short,complex,,3,,"['IY1', 'L', 'ER0']","['IY', 'L', 'ER']",,"['IY', 'L', 'ER']"
846,46,oddie,PSC,pseudo,short,complex,,3,,"['AA1', 'D', 'IY0']","['AA', 'D', 'IY']",,"['AA', 'D', 'IY']"
847,47,uppay,PSC,pseudo,short,complex,,3,,"['AH0', 'P', 'AY1']","['AH', 'P', 'AY']",,"['AH', 'P', 'AY']"
848,48,gews,PSC,pseudo,short,complex,,3,,"['G', 'UW1', 'Z']","['G', 'UW', 'Z']",,"['G', 'UW', 'Z']"
849,49,dees,PSC,pseudo,short,complex,,3,,"['D', 'IY1', 'Z']","['D', 'IY', 'Z']",,"['D', 'IY', 'Z']"
850,50,onth,PSC,pseudo,short,complex,,3,,"['AH1', 'N', 'TH']","['AH', 'N', 'TH']",,"['AH', 'N', 'TH']"
851,51,towy,PSC,pseudo,short,complex,,3,,"['T', 'OW1', 'IY0']","['T', 'OW', 'IY']",,"['T', 'OW', 'IY']"
852,52,eames,PSC,pseudo,short,complex,,3,,"['IY1', 'M', 'Z']","['IY', 'M', 'Z']",,"['IY', 'M', 'Z']"
853,53,earts,PSC,pseudo,short,complex,,3,,"['ER1', 'T', 'S']","['ER', 'T', 'S']",,"['ER', 'T', 'S']"
854,54,attrow,PSC,pseudo,short,complex,,4,,"['AE1', 'T', 'R', 'OW0']","['AE', 'T', 'R', 'OW']",,"['AE', 'T', 'R', 'OW']"
855,55,apprew,PSC,pseudo,short,complex,,4,,"['AH0', 'P', 'R', 'UW1']","['AH', 'P', 'R', 'UW']",,"['AH', 'P', 'R', 'UW']"
856,56,ront,PSC,pseudo,short,complex,,4,,"['R', 'AA1', 'N', 'T']","['R', 'AA', 'N', 'T']",,"['R', 'AA', 'N', 'T']"
857,57,assock,PSC,pseudo,short,complex,,4,,"['AE1', 'S', 'AH0', 'K']","['AE', 'S', 'AH', 'K']",,"['AE', 'S', 'AH', 'K']"
858,58,obsough,PSC,pseudo,short,complex,,4,,"['AA1', 'B', 'S', 'OW0']","['AA', 'B', 'S', 'OW']",,"['AA', 'B', 'S', 'OW']"
859,59,opty,PSC,pseudo,short,complex,,4,,"['AA1', 'P', 'T', 'IY0']","['AA', 'P', 'T', 'IY']",,"['AA', 'P', 'T', 'IY']"
860,60,ourain,PSC,pseudo,short,complex,,4,,"['AW0', 'R', 'EY1', 'N']","['AW', 'R', 'EY', 'N']",,"['AW', 'R', 'EY', 'N']"
861,61,thowtee,PSC,pseudo,short,complex,,4,,"['TH', 'AW1', 'T', 'IY0']","['TH', 'AW', 'T', 'IY']",,"['TH', 'AW', 'T', 'IY']"
862,62,joro,PSC,pseudo,short,complex,,4,,"['JH', 'AO1', 'R', 'OW0']","['JH', 'AO', 'R', 'OW']",,"['JH', 'AO', 'R', 'OW']"
863,63,temough,PSC,pseudo,short,complex,,4,,"['T', 'EH1', 'M', 'AW0']","['T', 'EH', 'M', 'AW']",,"['T', 'EH', 'M', 'AW']"
864,64,enfor,PSC,pseudo,short,complex,,4,,"['EH1', 'N', 'F', 'ER0']","['EH', 'N', 'F', 'ER']",,"['EH', 'N', 'F', 'ER']"
865,65,occone,PSC,pseudo,short,complex,,4,,"['AH0', 'K', 'OW1', 'N']","['AH', 'K', 'OW', 'N']",,"['AH', 'K', 'OW', 'N']"
866,66,weefer,PSC,pseudo,short,complex,,4,,"['W', 'IY1', 'F', 'ER0']","['W', 'IY', 'F', 'ER']",,"['W', 'IY', 'F', 'ER']"
867,67,uness,PSC,pseudo,short,complex,,4,,"['AH0', 'N', 'EH1', 'S']","['AH', 'N', 'EH', 'S']",,"['AH', 'N', 'EH', 'S']"
868,68,anyth,PSC,pseudo,short,complex,,4,,"['EH1', 'N', 'IY0', 'TH']","['EH', 'N', 'IY', 'TH']",,"['EH', 'N', 'IY', 'TH']"
869,69,illume,PSC,pseudo,short,complex,,4,,"['IH0', 'L', 'UW1', 'M']","['IH', 'L', 'UW', 'M']",,"['IH', 'L', 'UW', 'M']"
870,70,itsear,PSC,pseudo,short,complex,,4,,"['IH0', 'T', 'S', 'ER0']","['IH', 'T', 'S', 'ER']",,"['IH', 'T', 'S', 'ER']"
871,71,buylow,PSC,pseudo,short,complex,,4,,"['B', 'AY1', 'L', 'OW2']","['B', 'AY', 'L', 'OW']",,"['B', 'AY', 'L', 'OW']"
872,72,edio,PSC,pseudo,short,complex,,4,,"['IY1', 'D', 'IY0', 'OW0']","['IY', 'D', 'IY', 'OW']",,"['IY', 'D', 'IY', 'OW']"
873,73,showic,PSC,pseudo,short,complex,,4,,"['SH', 'OW1', 'IH0', 'K']","['SH', 'OW', 'IH', 'K']",,"['SH', 'OW', 'IH', 'K']"
874,74,dommer,PSC,pseudo,short,complex,,4,,"['D', 'AA1', 'M', 'ER0']","['D', 'AA', 'M', 'ER']",,"['D', 'AA', 'M', 'ER']"
875,75,appore,PSC,pseudo,short,complex,,4,,"['AH0', 'P', 'AO1', 'R']","['AH', 'P', 'AO', 'R']",,"['AH', 'P', 'AO', 'R']"
876,76,leauter,PSC,pseudo,short,complex,,4,,"['L', 'UW1', 'T', 'ER0']","['L', 'UW', 'T', 'ER']",,"['L', 'UW', 'T', 'ER']"
877,77,neetched,PSC,pseudo,short,complex,,4,,"['N', 'IY1', 'CH', 'T']","['N', 'IY', 'CH', 'T']",,"['N', 'IY', 'CH', 'T']"
878,78,shoughty,PSC,pseudo,short,complex,,4,,"['SH', 'AW1', 'T', 'IY0']","['SH', 'AW', 'T', 'IY']",,"['SH', 'AW', 'T', 'IY']"
879,79,givy,PSC,pseudo,short,complex,,4,,"['G', 'IY1', 'V', 'IY0']","['G', 'IY', 'V', 'IY']",,"['G', 'IY', 'V', 'IY']"
880,80,anym,PSC,pseudo,short,complex,,4,,"['AE1', 'N', 'IH0', 'M']","['AE', 'N', 'IH', 'M']",,"['AE', 'N', 'IH', 'M']"
881,81,outshase,PSC,pseudo,short,complex,,4,,"['AW1', 'CH', 'EY2', 'S']","['AW', 'CH', 'EY', 'S']",,"['AW', 'CH', 'EY', 'S']"
882,82,eithing,PSC,pseudo,short,complex,,4,,"['AY1', 'DH', 'IH0', 'NG']","['AY', 'DH', 'IH', 'NG']",,"['AY', 'DH', 'IH', 'NG']"
883,83,unall,PSC,pseudo,short,complex,,4,,"['AH0', 'N', 'AE1', 'L']","['AH', 'N', 'AE', 'L']",,"['AH', 'N', 'AE', 'L']"
884,84,favy,PSC,pseudo,short,complex,,4,,"['F', 'EY1', 'V', 'IY0']","['F', 'EY', 'V', 'IY']",,"['F', 'EY', 'V', 'IY']"
885,85,wouther,PSC,pseudo,short,complex,,4,,"['W', 'AH1', 'DH', 'ER0']","['W', 'AH', 'DH', 'ER']",,"['W', 'AH', 'DH', 'ER']"
886,86,joursed,PSC,pseudo,short,complex,,4,,"['JH', 'ER1', 'Z', 'D']","['JH', 'ER', 'Z', 'D']",,"['JH', 'ER', 'Z', 'D']"
887,87,autching,PSC,pseudo,short,complex,,4,,"['AO1', 'CH', 'IH0', 'NG']","['AO', 'CH', 'IH', 'NG']",,"['AO', 'CH', 'IH', 'NG']"
888,88,perfer,PSC,pseudo,short,complex,,4,,"['P', 'ER1', 'F', 'ER0']","['P', 'ER', 'F', 'ER']",,"['P', 'ER', 'F', 'ER']"
889,89,anot,PSC,pseudo,short,complex,,4,,"['AH0', 'N', 'OW1', 'T']","['AH', 'N', 'OW', 'T']",,"['AH', 'N', 'OW', 'T']"
890,90,issort,PSC,pseudo,short,complex,,4,,"['IH1', 'S', 'ER0', 'T']","['IH', 'S', 'ER', 'T']",,"['IH', 'S', 'ER', 'T']"
891,91,alop,PSC,pseudo,short,complex,,4,,"['AE1', 'L', 'AH0', 'P']","['AE', 'L', 'AH', 'P']",,"['AE', 'L', 'AH', 'P']"
892,92,unerge,PSC,pseudo,short,complex,,4,,"['AH0', 'N', 'ER1', 'JH']","['AH', 'N', 'ER', 'JH']",,"['AH', 'N', 'ER', 'JH']"
893,93,deller,PSC,pseudo,short,complex,,4,,"['D', 'EH1', 'L', 'ER0']","['D', 'EH', 'L', 'ER']",,"['D', 'EH', 'L', 'ER']"
894,94,enit,PSC,pseudo,short,complex,,4,,"['EH1', 'N', 'IH0', 'T']","['EH', 'N', 'IH', 'T']",,"['EH', 'N', 'IH', 'T']"
895,95,valo,PSC,pseudo,short,complex,,4,,"['V', 'AA1', 'L', 'OW0']","['V', 'AA', 'L', 'OW']",,"['V', 'AA', 'L', 'OW']"
896,96,defoo,PSC,pseudo,short,complex,,4,,"['D', 'EH1', 'F', 'UW0']","['D', 'EH', 'F', 'UW']",,"['D', 'EH', 'F', 'UW']"
897,97,jermer,PSC,pseudo,short,complex,,4,,"['JH', 'ER1', 'M', 'ER0']","['JH', 'ER', 'M', 'ER']",,"['JH', 'ER', 'M', 'ER']"
898,98,irreed,PSC,pseudo,short,complex,,4,,"['IH0', 'R', 'IY1', 'D']","['IH', 'R', 'IY', 'D']",,"['IH', 'R', 'IY', 'D']"
899,99,paylow,PSC,pseudo,short,complex,,4,,"['P', 'EY1', 'L', 'OW2']","['P', 'EY', 'L', 'OW']",,"['P', 'EY', 'L', 'OW']"
900,100,octime,PSC,pseudo,short,complex,,5,,"['AA1', 'K', 'T', 'IY0', 'M']","['AA', 'K', 'T', 'IY', 'M']",,"['AA', 'K', 'T', 'IY', 'M']"
901,101,whomat,PSC,pseudo,short,complex,,5,,"['HH', 'OW1', 'M', 'AE2', 'T']","['HH', 'OW', 'M', 'AE', 'T']",,"['HH', 'OW', 'M', 'AE', 'T']"
902,102,opist,PSC,pseudo,short,complex,,5,,"['OW1', 'P', 'IH0', 'S', 'T']","['OW', 'P', 'IH', 'S', 'T']",,"['OW', 'P', 'IH', 'S', 'T']"
903,103,govio,PSC,pseudo,short,complex,,5,,"['G', 'OW1', 'V', 'IY0', 'OW0']","['G', 'OW', 'V', 'IY', 'OW']",,"['G', 'OW', 'V', 'IY', 'OW']"
904,104,bilway,PSC,pseudo,short,complex,,5,,"['B', 'IH1', 'L', 'W', 'EY2']","['B', 'IH', 'L', 'W', 'EY']",,"['B', 'IH', 'L', 'W', 'EY']"
905,105,ecorg,PSC,pseudo,short,complex,,5,,"['IY1', 'K', 'AO0', 'R', 'G']","['IY', 'K', 'AO', 'R', 'G']",,"['IY', 'K', 'AO', 'R', 'G']"
906,106,radice,PSC,pseudo,short,complex,,5,,"['R', 'AE1', 'D', 'IH0', 'S']","['R', 'AE', 'D', 'IH', 'S']",,"['R', 'AE', 'D', 'IH', 'S']"
907,107,soput,PSC,pseudo,short,complex,,5,,"['S', 'OW1', 'P', 'AH0', 'T']","['S', 'OW', 'P', 'AH', 'T']",,"['S', 'OW', 'P', 'AH', 'T']"
908,108,himem,PSC,pseudo,short,complex,,5,,"['HH', 'IH1', 'M', 'AH0', 'M']","['HH', 'IH', 'M', 'AH', 'M']",,"['HH', 'IH', 'M', 'AH', 'M']"
909,109,sachno,PSC,pseudo,short,complex,,5,,"['S', 'AE1', 'K', 'N', 'OW0']","['S', 'AE', 'K', 'N', 'OW']",,"['S', 'AE', 'K', 'N', 'OW']"
910,110,uncrow,PSC,pseudo,short,complex,,5,,"['AH1', 'N', 'K', 'R', 'AW0']","['AH', 'N', 'K', 'R', 'AW']",,"['AH', 'N', 'K', 'R', 'AW']"
911,111,bulfor,PSC,pseudo,short,complex,,5,,"['B', 'UH1', 'L', 'F', 'ER0']","['B', 'UH', 'L', 'F', 'ER']",,"['B', 'UH', 'L', 'F', 'ER']"
912,112,nonver,PSC,pseudo,short,complex,,5,,"['N', 'AA1', 'N', 'V', 'ER0']","['N', 'AA', 'N', 'V', 'ER']",,"['N', 'AA', 'N', 'V', 'ER']"
913,113,defork,PSC,pseudo,short,complex,,5,,"['D', 'EH1', 'F', 'ER0', 'K']","['D', 'EH', 'F', 'ER', 'K']",,"['D', 'EH', 'F', 'ER', 'K']"
914,114,biomo,PSC,pseudo,short,complex,,5,,"['B', 'IY0', 'OW1', 'M', 'OW0']","['B', 'IY', 'OW', 'M', 'OW']",,"['B', 'IY', 'OW', 'M', 'OW']"
915,115,advio,PSC,pseudo,short,complex,,5,,"['AE1', 'D', 'V', 'IY0', 'OW2']","['AE', 'D', 'V', 'IY', 'OW']",,"['AE', 'D', 'V', 'IY', 'OW']"
916,116,mullboy,PSC,pseudo,short,complex,,5,,"['M', 'AH1', 'L', 'B', 'OY2']","['M', 'AH', 'L', 'B', 'OY']",,"['M', 'AH', 'L', 'B', 'OY']"
917,117,aggrat,PSC,pseudo,short,complex,,5,,"['AE1', 'G', 'R', 'AE0', 'T']","['AE', 'G', 'R', 'AE', 'T']",,"['AE', 'G', 'R', 'AE', 'T']"
918,118,befic,PSC,pseudo,short,complex,,5,,"['B', 'IH0', 'F', 'IH1', 'K']","['B', 'IH', 'F', 'IH', 'K']",,"['B', 'IH', 'F', 'IH', 'K']"
919,119,assasy,PSC,pseudo,short,complex,,5,,"['AH0', 'S', 'AA1', 'S', 'IY0']","['AH', 'S', 'AA', 'S', 'IY']",,"['AH', 'S', 'AA', 'S', 'IY']"
920,120,anymed,PSC,pseudo,short,complex,,5,,"['AH0', 'N', 'IY1', 'M', 'D']","['AH', 'N', 'IY', 'M', 'D']",,"['AH', 'N', 'IY', 'M', 'D']"
921,121,invor,PSC,pseudo,short,complex,,5,,"['IH0', 'N', 'V', 'AO1', 'R']","['IH', 'N', 'V', 'AO', 'R']",,"['IH', 'N', 'V', 'AO', 'R']"
922,122,ferside,PSC,pseudo,short,complex,,5,,"['F', 'ER1', 'S', 'AY2', 'D']","['F', 'ER', 'S', 'AY', 'D']",,"['F', 'ER', 'S', 'AY', 'D']"
923,123,teetin,PSC,pseudo,short,complex,,5,,"['T', 'IY1', 'T', 'IH0', 'N']","['T', 'IY', 'T', 'IH', 'N']",,"['T', 'IY', 'T', 'IH', 'N']"
924,124,getert,PSC,pseudo,short,complex,,5,,"['G', 'EH1', 'T', 'ER0', 'T']","['G', 'EH', 'T', 'ER', 'T']",,"['G', 'EH', 'T', 'ER', 'T']"
925,125,recause,PSC,pseudo,short,complex,,5,,"['R', 'IY1', 'K', 'AW0', 'S']","['R', 'IY', 'K', 'AW', 'S']",,"['R', 'IY', 'K', 'AW', 'S']"
926,126,mushin,PSC,pseudo,short,complex,,5,,"['M', 'AH1', 'SH', 'IH0', 'N']","['M', 'AH', 'SH', 'IH', 'N']",,"['M', 'AH', 'SH', 'IH', 'N']"
927,127,redwee,PSC,pseudo,short,complex,,5,,"['R', 'EH1', 'D', 'W', 'IY2']","['R', 'EH', 'D', 'W', 'IY']",,"['R', 'EH', 'D', 'W', 'IY']"
928,128,himby,PSC,pseudo,short,complex,,5,,"['HH', 'IH1', 'M', 'B', 'IY0']","['HH', 'IH', 'M', 'B', 'IY']",,"['HH', 'IH', 'M', 'B', 'IY']"
929,129,eurown,PSC,pseudo,short,complex,,5,,"['Y', 'UW1', 'R', 'AW0', 'N']","['Y', 'UW', 'R', 'AW', 'N']",,"['Y', 'UW', 'R', 'AW', 'N']"
930,130,mintai,PSC,pseudo,short,complex,,5,,"['M', 'IH0', 'N', 'T', 'AY1']","['M', 'IH', 'N', 'T', 'AY']",,"['M', 'IH', 'N', 'T', 'AY']"
931,131,pertat,PSC,pseudo,short,complex,,5,,"['P', 'ER1', 'T', 'AH0', 'T']","['P', 'ER', 'T', 'AH', 'T']",,"['P', 'ER', 'T', 'AH', 'T']"
932,132,perlic,PSC,pseudo,short,complex,,5,,"['P', 'ER1', 'L', 'IH0', 'K']","['P', 'ER', 'L', 'IH', 'K']",,"['P', 'ER', 'L', 'IH', 'K']"
933,133,cervided,PLC,pseudo,long,complex,,7,,"['S', 'ER1', 'V', 'AY1', 'D', 'AH0', 'D']","['S', 'ER', 'V', 'AY', 'D', 'AH', 'D']",,"['S', 'ER', 'V', 'AY', 'D', 'AH', 'D']"
934,134,intipal,PLC,pseudo,long,complex,,7,,"['IH1', 'N', 'T', 'IH0', 'P', 'AH0', 'L']","['IH', 'N', 'T', 'IH', 'P', 'AH', 'L']",,"['IH', 'N', 'T', 'IH', 'P', 'AH', 'L']"
935,135,pubsides,PLC,pseudo,long,complex,,7,,"['P', 'AH1', 'B', 'S', 'AY2', 'D', 'Z']","['P', 'AH', 'B', 'S', 'AY', 'D', 'Z']",,"['P', 'AH', 'B', 'S', 'AY', 'D', 'Z']"
936,136,desocio,PLC,pseudo,long,complex,,7,,"['D', 'AH0', 'S', 'OW1', 'SH', 'IY0', 'OW0']","['D', 'AH', 'S', 'OW', 'SH', 'IY', 'OW']",,"['D', 'AH', 'S', 'OW', 'SH', 'IY', 'OW']"
937,137,buitines,PLC,pseudo,long,complex,,7,,"['B', 'Y', 'UW1', 'T', 'IY2', 'N', 'Z']","['B', 'Y', 'UW', 'T', 'IY', 'N', 'Z']",,"['B', 'Y', 'UW', 'T', 'IY', 'N', 'Z']"
938,138,editral,PLC,pseudo,long,complex,,7,,"['EH1', 'D', 'AH0', 'T', 'R', 'AH0', 'L']","['EH', 'D', 'AH', 'T', 'R', 'AH', 'L']",,"['EH', 'D', 'AH', 'T', 'R', 'AH', 'L']"
939,139,publity,PLC,pseudo,long,complex,,7,,"['P', 'AH1', 'B', 'L', 'IH0', 'T', 'IY0']","['P', 'AH', 'B', 'L', 'IH', 'T', 'IY']",,"['P', 'AH', 'B', 'L', 'IH', 'T', 'IY']"
940,140,hargings,PLC,pseudo,long,complex,,7,,"['HH', 'AA1', 'R', 'JH', 'IH0', 'NG', 'Z']","['HH', 'AA', 'R', 'JH', 'IH', 'NG', 'Z']",,"['HH', 'AA', 'R', 'JH', 'IH', 'NG', 'Z']"
941,141,beanspore,PLC,pseudo,long,complex,,7,,"['B', 'IY1', 'N', 'S', 'P', 'AO2', 'R']","['B', 'IY', 'N', 'S', 'P', 'AO', 'R']",,"['B', 'IY', 'N', 'S', 'P', 'AO', 'R']"
942,142,brovelf,PLC,pseudo,long,complex,,7,,"['B', 'R', 'OW1', 'V', 'EH0', 'L', 'F']","['B', 'R', 'OW', 'V', 'EH', 'L', 'F']",,"['B', 'R', 'OW', 'V', 'EH', 'L', 'F']"
943,143,himilays,PLC,pseudo,long,complex,,7,,"['HH', 'IH1', 'M', 'AH0', 'L', 'EY2', 'S']","['HH', 'IH', 'M', 'AH', 'L', 'EY', 'S']",,"['HH', 'IH', 'M', 'AH', 'L', 'EY', 'S']"
944,144,canuted,PLC,pseudo,long,complex,,7,,"['K', 'AH0', 'N', 'UW1', 'T', 'AH0', 'D']","['K', 'AH', 'N', 'UW', 'T', 'AH', 'D']",,"['K', 'AH', 'N', 'UW', 'T', 'AH', 'D']"
945,145,bampion,PLC,pseudo,long,complex,,7,,"['B', 'AE1', 'M', 'P', 'IY0', 'AH0', 'N']","['B', 'AE', 'M', 'P', 'IY', 'AH', 'N']",,"['B', 'AE', 'M', 'P', 'IY', 'AH', 'N']"
946,146,tweecty,PLC,pseudo,long,complex,,7,,"['T', 'W', 'EH1', 'T', 'S', 'K', 'IY0']","['T', 'W', 'EH', 'T', 'S', 'K', 'IY']",,"['T', 'W', 'EH', 'T', 'S', 'K', 'IY']"
947,147,actitome,PLC,pseudo,long,complex,,7,,"['AE1', 'K', 'T', 'IH0', 'T', 'OW0', 'M']","['AE', 'K', 'T', 'IH', 'T', 'OW', 'M']",,"['AE', 'K', 'T', 'IH', 'T', 'OW', 'M']"
948,148,festomine,PLC,pseudo,long,complex,,7,,"['F', 'EH0', 'S', 'AH0', 'M', 'AY1', 'N']","['F', 'EH', 'S', 'AH', 'M', 'AY', 'N']",,"['F', 'EH', 'S', 'AH', 'M', 'AY', 'N']"
949,149,appedial,PLC,pseudo,long,complex,,7,,"['AH0', 'P', 'IY1', 'D', 'IY0', 'AH0', 'L']","['AH', 'P', 'IY', 'D', 'IY', 'AH', 'L']",,"['AH', 'P', 'IY', 'D', 'IY', 'AH', 'L']"
950,150,momocal,PLC,pseudo,long,complex,,7,,"['M', 'AA1', 'M', 'AH0', 'K', 'AH0', 'L']","['M', 'AA', 'M', 'AH', 'K', 'AH', 'L']",,"['M', 'AA', 'M', 'AH', 'K', 'AH', 'L']"
951,151,belenter,PLC,pseudo,long,complex,,7,,"['B', 'EH1', 'L', 'AH0', 'N', 'T', 'ER0']","['B', 'EH', 'L', 'AH', 'N', 'T', 'ER']",,"['B', 'EH', 'L', 'AH', 'N', 'T', 'ER']"
952,152,univel,PLC,pseudo,long,complex,,7,,"['Y', 'UW1', 'N', 'AH0', 'V', 'AH0', 'L']","['Y', 'UW', 'N', 'AH', 'V', 'AH', 'L']",,"['Y', 'UW', 'N', 'AH', 'V', 'AH', 'L']"
953,153,havices,PLC,pseudo,long,complex,,7,,"['HH', 'AE1', 'V', 'AY0', 'S', 'AH0', 'Z']","['HH', 'AE', 'V', 'AY', 'S', 'AH', 'Z']",,"['HH', 'AE', 'V', 'AY', 'S', 'AH', 'Z']"
954,154,anybols,PLC,pseudo,long,complex,,7,,"['EH1', 'N', 'IY0', 'B', 'AO2', 'L', 'Z']","['EH', 'N', 'IY', 'B', 'AO', 'L', 'Z']",,"['EH', 'N', 'IY', 'B', 'AO', 'L', 'Z']"
955,155,decamber,PLC,pseudo,long,complex,,7,,"['D', 'IH0', 'K', 'AE1', 'M', 'B', 'ER0']","['D', 'IH', 'K', 'AE', 'M', 'B', 'ER']",,"['D', 'IH', 'K', 'AE', 'M', 'B', 'ER']"
956,156,pervicious,PLC,pseudo,long,complex,,7,,"['P', 'ER0', 'V', 'IH1', 'SH', 'AH0', 'S']","['P', 'ER', 'V', 'IH', 'SH', 'AH', 'S']",,"['P', 'ER', 'V', 'IH', 'SH', 'AH', 'S']"
957,157,unledging,PLC,pseudo,long,complex,,7,,"['AH0', 'N', 'L', 'EH1', 'JH', 'IH0', 'NG']","['AH', 'N', 'L', 'EH', 'JH', 'IH', 'NG']",,"['AH', 'N', 'L', 'EH', 'JH', 'IH', 'NG']"
958,158,attatings,PLC,pseudo,long,complex,,7,,"['AH0', 'T', 'AE1', 'T', 'IH0', 'NG', 'Z']","['AH', 'T', 'AE', 'T', 'IH', 'NG', 'Z']",,"['AH', 'T', 'AE', 'T', 'IH', 'NG', 'Z']"
959,159,opartion,PLC,pseudo,long,complex,,7,,"['AH0', 'P', 'AA1', 'R', 'SH', 'AH0', 'N']","['AH', 'P', 'AA', 'R', 'SH', 'AH', 'N']",,"['AH', 'P', 'AA', 'R', 'SH', 'AH', 'N']"
960,160,retabit,PLC,pseudo,long,complex,,7,,"['R', 'EH0', 'T', 'AE1', 'B', 'IH0', 'T']","['R', 'EH', 'T', 'AE', 'B', 'IH', 'T']",,"['R', 'EH', 'T', 'AE', 'B', 'IH', 'T']"
961,161,concathy,PLC,pseudo,long,complex,,7,,"['K', 'AH0', 'N', 'K', 'AA1', 'TH', 'IY0']","['K', 'AH', 'N', 'K', 'AA', 'TH', 'IY']",,"['K', 'AH', 'N', 'K', 'AA', 'TH', 'IY']"
962,162,foluted,PLC,pseudo,long,complex,,7,,"['F', 'AH0', 'L', 'UW1', 'T', 'IH0', 'D']","['F', 'AH', 'L', 'UW', 'T', 'IH', 'D']",,"['F', 'AH', 'L', 'UW', 'T', 'IH', 'D']"
963,163,uneasic,PLC,pseudo,long,complex,,7,,"['Y', 'UW2', 'N', 'IY1', 'Z', 'IH0', 'K']","['Y', 'UW', 'N', 'IY', 'Z', 'IH', 'K']",,"['Y', 'UW', 'N', 'IY', 'Z', 'IH', 'K']"
964,164,recauses,PLC,pseudo,long,complex,,7,,"['R', 'IH0', 'K', 'AO1', 'Z', 'IH0', 'Z']","['R', 'IH', 'K', 'AO', 'Z', 'IH', 'Z']",,"['R', 'IH', 'K', 'AO', 'Z', 'IH', 'Z']"
965,165,pretral,PLC,pseudo,long,complex,,7,,"['P', 'R', 'IY1', 'T', 'R', 'AH0', 'L']","['P', 'R', 'IY', 'T', 'R', 'AH', 'L']",,"['P', 'R', 'IY', 'T', 'R', 'AH', 'L']"
966,166,disreturb,PLC,pseudo,long,complex,,8,,"['D', 'IH0', 'S', 'R', 'IH0', 'T', 'ER1', 'B']","['D', 'IH', 'S', 'R', 'IH', 'T', 'ER', 'B']",,"['D', 'IH', 'S', 'R', 'IH', 'T', 'ER', 'B']"
967,167,reolorize,PLC,pseudo,long,complex,,8,,"['R', 'IY0', 'OW1', 'L', 'ER0', 'R', 'AY2', 'Z']","['R', 'IY', 'OW', 'L', 'ER', 'R', 'AY', 'Z']",,"['R', 'IY', 'OW', 'L', 'ER', 'R', 'AY', 'Z']"
968,168,miscreeckt,PLC,pseudo,long,complex,,8,,"['M', 'IH0', 'S', 'K', 'R', 'IY1', 'K', 'T']","['M', 'IH', 'S', 'K', 'R', 'IY', 'K', 'T']",,"['M', 'IH', 'S', 'K', 'R', 'IY', 'K', 'T']"
969,169,truzable,PLC,pseudo,long,complex,,8,,"['T', 'R', 'UW1', 'Z', 'AH0', 'B', 'AH0', 'L']","['T', 'R', 'UW', 'Z', 'AH', 'B', 'AH', 'L']",,"['T', 'R', 'UW', 'Z', 'AH', 'B', 'AH', 'L']"
970,170,unwisiter,PLC,pseudo,long,complex,,8,,"['AH0', 'N', 'W', 'IH1', 'Z', 'IH0', 'T', 'ER0']","['AH', 'N', 'W', 'IH', 'Z', 'IH', 'T', 'ER']",,"['AH', 'N', 'W', 'IH', 'Z', 'IH', 'T', 'ER']"
971,171,overility,PLC,pseudo,long,complex,,8,,"['OW2', 'V', 'ER0', 'IH0', 'L', 'IH1', 'T', 'IY0']","['OW', 'V', 'ER', 'IH', 'L', 'IH', 'T', 'IY']",,"['OW', 'V', 'ER', 'IH', 'L', 'IH', 'T', 'IY']"
972,172,sumtible,PLC,pseudo,long,complex,,8,,"['S', 'AH1', 'M', 'T', 'AH0', 'B', 'AH0', 'L']","['S', 'AH', 'M', 'T', 'AH', 'B', 'AH', 'L']",,"['S', 'AH', 'M', 'T', 'AH', 'B', 'AH', 'L']"
973,173,unmistade,PLC,pseudo,long,complex,,8,,"['AH1', 'N', 'M', 'IH0', 'S', 'T', 'AE2', 'D']","['AH', 'N', 'M', 'IH', 'S', 'T', 'AE', 'D']",,"['AH', 'N', 'M', 'IH', 'S', 'T', 'AE', 'D']"
974,174,witifully,PLC,pseudo,long,complex,,8,,"['W', 'IH1', 'T', 'IH0', 'F', 'AH0', 'L', 'IY0']","['W', 'IH', 'T', 'IH', 'F', 'AH', 'L', 'IY']",,"['W', 'IH', 'T', 'IH', 'F', 'AH', 'L', 'IY']"
975,175,underlity,PLC,pseudo,long,complex,,8,,"['AH0', 'N', 'D', 'ER1', 'L', 'AE0', 'T', 'IY0']","['AH', 'N', 'D', 'ER', 'L', 'AE', 'T', 'IY']",,"['AH', 'N', 'D', 'ER', 'L', 'AE', 'T', 'IY']"
976,176,rederlity,PLC,pseudo,long,complex,,8,,"['R', 'EH1', 'D', 'ER0', 'L', 'AH0', 'T', 'IY0']","['R', 'EH', 'D', 'ER', 'L', 'AH', 'T', 'IY']",,"['R', 'EH', 'D', 'ER', 'L', 'AH', 'T', 'IY']"
977,177,sprictal,PLC,pseudo,long,complex,,8,,"['S', 'P', 'R', 'IH1', 'K', 'T', 'AA2', 'L']","['S', 'P', 'R', 'IH', 'K', 'T', 'AA', 'L']",,"['S', 'P', 'R', 'IH', 'K', 'T', 'AA', 'L']"
978,178,unifort,PLC,pseudo,long,complex,,8,,"['Y', 'UW1', 'N', 'IH0', 'F', 'AO2', 'R', 'T']","['Y', 'UW', 'N', 'IH', 'F', 'AO', 'R', 'T']",,"['Y', 'UW', 'N', 'IH', 'F', 'AO', 'R', 'T']"
979,179,mistfully,PLC,pseudo,long,complex,,8,,"['M', 'IH1', 'S', 'T', 'F', 'AH0', 'L', 'IY0']","['M', 'IH', 'S', 'T', 'F', 'AH', 'L', 'IY']",,"['M', 'IH', 'S', 'T', 'F', 'AH', 'L', 'IY']"
980,180,dydenist,PLC,pseudo,long,complex,,8,,"['D', 'AY1', 'D', 'AH0', 'N', 'IH0', 'S', 'T']","['D', 'AY', 'D', 'AH', 'N', 'IH', 'S', 'T']",,"['D', 'AY', 'D', 'AH', 'N', 'IH', 'S', 'T']"
981,181,raversold,PLC,pseudo,long,complex,,8,,"['R', 'EY1', 'V', 'ER0', 'S', 'OW0', 'L', 'D']","['R', 'EY', 'V', 'ER', 'S', 'OW', 'L', 'D']",,"['R', 'EY', 'V', 'ER', 'S', 'OW', 'L', 'D']"
982,182,undeflate,PLC,pseudo,long,complex,,8,,"['AH1', 'N', 'D', 'AH0', 'F', 'L', 'EY2', 'T']","['AH', 'N', 'D', 'AH', 'F', 'L', 'EY', 'T']",,"['AH', 'N', 'D', 'AH', 'F', 'L', 'EY', 'T']"
983,183,discreeler,PLC,pseudo,long,complex,,8,,"['D', 'IH0', 'S', 'K', 'R', 'IY1', 'L', 'ER0']","['D', 'IH', 'S', 'K', 'R', 'IY', 'L', 'ER']",,"['D', 'IH', 'S', 'K', 'R', 'IY', 'L', 'ER']"
984,184,pitlessly,PLC,pseudo,long,complex,,8,,"['P', 'IH1', 'T', 'L', 'AH0', 'S', 'L', 'IY0']","['P', 'IH', 'T', 'L', 'AH', 'S', 'L', 'IY']",,"['P', 'IH', 'T', 'L', 'AH', 'S', 'L', 'IY']"
985,185,dishonal,PLC,pseudo,long,complex,,8,,"['D', 'IH1', 'S', 'HH', 'AH0', 'N', 'AH0', 'L']","['D', 'IH', 'S', 'HH', 'AH', 'N', 'AH', 'L']",,"['D', 'IH', 'S', 'HH', 'AH', 'N', 'AH', 'L']"
986,186,skringel,PLC,pseudo,long,complex,,8,,"['S', 'K', 'R', 'IH1', 'N', 'G', 'AH0', 'L']","['S', 'K', 'R', 'IH', 'N', 'G', 'AH', 'L']",,"['S', 'K', 'R', 'IH', 'N', 'G', 'AH', 'L']"
987,187,reinstake,PLC,pseudo,long,complex,,8,,"['R', 'IY2', 'IH0', 'N', 'S', 'T', 'EY1', 'K']","['R', 'IY', 'IH', 'N', 'S', 'T', 'EY', 'K']",,"['R', 'IY', 'IH', 'N', 'S', 'T', 'EY', 'K']"
988,188,sprindly,PLC,pseudo,long,complex,,8,,"['S', 'P', 'R', 'IH1', 'N', 'D', 'L', 'IY0']","['S', 'P', 'R', 'IH', 'N', 'D', 'L', 'IY']",,"['S', 'P', 'R', 'IH', 'N', 'D', 'L', 'IY']"
989,189,reperpast,PLC,pseudo,long,complex,,8,,"['R', 'EH1', 'P', 'ER0', 'P', 'AH0', 'S', 'T']","['R', 'EH', 'P', 'ER', 'P', 'AH', 'S', 'T']",,"['R', 'EH', 'P', 'ER', 'P', 'AH', 'S', 'T']"
990,190,vulgarist,PLC,pseudo,long,complex,,8,,"['V', 'AH1', 'L', 'G', 'ER0', 'IH0', 'S', 'T']","['V', 'AH', 'L', 'G', 'ER', 'IH', 'S', 'T']",,"['V', 'AH', 'L', 'G', 'ER', 'IH', 'S', 'T']"
991,191,remistate,PLC,pseudo,long,complex,,8,,"['R', 'EH1', 'M', 'AH0', 'S', 'T', 'EY2', 'T']","['R', 'EH', 'M', 'AH', 'S', 'T', 'EY', 'T']",,"['R', 'EH', 'M', 'AH', 'S', 'T', 'EY', 'T']"
992,192,bewistic,PLC,pseudo,long,complex,,8,,"['B', 'IY0', 'W', 'IH1', 'S', 'T', 'IH0', 'K']","['B', 'IY', 'W', 'IH', 'S', 'T', 'IH', 'K']",,"['B', 'IY', 'W', 'IH', 'S', 'T', 'IH', 'K']"
993,193,deodorist,PLC,pseudo,long,complex,,8,,"['D', 'IY1', 'OW0', 'D', 'ER0', 'IH0', 'S', 'T']","['D', 'IY', 'OW', 'D', 'ER', 'IH', 'S', 'T']",,"['D', 'IY', 'OW', 'D', 'ER', 'IH', 'S', 'T']"
994,194,strimply,PLC,pseudo,long,complex,,8,,"['S', 'T', 'R', 'IH1', 'M', 'P', 'L', 'IY0']","['S', 'T', 'R', 'IH', 'M', 'P', 'L', 'IY']",,"['S', 'T', 'R', 'IH', 'M', 'P', 'L', 'IY']"
995,195,womangle,PLC,pseudo,long,complex,,8,,"['W', 'UH1', 'M', 'AH0', 'N', 'G', 'AH0', 'L']","['W', 'UH', 'M', 'AH', 'N', 'G', 'AH', 'L']",,"['W', 'UH', 'M', 'AH', 'N', 'G', 'AH', 'L']"
996,196,redefully,PLC,pseudo,long,complex,,8,,"['R', 'EH1', 'D', 'AH0', 'F', 'AH0', 'L', 'IY0']","['R', 'EH', 'D', 'AH', 'F', 'AH', 'L', 'IY']",,"['R', 'EH', 'D', 'AH', 'F', 'AH', 'L', 'IY']"
997,197,sterreact,PLC,pseudo,long,complex,,8,,"['S', 'T', 'EH1', 'R', 'IY0', 'AE2', 'K', 'T']","['S', 'T', 'EH', 'R', 'IY', 'AE', 'K', 'T']",,"['S', 'T', 'EH', 'R', 'IY', 'AE', 'K', 'T']"
998,198,gormalone,PLC,pseudo,long,complex,,8,,"['G', 'AO1', 'R', 'M', 'AH0', 'L', 'OW2', 'N']","['G', 'AO', 'R', 'M', 'AH', 'L', 'OW', 'N']",,"['G', 'AO', 'R', 'M', 'AH', 'L', 'OW', 'N']"
999,199,steriline,PLC,pseudo,long,complex,,8,,"['S', 'T', 'EH1', 'R', 'AH0', 'L', 'IY2', 'N']","['S', 'T', 'EH', 'R', 'AH', 'L', 'IY', 'N']",,"['S', 'T', 'EH', 'R', 'AH', 'L', 'IY', 'N']"
1000,200,episident,PLC,pseudo,long,complex,,9,,"['EH0', 'P', 'IH1', 'S', 'IH0', 'D', 'EH0', 'N', 'T']","['EH', 'P', 'IH', 'S', 'IH', 'D', 'EH', 'N', 'T']",,"['EH', 'P', 'IH', 'S', 'IH', 'D', 'EH', 'N', 'T']"
1001,201,deodorism,PLC,pseudo,long,complex,,9,,"['D', 'IY1', 'AH0', 'D', 'R', 'IH2', 'Z', 'AH0', 'M']","['D', 'IY', 'AH', 'D', 'R', 'IH', 'Z', 'AH', 'M']",,"['D', 'IY', 'AH', 'D', 'R', 'IH', 'Z', 'AH', 'M']"
1002,202,awarliant,PLC,pseudo,long,complex,,9,,"['AH0', 'W', 'AO1', 'R', 'L', 'IY0', 'AE0', 'N', 'T']","['AH', 'W', 'AO', 'R', 'L', 'IY', 'AE', 'N', 'T']",,"['AH', 'W', 'AO', 'R', 'L', 'AE', 'N', 'IY', 'T']"
1003,203,poildration,PLC,pseudo,long,complex,,9,,"['P', 'OY1', 'L', 'D', 'R', 'EY2', 'SH', 'AH0', 'N']","['P', 'OY', 'L', 'D', 'R', 'EY', 'SH', 'AH', 'N']",,"['P', 'OY', 'L', 'D', 'R', 'EY', 'SH', 'AH', 'N']"
1004,204,wontifics,PLC,pseudo,long,complex,,9,,"['W', 'AH0', 'N', 'T', 'IH1', 'F', 'IH0', 'K', 'S']","['W', 'AH', 'N', 'T', 'IH', 'F', 'IH', 'K', 'S']",,"['W', 'AH', 'N', 'T', 'IH', 'F', 'IH', 'K', 'S']"
1005,205,advelatine,PLC,pseudo,long,complex,,9,,"['AE0', 'D', 'V', 'EH1', 'L', 'AH0', 'T', 'IY0', 'N']","['AE', 'D', 'V', 'EH', 'L', 'AH', 'T', 'IY', 'N']",,"['AE', 'D', 'V', 'EH', 'L', 'AH', 'T', 'IY', 'N']"
1006,206,traplable,PLC,pseudo,long,complex,,9,,"['T', 'R', 'AE1', 'P', 'L', 'AH0', 'B', 'AH0', 'L']","['T', 'R', 'AE', 'P', 'L', 'AH', 'B', 'AH', 'L']",,"['T', 'R', 'AE', 'P', 'L', 'AH', 'B', 'AH', 'L']"
1007,207,aladquary,PLC,pseudo,long,complex,,9,,"['AE0', 'L', 'AH1', 'D', 'K', 'W', 'AO0', 'R', 'EY0']","['AE', 'L', 'AH', 'D', 'K', 'W', 'AO', 'R', 'EY']",,"['AE', 'L', 'AH', 'N', 'D', 'K', 'AO', 'R', 'W']"
1008,208,nomparated,PLC,pseudo,long,complex,,9,,"['N', 'AA1', 'M', 'P', 'ER0', 'EY2', 'T', 'IH0', 'D']","['N', 'AA', 'M', 'P', 'ER', 'EY', 'T', 'IH', 'D']",,"['N', 'AA', 'M', 'P', 'ER', 'EY', 'T', 'IH', 'D']"
1009,209,reodeness,PLC,pseudo,long,complex,,9,,"['R', 'IY1', 'AH0', 'D', 'IY2', 'N', 'S', 'AH0', 'Z']","['R', 'IY', 'AH', 'D', 'IY', 'N', 'S', 'AH', 'Z']",,"['R', 'IY', 'AH', 'D', 'IY', 'N', 'S', 'AH', 'Z']"
1010,210,tradinties,PLC,pseudo,long,complex,,9,,"['T', 'R', 'AE1', 'D', 'AH0', 'N', 'T', 'IY0', 'Z']","['T', 'R', 'AE', 'D', 'AH', 'N', 'T', 'IY', 'Z']",,"['T', 'R', 'AE', 'D', 'AH', 'N', 'T', 'IY', 'Z']"
1011,211,ownestrand,PLC,pseudo,long,complex,,9,,"['OW1', 'N', 'AH0', 'S', 'T', 'R', 'AE2', 'N', 'D']","['OW', 'N', 'AH', 'S', 'T', 'R', 'AE', 'N', 'D']",,"['AE', 'N', 'AH', 'S', 'T', 'R', 'AE', 'N', 'D']"
1012,212,coliciely,PLC,pseudo,long,complex,,9,,"['K', 'AH0', 'L', 'IH1', 'S', 'IY0', 'AH0', 'L', 'IY0']","['K', 'AH', 'L', 'IH', 'S', 'IY', 'AH', 'L', 'IY']",,"['K', 'AH', 'L', 'IH', 'S', 'IY', 'AH', 'L', 'IY']"
1013,213,exclural,PLC,pseudo,long,complex,,9,,"['EH1', 'K', 'S', 'K', 'L', 'UH1', 'R', 'AA0', 'L']","['EH', 'K', 'S', 'K', 'L', 'UH', 'R', 'AA', 'L']",,"['EH', 'K', 'S', 'K', 'L', 'UH', 'R', 'L', '<EOS>']"
1014,214,misembody,PLC,pseudo,long,complex,,9,,"['M', 'IH0', 'S', 'AH0', 'M', 'B', 'EY1', 'D', 'IY0']","['M', 'IH', 'S', 'AH', 'M', 'B', 'EY', 'D', 'IY']",,"['M', 'IH', 'S', 'AH', 'M', 'B', 'EY', 'D', 'IY']"
1015,215,reodenest,PLC,pseudo,long,complex,,9,,"['R', 'IY2', 'OW0', 'D', 'EH1', 'N', 'AH0', 'S', 'T']","['R', 'IY', 'OW', 'D', 'EH', 'N', 'AH', 'S', 'T']",,"['R', 'IY', 'OW', 'D', 'EH', 'N', 'AH', 'S', 'T']"
1016,216,havivited,PLC,pseudo,long,complex,,9,,"['HH', 'AE1', 'V', 'AH0', 'V', 'EY2', 'T', 'IH0', 'D']","['HH', 'AE', 'V', 'AH', 'V', 'EY', 'T', 'IH', 'D']",,"['HH', 'AE', 'V', 'AH', 'V', 'EY', 'T', 'IH', 'D']"
1017,217,tensenest,PLC,pseudo,long,complex,,9,,"['T', 'EH1', 'N', 'S', 'AH0', 'N', 'AH0', 'S', 'T']","['T', 'EH', 'N', 'S', 'AH', 'N', 'AH', 'S', 'T']",,"['T', 'EH', 'N', 'S', 'AH', 'N', 'AH', 'S', 'T']"
1018,218,entiquary,PLC,pseudo,long,complex,,9,,"['EH0', 'N', 'T', 'IH1', 'K', 'W', 'AA2', 'R', 'IY0']","['EH', 'N', 'T', 'IH', 'K', 'W', 'AA', 'R', 'IY']",,"['EH', 'N', 'T', 'IH', 'K', 'W', 'AA', 'R', 'IY']"
1019,219,vesernated,PLC,pseudo,long,complex,,9,,"['V', 'EH1', 'S', 'ER0', 'N', 'EY2', 'T', 'IH0', 'D']","['V', 'EH', 'S', 'ER', 'N', 'EY', 'T', 'IH', 'D']",,"['V', 'EH', 'S', 'ER', 'N', 'EY', 'T', 'IH', 'D']"
1020,220,uniforist,PLC,pseudo,long,complex,,9,,"['Y', 'UW1', 'N', 'AH0', 'F', 'AO2', 'R', 'S', 'T']","['Y', 'UW', 'N', 'AH', 'F', 'AO', 'R', 'S', 'T']",,"['Y', 'UW', 'N', 'AH', 'F', 'AO', 'R', 'S', 'T']"
1021,221,winyufact,PLC,pseudo,long,complex,,9,,"['W', 'IH1', 'N', 'Y', 'UW0', 'F', 'AE2', 'K', 'T']","['W', 'IH', 'N', 'Y', 'UW', 'F', 'AE', 'K', 'T']",,"['W', 'IH', 'N', 'Y', 'UW', 'F', 'AE', 'K', 'T']"
1022,222,explific,PLC,pseudo,long,complex,,9,,"['EH0', 'K', 'S', 'P', 'L', 'IH1', 'F', 'IH0', 'K']","['EH', 'K', 'S', 'P', 'L', 'IH', 'F', 'IH', 'K']",,"['EH', 'K', 'S', 'P', 'L', 'IH', 'F', 'IH', 'K']"
1023,223,deoutsell,PLC,pseudo,long,complex,,9,,"['D', 'EH1', 'T', 'W', 'AH0', 'S', 'T', 'AH0', 'L']","['D', 'EH', 'T', 'W', 'AH', 'S', 'T', 'AH', 'L']",,"['D', 'EH', 'T', 'W', 'AH', 'S', 'T', 'AH', 'L']"
1024,224,deodeness,PLC,pseudo,long,complex,,9,,"['D', 'IY1', 'D', 'AH0', 'N', 'IH2', 'S', 'AH0', 'Z']","['D', 'IY', 'D', 'AH', 'N', 'IH', 'S', 'AH', 'Z']",,"['D', 'IY', 'D', 'AH', 'N', 'IH', 'S', 'AH', 'Z']"
1025,225,puzuking,PLC,pseudo,long,complex,,9,,"['P', 'Y', 'UW1', 'Z', 'K', 'IH0', 'V', 'IH0', 'NG']","['P', 'Y', 'UW', 'Z', 'K', 'IH', 'V', 'IH', 'NG']",,"['P', 'Y', 'UW', 'Z', 'IH', 'K', 'V', 'IH', 'NG']"
1026,226,countriand,PLC,pseudo,long,complex,,9,,"['K', 'AA1', 'N', 'T', 'R', 'IY0', 'AH0', 'N', 'D']","['K', 'AA', 'N', 'T', 'R', 'IY', 'AH', 'N', 'D']",,"['K', 'AA', 'N', 'T', 'R', 'IY', 'AH', 'N', 'D']"
1027,227,botinsled,PLC,pseudo,long,complex,,9,,"['B', 'OW1', 'T', 'IH0', 'N', 'S', 'L', 'EH2', 'D']","['B', 'OW', 'T', 'IH', 'N', 'S', 'L', 'EH', 'D']",,"['B', 'OW', 'T', 'IH', 'N', 'S', 'L', 'EH', 'D']"
1028,228,deliaumnal,PLC,pseudo,long,complex,,9,,"['D', 'EH1', 'L', 'IY0', 'AH0', 'M', 'N', 'AH0', 'L']","['D', 'EH', 'L', 'IY', 'AH', 'M', 'N', 'AH', 'L']",,"['EH', 'D', 'L', 'IY', 'AH', 'M', 'N', 'AH', 'L']"
1029,229,invoribute,PLC,pseudo,long,complex,,9,,"['IH0', 'N', 'V', 'AO1', 'R', 'AH0', 'B', 'AH0', 'T']","['IH', 'N', 'V', 'AO', 'R', 'AH', 'B', 'AH', 'T']",,"['IH', 'N', 'V', 'AO', 'R', 'AH', 'B', 'AH', 'T']"
1030,230,unfornity,PLC,pseudo,long,complex,,9,,"['AH0', 'N', 'F', 'AO1', 'R', 'N', 'IH0', 'T', 'IY0']","['AH', 'N', 'F', 'AO', 'R', 'N', 'IH', 'T', 'IY']",,"['AH', 'N', 'F', 'AO', 'R', 'N', 'IH', 'T', 'IY']"
1031,231,didamplate,PLC,pseudo,long,complex,,9,,"['D', 'IH1', 'D', 'AH0', 'M', 'P', 'L', 'EY2', 'T']","['D', 'IH', 'D', 'AH', 'M', 'P', 'L', 'EY', 'T']",,"['D', 'IH', 'D', 'AH', 'M', 'P', 'L', 'EY', 'T']"
1032,232,weirdnest,PLC,pseudo,long,complex,,9,,"['W', 'ER1', 'D', 'AH0', 'N', 'S', 'T', 'AH0', 'T']","['W', 'ER', 'D', 'AH', 'N', 'S', 'T', 'AH', 'T']",,"['W', 'ER', 'D', 'AH', 'N', 'S', 'T', 'AH', 'T']"
1033,233,yug,PSS,pseudo,short,simple,,3,,"['Y', 'AH1', 'G']","['Y', 'AH', 'G']",,"['Y', 'AH', 'G']"
1034,234,dop,PSS,pseudo,short,simple,,3,,"['D', 'AA1', 'P']","['D', 'AA', 'P']",,"['D', 'AA', 'P']"
1035,235,fed,PSS,pseudo,short,simple,,3,,"['F', 'EH1', 'D']","['F', 'EH', 'D']",,"['F', 'EH', 'D']"
1036,236,fut,PSS,pseudo,short,simple,,3,,"['F', 'AH1', 'T']","['F', 'AH', 'T']",,"['F', 'AH', 'T']"
1037,237,wid,PSS,pseudo,short,simple,,3,,"['W', 'IH1', 'D']","['W', 'IH', 'D']",,"['W', 'IH', 'D']"
1038,238,tob,PSS,pseudo,short,simple,,3,,"['T', 'AA1', 'B']","['T', 'AA', 'B']",,"['T', 'AA', 'B']"
1039,239,asy,PSS,pseudo,short,simple,,3,,"['EY1', 'S', 'IY0']","['EY', 'S', 'IY']",,"['EY', 'S', 'IY']"
1040,240,dav,PSS,pseudo,short,simple,,3,,"['D', 'AA1', 'V']","['D', 'AA', 'V']",,"['D', 'AA', 'V']"
1041,241,terth,PSS,pseudo,short,simple,,3,,"['T', 'ER1', 'DH']","['T', 'ER', 'DH']",,"['T', 'ER', 'DH']"
1042,242,jerf,PSS,pseudo,short,simple,,3,,"['JH', 'ER1', 'F']","['JH', 'ER', 'F']",,"['JH', 'ER', 'F']"
1043,243,tog,PSS,pseudo,short,simple,,3,,"['T', 'AO1', 'G']","['T', 'AO', 'G']",,"['T', 'AO', 'G']"
1044,244,mim,PSS,pseudo,short,simple,,3,,"['M', 'IH1', 'M']","['M', 'IH', 'M']",,"['M', 'IH', 'M']"
1045,245,thurse,PSS,pseudo,short,simple,,3,,"['TH', 'ER1', 'S']","['TH', 'ER', 'S']",,"['TH', 'ER', 'S']"
1046,246,fug,PSS,pseudo,short,simple,,3,,"['F', 'AH1', 'G']","['F', 'AH', 'G']",,"['F', 'AH', 'G']"
1047,247,clow,PSS,pseudo,short,simple,,3,,"['K', 'L', 'OW1']","['K', 'L', 'OW']",,"['K', 'L', 'OW']"
1048,248,gerf,PSS,pseudo,short,simple,,3,,"['G', 'ER1', 'F']","['G', 'ER', 'F']",,"['G', 'ER', 'F']"
1049,249,choune,PSS,pseudo,short,simple,,3,,"['CH', 'UW1', 'N']","['CH', 'UW', 'N']",,"['CH', 'UW', 'N']"
1050,250,shoide,PSS,pseudo,short,simple,,3,,"['SH', 'OY1', 'D']","['SH', 'OY', 'D']",,"['SH', 'OY', 'D']"
1051,251,spee,PSS,pseudo,short,simple,,3,,"['S', 'P', 'IY1']","['S', 'P', 'IY']",,"['S', 'P', 'IY']"
1052,252,mun,PSS,pseudo,short,simple,,3,,"['M', 'AH1', 'N']","['M', 'AH', 'N']",,"['M', 'AH', 'N']"
1053,253,frew,PSS,pseudo,short,simple,,3,,"['F', 'R', 'UW1']","['F', 'R', 'UW']",,"['F', 'R', 'UW']"
1054,254,poin,PSS,pseudo,short,simple,,3,,"['P', 'OY1', 'N']","['P', 'OY', 'N']",,"['P', 'OY', 'N']"
1055,255,pash,PSS,pseudo,short,simple,,3,,"['P', 'AE1', 'SH']","['P', 'AE', 'SH']",,"['P', 'AE', 'SH']"
1056,256,pook,PSS,pseudo,short,simple,,3,,"['P', 'UH1', 'K']","['P', 'UH', 'K']",,"['P', 'UH', 'K']"
1057,257,zom,PSS,pseudo,short,simple,,3,,"['Z', 'AA1', 'M']","['Z', 'AA', 'M']",,"['Z', 'AA', 'M']"
1058,258,vin,PSS,pseudo,short,simple,,3,,"['V', 'IH1', 'N']","['V', 'IH', 'N']",,"['V', 'IH', 'N']"
1059,259,bia,PSS,pseudo,short,simple,,3,,"['B', 'IY1', 'AH0']","['B', 'IY', 'AH']",,"['B', 'IY', 'AH']"
1060,260,vid,PSS,pseudo,short,simple,,3,,"['V', 'IH1', 'D']","['V', 'IH', 'D']",,"['V', 'IH', 'D']"
1061,261,thowl,PSS,pseudo,short,simple,,3,,"['TH', 'OW1', 'L']","['TH', 'OW', 'L']",,"['TH', 'OW', 'L']"
1062,262,thet,PSS,pseudo,short,simple,,3,,"['TH', 'EH1', 'T']","['TH', 'EH', 'T']",,"['TH', 'EH', 'T']"
1063,263,puz,PSS,pseudo,short,simple,,3,,"['P', 'UH1', 'Z']","['P', 'UH', 'Z']",,"['P', 'UH', 'Z']"
1064,264,mus,PSS,pseudo,short,simple,,3,,"['M', 'AH1', 'S']","['M', 'AH', 'S']",,"['M', 'AH', 'S']"
1065,265,vig,PSS,pseudo,short,simple,,3,,"['V', 'IH1', 'G']","['V', 'IH', 'G']",,"['V', 'IH', 'G']"
1066,266,shend,PSS,pseudo,short,simple,,4,,"['SH', 'EH1', 'N', 'D']","['SH', 'EH', 'N', 'D']",,"['SH', 'EH', 'N', 'D']"
1067,267,clore,PSS,pseudo,short,simple,,4,,"['K', 'L', 'AO1', 'R']","['K', 'L', 'AO', 'R']",,"['K', 'L', 'AO', 'R']"
1068,268,pren,PSS,pseudo,short,simple,,4,,"['P', 'R', 'EH1', 'N']","['P', 'R', 'EH', 'N']",,"['P', 'R', 'EH', 'N']"
1069,269,frel,PSS,pseudo,short,simple,,4,,"['F', 'R', 'EH1', 'L']","['F', 'R', 'EH', 'L']",,"['F', 'R', 'EH', 'L']"
1070,270,eitchon,PSS,pseudo,short,simple,,4,,"['AY1', 'CH', 'AH0', 'N']","['AY', 'CH', 'AH', 'N']",,"['AY', 'CH', 'AH', 'N']"
1071,271,eshing,PSS,pseudo,short,simple,,4,,"['EH1', 'SH', 'IH0', 'NG']","['EH', 'SH', 'IH', 'NG']",,"['EH', 'SH', 'IH', 'NG']"
1072,272,plar,PSS,pseudo,short,simple,,4,,"['P', 'L', 'AA1', 'R']","['P', 'L', 'AA', 'R']",,"['P', 'L', 'AA', 'R']"
1073,273,thoulah,PSS,pseudo,short,simple,,4,,"['TH', 'UW1', 'L', 'AH0']","['TH', 'UW', 'L', 'AH']",,"['TH', 'UW', 'L', 'AH']"
1074,274,wessau,PSS,pseudo,short,simple,,4,,"['W', 'EH1', 'S', 'OW0']","['W', 'EH', 'S', 'OW']",,"['W', 'EH', 'S', 'OW']"
1075,275,prig,PSS,pseudo,short,simple,,4,,"['P', 'R', 'IH1', 'G']","['P', 'R', 'IH', 'G']",,"['P', 'R', 'IH', 'G']"
1076,276,pharl,PSS,pseudo,short,simple,,4,,"['F', 'AA1', 'R', 'L']","['F', 'AA', 'R', 'L']",,"['F', 'AA', 'R', 'L']"
1077,277,oppard,PSS,pseudo,short,simple,,4,,"['AA0', 'P', 'ER1', 'D']","['AA', 'P', 'ER', 'D']",,"['AA', 'P', 'ER', 'D']"
1078,278,strugh,PSS,pseudo,short,simple,,4,,"['S', 'T', 'R', 'UW1']","['S', 'T', 'R', 'UW']",,"['S', 'T', 'R', 'UW']"
1079,279,horm,PSS,pseudo,short,simple,,4,,"['HH', 'AO1', 'R', 'M']","['HH', 'AO', 'R', 'M']",,"['HH', 'AO', 'R', 'M']"
1080,280,sallar,PSS,pseudo,short,simple,,4,,"['S', 'AE1', 'L', 'ER0']","['S', 'AE', 'L', 'ER']",,"['S', 'AE', 'L', 'ER']"
1081,281,aurick,PSS,pseudo,short,simple,,4,,"['AO1', 'R', 'IH0', 'K']","['AO', 'R', 'IH', 'K']",,"['AO', 'R', 'IH', 'K']"
1082,282,porl,PSS,pseudo,short,simple,,4,,"['P', 'AO1', 'R', 'L']","['P', 'AO', 'R', 'L']",,"['P', 'AO', 'R', 'L']"
1083,283,cruss,PSS,pseudo,short,simple,,4,,"['K', 'R', 'AH1', 'S']","['K', 'R', 'AH', 'S']",,"['K', 'R', 'AH', 'S']"
1084,284,ando,PSS,pseudo,short,simple,,4,,"['AE1', 'N', 'D', 'OW0']","['AE', 'N', 'D', 'OW']",,"['AE', 'N', 'D', 'OW']"
1085,285,opir,PSS,pseudo,short,simple,,4,,"['OW0', 'P', 'EH1', 'R']","['OW', 'P', 'EH', 'R']",,"['OW', 'P', 'EH', 'R']"
1086,286,fress,PSS,pseudo,short,simple,,4,,"['F', 'R', 'EH1', 'S']","['F', 'R', 'EH', 'S']",,"['F', 'R', 'EH', 'S']"
1087,287,heacte,PSS,pseudo,short,simple,,4,,"['HH', 'EH1', 'K', 'T']","['HH', 'EH', 'K', 'T']",,"['HH', 'EH', 'K', 'T']"
1088,288,smag,PSS,pseudo,short,simple,,4,,"['S', 'M', 'AE1', 'G']","['S', 'M', 'AE', 'G']",,"['S', 'M', 'AE', 'G']"
1089,289,cangue,PSS,pseudo,short,simple,,4,,"['K', 'AE1', 'NG', 'G']","['K', 'AE', 'NG', 'G']",,"['K', 'AE', 'NG', 'G']"
1090,290,clidge,PSS,pseudo,short,simple,,4,,"['K', 'L', 'IH1', 'JH']","['K', 'L', 'IH', 'JH']",,"['K', 'L', 'IH', 'JH']"
1091,291,nobere,PSS,pseudo,short,simple,,4,,"['N', 'OW1', 'B', 'ER0']","['N', 'OW', 'B', 'ER']",,"['N', 'OW', 'B', 'ER']"
1092,292,thount,PSS,pseudo,short,simple,,4,,"['TH', 'AW1', 'N', 'T']","['TH', 'AW', 'N', 'T']",,"['TH', 'AW', 'N', 'T']"
1093,293,stut,PSS,pseudo,short,simple,,4,,"['S', 'T', 'AH1', 'T']","['S', 'T', 'AH', 'T']",,"['S', 'T', 'AH', 'T']"
1094,294,plass,PSS,pseudo,short,simple,,4,,"['P', 'L', 'AE1', 'S']","['P', 'L', 'AE', 'S']",,"['P', 'L', 'AE', 'S']"
1095,295,knound,PSS,pseudo,short,simple,,4,,"['N', 'AW1', 'N', 'D']","['N', 'AW', 'N', 'D']",,"['N', 'AW', 'N', 'D']"
1096,296,tungth,PSS,pseudo,short,simple,,4,,"['T', 'AH1', 'NG', 'TH']","['T', 'AH', 'NG', 'TH']",,"['T', 'AH', 'NG', 'TH']"
1097,297,traime,PSS,pseudo,short,simple,,4,,"['T', 'R', 'EY1', 'M']","['T', 'R', 'EY', 'M']",,"['T', 'R', 'EY', 'M']"
1098,298,swit,PSS,pseudo,short,simple,,4,,"['S', 'W', 'IH1', 'T']","['S', 'W', 'IH', 'T']",,"['S', 'W', 'IH', 'T']"
1099,299,agai,PSS,pseudo,short,simple,,4,,"['AH0', 'G', 'AA1', 'IY0']","['AH', 'G', 'AA', 'IY']",,"['AH', 'G', 'AA', 'IY']"
1100,300,surkine,PSS,pseudo,short,simple,,5,,"['S', 'ER1', 'K', 'AY0', 'N']","['S', 'ER', 'K', 'AY', 'N']",,"['S', 'ER', 'K', 'AY', 'N']"
1101,301,oriva,PSS,pseudo,short,simple,,5,,"['AO0', 'R', 'IY1', 'V', 'AH0']","['AO', 'R', 'IY', 'V', 'AH']",,"['AO', 'R', 'IY', 'V', 'AH']"
1102,302,fesig,PSS,pseudo,short,simple,,5,,"['F', 'EH1', 'S', 'IH0', 'G']","['F', 'EH', 'S', 'IH', 'G']",,"['F', 'EH', 'S', 'IH', 'G']"
1103,303,otroa,PSS,pseudo,short,simple,,5,,"['AW0', 'T', 'R', 'OW1', 'AH0']","['AW', 'T', 'R', 'OW', 'AH']",,"['AW', 'T', 'R', 'OW', 'AH']"
1104,304,mussid,PSS,pseudo,short,simple,,5,,"['M', 'AH1', 'S', 'IH0', 'D']","['M', 'AH', 'S', 'IH', 'D']",,"['M', 'AH', 'S', 'IH', 'D']"
1105,305,basire,PSS,pseudo,short,simple,,5,,"['B', 'AH0', 'S', 'IY1', 'R']","['B', 'AH', 'S', 'IY', 'R']",,"['B', 'AH', 'S', 'IY', 'R']"
1106,306,smazi,PSS,pseudo,short,simple,,5,,"['S', 'M', 'AA1', 'Z', 'IY0']","['S', 'M', 'AA', 'Z', 'IY']",,"['S', 'M', 'AA', 'Z', 'IY']"
1107,307,sithro,PSS,pseudo,short,simple,,5,,"['S', 'IH1', 'TH', 'R', 'OW0']","['S', 'IH', 'TH', 'R', 'OW']",,"['S', 'IH', 'TH', 'R', 'OW']"
1108,308,euris,PSS,pseudo,short,simple,,5,,"['Y', 'UW1', 'R', 'IH0', 'S']","['Y', 'UW', 'R', 'IH', 'S']",,"['Y', 'UW', 'R', 'IH', 'S']"
1109,309,naudin,PSS,pseudo,short,simple,,5,,"['N', 'AO1', 'D', 'IH0', 'N']","['N', 'AO', 'D', 'IH', 'N']",,"['N', 'AO', 'D', 'IH', 'N']"
1110,310,telide,PSS,pseudo,short,simple,,5,,"['T', 'EH0', 'L', 'AY1', 'D']","['T', 'EH', 'L', 'AY', 'D']",,"['T', 'EH', 'L', 'AY', 'D']"
1111,311,churact,PSS,pseudo,short,simple,,5,,"['CH', 'ER0', 'AE1', 'K', 'T']","['CH', 'ER', 'AE', 'K', 'T']",,"['CH', 'ER', 'AE', 'K', 'T']"
1112,312,althod,PSS,pseudo,short,simple,,5,,"['AE1', 'L', 'TH', 'AH0', 'D']","['AE', 'L', 'TH', 'AH', 'D']",,"['AE', 'L', 'TH', 'AH', 'D']"
1113,313,nethio,PSS,pseudo,short,simple,,5,,"['N', 'EH1', 'TH', 'IY0', 'OW0']","['N', 'EH', 'TH', 'IY', 'OW']",,"['N', 'EH', 'TH', 'IY', 'OW']"
1114,314,speeho,PSS,pseudo,short,simple,,5,,"['S', 'P', 'IY1', 'HH', 'OW0']","['S', 'P', 'IY', 'HH', 'OW']",,"['S', 'P', 'IY', 'HH', 'OW']"
1115,315,favig,PSS,pseudo,short,simple,,5,,"['F', 'AA1', 'V', 'IH0', 'G']","['F', 'AA', 'V', 'IH', 'G']",,"['F', 'AA', 'V', 'IH', 'G']"
1116,316,addrol,PSS,pseudo,short,simple,,5,,"['AE1', 'D', 'R', 'AH0', 'L']","['AE', 'D', 'R', 'AH', 'L']",,"['AE', 'D', 'R', 'AH', 'L']"
1117,317,anaha,PSS,pseudo,short,simple,,5,,"['AE1', 'N', 'AH0', 'HH', 'AA2']","['AE', 'N', 'AH', 'HH', 'AA']",,"['AE', 'N', 'AH', 'HH', 'AA']"
1118,318,hercene,PSS,pseudo,short,simple,,5,,"['HH', 'ER1', 'S', 'IY0', 'N']","['HH', 'ER', 'S', 'IY', 'N']",,"['HH', 'ER', 'S', 'IY', 'N']"
1119,319,pothol,PSS,pseudo,short,simple,,5,,"['P', 'AA1', 'TH', 'AH0', 'L']","['P', 'AA', 'TH', 'AH', 'L']",,"['P', 'AA', 'TH', 'AH', 'L']"
1120,320,sommis,PSS,pseudo,short,simple,,5,,"['S', 'AA1', 'M', 'IH0', 'S']","['S', 'AA', 'M', 'IH', 'S']",,"['S', 'AA', 'M', 'IH', 'S']"
1121,321,durdin,PSS,pseudo,short,simple,,5,,"['D', 'ER1', 'D', 'IH0', 'N']","['D', 'ER', 'D', 'IH', 'N']",,"['D', 'ER', 'D', 'IH', 'N']"
1122,322,estit,PSS,pseudo,short,simple,,5,,"['EH1', 'S', 'T', 'IH0', 'T']","['EH', 'S', 'T', 'IH', 'T']",,"['EH', 'S', 'T', 'IH', 'T']"
1123,323,govior,PSS,pseudo,short,simple,,5,,"['G', 'OW1', 'V', 'Y', 'ER0']","['G', 'OW', 'V', 'Y', 'ER']",,"['G', 'OW', 'V', 'Y', 'ER']"
1124,324,slosp,PSS,pseudo,short,simple,,5,,"['S', 'L', 'AA1', 'S', 'P']","['S', 'L', 'AA', 'S', 'P']",,"['S', 'L', 'AA', 'S', 'P']"
1125,325,thapet,PSS,pseudo,short,simple,,5,,"['TH', 'AE1', 'P', 'AH0', 'T']","['TH', 'AE', 'P', 'AH', 'T']",,"['TH', 'AE', 'P', 'AH', 'T']"
1126,326,happos,PSS,pseudo,short,simple,,5,,"['HH', 'AE1', 'P', 'OW0', 'Z']","['HH', 'AE', 'P', 'OW', 'Z']",,"['HH', 'AE', 'P', 'OW', 'Z']"
1127,327,fackda,PSS,pseudo,short,simple,,5,,"['F', 'AE1', 'K', 'D', 'AH0']","['F', 'AE', 'K', 'D', 'AH']",,"['F', 'AE', 'K', 'D', 'AH']"
1128,328,waffit,PSS,pseudo,short,simple,,5,,"['W', 'AA1', 'F', 'IH0', 'T']","['W', 'AA', 'F', 'IH', 'T']",,"['W', 'AA', 'F', 'IH', 'T']"
1129,329,motac,PSS,pseudo,short,simple,,5,,"['M', 'OW1', 'T', 'AH0', 'K']","['M', 'OW', 'T', 'AH', 'K']",,"['M', 'OW', 'T', 'AH', 'K']"
1130,330,dimeth,PSS,pseudo,short,simple,,5,,"['D', 'IH1', 'M', 'IH0', 'TH']","['D', 'IH', 'M', 'IH', 'TH']",,"['D', 'IH', 'M', 'IH', 'TH']"
1131,331,mellem,PSS,pseudo,short,simple,,5,,"['M', 'EH1', 'L', 'IH0', 'M']","['M', 'EH', 'L', 'IH', 'M']",,"['M', 'EH', 'L', 'IH', 'M']"
1132,332,seget,PSS,pseudo,short,simple,,5,,"['S', 'EH1', 'G', 'IH0', 'T']","['S', 'EH', 'G', 'IH', 'T']",,"['S', 'EH', 'G', 'IH', 'T']"
1133,333,sinempt,PLS,pseudo,long,simple,,7,,"['S', 'IH1', 'N', 'AH0', 'M', 'P', 'T']","['S', 'IH', 'N', 'AH', 'M', 'P', 'T']",,"['S', 'IH', 'N', 'AH', 'M', 'P', 'T']"
1134,334,admilaire,PLS,pseudo,long,simple,,7,,"['AE1', 'D', 'M', 'AH0', 'L', 'EH2', 'R']","['AE', 'D', 'M', 'AH', 'L', 'EH', 'R']",,"['AE', 'D', 'M', 'AH', 'L', 'EH', 'R']"
1135,335,shosequin,PLS,pseudo,long,simple,,7,,"['SH', 'OW1', 'S', 'K', 'W', 'IH0', 'N']","['SH', 'OW', 'S', 'K', 'W', 'IH', 'N']",,"['SH', 'OW', 'S', 'K', 'W', 'IH', 'N']"
1136,336,thamises,PLS,pseudo,long,simple,,7,,"['TH', 'AE1', 'M', 'AH0', 'S', 'AH0', 'Z']","['TH', 'AE', 'M', 'AH', 'S', 'AH', 'Z']",,"['TH', 'AE', 'M', 'AH', 'S', 'AH', 'Z']"
1137,337,hunfict,PLS,pseudo,long,simple,,7,,"['HH', 'AH0', 'N', 'F', 'IH1', 'K', 'T']","['HH', 'AH', 'N', 'F', 'IH', 'K', 'T']",,"['HH', 'AH', 'N', 'F', 'IH', 'K', 'T']"
1138,338,winagen,PLS,pseudo,long,simple,,7,,"['W', 'IH1', 'N', 'AH0', 'G', 'AH0', 'N']","['W', 'IH', 'N', 'AH', 'G', 'AH', 'N']",,"['W', 'IH', 'N', 'AH', 'G', 'AH', 'N']"
1139,339,hasiden,PLS,pseudo,long,simple,,7,,"['HH', 'AE1', 'Z', 'IH0', 'D', 'AH0', 'N']","['HH', 'AE', 'Z', 'IH', 'D', 'AH', 'N']",,"['HH', 'AE', 'Z', 'IH', 'D', 'AH', 'N']"
1140,340,manketa,PLS,pseudo,long,simple,,7,,"['M', 'AE0', 'N', 'K', 'EH1', 'T', 'AH0']","['M', 'AE', 'N', 'K', 'EH', 'T', 'AH']",,"['M', 'AE', 'N', 'K', 'EH', 'T', 'AH']"
1141,341,dristive,PLS,pseudo,long,simple,,7,,"['D', 'R', 'IH1', 'S', 'T', 'IH0', 'V']","['D', 'R', 'IH', 'S', 'T', 'IH', 'V']",,"['D', 'R', 'IH', 'S', 'T', 'IH', 'V']"
1142,342,gazakin,PLS,pseudo,long,simple,,7,,"['G', 'AE1', 'Z', 'AH0', 'K', 'IH0', 'N']","['G', 'AE', 'Z', 'AH', 'K', 'IH', 'N']",,"['G', 'AE', 'Z', 'AH', 'K', 'IH', 'N']"
1143,343,rananut,PLS,pseudo,long,simple,,7,,"['R', 'AE1', 'N', 'AH0', 'N', 'AH2', 'T']","['R', 'AE', 'N', 'AH', 'N', 'AH', 'T']",,"['R', 'AE', 'N', 'AH', 'N', 'AH', 'T']"
1144,344,eurtiance,PLS,pseudo,long,simple,,7,,"['Y', 'UH1', 'R', 'SH', 'AH0', 'N', 'S']","['Y', 'UH', 'R', 'SH', 'AH', 'N', 'S']",,"['Y', 'UH', 'R', 'SH', 'AH', 'N', 'S']"
1145,345,plexan,PLS,pseudo,long,simple,,7,,"['P', 'L', 'EH1', 'K', 'S', 'AH0', 'N']","['P', 'L', 'EH', 'K', 'S', 'AH', 'N']",,"['P', 'L', 'EH', 'K', 'S', 'AH', 'N']"
1146,346,namsessi,PLS,pseudo,long,simple,,7,,"['N', 'AA0', 'M', 'S', 'EH1', 'S', 'IY0']","['N', 'AA', 'M', 'S', 'EH', 'S', 'IY']",,"['N', 'AA', 'M', 'S', 'EH', 'S', 'IY']"
1147,347,onlatin,PLS,pseudo,long,simple,,7,,"['AA1', 'N', 'L', 'AH0', 'T', 'IH0', 'N']","['AA', 'N', 'L', 'AH', 'T', 'IH', 'N']",,"['AA', 'N', 'L', 'AH', 'T', 'IH', 'N']"
1148,348,huxice,PLS,pseudo,long,simple,,7,,"['HH', 'AH1', 'K', 'S', 'IH0', 'K', 'S']","['HH', 'AH', 'K', 'S', 'IH', 'K', 'S']",,"['HH', 'AH', 'K', 'S', 'IH', 'K', 'S']"
1149,349,relorma,PLS,pseudo,long,simple,,7,,"['R', 'IH0', 'L', 'AO1', 'R', 'M', 'AH0']","['R', 'IH', 'L', 'AO', 'R', 'M', 'AH']",,"['R', 'IH', 'L', 'AO', 'R', 'M', 'AH']"
1150,350,idstary,PLS,pseudo,long,simple,,7,,"['AY1', 'D', 'S', 'T', 'EH2', 'R', 'IY0']","['AY', 'D', 'S', 'T', 'EH', 'R', 'IY']",,"['AY', 'D', 'S', 'T', 'EH', 'R', 'IY']"
1151,351,conermate,PLS,pseudo,long,simple,,7,,"['K', 'OW1', 'N', 'ER0', 'M', 'EY2', 'T']","['K', 'OW', 'N', 'ER', 'M', 'EY', 'T']",,"['K', 'OW', 'N', 'ER', 'M', 'EY', 'T']"
1152,352,jumethena,PLS,pseudo,long,simple,,7,,"['JH', 'UW1', 'M', 'TH', 'IY0', 'N', 'AE']","['JH', 'UW', 'M', 'TH', 'IY', 'N', 'AE']",,"['JH', 'UW', 'M', 'TH', 'IY', 'N', 'AE']"
1153,353,inturshle,PLS,pseudo,long,simple,,7,,"['IH0', 'N', 'T', 'ER1', 'CH', 'AH0', 'L']","['IH', 'N', 'T', 'ER', 'CH', 'AH', 'L']",,"['IH', 'N', 'T', 'ER', 'CH', 'AH', 'L']"
1154,354,taxond,PLS,pseudo,long,simple,,7,,"['T', 'AE1', 'K', 'S', 'AH0', 'N', 'D']","['T', 'AE', 'K', 'S', 'AH', 'N', 'D']",,"['T', 'AE', 'K', 'S', 'AH', 'N', 'D']"
1155,355,aslatif,PLS,pseudo,long,simple,,7,,"['AH0', 'S', 'L', 'AH1', 'T', 'IH0', 'F']","['AH', 'S', 'L', 'AH', 'T', 'IH', 'F']",,"['AH', 'S', 'L', 'AH', 'T', 'IH', 'F']"
1156,356,liscuse,PLS,pseudo,long,simple,,7,,"['L', 'IH0', 'S', 'K', 'Y', 'UW1', 'S']","['L', 'IH', 'S', 'K', 'Y', 'UW', 'S']",,"['IH', 'S', 'K', 'L', 'Y', 'UW', 'S']"
1157,357,lifflica,PLS,pseudo,long,simple,,7,,"['L', 'IH0', 'F', 'L', 'IH1', 'K', 'AH0']","['L', 'IH', 'F', 'L', 'IH', 'K', 'AH']",,"['L', 'IH', 'F', 'L', 'IH', 'K', 'AH']"
1158,358,durivat,PLS,pseudo,long,simple,,7,,"['D', 'UH0', 'R', 'IY1', 'V', 'AH0', 'T']","['D', 'UH', 'R', 'IY', 'V', 'AH', 'T']",,"['D', 'UH', 'R', 'IY', 'V', 'AH', 'T']"
1159,359,grovion,PLS,pseudo,long,simple,,7,,"['G', 'R', 'OW1', 'V', 'IY0', 'AH0', 'N']","['G', 'R', 'OW', 'V', 'IY', 'AH', 'N']",,"['G', 'R', 'OW', 'V', 'IY', 'AH', 'N']"
1160,360,togento,PLS,pseudo,long,simple,,7,,"['T', 'OW0', 'JH', 'EH1', 'N', 'T', 'OW0']","['T', 'OW', 'JH', 'EH', 'N', 'T', 'OW']",,"['T', 'OW', 'JH', 'EH', 'N', 'T', 'OW']"
1161,361,limillit,PLS,pseudo,long,simple,,7,,"['L', 'IH1', 'M', 'AH0', 'L', 'AH0', 'T']","['L', 'IH', 'M', 'AH', 'L', 'AH', 'T']",,"['L', 'IH', 'M', 'AH', 'L', 'AH', 'T']"
1162,362,chalicia,PLS,pseudo,long,simple,,7,,"['CH', 'AH0', 'L', 'IH1', 'S', 'IY0', 'AH0']","['CH', 'AH', 'L', 'IH', 'S', 'IY', 'AH']",,"['CH', 'AH', 'L', 'IH', 'S', 'IY', 'AH']"
1163,363,memagor,PLS,pseudo,long,simple,,7,,"['M', 'EH1', 'M', 'AH0', 'G', 'AO2', 'R']","['M', 'EH', 'M', 'AH', 'G', 'AO', 'R']",,"['M', 'EH', 'M', 'AH', 'G', 'AO', 'R']"
1164,364,contring,PLS,pseudo,long,simple,,7,,"['K', 'AA1', 'N', 'T', 'R', 'IH0', 'NG']","['K', 'AA', 'N', 'T', 'R', 'IH', 'NG']",,"['K', 'AA', 'N', 'T', 'R', 'IH', 'NG']"
1165,365,orgaral,PLS,pseudo,long,simple,,7,,"['AO0', 'R', 'G', 'AA1', 'R', 'AH0', 'L']","['AO', 'R', 'G', 'AA', 'R', 'AH', 'L']",,"['AO', 'R', 'G', 'AA', 'R', 'AH', 'L']"
1166,366,fillialis,PLS,pseudo,long,simple,,8,,"['F', 'IH0', 'L', 'AY1', 'AH0', 'L', 'AH0', 'S']","['F', 'IH', 'L', 'AY', 'AH', 'L', 'AH', 'S']",,"['F', 'IH', 'L', 'AY', 'AH', 'L', 'AH', 'S']"
1167,367,cassitana,PLS,pseudo,long,simple,,8,,"['K', 'AE2', 'S', 'AH0', 'T', 'EY1', 'N', 'AH0']","['K', 'AE', 'S', 'AH', 'T', 'EY', 'N', 'AH']",,"['K', 'AE', 'S', 'AH', 'T', 'EY', 'N', 'AH']"
1168,368,jospitim,PLS,pseudo,long,simple,,8,,"['JH', 'AA1', 'S', 'P', 'IH0', 'T', 'IH2', 'M']","['JH', 'AA', 'S', 'P', 'IH', 'T', 'IH', 'M']",,"['JH', 'AA', 'S', 'P', 'IH', 'T', 'IH', 'M']"
1169,369,gosidend,PLS,pseudo,long,simple,,8,,"['G', 'AA1', 'S', 'IH0', 'D', 'AH0', 'N', 'D']","['G', 'AA', 'S', 'IH', 'D', 'AH', 'N', 'D']",,"['G', 'AA', 'S', 'IH', 'D', 'AH', 'N', 'D']"
1170,370,pourcrary,PLS,pseudo,long,simple,,8,,"['P', 'UH1', 'R', 'K', 'R', 'EH2', 'R', 'IY0']","['P', 'UH', 'R', 'K', 'R', 'EH', 'R', 'IY']",,"['P', 'UH', 'R', 'K', 'R', 'EH', 'R', 'IY']"
1171,371,thaninent,PLS,pseudo,long,simple,,8,,"['TH', 'AE1', 'N', 'IH0', 'N', 'AH0', 'N', 'T']","['TH', 'AE', 'N', 'IH', 'N', 'AH', 'N', 'T']",,"['TH', 'AE', 'N', 'IH', 'N', 'AH', 'N', 'T']"
1172,372,secerold,PLS,pseudo,long,simple,,8,,"['S', 'EH1', 'S', 'IH0', 'R', 'OW2', 'L', 'D']","['S', 'EH', 'S', 'IH', 'R', 'OW', 'L', 'D']",,"['S', 'EH', 'S', 'IH', 'R', 'OW', 'L', 'D']"
1173,373,mastrence,PLS,pseudo,long,simple,,8,,"['M', 'AE1', 'S', 'T', 'R', 'AH0', 'N', 'S']","['M', 'AE', 'S', 'T', 'R', 'AH', 'N', 'S']",,"['M', 'AE', 'S', 'T', 'R', 'AH', 'N', 'S']"
1174,374,sennicant,PLS,pseudo,long,simple,,8,,"['S', 'EH1', 'N', 'IH0', 'K', 'AH0', 'N', 'T']","['S', 'EH', 'N', 'IH', 'K', 'AH', 'N', 'T']",,"['S', 'EH', 'N', 'IH', 'K', 'AH', 'N', 'T']"
1175,375,senversan,PLS,pseudo,long,simple,,8,,"['S', 'EH1', 'N', 'V', 'ER0', 'S', 'AH0', 'N']","['S', 'EH', 'N', 'V', 'ER', 'S', 'AH', 'N']",,"['S', 'EH', 'N', 'V', 'ER', 'S', 'AH', 'N']"
1176,376,vioxida,PLS,pseudo,long,simple,,8,,"['V', 'IY0', 'OW1', 'K', 'S', 'IH0', 'D', 'AH0']","['V', 'IY', 'OW', 'K', 'S', 'IH', 'D', 'AH']",,"['V', 'IY', 'OW', 'K', 'S', 'IH', 'D', 'AH']"
1177,377,junnspand,PLS,pseudo,long,simple,,8,,"['JH', 'AH1', 'N', 'S', 'P', 'AE2', 'N', 'D']","['JH', 'AH', 'N', 'S', 'P', 'AE', 'N', 'D']",,"['JH', 'AH', 'N', 'S', 'P', 'AE', 'N', 'D']"
1178,378,sertratin,PLS,pseudo,long,simple,,8,,"['S', 'ER1', 'T', 'R', 'AH0', 'T', 'AH0', 'N']","['S', 'ER', 'T', 'R', 'AH', 'T', 'AH', 'N']",,"['S', 'ER', 'T', 'R', 'AH', 'T', 'AH', 'N']"
1179,379,marbabus,PLS,pseudo,long,simple,,8,,"['M', 'AA1', 'R', 'B', 'AH0', 'B', 'AH0', 'S']","['M', 'AA', 'R', 'B', 'AH', 'B', 'AH', 'S']",,"['M', 'AA', 'R', 'B', 'AH', 'B', 'AH', 'S']"
1180,380,stropent,PLS,pseudo,long,simple,,8,,"['S', 'T', 'R', 'OW1', 'P', 'AH0', 'N', 'T']","['S', 'T', 'R', 'OW', 'P', 'AH', 'N', 'T']",,"['S', 'T', 'R', 'OW', 'P', 'AH', 'N', 'T']"
1181,381,himbrion,PLS,pseudo,long,simple,,8,,"['HH', 'IH1', 'M', 'B', 'R', 'IY0', 'AH0', 'N']","['HH', 'IH', 'M', 'B', 'R', 'IY', 'AH', 'N']",,"['HH', 'IH', 'M', 'B', 'R', 'IY', 'AH', 'N']"
1182,382,advioneys,PLS,pseudo,long,simple,,8,,"['AE0', 'D', 'V', 'IY1', 'OW0', 'N', 'IY0', 'Z']","['AE', 'D', 'V', 'IY', 'OW', 'N', 'IY', 'Z']",,"['AE', 'D', 'V', 'IY', 'OW', 'N', 'IY', 'Z']"
1183,383,lastomen,PLS,pseudo,long,simple,,8,,"['L', 'AE1', 'S', 'T', 'AH0', 'M', 'AH0', 'N']","['L', 'AE', 'S', 'T', 'AH', 'M', 'AH', 'N']",,"['L', 'AE', 'S', 'T', 'AH', 'M', 'AH', 'N']"
1184,384,curroxima,PLS,pseudo,long,simple,,8,,"['K', 'ER0', 'AH0', 'K', 'S', 'IY1', 'M', 'AH0']","['K', 'ER', 'AH', 'K', 'S', 'IY', 'M', 'AH']",,"['K', 'ER', 'K', 'AH', 'S', 'IY', 'M', 'AH']"
1185,385,comilary,PLS,pseudo,long,simple,,8,,"['K', 'AA1', 'M', 'AH0', 'L', 'EH2', 'R', 'IY0']","['K', 'AA', 'M', 'AH', 'L', 'EH', 'R', 'IY']",,"['K', 'AA', 'M', 'AH', 'L', 'EH', 'R', 'IY']"
1186,386,trefflont,PLS,pseudo,long,simple,,8,,"['T', 'R', 'EH1', 'F', 'L', 'AH0', 'N', 'T']","['T', 'R', 'EH', 'F', 'L', 'AH', 'N', 'T']",,"['T', 'R', 'EH', 'F', 'L', 'AH', 'N', 'T']"
1187,387,cassibure,PLS,pseudo,long,simple,,8,,"['K', 'AE1', 'S', 'IH0', 'B', 'Y', 'UW2', 'R']","['K', 'AE', 'S', 'IH', 'B', 'Y', 'UW', 'R']",,"['K', 'AE', 'S', 'IH', 'B', 'Y', 'UW', 'R']"
1188,388,havolviss,PLS,pseudo,long,simple,,8,,"['HH', 'AE1', 'V', 'AH0', 'L', 'V', 'IH0', 'S']","['HH', 'AE', 'V', 'AH', 'L', 'V', 'IH', 'S']",,"['HH', 'AE', 'V', 'AH', 'L', 'V', 'IH', 'S']"
1189,389,pollinally,PLS,pseudo,long,simple,,8,,"['P', 'AA1', 'L', 'AH0', 'N', 'AH0', 'L', 'IY0']","['P', 'AA', 'L', 'AH', 'N', 'AH', 'L', 'IY']",,"['P', 'AA', 'L', 'AH', 'N', 'AH', 'L', 'IY']"
1190,390,turforia,PLS,pseudo,long,simple,,8,,"['T', 'UH0', 'R', 'F', 'AO1', 'R', 'IY0', 'AH0']","['T', 'UH', 'R', 'F', 'AO', 'R', 'IY', 'AH']",,"['T', 'UH', 'R', 'F', 'AO', 'R', 'IY', 'AH']"
1191,391,cloballis,PLS,pseudo,long,simple,,8,,"['K', 'L', 'OW1', 'B', 'AH0', 'L', 'IH0', 'S']","['K', 'L', 'OW', 'B', 'AH', 'L', 'IH', 'S']",,"['K', 'L', 'OW', 'B', 'AH', 'L', 'IH', 'S']"
1192,392,lonflity,PLS,pseudo,long,simple,,8,,"['L', 'AA1', 'N', 'F', 'L', 'IH2', 'T', 'IY0']","['L', 'AA', 'N', 'F', 'L', 'IH', 'T', 'IY']",,"['L', 'AA', 'N', 'F', 'L', 'IH', 'T', 'IY']"
1193,393,tasdolyme,PLS,pseudo,long,simple,,8,,"['T', 'AE1', 'Z', 'D', 'AH0', 'L', 'AY2', 'M']","['T', 'AE', 'Z', 'D', 'AH', 'L', 'AY', 'M']",,"['T', 'AE', 'Z', 'D', 'AH', 'L', 'AY', 'M']"
1194,394,anximath,PLS,pseudo,long,simple,,8,,"['AE0', 'NG', 'K', 'S', 'IH1', 'M', 'AH0', 'TH']","['AE', 'NG', 'K', 'S', 'IH', 'M', 'AH', 'TH']",,"['AE', 'NG', 'K', 'S', 'IH', 'M', 'AH', 'TH']"
1195,395,haptonos,PLS,pseudo,long,simple,,8,,"['HH', 'AE1', 'P', 'T', 'OW0', 'N', 'OW2', 'Z']","['HH', 'AE', 'P', 'T', 'OW', 'N', 'OW', 'Z']",,"['HH', 'AE', 'P', 'T', 'OW', 'N', 'OW', 'Z']"
1196,396,fregilis,PLS,pseudo,long,simple,,8,,"['F', 'R', 'EH0', 'JH', 'IH1', 'L', 'IH0', 'S']","['F', 'R', 'EH', 'JH', 'IH', 'L', 'IH', 'S']",,"['F', 'R', 'EH', 'JH', 'IH', 'L', 'IH', 'S']"
1197,397,regartal,PLS,pseudo,long,simple,,8,,"['R', 'IH0', 'G', 'AA1', 'R', 'T', 'AH0', 'L']","['R', 'IH', 'G', 'AA', 'R', 'T', 'AH', 'L']",,"['R', 'IH', 'G', 'AA', 'R', 'T', 'AH', 'L']"
1198,398,sponzent,PLS,pseudo,long,simple,,8,,"['S', 'P', 'AA1', 'N', 'Z', 'AH0', 'N', 'T']","['S', 'P', 'AA', 'N', 'Z', 'AH', 'N', 'T']",,"['S', 'P', 'AA', 'N', 'Z', 'AH', 'N', 'T']"
1199,399,pashibled,PLS,pseudo,long,simple,,8,,"['P', 'AE1', 'SH', 'AH0', 'B', 'AH0', 'L', 'D']","['P', 'AE', 'SH', 'AH', 'B', 'AH', 'L', 'D']",,"['P', 'AE', 'SH', 'AH', 'B', 'AH', 'L', 'D']"
