,Word,Condition,Lexicality,Size,Morphology,Frequency,Length,Zipf_Frequency,Phonemes,No_Stress,Part of Speech,Vowel Count,Consonant Count,Prediction,Edit_Distance,Insertions,Deletions,Substitutions,Error_Indices
0,attending,RLCH,real,long,complex,2.04e-05,7,4.31,"['AH', 'T', 'EH', 'N', 'D', 'IH', 'NG']","['AH', 'T', 'EH', 'N', 'D', 'IH', 'NG']",VERB,3,4,"['AH', 'T', 'EH', 'N', 'D', 'IH', 'NG']",0,0,0,0,[]
1,commissioner,RLCH,real,long,complex,2.69e-05,8,4.43,"['K', 'AH', 'M', 'IH', 'SH', 'AH', 'N', 'ER']","['K', 'AH', 'M', 'IH', 'SH', 'AH', 'N', 'ER']",NOUN,4,4,"['K', 'AH', 'M', 'IH', 'SH', 'AH', 'N', 'ER']",0,0,0,0,[]
2,operation,RLCH,real,long,complex,8.32e-05,7,4.92,"['AA', 'P', 'ER', 'EY', 'SH', 'AH', 'N']","['AA', 'P', 'ER', 'EY', 'SH', 'AH', 'N']",NOUN,4,3,"['AA', 'P', 'ER', 'EY', 'SH', 'AH', 'N']",0,0,0,0,[]
3,hospitals,RLCH,real,long,complex,2.14e-05,9,4.33,"['HH', 'AA', 'S', 'P', 'IH', 'T', 'AH', 'L', 'Z']","['HH', 'AA', 'S', 'P', 'IH', 'T', 'AH', 'L', 'Z']",NOUN,3,6,"['HH', 'AA', 'S', 'P', 'IH', 'T', 'AH', 'L', 'Z']",0,0,0,0,[]
4,acquisition,RLCH,real,long,complex,1.82e-05,9,4.26,"['AE', 'K', 'W', 'AH', 'Z', 'IH', 'SH', 'AH', 'N']","['AE', 'K', 'W', 'AH', 'Z', 'IH', 'SH', 'AH', 'N']",NOUN,4,5,"['AE', 'K', 'W', 'AH', 'Z', 'IH', 'SH', 'AH', 'N']",0,0,0,0,[]
5,drinking,RLCH,real,long,complex,5.13e-05,7,4.71,"['D', 'R', 'IH', 'NG', 'K', 'IH', 'NG']","['D', 'R', 'IH', 'NG', 'K', 'IH', 'NG']",VERB,2,5,"['D', 'R', 'IH', 'NG', 'K', 'IH', 'NG']",0,0,0,0,[]
6,universe,RLCH,real,long,complex,3.89e-05,7,4.59,"['Y', 'UW', 'N', 'AH', 'V', 'ER', 'S']","['Y', 'UW', 'N', 'AH', 'V', 'ER', 'S']",NOUN,3,4,"['Y', 'UW', 'N', 'AH', 'V', 'ER', 'S']",0,0,0,0,[]
7,obviously,RLCH,real,long,complex,6.31e-05,8,4.8,"['AA', 'B', 'V', 'IY', 'AH', 'S', 'L', 'IY']","['AA', 'B', 'V', 'IY', 'AH', 'S', 'L', 'IY']",ADV,4,4,"['AA', 'B', 'V', 'IY', 'AH', 'S', 'L', 'IY']",0,0,0,0,[]
8,physically,RLCH,real,long,complex,2e-05,8,4.3,"['F', 'IH', 'Z', 'IH', 'K', 'AH', 'L', 'IY']","['F', 'IH', 'Z', 'IH', 'K', 'AH', 'L', 'IY']",ADV,4,4,"['F', 'IH', 'Z', 'IH', 'K', 'AH', 'L', 'IY']",0,0,0,0,[]
9,awareness,RLCH,real,long,complex,2.75e-05,7,4.44,"['AH', 'W', 'EH', 'R', 'N', 'AH', 'S']","['AH', 'W', 'EH', 'R', 'N', 'AH', 'S']",NOUN,3,4,"['AH', 'W', 'EH', 'R', 'N', 'AH', 'S']",0,0,0,0,[]
10,perfectly,RLCH,real,long,complex,4.07e-05,8,4.61,"['P', 'ER', 'F', 'AH', 'K', 'T', 'L', 'IY']","['P', 'ER', 'F', 'AH', 'K', 'T', 'L', 'IY']",ADV,3,5,"['P', 'ER', 'F', 'AH', 'K', 'T', 'L', 'IY']",0,0,0,0,[]
11,underground,RLCH,real,long,complex,2.09e-05,9,4.32,"['AH', 'N', 'D', 'ER', 'G', 'R', 'AW', 'N', 'D']","['AH', 'N', 'D', 'ER', 'G', 'R', 'AW', 'N', 'D']",ADV,3,6,"['AH', 'N', 'D', 'ER', 'G', 'R', 'AW', 'N', 'D']",0,0,0,0,[]
12,listening,RLCH,real,long,complex,4.57e-05,7,4.66,"['L', 'IH', 'S', 'AH', 'N', 'IH', 'NG']","['L', 'IH', 'S', 'AH', 'N', 'IH', 'NG']",VERB,3,4,"['L', 'IH', 'S', 'AH', 'N', 'IH', 'NG']",0,0,0,0,[]
13,languages,RLCH,real,long,complex,2.63e-05,9,4.42,"['L', 'AE', 'NG', 'G', 'W', 'AH', 'JH', 'AH', 'Z']","['L', 'AE', 'NG', 'G', 'W', 'AH', 'JH', 'AH', 'Z']",NOUN,3,6,"['L', 'AE', 'NG', 'G', 'W', 'AH', 'JH', 'AH', 'Z']",0,0,0,0,[]
14,impressed,RLCH,real,long,complex,2.19e-05,7,4.34,"['IH', 'M', 'P', 'R', 'EH', 'S', 'T']","['IH', 'M', 'P', 'R', 'EH', 'S', 'T']",VERB,2,5,"['IH', 'M', 'P', 'R', 'EH', 'S', 'T']",0,0,0,0,[]
15,increasing,RLCH,real,long,complex,4.79e-05,8,4.68,"['IH', 'N', 'K', 'R', 'IY', 'S', 'IH', 'NG']","['IH', 'N', 'K', 'R', 'IY', 'S', 'IH', 'NG']",VERB,3,5,"['IH', 'N', 'K', 'R', 'IY', 'S', 'IH', 'NG']",0,0,0,0,[]
16,creation,RLCH,real,long,complex,3.63e-05,7,4.56,"['K', 'R', 'IY', 'EY', 'SH', 'AH', 'N']","['K', 'R', 'IY', 'EY', 'SH', 'AH', 'N']",NOUN,3,4,"['K', 'R', 'IY', 'EY', 'SH', 'AH', 'N']",0,0,0,0,[]
17,framework,RLCH,real,long,complex,1.95e-05,7,4.29,"['F', 'R', 'EY', 'M', 'W', 'ER', 'K']","['F', 'R', 'EY', 'M', 'W', 'ER', 'K']",NOUN,2,5,"['F', 'R', 'EY', 'M', 'W', 'ER', 'K']",0,0,0,0,[]
18,different,RLCH,real,long,complex,0.000389,7,5.59,"['D', 'IH', 'F', 'ER', 'AH', 'N', 'T']","['D', 'IH', 'F', 'ER', 'AH', 'N', 'T']",ADJ,3,4,"['D', 'IH', 'F', 'ER', 'AH', 'N', 'T']",0,0,0,0,[]
19,connections,RLCH,real,long,complex,2.09e-05,9,4.32,"['K', 'AH', 'N', 'EH', 'K', 'SH', 'AH', 'N', 'Z']","['K', 'AH', 'N', 'EH', 'K', 'SH', 'AH', 'N', 'Z']",NOUN,3,6,"['K', 'AH', 'N', 'EH', 'K', 'SH', 'AH', 'N', 'Z']",0,0,0,0,[]
20,discussed,RLCH,real,long,complex,2.82e-05,7,4.45,"['D', 'IH', 'S', 'K', 'AH', 'S', 'T']","['D', 'IH', 'S', 'K', 'AH', 'S', 'T']",VERB,2,5,"['D', 'IH', 'S', 'K', 'AH', 'S', 'T']",0,0,0,0,[]
21,relation,RLCH,real,long,complex,2.04e-05,7,4.31,"['R', 'IY', 'L', 'EY', 'SH', 'AH', 'N']","['R', 'IY', 'L', 'EY', 'SH', 'AH', 'N']",NOUN,3,4,"['R', 'IY', 'L', 'EY', 'SH', 'AH', 'N']",0,0,0,0,[]
22,graduate,RLCH,real,long,complex,3.16e-05,8,4.5,"['G', 'R', 'AE', 'JH', 'AH', 'W', 'AH', 'T']","['G', 'R', 'AE', 'JH', 'AH', 'W', 'AH', 'T']",NOUN,3,5,"['G', 'R', 'AE', 'JH', 'AH', 'W', 'AH', 'T']",0,0,0,0,[]
23,nevertheless,RLCH,real,long,complex,1.78e-05,9,4.25,"['N', 'EH', 'V', 'ER', 'DH', 'AH', 'L', 'EH', 'S']","['N', 'EH', 'V', 'ER', 'DH', 'AH', 'L', 'EH', 'S']",ADV,4,5,"['N', 'EH', 'V', 'ER', 'DH', 'AH', 'L', 'EH', 'S']",0,0,0,0,[]
24,discipline,RLCH,real,long,complex,1.7e-05,8,4.23,"['D', 'IH', 'S', 'AH', 'P', 'L', 'AH', 'N']","['D', 'IH', 'S', 'AH', 'P', 'L', 'AH', 'N']",VERB,3,5,"['D', 'IH', 'S', 'AH', 'P', 'L', 'AH', 'N']",0,0,0,0,[]
25,customer,RLCH,real,long,complex,4.07e-05,7,4.61,"['K', 'AH', 'S', 'T', 'AH', 'M', 'ER']","['K', 'AH', 'S', 'T', 'AH', 'M', 'ER']",NOUN,3,4,"['K', 'AH', 'S', 'T', 'AH', 'M', 'ER']",0,0,0,0,[]
26,classical,RLCH,real,long,complex,1.82e-05,8,4.26,"['K', 'L', 'AE', 'S', 'IH', 'K', 'AH', 'L']","['K', 'L', 'AE', 'S', 'IH', 'K', 'AH', 'L']",ADJ,3,5,"['K', 'L', 'AE', 'S', 'IH', 'K', 'AH', 'L']",0,0,0,0,[]
27,progress,RLCH,real,long,complex,6.03e-05,7,4.78,"['P', 'R', 'AA', 'G', 'R', 'EH', 'S']","['P', 'R', 'AA', 'G', 'R', 'EH', 'S']",VERB,2,5,"['P', 'R', 'AA', 'G', 'R', 'EH', 'S']",0,0,0,0,[]
28,engineers,RLCH,real,long,complex,2.57e-05,8,4.41,"['EH', 'N', 'JH', 'AH', 'N', 'IH', 'R', 'Z']","['EH', 'N', 'JH', 'AH', 'N', 'IH', 'R', 'Z']",NOUN,3,5,"['EH', 'N', 'JH', 'AH', 'N', 'IH', 'R', 'Z']",0,0,0,0,[]
29,equipment,RLCH,real,long,complex,7.59e-05,9,4.88,"['IH', 'K', 'W', 'IH', 'P', 'M', 'AH', 'N', 'T']","['IH', 'K', 'W', 'IH', 'P', 'M', 'AH', 'N', 'T']",NOUN,3,6,"['IH', 'K', 'W', 'IH', 'P', 'M', 'AH', 'N', 'T']",0,0,0,0,[]
30,existing,RLCH,real,long,complex,5.62e-05,8,4.75,"['IH', 'G', 'Z', 'IH', 'S', 'T', 'IH', 'NG']","['IH', 'G', 'Z', 'IH', 'S', 'T', 'IH', 'NG']",VERB,3,5,"['IH', 'G', 'Z', 'IH', 'S', 'T', 'IH', 'NG']",0,0,0,0,[]
31,technology,RLCH,real,long,complex,0.000123,9,5.09,"['T', 'EH', 'K', 'N', 'AA', 'L', 'AH', 'JH', 'IY']","['T', 'EH', 'K', 'N', 'AA', 'L', 'AH', 'JH', 'IY']",NOUN,4,5,"['T', 'EH', 'K', 'N', 'AA', 'L', 'AH', 'JH', 'IY']",0,0,0,0,[]
32,continued,RLCH,real,long,complex,9.12e-05,9,4.96,"['K', 'AH', 'N', 'T', 'IH', 'N', 'Y', 'UW', 'D']","['K', 'AH', 'N', 'T', 'IH', 'N', 'Y', 'UW', 'D']",VERB,3,6,"['K', 'AH', 'N', 'T', 'IH', 'N', 'Y', 'UW', 'D']",0,0,0,0,[]
33,racism,RLCH,real,long,complex,1.78e-05,7,4.25,"['R', 'EY', 'S', 'IH', 'Z', 'AH', 'M']","['R', 'EY', 'S', 'IH', 'Z', 'AH', 'M']",NOUN,3,4,"['R', 'EY', 'S', 'IH', 'Z', 'AH', 'M']",0,0,0,0,[]
34,analysis,RLCH,real,long,complex,8.13e-05,8,4.91,"['AH', 'N', 'AE', 'L', 'AH', 'S', 'AH', 'S']","['AH', 'N', 'AE', 'L', 'AH', 'S', 'AH', 'S']",NOUN,4,4,"['AH', 'N', 'AE', 'L', 'AH', 'S', 'AH', 'S']",0,0,0,0,[]
35,potentially,RLCH,real,long,complex,2.45e-05,9,4.39,"['P', 'AH', 'T', 'EH', 'N', 'SH', 'AH', 'L', 'IY']","['P', 'AH', 'T', 'EH', 'N', 'SH', 'AH', 'L', 'IY']",ADV,4,5,"['P', 'AH', 'T', 'EH', 'N', 'SH', 'AH', 'L', 'IY']",0,0,0,0,[]
36,developer,RLCH,real,long,complex,1.58e-05,8,4.2,"['D', 'IH', 'V', 'EH', 'L', 'AH', 'P', 'ER']","['D', 'IH', 'V', 'EH', 'L', 'AH', 'P', 'ER']",NOUN,4,4,"['D', 'IH', 'V', 'EH', 'L', 'AH', 'P', 'ER']",0,0,0,0,[]
37,composed,RLCH,real,long,complex,1.86e-05,7,4.27,"['K', 'AH', 'M', 'P', 'OW', 'Z', 'D']","['K', 'AH', 'M', 'P', 'OW', 'Z', 'D']",VERB,2,5,"['K', 'AH', 'M', 'P', 'OW', 'Z', 'D']",0,0,0,0,[]
38,disabled,RLCH,real,long,complex,1.95e-05,8,4.29,"['D', 'IH', 'S', 'EY', 'B', 'AH', 'L', 'D']","['D', 'IH', 'S', 'EY', 'B', 'AH', 'L', 'D']",ADJ,3,5,"['D', 'IH', 'S', 'EY', 'B', 'AH', 'L', 'D']",0,0,0,0,[]
39,punishment,RLCH,real,long,complex,2.19e-05,9,4.34,"['P', 'AH', 'N', 'IH', 'SH', 'M', 'AH', 'N', 'T']","['P', 'AH', 'N', 'IH', 'SH', 'M', 'AH', 'N', 'T']",NOUN,3,6,"['P', 'AH', 'N', 'IH', 'SH', 'M', 'AH', 'N', 'T']",0,0,0,0,[]
40,exposed,RLCH,real,long,complex,3.24e-05,7,4.51,"['IH', 'K', 'S', 'P', 'OW', 'Z', 'D']","['IH', 'K', 'S', 'P', 'OW', 'Z', 'D']",VERB,2,5,"['IH', 'K', 'S', 'P', 'OW', 'Z', 'D']",0,0,0,0,[]
41,essentially,RLCH,real,long,complex,2.63e-05,8,4.42,"['IH', 'S', 'EH', 'N', 'SH', 'AH', 'L', 'IY']","['IH', 'S', 'EH', 'N', 'SH', 'AH', 'L', 'IY']",ADV,4,4,"['IH', 'S', 'EH', 'N', 'SH', 'AH', 'L', 'IY']",0,0,0,0,[]
42,disappeared,RLCH,real,long,complex,1.82e-05,8,4.26,"['D', 'IH', 'S', 'AH', 'P', 'IH', 'R', 'D']","['D', 'IH', 'S', 'AH', 'P', 'IH', 'R', 'D']",VERB,3,5,"['D', 'IH', 'S', 'AH', 'P', 'IH', 'R', 'D']",0,0,0,0,[]
43,themselves,RLCH,real,long,complex,0.000145,8,5.16,"['DH', 'EH', 'M', 'S', 'EH', 'L', 'V', 'Z']","['DH', 'EH', 'M', 'S', 'EH', 'L', 'V', 'Z']",PRON,2,6,"['DH', 'EH', 'M', 'S', 'EH', 'L', 'V', 'Z']",0,0,0,0,[]
44,neighborhood,RLCH,real,long,complex,3.16e-05,7,4.5,"['N', 'EY', 'B', 'ER', 'HH', 'UH', 'D']","['N', 'EY', 'B', 'ER', 'HH', 'UH', 'D']",NOUN,3,4,"['N', 'EY', 'B', 'ER', 'HH', 'UH', 'D']",0,0,0,0,[]
45,familiar,RLCH,real,long,complex,4.07e-05,7,4.61,"['F', 'AH', 'M', 'IH', 'L', 'Y', 'ER']","['F', 'AH', 'M', 'IH', 'L', 'Y', 'ER']",ADJ,3,4,"['F', 'AH', 'M', 'IH', 'L', 'Y', 'ER']",0,0,0,0,[]
46,queensland,RLCH,real,long,complex,1.7e-05,9,4.23,"['K', 'W', 'IY', 'N', 'Z', 'L', 'AE', 'N', 'D']","['K', 'W', 'IY', 'N', 'Z', 'L', 'AE', 'N', 'D']",PROPN,2,7,"['K', 'W', 'IY', 'N', 'Z', 'L', 'AE', 'N', 'D']",0,0,0,0,[]
47,secrets,RLCH,real,long,complex,2.04e-05,7,4.31,"['S', 'IY', 'K', 'R', 'AH', 'T', 'S']","['S', 'IY', 'K', 'R', 'AH', 'T', 'S']",NOUN,2,5,"['S', 'IY', 'K', 'R', 'AH', 'T', 'S']",0,0,0,0,[]
48,cambridge,RLCH,real,long,complex,2.45e-05,7,4.39,"['K', 'EY', 'M', 'B', 'R', 'IH', 'JH']","['K', 'EY', 'M', 'B', 'R', 'IH', 'JH']",PROPN,2,5,"['K', 'EY', 'M', 'B', 'R', 'IH', 'JH']",0,0,0,0,[]
49,estimated,RLCH,real,long,complex,4.17e-05,9,4.62,"['EH', 'S', 'T', 'AH', 'M', 'EY', 'T', 'AH', 'D']","['EH', 'S', 'T', 'AH', 'M', 'EY', 'T', 'AH', 'D']",VERB,4,5,"['EH', 'S', 'T', 'AH', 'M', 'EY', 'T', 'AH', 'D']",0,0,0,0,[]
50,depression,RLCH,real,long,complex,3.63e-05,8,4.56,"['D', 'IH', 'P', 'R', 'EH', 'SH', 'AH', 'N']","['D', 'IH', 'P', 'R', 'EH', 'SH', 'AH', 'N']",NOUN,3,5,"['D', 'IH', 'P', 'R', 'EH', 'SH', 'AH', 'N']",0,0,0,0,[]
51,girlfriend,RLCH,real,long,complex,4.79e-05,8,4.68,"['G', 'ER', 'L', 'F', 'R', 'EH', 'N', 'D']","['G', 'ER', 'L', 'F', 'R', 'EH', 'N', 'D']",NOUN,2,6,"['G', 'ER', 'L', 'F', 'R', 'EH', 'N', 'D']",0,0,0,0,[]
52,functional,RLCH,real,long,complex,1.74e-05,9,4.24,"['F', 'AH', 'NG', 'K', 'SH', 'AH', 'N', 'AH', 'L']","['F', 'AH', 'NG', 'K', 'SH', 'AH', 'N', 'AH', 'L']",ADJ,3,6,"['F', 'AH', 'NG', 'K', 'SH', 'AH', 'N', 'AH', 'L']",0,0,0,0,[]
53,ambassador,RLCH,real,long,complex,2.24e-05,8,4.35,"['AE', 'M', 'B', 'AE', 'S', 'AH', 'D', 'ER']","['AE', 'M', 'B', 'AE', 'S', 'AH', 'D', 'ER']",NOUN,4,4,"['AE', 'M', 'B', 'AE', 'S', 'AH', 'D', 'ER']",0,0,0,0,[]
54,property,RLCH,real,long,complex,0.000129,7,5.11,"['P', 'R', 'AA', 'P', 'ER', 'T', 'IY']","['P', 'R', 'AA', 'P', 'ER', 'T', 'IY']",NOUN,3,4,"['P', 'R', 'AA', 'P', 'ER', 'T', 'IY']",0,0,0,0,[]
55,memorial,RLCH,real,long,complex,2.57e-05,8,4.41,"['M', 'AH', 'M', 'AO', 'R', 'IY', 'AH', 'L']","['M', 'AH', 'M', 'AO', 'R', 'IY', 'AH', 'L']",NOUN,4,4,"['M', 'AH', 'M', 'AO', 'R', 'IY', 'AH', 'L']",0,0,0,0,[]
56,traveling,RLCH,real,long,complex,1.86e-05,8,4.27,"['T', 'R', 'AE', 'V', 'AH', 'L', 'IH', 'NG']","['T', 'R', 'AE', 'V', 'AH', 'L', 'IH', 'NG']",VERB,3,5,"['T', 'R', 'AE', 'V', 'AH', 'L', 'IH', 'NG']",0,0,0,0,[]
57,percentage,RLCH,real,long,complex,3.02e-05,8,4.48,"['P', 'ER', 'S', 'EH', 'N', 'T', 'AH', 'JH']","['P', 'ER', 'S', 'EH', 'N', 'T', 'AH', 'JH']",NOUN,3,5,"['P', 'ER', 'S', 'EH', 'N', 'T', 'AH', 'JH']",0,0,0,0,[]
58,extremely,RLCH,real,long,complex,6.17e-05,9,4.79,"['IH', 'K', 'S', 'T', 'R', 'IY', 'M', 'L', 'IY']","['IH', 'K', 'S', 'T', 'R', 'IY', 'M', 'L', 'IY']",ADV,3,6,"['IH', 'K', 'S', 'T', 'R', 'IY', 'M', 'L', 'IY']",0,0,0,0,[]
59,refused,RLCH,real,long,complex,3.47e-05,7,4.54,"['R', 'AH', 'F', 'Y', 'UW', 'Z', 'D']","['R', 'AH', 'F', 'Y', 'UW', 'Z', 'D']",VERB,2,5,"['R', 'AH', 'F', 'Y', 'UW', 'Z', 'D']",0,0,0,0,[]
60,legendary,RLCH,real,long,complex,1.7e-05,9,4.23,"['L', 'EH', 'JH', 'AH', 'N', 'D', 'EH', 'R', 'IY']","['L', 'EH', 'JH', 'AH', 'N', 'D', 'EH', 'R', 'IY']",ADJ,4,5,"['L', 'EH', 'JH', 'AH', 'N', 'D', 'EH', 'R', 'IY']",0,0,0,0,[]
61,newspaper,RLCH,real,long,complex,3.98e-05,7,4.6,"['N', 'UW', 'Z', 'P', 'EY', 'P', 'ER']","['N', 'UW', 'Z', 'P', 'EY', 'P', 'ER']",NOUN,3,4,"['N', 'UW', 'Z', 'P', 'EY', 'P', 'ER']",0,0,0,0,[]
62,assessment,RLCH,real,long,complex,2.88e-05,8,4.46,"['AH', 'S', 'EH', 'S', 'M', 'AH', 'N', 'T']","['AH', 'S', 'EH', 'S', 'M', 'AH', 'N', 'T']",NOUN,3,5,"['AH', 'S', 'EH', 'S', 'M', 'AH', 'N', 'T']",0,0,0,0,[]
63,develop,RLCH,real,long,complex,5.62e-05,7,4.75,"['D', 'IH', 'V', 'EH', 'L', 'AH', 'P']","['D', 'IH', 'V', 'EH', 'L', 'AH', 'P']",VERB,3,4,"['D', 'IH', 'V', 'EH', 'L', 'AH', 'P']",0,0,0,0,[]
64,alexander,RLCH,real,long,complex,2.51e-05,9,4.4,"['AE', 'L', 'AH', 'G', 'Z', 'AE', 'N', 'D', 'ER']","['AE', 'L', 'AH', 'G', 'Z', 'AE', 'N', 'D', 'ER']",PROPN,4,5,"['AE', 'L', 'AH', 'G', 'Z', 'AE', 'N', 'D', 'ER']",0,0,0,0,[]
65,protection,RLCH,real,long,complex,7.08e-05,9,4.85,"['P', 'R', 'AH', 'T', 'EH', 'K', 'SH', 'AH', 'N']","['P', 'R', 'AH', 'T', 'EH', 'K', 'SH', 'AH', 'N']",NOUN,3,6,"['P', 'R', 'AH', 'T', 'EH', 'K', 'SH', 'AH', 'N']",0,0,0,0,[]
66,dominant,RLCH,real,long,complex,1.7e-05,8,4.23,"['D', 'AA', 'M', 'AH', 'N', 'AH', 'N', 'T']","['D', 'AA', 'M', 'AH', 'N', 'AH', 'N', 'T']",ADJ,3,5,"['D', 'AA', 'M', 'AH', 'N', 'AH', 'N', 'T']",0,0,0,0,[]
67,guardian,RLCH,real,long,complex,1.82e-05,7,4.26,"['G', 'AA', 'R', 'D', 'IY', 'AH', 'N']","['G', 'AA', 'R', 'D', 'IY', 'AH', 'N']",NOUN,3,4,"['G', 'AA', 'R', 'D', 'IY', 'AH', 'N']",0,0,0,0,[]
68,supports,RLCH,real,long,complex,2.63e-05,7,4.42,"['S', 'AH', 'P', 'AO', 'R', 'T', 'S']","['S', 'AH', 'P', 'AO', 'R', 'T', 'S']",VERB,2,5,"['S', 'AH', 'P', 'AO', 'R', 'T', 'S']",0,0,0,0,[]
69,nigeria,RLCH,real,long,complex,2.14e-05,7,4.33,"['N', 'AY', 'JH', 'IH', 'R', 'IY', 'AH']","['N', 'AY', 'JH', 'IH', 'R', 'IY', 'AH']",PROPN,4,3,"['N', 'AY', 'JH', 'IH', 'R', 'IY', 'AH']",0,0,0,0,[]
70,expensive,RLCH,real,long,complex,4.9e-05,9,4.69,"['IH', 'K', 'S', 'P', 'EH', 'N', 'S', 'IH', 'V']","['IH', 'K', 'S', 'P', 'EH', 'N', 'S', 'IH', 'V']",ADJ,3,6,"['IH', 'K', 'S', 'P', 'EH', 'N', 'S', 'IH', 'V']",0,0,0,0,[]
71,developers,RLCH,real,long,complex,1.66e-05,9,4.22,"['D', 'IH', 'V', 'EH', 'L', 'AH', 'P', 'ER', 'Z']","['D', 'IH', 'V', 'EH', 'L', 'AH', 'P', 'ER', 'Z']",NOUN,4,5,"['D', 'IH', 'V', 'EH', 'L', 'AH', 'P', 'ER', 'Z']",0,0,0,0,[]
72,january,RLCH,real,long,complex,0.000123,8,5.09,"['JH', 'AE', 'N', 'Y', 'UW', 'EH', 'R', 'IY']","['JH', 'AE', 'N', 'Y', 'UW', 'EH', 'R', 'IY']",PROPN,4,4,"['JH', 'AE', 'N', 'Y', 'UW', 'EH', 'R', 'IY']",0,0,0,0,[]
73,findings,RLCH,real,long,complex,2.4e-05,7,4.38,"['F', 'AY', 'N', 'D', 'IH', 'NG', 'Z']","['F', 'AY', 'N', 'D', 'IH', 'NG', 'Z']",NOUN,2,5,"['F', 'AY', 'N', 'D', 'IH', 'NG', 'Z']",0,0,0,0,[]
74,extension,RLCH,real,long,complex,2.88e-05,9,4.46,"['IH', 'K', 'S', 'T', 'EH', 'N', 'SH', 'AH', 'N']","['IH', 'K', 'S', 'T', 'EH', 'N', 'SH', 'AH', 'N']",NOUN,3,6,"['IH', 'K', 'S', 'T', 'EH', 'N', 'SH', 'AH', 'N']",0,0,0,0,[]
75,describe,RLCH,real,long,complex,3.63e-05,7,4.56,"['D', 'IH', 'S', 'K', 'R', 'AY', 'B']","['D', 'IH', 'S', 'K', 'R', 'AY', 'B']",VERB,2,5,"['D', 'IH', 'S', 'K', 'R', 'AY', 'B']",0,0,0,0,[]
76,friendly,RLCH,real,long,complex,4.37e-05,7,4.64,"['F', 'R', 'EH', 'N', 'D', 'L', 'IY']","['F', 'R', 'EH', 'N', 'D', 'L', 'IY']",ADJ,2,5,"['F', 'R', 'EH', 'N', 'D', 'L', 'IY']",0,0,0,0,[]
77,activities,RLCH,real,long,complex,8.13e-05,9,4.91,"['AE', 'K', 'T', 'IH', 'V', 'AH', 'T', 'IY', 'Z']","['AE', 'K', 'T', 'IH', 'V', 'AH', 'T', 'IY', 'Z']",NOUN,4,5,"['AE', 'K', 'T', 'IH', 'V', 'AH', 'T', 'IY', 'Z']",0,0,0,0,[]
78,christian,RLCH,real,long,complex,7.59e-05,7,4.88,"['K', 'R', 'IH', 'S', 'CH', 'AH', 'N']","['K', 'R', 'IH', 'S', 'CH', 'AH', 'N']",ADJ,2,5,"['K', 'R', 'IH', 'S', 'CH', 'AH', 'N']",0,0,0,0,[]
79,introduced,RLCH,real,long,complex,5.25e-05,9,4.72,"['IH', 'N', 'T', 'R', 'AH', 'D', 'UW', 'S', 'T']","['IH', 'N', 'T', 'R', 'AH', 'D', 'UW', 'S', 'T']",VERB,3,6,"['IH', 'N', 'T', 'R', 'AH', 'D', 'UW', 'S', 'T']",0,0,0,0,[]
80,critical,RLCH,real,long,complex,6.76e-05,8,4.83,"['K', 'R', 'IH', 'T', 'IH', 'K', 'AH', 'L']","['K', 'R', 'IH', 'T', 'IH', 'K', 'AH', 'L']",ADJ,3,5,"['K', 'R', 'IH', 'T', 'IH', 'K', 'AH', 'L']",0,0,0,0,[]
81,journalist,RLCH,real,long,complex,2.4e-05,8,4.38,"['JH', 'ER', 'N', 'AH', 'L', 'AH', 'S', 'T']","['JH', 'ER', 'N', 'AH', 'L', 'AH', 'S', 'T']",NOUN,3,5,"['JH', 'ER', 'N', 'AH', 'L', 'AH', 'S', 'T']",0,0,0,0,[]
82,expecting,RLCH,real,long,complex,2.63e-05,9,4.42,"['IH', 'K', 'S', 'P', 'EH', 'K', 'T', 'IH', 'NG']","['IH', 'K', 'S', 'P', 'EH', 'K', 'T', 'IH', 'NG']",VERB,3,6,"['IH', 'K', 'S', 'P', 'EH', 'K', 'T', 'IH', 'NG']",0,0,0,0,[]
83,integrity,RLCH,real,long,complex,1.66e-05,9,4.22,"['IH', 'N', 'T', 'EH', 'G', 'R', 'AH', 'T', 'IY']","['IH', 'N', 'T', 'EH', 'G', 'R', 'AH', 'T', 'IY']",NOUN,4,5,"['IH', 'N', 'T', 'EH', 'G', 'R', 'AH', 'T', 'IY']",0,0,0,0,[]
84,starting,RLCH,real,long,complex,0.000117,7,5.07,"['S', 'T', 'AA', 'R', 'T', 'IH', 'NG']","['S', 'T', 'AA', 'R', 'T', 'IH', 'NG']",VERB,2,5,"['S', 'T', 'AA', 'R', 'T', 'IH', 'NG']",0,0,0,0,[]
85,threatened,RLCH,real,long,complex,2.29e-05,7,4.36,"['TH', 'R', 'EH', 'T', 'AH', 'N', 'D']","['TH', 'R', 'EH', 'T', 'AH', 'N', 'D']",VERB,2,5,"['TH', 'R', 'EH', 'T', 'AH', 'N', 'D']",0,0,0,0,[]
86,offensive,RLCH,real,long,complex,2.88e-05,7,4.46,"['AH', 'F', 'EH', 'N', 'S', 'IH', 'V']","['AH', 'F', 'EH', 'N', 'S', 'IH', 'V']",ADJ,3,4,"['AH', 'F', 'EH', 'N', 'S', 'IH', 'V']",0,0,0,0,[]
87,problems,RLCH,real,long,complex,0.000155,8,5.19,"['P', 'R', 'AA', 'B', 'L', 'AH', 'M', 'Z']","['P', 'R', 'AA', 'B', 'L', 'AH', 'M', 'Z']",NOUN,2,6,"['P', 'R', 'AA', 'B', 'L', 'AH', 'M', 'Z']",0,0,0,0,[]
88,interesting,RLCH,real,long,complex,0.0001,9,5.0,"['IH', 'N', 'T', 'R', 'AH', 'S', 'T', 'IH', 'NG']","['IH', 'N', 'T', 'R', 'AH', 'S', 'T', 'IH', 'NG']",VERB,3,6,"['IH', 'N', 'T', 'R', 'AH', 'S', 'T', 'IH', 'NG']",0,0,0,0,[]
89,credits,RLCH,real,long,complex,1.86e-05,7,4.27,"['K', 'R', 'EH', 'D', 'IH', 'T', 'S']","['K', 'R', 'EH', 'D', 'IH', 'T', 'S']",NOUN,2,5,"['K', 'R', 'EH', 'D', 'IH', 'T', 'S']",0,0,0,0,[]
90,islamic,RLCH,real,long,complex,2.75e-05,7,4.44,"['IH', 'Z', 'L', 'AA', 'M', 'IH', 'K']","['IH', 'Z', 'L', 'AA', 'M', 'IH', 'K']",ADJ,3,4,"['IH', 'Z', 'L', 'AA', 'M', 'IH', 'K']",0,0,0,0,[]
91,recording,RLCH,real,long,complex,3.24e-05,8,4.51,"['R', 'AH', 'K', 'AO', 'R', 'D', 'IH', 'NG']","['R', 'AH', 'K', 'AO', 'R', 'D', 'IH', 'NG']",VERB,3,5,"['R', 'AH', 'K', 'AO', 'R', 'D', 'IH', 'NG']",0,0,0,0,[]
92,advanced,RLCH,real,long,complex,5.13e-05,7,4.71,"['AH', 'D', 'V', 'AE', 'N', 'S', 'T']","['AH', 'D', 'V', 'AE', 'N', 'S', 'T']",ADJ,2,5,"['AH', 'D', 'V', 'AE', 'N', 'S', 'T']",0,0,0,0,[]
93,premium,RLCH,real,long,complex,2.14e-05,7,4.33,"['P', 'R', 'IY', 'M', 'IY', 'AH', 'M']","['P', 'R', 'IY', 'M', 'IY', 'AH', 'M']",NOUN,3,4,"['P', 'R', 'IY', 'M', 'IY', 'AH', 'M']",0,0,0,0,[]
94,december,RLCH,real,long,complex,0.000117,7,5.07,"['D', 'IH', 'S', 'EH', 'M', 'B', 'ER']","['D', 'IH', 'S', 'EH', 'M', 'B', 'ER']",PROPN,3,4,"['D', 'IH', 'S', 'EH', 'M', 'B', 'ER']",0,0,0,0,[]
95,emergency,RLCH,real,long,complex,5.25e-05,8,4.72,"['IH', 'M', 'ER', 'JH', 'AH', 'N', 'S', 'IY']","['IH', 'M', 'ER', 'JH', 'AH', 'N', 'S', 'IY']",NOUN,4,4,"['IH', 'M', 'ER', 'JH', 'AH', 'N', 'S', 'IY']",0,0,0,0,[]
96,mechanism,RLCH,real,long,complex,1.86e-05,9,4.27,"['M', 'EH', 'K', 'AH', 'N', 'IH', 'Z', 'AH', 'M']","['M', 'EH', 'K', 'AH', 'N', 'IH', 'Z', 'AH', 'M']",NOUN,4,5,"['M', 'EH', 'K', 'AH', 'N', 'IH', 'Z', 'AH', 'M']",0,0,0,0,[]
97,situations,RLCH,real,long,complex,2.95e-05,9,4.47,"['S', 'IH', 'CH', 'UW', 'EY', 'SH', 'AH', 'N', 'Z']","['S', 'IH', 'CH', 'UW', 'EY', 'SH', 'AH', 'N', 'Z']",NOUN,4,5,"['S', 'IH', 'CH', 'UW', 'EY', 'SH', 'AH', 'N', 'Z']",0,0,0,0,[]
98,evolution,RLCH,real,long,complex,2.57e-05,8,4.41,"['EH', 'V', 'AH', 'L', 'UW', 'SH', 'AH', 'N']","['EH', 'V', 'AH', 'L', 'UW', 'SH', 'AH', 'N']",NOUN,4,4,"['EH', 'V', 'AH', 'L', 'UW', 'SH', 'AH', 'N']",0,0,0,0,[]
99,employers,RLCH,real,long,complex,1.78e-05,7,4.25,"['EH', 'M', 'P', 'L', 'OY', 'ER', 'Z']","['EH', 'M', 'P', 'L', 'OY', 'ER', 'Z']",NOUN,3,4,"['EH', 'M', 'P', 'L', 'OY', 'ER', 'Z']",0,0,0,0,[]
100,confluence,RLCL,real,long,complex,1.32e-06,9,3.12,"['K', 'AA', 'N', 'F', 'L', 'UW', 'AH', 'N', 'S']","['K', 'AA', 'N', 'F', 'L', 'UW', 'AH', 'N', 'S']",NOUN,3,6,"['K', 'AA', 'N', 'F', 'L', 'UW', 'AH', 'N', 'S']",0,0,0,0,[]
101,raspberries,RLCL,real,long,complex,9.55e-07,8,2.98,"['R', 'AE', 'Z', 'B', 'EH', 'R', 'IY', 'Z']","['R', 'AE', 'Z', 'B', 'EH', 'R', 'IY', 'Z']",NOUN,3,5,"['R', 'AE', 'Z', 'B', 'EH', 'R', 'IY', 'Z']",0,0,0,0,[]
102,syrians,RLCL,real,long,complex,1.38e-06,7,3.14,"['S', 'IH', 'R', 'IY', 'AH', 'N', 'Z']","['S', 'IH', 'R', 'IY', 'AH', 'N', 'Z']",PROPN,3,4,"['S', 'IH', 'R', 'IY', 'AH', 'N', 'Z']",0,0,0,0,[]
103,reassurance,RLCL,real,long,complex,1.86e-06,9,3.27,"['R', 'IY', 'AH', 'SH', 'UH', 'R', 'AH', 'N', 'S']","['R', 'IY', 'AH', 'SH', 'UH', 'R', 'AH', 'N', 'S']",NOUN,4,5,"['R', 'IY', 'AH', 'SH', 'UH', 'R', 'AH', 'N', 'S']",0,0,0,0,[]
104,generously,RLCL,real,long,complex,1.95e-06,8,3.29,"['JH', 'EH', 'N', 'ER', 'AH', 'S', 'L', 'IY']","['JH', 'EH', 'N', 'ER', 'AH', 'S', 'L', 'IY']",ADV,4,4,"['JH', 'EH', 'N', 'ER', 'AH', 'S', 'L', 'IY']",0,0,0,0,[]
105,patrolled,RLCL,real,long,complex,7.94e-07,7,2.9,"['P', 'AH', 'T', 'R', 'OW', 'L', 'D']","['P', 'AH', 'T', 'R', 'OW', 'L', 'D']",VERB,2,5,"['P', 'AH', 'T', 'R', 'OW', 'L', 'D']",0,0,0,0,[]
106,telemetry,RLCL,real,long,complex,1e-06,9,3.0,"['T', 'AH', 'L', 'EH', 'M', 'AH', 'T', 'R', 'IY']","['T', 'AH', 'L', 'EH', 'M', 'AH', 'T', 'R', 'IY']",NOUN,4,5,"['T', 'AH', 'L', 'EH', 'M', 'AH', 'T', 'R', 'IY']",0,0,0,0,[]
107,womanhood,RLCL,real,long,complex,7.59e-07,8,2.88,"['W', 'UH', 'M', 'AH', 'N', 'HH', 'UH', 'D']","['W', 'UH', 'M', 'AH', 'N', 'HH', 'UH', 'D']",NOUN,3,5,"['W', 'UH', 'M', 'AH', 'N', 'HH', 'UH', 'D']",0,0,0,0,[]
108,correlated,RLCL,real,long,complex,3.16e-06,9,3.5,"['K', 'AO', 'R', 'AH', 'L', 'EY', 'T', 'AH', 'D']","['K', 'AO', 'R', 'AH', 'L', 'EY', 'T', 'AH', 'D']",VERB,4,5,"['K', 'AO', 'R', 'AH', 'L', 'EY', 'T', 'AH', 'D']",0,0,0,0,[]
109,precarious,RLCL,real,long,complex,1.86e-06,9,3.27,"['P', 'R', 'IY', 'K', 'EH', 'R', 'IY', 'AH', 'S']","['P', 'R', 'IY', 'K', 'EH', 'R', 'IY', 'AH', 'S']",ADJ,4,5,"['P', 'R', 'IY', 'K', 'EH', 'R', 'IY', 'AH', 'S']",0,0,0,0,[]
110,narcissist,RLCL,real,long,complex,9.77e-07,9,2.99,"['N', 'AA', 'R', 'S', 'IH', 'S', 'IH', 'S', 'T']","['N', 'AA', 'R', 'S', 'IH', 'S', 'IH', 'S', 'T']",NOUN,3,6,"['N', 'AA', 'R', 'S', 'IH', 'S', 'IH', 'S', 'T']",0,0,0,0,[]
111,biosphere,RLCL,real,long,complex,7.76e-07,7,2.89,"['B', 'AY', 'OW', 'S', 'F', 'IH', 'R']","['B', 'AY', 'OW', 'S', 'F', 'IH', 'R']",ADV,3,4,"['B', 'AY', 'OW', 'S', 'F', 'IH', 'R']",0,0,0,0,[]
112,implants,RLCL,real,long,complex,3.16e-06,8,3.5,"['IH', 'M', 'P', 'L', 'AE', 'N', 'T', 'S']","['IH', 'M', 'P', 'L', 'AE', 'N', 'T', 'S']",NOUN,2,6,"['IH', 'M', 'P', 'L', 'AE', 'N', 'T', 'S']",0,0,0,0,[]
113,habitats,RLCL,real,long,complex,3.09e-06,8,3.49,"['HH', 'AE', 'B', 'AH', 'T', 'AE', 'T', 'S']","['HH', 'AE', 'B', 'AH', 'T', 'AE', 'T', 'S']",NOUN,3,5,"['HH', 'AE', 'B', 'AH', 'T', 'AE', 'T', 'S']",0,0,0,0,[]
114,comedians,RLCL,real,long,complex,3.09e-06,9,3.49,"['K', 'AH', 'M', 'IY', 'D', 'IY', 'AH', 'N', 'Z']","['K', 'AH', 'M', 'IY', 'D', 'IY', 'AH', 'N', 'Z']",NOUN,4,5,"['K', 'AH', 'M', 'IY', 'D', 'IY', 'AH', 'N', 'Z']",0,0,0,0,[]
115,decimal,RLCL,real,long,complex,1.91e-06,7,3.28,"['D', 'EH', 'S', 'AH', 'M', 'AH', 'L']","['D', 'EH', 'S', 'AH', 'M', 'AH', 'L']",ADJ,3,4,"['D', 'EH', 'S', 'AH', 'M', 'AH', 'L']",0,0,0,0,[]
116,blockbuster,RLCL,real,long,complex,3.02e-06,9,3.48,"['B', 'L', 'AA', 'K', 'B', 'AH', 'S', 'T', 'ER']","['B', 'L', 'AA', 'K', 'B', 'AH', 'S', 'T', 'ER']",NOUN,3,6,"['B', 'L', 'AA', 'K', 'B', 'AH', 'S', 'T', 'ER']",0,0,0,0,[]
117,superfluous,RLCL,real,long,complex,1e-06,9,3.0,"['S', 'UW', 'P', 'ER', 'F', 'L', 'W', 'AH', 'S']","['S', 'UW', 'P', 'ER', 'F', 'L', 'W', 'AH', 'S']",ADJ,3,6,"['S', 'UW', 'P', 'ER', 'F', 'L', 'W', 'AH', 'S']",0,0,0,0,[]
118,superpowers,RLCL,real,long,complex,1.38e-06,8,3.14,"['S', 'UW', 'P', 'ER', 'P', 'AW', 'ER', 'Z']","['S', 'UW', 'P', 'ER', 'P', 'AW', 'ER', 'Z']",NOUN,4,4,"['S', 'UW', 'P', 'ER', 'P', 'AW', 'ER', 'Z']",0,0,0,0,[]
119,hologram,RLCL,real,long,complex,1.29e-06,8,3.11,"['HH', 'AA', 'L', 'AH', 'G', 'R', 'AE', 'M']","['HH', 'AA', 'L', 'AH', 'G', 'R', 'AE', 'M']",PROPN,3,5,"['HH', 'AA', 'L', 'AH', 'G', 'R', 'AE', 'M']",0,0,0,0,[]
120,duplex,RLCL,real,long,complex,1.35e-06,7,3.13,"['D', 'UW', 'P', 'L', 'EH', 'K', 'S']","['D', 'UW', 'P', 'L', 'EH', 'K', 'S']",NOUN,2,5,"['D', 'UW', 'P', 'L', 'EH', 'K', 'S']",0,0,0,0,[]
121,commemorate,RLCL,real,long,complex,3.09e-06,8,3.49,"['K', 'AH', 'M', 'EH', 'M', 'ER', 'EY', 'T']","['K', 'AH', 'M', 'EH', 'M', 'ER', 'EY', 'T']",VERB,4,4,"['K', 'AH', 'M', 'EH', 'M', 'ER', 'EY', 'T']",0,0,0,0,[]
122,withhold,RLCL,real,long,complex,1.91e-06,7,3.28,"['W', 'IH', 'TH', 'HH', 'OW', 'L', 'D']","['W', 'IH', 'TH', 'HH', 'OW', 'L', 'D']",VERB,2,5,"['W', 'IH', 'TH', 'HH', 'OW', 'L', 'D']",0,0,0,0,[]
123,bearable,RLCL,real,long,complex,7.76e-07,7,2.89,"['B', 'EH', 'R', 'AH', 'B', 'AH', 'L']","['B', 'EH', 'R', 'AH', 'B', 'AH', 'L']",ADJ,3,4,"['B', 'EH', 'R', 'AH', 'B', 'AH', 'L']",0,0,0,0,[]
124,potency,RLCL,real,long,complex,1.86e-06,7,3.27,"['P', 'OW', 'T', 'AH', 'N', 'S', 'IY']","['P', 'OW', 'T', 'AH', 'N', 'S', 'IY']",NOUN,3,4,"['P', 'OW', 'T', 'AH', 'N', 'S', 'IY']",0,0,0,0,[]
125,dignified,RLCL,real,long,complex,1.91e-06,8,3.28,"['D', 'IH', 'G', 'N', 'AH', 'F', 'AY', 'D']","['D', 'IH', 'G', 'N', 'AH', 'F', 'AY', 'D']",ADJ,3,5,"['D', 'IH', 'G', 'N', 'AH', 'F', 'AY', 'D']",0,0,0,0,[]
126,constraint,RLCL,real,long,complex,1.91e-06,9,3.28,"['K', 'AH', 'N', 'S', 'T', 'R', 'EY', 'N', 'T']","['K', 'AH', 'N', 'S', 'T', 'R', 'EY', 'N', 'T']",NOUN,2,7,"['K', 'AH', 'N', 'S', 'T', 'R', 'EY', 'N', 'T']",0,0,0,0,[]
127,deterrence,RLCL,real,long,complex,9.77e-07,7,2.99,"['D', 'IH', 'T', 'ER', 'AH', 'N', 'S']","['D', 'IH', 'T', 'ER', 'AH', 'N', 'S']",NOUN,3,4,"['D', 'IH', 'T', 'ER', 'AH', 'N', 'S']",0,0,0,0,[]
128,dishwasher,RLCL,real,long,complex,1.95e-06,7,3.29,"['D', 'IH', 'SH', 'W', 'AA', 'SH', 'ER']","['D', 'IH', 'SH', 'W', 'AA', 'SH', 'ER']",NOUN,3,4,"['D', 'IH', 'SH', 'W', 'AA', 'SH', 'ER']",0,0,0,0,[]
129,venetian,RLCL,real,long,complex,2e-06,7,3.3,"['V', 'AH', 'N', 'IY', 'SH', 'AH', 'N']","['V', 'AH', 'N', 'IY', 'SH', 'AH', 'N']",ADJ,3,4,"['V', 'AH', 'N', 'IY', 'SH', 'AH', 'N']",0,0,0,0,[]
130,shortages,RLCL,real,long,complex,3.16e-06,8,3.5,"['SH', 'AO', 'R', 'T', 'AH', 'JH', 'AH', 'Z']","['SH', 'AO', 'R', 'T', 'AH', 'JH', 'AH', 'Z']",NOUN,3,5,"['SH', 'AO', 'R', 'T', 'AH', 'JH', 'AH', 'Z']",0,0,0,0,[]
131,refinery,RLCL,real,long,complex,3.09e-06,7,3.49,"['R', 'IH', 'F', 'AY', 'N', 'ER', 'IY']","['R', 'IH', 'F', 'AY', 'N', 'ER', 'IY']",NOUN,4,3,"['R', 'IH', 'F', 'AY', 'N', 'ER', 'IY']",0,0,0,0,[]
132,deodorant,RLCL,real,long,complex,1.32e-06,8,3.12,"['D', 'IY', 'OW', 'D', 'ER', 'AH', 'N', 'T']","['D', 'IY', 'OW', 'D', 'ER', 'AH', 'N', 'T']",NOUN,4,4,"['D', 'IY', 'OW', 'D', 'ER', 'AH', 'N', 'T']",0,0,0,0,[]
133,unequal,RLCL,real,long,complex,2e-06,7,3.3,"['AH', 'N', 'IY', 'K', 'W', 'AH', 'L']","['AH', 'N', 'IY', 'K', 'W', 'AH', 'L']",ADJ,3,4,"['AH', 'N', 'IY', 'K', 'W', 'AH', 'L']",0,0,0,0,[]
134,famously,RLCL,real,long,complex,3.09e-06,7,3.49,"['F', 'EY', 'M', 'AH', 'S', 'L', 'IY']","['F', 'EY', 'M', 'AH', 'S', 'L', 'IY']",ADV,3,4,"['F', 'EY', 'M', 'AH', 'S', 'L', 'IY']",0,0,0,0,[]
135,botanical,RLCL,real,long,complex,3.09e-06,9,3.49,"['B', 'AH', 'T', 'AE', 'N', 'IH', 'K', 'AH', 'L']","['B', 'AH', 'T', 'AE', 'N', 'IH', 'K', 'AH', 'L']",PROPN,4,5,"['B', 'AH', 'T', 'AE', 'N', 'IH', 'K', 'AH', 'L']",0,0,0,0,[]
136,multiply,RLCL,real,long,complex,3.16e-06,8,3.5,"['M', 'AH', 'L', 'T', 'AH', 'P', 'L', 'AY']","['M', 'AH', 'L', 'T', 'AH', 'P', 'L', 'AY']",VERB,3,5,"['M', 'AH', 'L', 'T', 'AH', 'P', 'L', 'AY']",0,0,0,0,[]
137,bohemian,RLCL,real,long,complex,3.16e-06,8,3.5,"['B', 'OW', 'HH', 'IY', 'M', 'IY', 'AH', 'N']","['B', 'OW', 'HH', 'IY', 'M', 'IY', 'AH', 'N']",ADJ,4,4,"['B', 'OW', 'HH', 'IY', 'M', 'IY', 'AH', 'N']",0,0,0,0,[]
138,aristocrat,RLCL,real,long,complex,9.77e-07,9,2.99,"['ER', 'IH', 'S', 'T', 'AH', 'K', 'R', 'AE', 'T']","['ER', 'IH', 'S', 'T', 'AH', 'K', 'R', 'AE', 'T']",NOUN,4,5,"['ER', 'IH', 'S', 'T', 'AH', 'K', 'R', 'AE', 'T']",0,0,0,0,[]
139,glamorous,RLCL,real,long,complex,3.16e-06,7,3.5,"['G', 'L', 'AE', 'M', 'ER', 'AH', 'S']","['G', 'L', 'AE', 'M', 'ER', 'AH', 'S']",ADJ,3,4,"['G', 'L', 'AE', 'M', 'ER', 'AH', 'S']",0,0,0,0,[]
140,locomotive,RLCL,real,long,complex,3.16e-06,9,3.5,"['L', 'OW', 'K', 'AH', 'M', 'OW', 'T', 'IH', 'V']","['L', 'OW', 'K', 'AH', 'M', 'OW', 'T', 'IH', 'V']",NOUN,4,5,"['L', 'OW', 'K', 'AH', 'M', 'OW', 'T', 'IH', 'V']",0,0,0,0,[]
141,daredevil,RLCL,real,long,complex,1.95e-06,8,3.29,"['D', 'EH', 'R', 'D', 'EH', 'V', 'AH', 'L']","['D', 'EH', 'R', 'D', 'EH', 'V', 'AH', 'L']",NOUN,3,5,"['D', 'EH', 'R', 'D', 'EH', 'V', 'AH', 'L']",0,0,0,0,[]
142,camaraderie,RLCL,real,long,complex,9.77e-07,8,2.99,"['K', 'AA', 'M', 'ER', 'AA', 'D', 'ER', 'IY']","['K', 'AA', 'M', 'ER', 'AA', 'D', 'ER', 'IY']",NOUN,5,3,"['K', 'AA', 'M', 'ER', 'AA', 'D', 'ER', 'IY']",0,0,0,0,[]
143,recital,RLCL,real,long,complex,1.91e-06,7,3.28,"['R', 'AH', 'S', 'AY', 'T', 'AH', 'L']","['R', 'AH', 'S', 'AY', 'T', 'AH', 'L']",NOUN,3,4,"['R', 'AH', 'S', 'AY', 'T', 'AH', 'L']",0,0,0,0,[]
144,topography,RLCL,real,long,complex,1.91e-06,9,3.28,"['T', 'AH', 'P', 'AA', 'G', 'R', 'AH', 'F', 'IY']","['T', 'AH', 'P', 'AA', 'G', 'R', 'AH', 'F', 'IY']",NOUN,4,5,"['T', 'AH', 'P', 'AA', 'G', 'R', 'AH', 'F', 'IY']",0,0,0,0,[]
145,stroking,RLCL,real,long,complex,1.38e-06,7,3.14,"['S', 'T', 'R', 'OW', 'K', 'IH', 'NG']","['S', 'T', 'R', 'OW', 'K', 'IH', 'NG']",VERB,2,5,"['S', 'T', 'R', 'OW', 'K', 'IH', 'NG']",0,0,0,0,[]
146,yellowstone,RLCL,real,long,complex,1.91e-06,8,3.28,"['Y', 'EH', 'L', 'OW', 'S', 'T', 'OW', 'N']","['Y', 'EH', 'L', 'OW', 'S', 'T', 'OW', 'N']",PROPN,3,5,"['Y', 'EH', 'L', 'OW', 'S', 'T', 'OW', 'N']",0,0,0,0,[]
147,dangling,RLCL,real,long,complex,1.95e-06,8,3.29,"['D', 'AE', 'NG', 'G', 'AH', 'L', 'IH', 'NG']","['D', 'AE', 'NG', 'G', 'AH', 'L', 'IH', 'NG']",VERB,3,5,"['D', 'AE', 'NG', 'G', 'AH', 'L', 'IH', 'NG']",0,0,0,0,[]
148,telepathy,RLCL,real,long,complex,7.59e-07,8,2.88,"['T', 'AH', 'L', 'EH', 'P', 'AH', 'TH', 'IY']","['T', 'AH', 'L', 'EH', 'P', 'AH', 'TH', 'IY']",PROPN,4,4,"['T', 'AH', 'L', 'EH', 'P', 'AH', 'TH', 'IY']",0,0,0,0,[]
149,bulldozer,RLCL,real,long,complex,7.59e-07,7,2.88,"['B', 'UH', 'L', 'D', 'OW', 'Z', 'ER']","['B', 'UH', 'L', 'D', 'OW', 'Z', 'ER']",NOUN,3,4,"['B', 'UH', 'L', 'D', 'OW', 'Z', 'ER']",0,0,0,0,[]
150,extortion,RLCL,real,long,complex,1.95e-06,9,3.29,"['IH', 'K', 'S', 'T', 'AO', 'R', 'SH', 'AH', 'N']","['IH', 'K', 'S', 'T', 'AO', 'R', 'SH', 'AH', 'N']",NOUN,3,6,"['IH', 'K', 'S', 'T', 'AO', 'R', 'SH', 'AH', 'N']",0,0,0,0,[]
151,norwegians,RLCL,real,long,complex,7.59e-07,9,2.88,"['N', 'AO', 'R', 'W', 'IY', 'JH', 'AH', 'N', 'Z']","['N', 'AO', 'R', 'W', 'IY', 'JH', 'AH', 'N', 'Z']",PROPN,3,6,"['N', 'AO', 'R', 'W', 'IY', 'JH', 'AH', 'N', 'Z']",0,0,0,0,[]
152,interchange,RLCL,real,long,complex,3.09e-06,8,3.49,"['IH', 'N', 'T', 'ER', 'CH', 'EY', 'N', 'JH']","['IH', 'N', 'T', 'ER', 'CH', 'EY', 'N', 'JH']",VERB,3,5,"['IH', 'N', 'T', 'ER', 'CH', 'EY', 'N', 'JH']",0,0,0,0,[]
153,polynesian,RLCL,real,long,complex,7.94e-07,9,2.9,"['P', 'AA', 'L', 'IH', 'N', 'IY', 'ZH', 'AH', 'N']","['P', 'AA', 'L', 'IH', 'N', 'IY', 'ZH', 'AH', 'N']",ADJ,4,5,"['P', 'AA', 'L', 'IH', 'N', 'IY', 'ZH', 'AH', 'N']",0,0,0,0,[]
154,vindictive,RLCL,real,long,complex,9.55e-07,9,2.98,"['V', 'IH', 'N', 'D', 'IH', 'K', 'T', 'IH', 'V']","['V', 'IH', 'N', 'D', 'IH', 'K', 'T', 'IH', 'V']",ADJ,3,6,"['V', 'IH', 'N', 'D', 'IH', 'K', 'T', 'IH', 'V']",0,0,0,0,[]
155,anaerobic,RLCL,real,long,complex,9.33e-07,7,2.97,"['AE', 'N', 'ER', 'OW', 'B', 'IH', 'K']","['AE', 'N', 'ER', 'OW', 'B', 'IH', 'K']",ADJ,4,3,"['AE', 'N', 'ER', 'OW', 'B', 'IH', 'K']",0,0,0,0,[]
156,psychopathic,RLCL,real,long,complex,7.94e-07,9,2.9,"['S', 'AY', 'K', 'AH', 'P', 'AE', 'TH', 'IH', 'K']","['S', 'AY', 'K', 'AH', 'P', 'AE', 'TH', 'IH', 'K']",ADJ,4,5,"['S', 'AY', 'K', 'AH', 'P', 'AE', 'TH', 'IH', 'K']",0,0,0,0,[]
157,footprints,RLCL,real,long,complex,1.95e-06,9,3.29,"['F', 'UH', 'T', 'P', 'R', 'IH', 'N', 'T', 'S']","['F', 'UH', 'T', 'P', 'R', 'IH', 'N', 'T', 'S']",NOUN,2,7,"['F', 'UH', 'T', 'P', 'R', 'IH', 'N', 'T', 'S']",0,0,0,0,[]
158,cynicism,RLCL,real,long,complex,1.35e-06,9,3.13,"['S', 'IH', 'N', 'IH', 'S', 'IH', 'Z', 'AH', 'M']","['S', 'IH', 'N', 'IH', 'S', 'IH', 'Z', 'AH', 'M']",NOUN,4,5,"['S', 'IH', 'N', 'IH', 'S', 'IH', 'Z', 'AH', 'M']",0,0,0,0,[]
159,specialize,RLCL,real,long,complex,1.91e-06,8,3.28,"['S', 'P', 'EH', 'SH', 'AH', 'L', 'AY', 'Z']","['S', 'P', 'EH', 'SH', 'AH', 'L', 'AY', 'Z']",VERB,3,5,"['S', 'P', 'EH', 'SH', 'AH', 'L', 'AY', 'Z']",0,0,0,0,[]
160,pretext,RLCL,real,long,complex,1.86e-06,8,3.27,"['P', 'R', 'IY', 'T', 'EH', 'K', 'S', 'T']","['P', 'R', 'IY', 'T', 'EH', 'K', 'S', 'T']",NOUN,2,6,"['P', 'R', 'IY', 'T', 'EH', 'K', 'S', 'T']",0,0,0,0,[]
161,blasted,RLCL,real,long,complex,3.09e-06,7,3.49,"['B', 'L', 'AE', 'S', 'T', 'AH', 'D']","['B', 'L', 'AE', 'S', 'T', 'AH', 'D']",VERB,2,5,"['B', 'L', 'AE', 'S', 'T', 'AH', 'D']",0,0,0,0,[]
162,unisex,RLCL,real,long,complex,1e-06,8,3.0,"['Y', 'UW', 'N', 'IH', 'S', 'EH', 'K', 'S']","['Y', 'UW', 'N', 'IH', 'S', 'EH', 'K', 'S']",NOUN,3,5,"['Y', 'UW', 'N', 'IH', 'S', 'EH', 'K', 'S']",0,0,0,0,[]
163,sculptural,RLCL,real,long,complex,7.94e-07,9,2.9,"['S', 'K', 'AH', 'L', 'P', 'CH', 'ER', 'AH', 'L']","['S', 'K', 'AH', 'L', 'P', 'CH', 'ER', 'AH', 'L']",ADJ,3,6,"['S', 'K', 'AH', 'L', 'P', 'CH', 'ER', 'AH', 'L']",0,0,0,0,[]
164,virulent,RLCL,real,long,complex,7.59e-07,8,2.88,"['V', 'IH', 'R', 'AH', 'L', 'AH', 'N', 'T']","['V', 'IH', 'R', 'AH', 'L', 'AH', 'N', 'T']",ADJ,3,5,"['V', 'IH', 'R', 'AH', 'L', 'AH', 'N', 'T']",0,0,0,0,[]
165,upheaval,RLCL,real,long,complex,1.35e-06,7,3.13,"['AH', 'P', 'HH', 'IY', 'V', 'AH', 'L']","['AH', 'P', 'HH', 'IY', 'V', 'AH', 'L']",NOUN,3,4,"['AH', 'P', 'HH', 'IY', 'V', 'AH', 'L']",0,0,0,0,[]
166,epicenter,RLCL,real,long,complex,7.94e-07,8,2.9,"['EH', 'P', 'AH', 'S', 'EH', 'N', 'T', 'ER']","['EH', 'P', 'AH', 'S', 'EH', 'N', 'T', 'ER']",NOUN,4,4,"['EH', 'P', 'AH', 'S', 'EH', 'N', 'T', 'ER']",0,0,0,0,[]
167,obedience,RLCL,real,long,complex,3.16e-06,8,3.5,"['OW', 'B', 'IY', 'D', 'IY', 'AH', 'N', 'S']","['OW', 'B', 'IY', 'D', 'IY', 'AH', 'N', 'S']",NOUN,4,4,"['OW', 'B', 'IY', 'D', 'IY', 'AH', 'N', 'S']",0,0,0,0,[]
168,tunneling,RLCL,real,long,complex,7.94e-07,7,2.9,"['T', 'AH', 'N', 'AH', 'L', 'IH', 'NG']","['T', 'AH', 'N', 'AH', 'L', 'IH', 'NG']",VERB,3,4,"['T', 'AH', 'N', 'AH', 'L', 'IH', 'NG']",0,0,0,0,[]
169,markedly,RLCL,real,long,complex,1.95e-06,8,3.29,"['M', 'AA', 'R', 'K', 'AH', 'D', 'L', 'IY']","['M', 'AA', 'R', 'K', 'AH', 'D', 'L', 'IY']",ADV,3,5,"['M', 'AA', 'R', 'K', 'AH', 'D', 'L', 'IY']",0,0,0,0,[]
170,hinduism,RLCL,real,long,complex,1.86e-06,9,3.27,"['HH', 'IH', 'N', 'JH', 'UW', 'IH', 'Z', 'AH', 'M']","['HH', 'IH', 'N', 'JH', 'UW', 'IH', 'Z', 'AH', 'M']",NOUN,4,5,"['HH', 'IH', 'N', 'JH', 'UW', 'IH', 'Z', 'AH', 'M']",0,0,0,0,[]
171,agonizing,RLCL,real,long,complex,9.77e-07,8,2.99,"['AE', 'G', 'AH', 'N', 'AY', 'Z', 'IH', 'NG']","['AE', 'G', 'AH', 'N', 'AY', 'Z', 'IH', 'NG']",VERB,4,4,"['AE', 'G', 'AH', 'N', 'AY', 'Z', 'IH', 'NG']",0,0,0,0,[]
172,trampoline,RLCL,real,long,complex,1.38e-06,9,3.14,"['T', 'R', 'AE', 'M', 'P', 'AH', 'L', 'IY', 'N']","['T', 'R', 'AE', 'M', 'P', 'AH', 'L', 'IY', 'N']",NOUN,3,6,"['T', 'R', 'AE', 'M', 'P', 'AH', 'L', 'IY', 'N']",0,0,0,0,[]
173,barbarian,RLCL,real,long,complex,1.91e-06,9,3.28,"['B', 'AA', 'R', 'B', 'EH', 'R', 'IY', 'AH', 'N']","['B', 'AA', 'R', 'B', 'EH', 'R', 'IY', 'AH', 'N']",ADJ,4,5,"['B', 'AA', 'R', 'B', 'EH', 'R', 'IY', 'AH', 'N']",0,0,0,0,[]
174,ancestry,RLCL,real,long,complex,3.16e-06,8,3.5,"['AE', 'N', 'S', 'EH', 'S', 'T', 'R', 'IY']","['AE', 'N', 'S', 'EH', 'S', 'T', 'R', 'IY']",NOUN,3,5,"['AE', 'N', 'S', 'EH', 'S', 'T', 'R', 'IY']",0,0,0,0,[]
175,traveller,RLCL,real,long,complex,3.09e-06,7,3.49,"['T', 'R', 'AE', 'V', 'AH', 'L', 'ER']","['T', 'R', 'AE', 'V', 'AH', 'L', 'ER']",NOUN,3,4,"['T', 'R', 'AE', 'V', 'AH', 'L', 'ER']",0,0,0,0,[]
176,egyptians,RLCL,real,long,complex,3.09e-06,8,3.49,"['IH', 'JH', 'IH', 'P', 'SH', 'AH', 'N', 'Z']","['IH', 'JH', 'IH', 'P', 'SH', 'AH', 'N', 'Z']",PROPN,3,5,"['IH', 'JH', 'IH', 'P', 'SH', 'AH', 'N', 'Z']",0,0,0,0,[]
177,correspond,RLCL,real,long,complex,3.16e-06,9,3.5,"['K', 'AO', 'R', 'AH', 'S', 'P', 'AA', 'N', 'D']","['K', 'AO', 'R', 'AH', 'S', 'P', 'AA', 'N', 'D']",VERB,3,6,"['K', 'AO', 'R', 'AH', 'S', 'P', 'AA', 'N', 'D']",0,0,0,0,[]
178,immaterial,RLCL,real,long,complex,7.76e-07,9,2.89,"['IH', 'M', 'AH', 'T', 'IH', 'R', 'IY', 'AH', 'L']","['IH', 'M', 'AH', 'T', 'IH', 'R', 'IY', 'AH', 'L']",ADJ,5,4,"['IH', 'M', 'AH', 'T', 'IH', 'R', 'IY', 'AH', 'L']",0,0,0,0,[]
179,untimely,RLCL,real,long,complex,1.32e-06,7,3.12,"['AH', 'N', 'T', 'AY', 'M', 'L', 'IY']","['AH', 'N', 'T', 'AY', 'M', 'L', 'IY']",ADJ,3,4,"['AH', 'N', 'T', 'AY', 'M', 'L', 'IY']",0,0,0,0,[]
180,caloric,RLCL,real,long,complex,9.55e-07,7,2.98,"['K', 'AH', 'L', 'AO', 'R', 'IH', 'K']","['K', 'AH', 'L', 'AO', 'R', 'IH', 'K']",ADJ,3,4,"['K', 'AH', 'L', 'AO', 'R', 'IH', 'K']",0,0,0,0,[]
181,mindful,RLCL,real,long,complex,3.09e-06,7,3.49,"['M', 'AY', 'N', 'D', 'F', 'AH', 'L']","['M', 'AY', 'N', 'D', 'F', 'AH', 'L']",ADJ,2,5,"['M', 'AY', 'N', 'D', 'F', 'AH', 'L']",0,0,0,0,[]
182,fisherman,RLCL,real,long,complex,3.09e-06,7,3.49,"['F', 'IH', 'SH', 'ER', 'M', 'AE', 'N']","['F', 'IH', 'SH', 'ER', 'M', 'AE', 'N']",NOUN,3,4,"['F', 'IH', 'SH', 'ER', 'M', 'AE', 'N']",0,0,0,0,[]
183,faithfully,RLCL,real,long,complex,1.86e-06,7,3.27,"['F', 'EY', 'TH', 'F', 'AH', 'L', 'IY']","['F', 'EY', 'TH', 'F', 'AH', 'L', 'IY']",ADV,3,4,"['F', 'EY', 'TH', 'F', 'AH', 'L', 'IY']",0,0,0,0,[]
184,bartender,RLCL,real,long,complex,3.16e-06,8,3.5,"['B', 'AA', 'R', 'T', 'EH', 'N', 'D', 'ER']","['B', 'AA', 'R', 'T', 'EH', 'N', 'D', 'ER']",NOUN,3,5,"['B', 'AA', 'R', 'T', 'EH', 'N', 'D', 'ER']",0,0,0,0,[]
185,reopened,RLCL,real,long,complex,3.09e-06,7,3.49,"['R', 'IY', 'OW', 'P', 'AH', 'N', 'D']","['R', 'IY', 'OW', 'P', 'AH', 'N', 'D']",VERB,3,4,"['R', 'IY', 'OW', 'P', 'AH', 'N', 'D']",0,0,0,0,[]
186,parentheses,RLCL,real,long,complex,1.35e-06,9,3.13,"['P', 'ER', 'EH', 'N', 'TH', 'AH', 'S', 'IY', 'Z']","['P', 'ER', 'EH', 'N', 'TH', 'AH', 'S', 'IY', 'Z']",NOUN,4,5,"['P', 'ER', 'EH', 'N', 'TH', 'AH', 'S', 'IY', 'Z']",0,0,0,0,[]
187,subculture,RLCL,real,long,complex,9.55e-07,8,2.98,"['S', 'AH', 'B', 'K', 'AH', 'L', 'CH', 'ER']","['S', 'AH', 'B', 'K', 'AH', 'L', 'CH', 'ER']",NOUN,3,5,"['S', 'AH', 'B', 'K', 'AH', 'L', 'CH', 'ER']",0,0,0,0,[]
188,adapting,RLCL,real,long,complex,3.16e-06,7,3.5,"['AH', 'D', 'AE', 'P', 'T', 'IH', 'NG']","['AH', 'D', 'AE', 'P', 'T', 'IH', 'NG']",VERB,3,4,"['AH', 'D', 'AE', 'P', 'T', 'IH', 'NG']",0,0,0,0,[]
189,liberia,RLCL,real,long,complex,3.16e-06,7,3.5,"['L', 'AY', 'B', 'IH', 'R', 'IY', 'AH']","['L', 'AY', 'B', 'IH', 'R', 'IY', 'AH']",PROPN,4,3,"['L', 'AY', 'B', 'IH', 'R', 'IY', 'AH']",0,0,0,0,[]
190,coincide,RLCL,real,long,complex,3.09e-06,7,3.49,"['K', 'OW', 'IH', 'N', 'S', 'AY', 'D']","['K', 'OW', 'IH', 'N', 'S', 'AY', 'D']",VERB,3,4,"['K', 'OW', 'IH', 'N', 'S', 'AY', 'D']",0,0,0,0,[]
191,westside,RLCL,real,long,complex,1e-06,7,3.0,"['W', 'EH', 'S', 'T', 'S', 'AY', 'D']","['W', 'EH', 'S', 'T', 'S', 'AY', 'D']",NOUN,2,5,"['W', 'EH', 'S', 'T', 'S', 'AY', 'D']",0,0,0,0,[]
192,homophobic,RLCL,real,long,complex,3.16e-06,9,3.5,"['HH', 'OW', 'M', 'AH', 'F', 'OW', 'B', 'IH', 'K']","['HH', 'OW', 'M', 'AH', 'F', 'OW', 'B', 'IH', 'K']",ADJ,4,5,"['HH', 'OW', 'M', 'AH', 'F', 'OW', 'B', 'IH', 'K']",0,0,0,0,[]
193,consular,RLCL,real,long,complex,1.95e-06,7,3.29,"['K', 'AA', 'N', 'S', 'AH', 'L', 'ER']","['K', 'AA', 'N', 'S', 'AH', 'L', 'ER']",ADJ,3,4,"['K', 'AA', 'N', 'S', 'AH', 'L', 'ER']",0,0,0,0,[]
194,suspicions,RLCL,real,long,complex,3.09e-06,9,3.49,"['S', 'AH', 'S', 'P', 'IH', 'SH', 'AH', 'N', 'Z']","['S', 'AH', 'S', 'P', 'IH', 'SH', 'AH', 'N', 'Z']",NOUN,3,6,"['S', 'AH', 'S', 'P', 'IH', 'SH', 'AH', 'N', 'Z']",0,0,0,0,[]
195,pendulum,RLCL,real,long,complex,1.86e-06,8,3.27,"['P', 'EH', 'N', 'JH', 'AH', 'L', 'AH', 'M']","['P', 'EH', 'N', 'JH', 'AH', 'L', 'AH', 'M']",NOUN,3,5,"['P', 'EH', 'N', 'JH', 'AH', 'L', 'AH', 'M']",0,0,0,0,[]
196,archival,RLCL,real,long,complex,1.91e-06,7,3.28,"['AA', 'R', 'K', 'AY', 'V', 'AH', 'L']","['AA', 'R', 'K', 'AY', 'V', 'AH', 'L']",ADJ,3,4,"['AA', 'R', 'K', 'AY', 'V', 'AH', 'L']",0,0,0,0,[]
197,steadfast,RLCL,real,long,complex,1.38e-06,8,3.14,"['S', 'T', 'EH', 'D', 'F', 'AE', 'S', 'T']","['S', 'T', 'EH', 'D', 'F', 'AE', 'S', 'T']",ADJ,2,6,"['S', 'T', 'EH', 'D', 'F', 'AE', 'S', 'T']",0,0,0,0,[]
198,goldberg,RLCL,real,long,complex,3.16e-06,7,3.5,"['G', 'OW', 'L', 'D', 'B', 'ER', 'G']","['G', 'OW', 'L', 'D', 'B', 'ER', 'G']",PROPN,2,5,"['G', 'OW', 'L', 'D', 'B', 'ER', 'G']",0,0,0,0,[]
199,mediator,RLCL,real,long,complex,1.95e-06,7,3.29,"['M', 'IY', 'D', 'IY', 'EY', 'T', 'ER']","['M', 'IY', 'D', 'IY', 'EY', 'T', 'ER']",NOUN,4,3,"['M', 'IY', 'D', 'IY', 'EY', 'T', 'ER']",0,0,0,0,[]
200,contact,RLSH,real,long,simple,9.77e-05,7,4.99,"['K', 'AA', 'N', 'T', 'AE', 'K', 'T']","['K', 'AA', 'N', 'T', 'AE', 'K', 'T']",NOUN,2,5,"['K', 'AA', 'N', 'T', 'AE', 'K', 'T']",0,0,0,0,[]
201,concept,RLSH,real,long,simple,5.89e-05,7,4.77,"['K', 'AA', 'N', 'S', 'EH', 'P', 'T']","['K', 'AA', 'N', 'S', 'EH', 'P', 'T']",NOUN,2,5,"['K', 'AA', 'N', 'S', 'EH', 'P', 'T']",0,0,0,0,[]
202,funeral,RLSH,real,long,simple,2.34e-05,7,4.37,"['F', 'Y', 'UW', 'N', 'ER', 'AH', 'L']","['F', 'Y', 'UW', 'N', 'ER', 'AH', 'L']",NOUN,3,4,"['F', 'Y', 'UW', 'N', 'ER', 'AH', 'L']",0,0,0,0,[]
203,marijuana,RLSH,real,long,simple,1.58e-05,8,4.2,"['M', 'EH', 'R', 'AH', 'W', 'AA', 'N', 'AH']","['M', 'EH', 'R', 'AH', 'W', 'AA', 'N', 'AH']",NOUN,4,4,"['M', 'EH', 'R', 'AH', 'W', 'AA', 'N', 'AH']",0,0,0,0,[]
204,clinton,RLSH,real,long,simple,3.72e-05,7,4.57,"['K', 'L', 'IH', 'N', 'T', 'AH', 'N']","['K', 'L', 'IH', 'N', 'T', 'AH', 'N']",PROPN,2,5,"['K', 'L', 'IH', 'N', 'T', 'AH', 'N']",0,0,0,0,[]
205,strategy,RLSH,real,long,simple,5.5e-05,8,4.74,"['S', 'T', 'R', 'AE', 'T', 'AH', 'JH', 'IY']","['S', 'T', 'R', 'AE', 'T', 'AH', 'JH', 'IY']",NOUN,3,5,"['S', 'T', 'R', 'AE', 'T', 'AH', 'JH', 'IY']",0,0,0,0,[]
206,husband,RLSH,real,long,simple,0.0001,7,5.0,"['HH', 'AH', 'Z', 'B', 'AH', 'N', 'D']","['HH', 'AH', 'Z', 'B', 'AH', 'N', 'D']",NOUN,2,5,"['HH', 'AH', 'Z', 'B', 'AH', 'N', 'D']",0,0,0,0,[]
207,washington,RLSH,real,long,simple,0.00012,8,5.08,"['W', 'AA', 'SH', 'IH', 'NG', 'T', 'AH', 'N']","['W', 'AA', 'SH', 'IH', 'NG', 'T', 'AH', 'N']",PROPN,3,5,"['W', 'AA', 'SH', 'IH', 'NG', 'T', 'AH', 'N']",0,0,0,0,[]
208,ultimate,RLSH,real,long,simple,3.39e-05,7,4.53,"['AH', 'L', 'T', 'AH', 'M', 'AH', 'T']","['AH', 'L', 'T', 'AH', 'M', 'AH', 'T']",ADJ,3,4,"['AH', 'L', 'T', 'AH', 'M', 'AH', 'T']",0,0,0,0,[]
209,domestic,RLSH,real,long,simple,4.9e-05,8,4.69,"['D', 'AH', 'M', 'EH', 'S', 'T', 'IH', 'K']","['D', 'AH', 'M', 'EH', 'S', 'T', 'IH', 'K']",ADJ,3,5,"['D', 'AH', 'M', 'EH', 'S', 'T', 'IH', 'K']",0,0,0,0,[]
210,arsenal,RLSH,real,long,simple,2.04e-05,7,4.31,"['AA', 'R', 'S', 'AH', 'N', 'AH', 'L']","['AA', 'R', 'S', 'AH', 'N', 'AH', 'L']",ADJ,3,4,"['AA', 'R', 'S', 'AH', 'N', 'AH', 'L']",0,0,0,0,[]
211,lieutenant,RLSH,real,long,simple,2.75e-05,8,4.44,"['L', 'UW', 'T', 'EH', 'N', 'AH', 'N', 'T']","['L', 'UW', 'T', 'EH', 'N', 'AH', 'N', 'T']",NOUN,3,5,"['L', 'UW', 'T', 'EH', 'N', 'AH', 'N', 'T']",0,0,0,0,[]
212,present,RLSH,real,long,simple,0.000151,7,5.18,"['P', 'R', 'EH', 'Z', 'AH', 'N', 'T']","['P', 'R', 'EH', 'Z', 'AH', 'N', 'T']",VERB,2,5,"['P', 'R', 'EH', 'Z', 'AH', 'N', 'T']",0,0,0,0,[]
213,element,RLSH,real,long,simple,2.88e-05,7,4.46,"['EH', 'L', 'AH', 'M', 'AH', 'N', 'T']","['EH', 'L', 'AH', 'M', 'AH', 'N', 'T']",NOUN,3,4,"['EH', 'L', 'AH', 'M', 'AH', 'N', 'T']",0,0,0,0,[]
214,instance,RLSH,real,long,simple,3.89e-05,7,4.59,"['IH', 'N', 'S', 'T', 'AH', 'N', 'S']","['IH', 'N', 'S', 'T', 'AH', 'N', 'S']",NOUN,2,5,"['IH', 'N', 'S', 'T', 'AH', 'N', 'S']",0,0,0,0,[]
215,sentence,RLSH,real,long,simple,3.8e-05,7,4.58,"['S', 'EH', 'N', 'T', 'AH', 'N', 'S']","['S', 'EH', 'N', 'T', 'AH', 'N', 'S']",NOUN,2,5,"['S', 'EH', 'N', 'T', 'AH', 'N', 'S']",0,0,0,0,[]
216,vulnerable,RLSH,real,long,simple,1.62e-05,9,4.21,"['V', 'AH', 'L', 'N', 'ER', 'AH', 'B', 'AH', 'L']","['V', 'AH', 'L', 'N', 'ER', 'AH', 'B', 'AH', 'L']",ADJ,4,5,"['V', 'AH', 'L', 'N', 'ER', 'AH', 'B', 'AH', 'L']",0,0,0,0,[]
217,implement,RLSH,real,long,simple,1.58e-05,9,4.2,"['IH', 'M', 'P', 'L', 'AH', 'M', 'AH', 'N', 'T']","['IH', 'M', 'P', 'L', 'AH', 'M', 'AH', 'N', 'T']",VERB,3,6,"['IH', 'M', 'P', 'L', 'AH', 'M', 'AH', 'N', 'T']",0,0,0,0,[]
218,galaxy,RLSH,real,long,simple,1.91e-05,7,4.28,"['G', 'AE', 'L', 'AH', 'K', 'S', 'IY']","['G', 'AE', 'L', 'AH', 'K', 'S', 'IY']",NOUN,3,4,"['G', 'AE', 'L', 'AH', 'K', 'S', 'IY']",0,0,0,0,[]
219,museum,RLSH,real,long,simple,5.13e-05,7,4.71,"['M', 'Y', 'UW', 'Z', 'IY', 'AH', 'M']","['M', 'Y', 'UW', 'Z', 'IY', 'AH', 'M']",NOUN,3,4,"['M', 'Y', 'UW', 'Z', 'IY', 'AH', 'M']",0,0,0,0,[]
220,economy,RLSH,real,long,simple,7.41e-05,7,4.87,"['IH', 'K', 'AA', 'N', 'AH', 'M', 'IY']","['IH', 'K', 'AA', 'N', 'AH', 'M', 'IY']",NOUN,4,3,"['IH', 'K', 'AA', 'N', 'AH', 'M', 'IY']",0,0,0,0,[]
221,ordinary,RLSH,real,long,simple,2.63e-05,8,4.42,"['AO', 'R', 'D', 'AH', 'N', 'EH', 'R', 'IY']","['AO', 'R', 'D', 'AH', 'N', 'EH', 'R', 'IY']",ADJ,4,4,"['AO', 'R', 'D', 'AH', 'N', 'EH', 'R', 'IY']",0,0,0,0,[]
222,suspect,RLSH,real,long,simple,3.24e-05,7,4.51,"['S', 'AH', 'S', 'P', 'EH', 'K', 'T']","['S', 'AH', 'S', 'P', 'EH', 'K', 'T']",VERB,2,5,"['S', 'AH', 'S', 'P', 'EH', 'K', 'T']",0,0,0,0,[]
223,principle,RLSH,real,long,simple,2.19e-05,9,4.34,"['P', 'R', 'IH', 'N', 'S', 'AH', 'P', 'AH', 'L']","['P', 'R', 'IH', 'N', 'S', 'AH', 'P', 'AH', 'L']",NOUN,3,6,"['P', 'R', 'IH', 'N', 'S', 'AH', 'P', 'AH', 'L']",0,0,0,0,[]
224,consider,RLSH,real,long,simple,9.77e-05,7,4.99,"['K', 'AH', 'N', 'S', 'IH', 'D', 'ER']","['K', 'AH', 'N', 'S', 'IH', 'D', 'ER']",VERB,3,4,"['K', 'AH', 'N', 'S', 'IH', 'D', 'ER']",0,0,0,0,[]
225,usual,RLSH,real,long,simple,4.17e-05,7,4.62,"['Y', 'UW', 'ZH', 'AH', 'W', 'AH', 'L']","['Y', 'UW', 'ZH', 'AH', 'W', 'AH', 'L']",ADJ,3,4,"['Y', 'UW', 'ZH', 'AH', 'W', 'AH', 'L']",0,0,0,0,[]
226,concrete,RLSH,real,long,simple,2.75e-05,7,4.44,"['K', 'AH', 'N', 'K', 'R', 'IY', 'T']","['K', 'AH', 'N', 'K', 'R', 'IY', 'T']",NOUN,2,5,"['K', 'AH', 'N', 'K', 'R', 'IY', 'T']",0,0,0,0,[]
227,possible,RLSH,real,long,simple,0.000229,7,5.36,"['P', 'AA', 'S', 'AH', 'B', 'AH', 'L']","['P', 'AA', 'S', 'AH', 'B', 'AH', 'L']",ADJ,3,4,"['P', 'AA', 'S', 'AH', 'B', 'AH', 'L']",0,0,0,0,[]
228,expense,RLSH,real,long,simple,1.7e-05,7,4.23,"['IH', 'K', 'S', 'P', 'EH', 'N', 'S']","['IH', 'K', 'S', 'P', 'EH', 'N', 'S']",NOUN,2,5,"['IH', 'K', 'S', 'P', 'EH', 'N', 'S']",0,0,0,0,[]
229,manual,RLSH,real,long,simple,2.09e-05,7,4.32,"['M', 'AE', 'N', 'Y', 'UW', 'AH', 'L']","['M', 'AE', 'N', 'Y', 'UW', 'AH', 'L']",ADJ,3,4,"['M', 'AE', 'N', 'Y', 'UW', 'AH', 'L']",0,0,0,0,[]
230,wisconsin,RLSH,real,long,simple,2.29e-05,9,4.36,"['W', 'IH', 'S', 'K', 'AA', 'N', 'S', 'AH', 'N']","['W', 'IH', 'S', 'K', 'AA', 'N', 'S', 'AH', 'N']",PROPN,3,6,"['W', 'IH', 'S', 'K', 'AA', 'N', 'S', 'AH', 'N']",0,0,0,0,[]
231,oxygen,RLSH,real,long,simple,1.78e-05,7,4.25,"['AA', 'K', 'S', 'AH', 'JH', 'AH', 'N']","['AA', 'K', 'S', 'AH', 'JH', 'AH', 'N']",NOUN,3,4,"['AA', 'K', 'S', 'AH', 'JH', 'AH', 'N']",0,0,0,0,[]
232,advocate,RLSH,real,long,simple,1.62e-05,7,4.21,"['AE', 'D', 'V', 'AH', 'K', 'AH', 'T']","['AE', 'D', 'V', 'AH', 'K', 'AH', 'T']",VERB,3,4,"['AE', 'D', 'V', 'AH', 'K', 'AH', 'T']",0,0,0,0,[]
233,attention,RLSH,real,long,simple,0.000129,7,5.11,"['AH', 'T', 'EH', 'N', 'SH', 'AH', 'N']","['AH', 'T', 'EH', 'N', 'SH', 'AH', 'N']",NOUN,3,4,"['AH', 'T', 'EH', 'N', 'SH', 'AH', 'N']",0,0,0,0,[]
234,genuine,RLSH,real,long,simple,2.34e-05,8,4.37,"['JH', 'EH', 'N', 'Y', 'AH', 'W', 'AH', 'N']","['JH', 'EH', 'N', 'Y', 'AH', 'W', 'AH', 'N']",ADJ,3,5,"['JH', 'EH', 'N', 'Y', 'AH', 'W', 'AH', 'N']",0,0,0,0,[]
235,important,RLSH,real,long,simple,0.000275,9,5.44,"['IH', 'M', 'P', 'AO', 'R', 'T', 'AH', 'N', 'T']","['IH', 'M', 'P', 'AO', 'R', 'T', 'AH', 'N', 'T']",ADJ,3,6,"['IH', 'M', 'P', 'AO', 'R', 'T', 'AH', 'N', 'T']",0,0,0,0,[]
236,volunteer,RLSH,real,long,simple,1.91e-05,8,4.28,"['V', 'AA', 'L', 'AH', 'N', 'T', 'IH', 'R']","['V', 'AA', 'L', 'AH', 'N', 'T', 'IH', 'R']",NOUN,3,5,"['V', 'AA', 'L', 'AH', 'N', 'T', 'IH', 'R']",0,0,0,0,[]
237,apparent,RLSH,real,long,simple,2.09e-05,7,4.32,"['AH', 'P', 'EH', 'R', 'AH', 'N', 'T']","['AH', 'P', 'EH', 'R', 'AH', 'N', 'T']",ADJ,3,4,"['AH', 'P', 'EH', 'R', 'AH', 'N', 'T']",0,0,0,0,[]
238,anniversary,RLSH,real,long,simple,3.39e-05,8,4.53,"['AE', 'N', 'AH', 'V', 'ER', 'S', 'ER', 'IY']","['AE', 'N', 'AH', 'V', 'ER', 'S', 'ER', 'IY']",NOUN,5,3,"['AE', 'N', 'AH', 'V', 'ER', 'S', 'ER', 'IY']",0,0,0,0,[]
239,respect,RLSH,real,long,simple,0.000107,7,5.03,"['R', 'IH', 'S', 'P', 'EH', 'K', 'T']","['R', 'IH', 'S', 'P', 'EH', 'K', 'T']",NOUN,2,5,"['R', 'IH', 'S', 'P', 'EH', 'K', 'T']",0,0,0,0,[]
240,faculty,RLSH,real,long,simple,2.09e-05,7,4.32,"['F', 'AE', 'K', 'AH', 'L', 'T', 'IY']","['F', 'AE', 'K', 'AH', 'L', 'T', 'IY']",NOUN,3,4,"['F', 'AE', 'K', 'AH', 'L', 'T', 'IY']",0,0,0,0,[]
241,efficient,RLSH,real,long,simple,2.63e-05,7,4.42,"['IH', 'F', 'IH', 'SH', 'AH', 'N', 'T']","['IH', 'F', 'IH', 'SH', 'AH', 'N', 'T']",ADJ,3,4,"['IH', 'F', 'IH', 'SH', 'AH', 'N', 'T']",0,0,0,0,[]
242,curious,RLSH,real,long,simple,2.82e-05,7,4.45,"['K', 'Y', 'UH', 'R', 'IY', 'AH', 'S']","['K', 'Y', 'UH', 'R', 'IY', 'AH', 'S']",ADJ,3,4,"['K', 'Y', 'UH', 'R', 'IY', 'AH', 'S']",0,0,0,0,[]
243,interest,RLSH,real,long,simple,0.000148,7,5.17,"['IH', 'N', 'T', 'R', 'AH', 'S', 'T']","['IH', 'N', 'T', 'R', 'AH', 'S', 'T']",NOUN,2,5,"['IH', 'N', 'T', 'R', 'AH', 'S', 'T']",0,0,0,0,[]
244,position,RLSH,real,long,simple,0.000162,7,5.21,"['P', 'AH', 'Z', 'IH', 'SH', 'AH', 'N']","['P', 'AH', 'Z', 'IH', 'SH', 'AH', 'N']",NOUN,3,4,"['P', 'AH', 'Z', 'IH', 'SH', 'AH', 'N']",0,0,0,0,[]
245,estimate,RLSH,real,long,simple,1.95e-05,7,4.29,"['EH', 'S', 'T', 'AH', 'M', 'AH', 'T']","['EH', 'S', 'T', 'AH', 'M', 'AH', 'T']",VERB,3,4,"['EH', 'S', 'T', 'AH', 'M', 'AH', 'T']",0,0,0,0,[]
246,pregnant,RLSH,real,long,simple,3.63e-05,8,4.56,"['P', 'R', 'EH', 'G', 'N', 'AH', 'N', 'T']","['P', 'R', 'EH', 'G', 'N', 'AH', 'N', 'T']",ADJ,2,6,"['P', 'R', 'EH', 'G', 'N', 'AH', 'N', 'T']",0,0,0,0,[]
247,conflict,RLSH,real,long,simple,4.37e-05,8,4.64,"['K', 'AA', 'N', 'F', 'L', 'IH', 'K', 'T']","['K', 'AA', 'N', 'F', 'L', 'IH', 'K', 'T']",NOUN,2,6,"['K', 'AA', 'N', 'F', 'L', 'IH', 'K', 'T']",0,0,0,0,[]
248,academy,RLSH,real,long,simple,3.72e-05,7,4.57,"['AH', 'K', 'AE', 'D', 'AH', 'M', 'IY']","['AH', 'K', 'AE', 'D', 'AH', 'M', 'IY']",NOUN,4,3,"['AH', 'K', 'AE', 'D', 'AH', 'M', 'IY']",0,0,0,0,[]
249,innocent,RLSH,real,long,simple,2.82e-05,7,4.45,"['IH', 'N', 'AH', 'S', 'AH', 'N', 'T']","['IH', 'N', 'AH', 'S', 'AH', 'N', 'T']",ADJ,3,4,"['IH', 'N', 'AH', 'S', 'AH', 'N', 'T']",0,0,0,0,[]
250,houston,RLSH,real,long,simple,2.63e-05,7,4.42,"['HH', 'Y', 'UW', 'S', 'T', 'AH', 'N']","['HH', 'Y', 'UW', 'S', 'T', 'AH', 'N']",PROPN,2,5,"['HH', 'Y', 'UW', 'S', 'T', 'AH', 'N']",0,0,0,0,[]
251,vehicle,RLSH,real,long,simple,5.75e-05,7,4.76,"['V', 'IY', 'HH', 'IH', 'K', 'AH', 'L']","['V', 'IY', 'HH', 'IH', 'K', 'AH', 'L']",NOUN,3,4,"['V', 'IY', 'HH', 'IH', 'K', 'AH', 'L']",0,0,0,0,[]
252,category,RLSH,real,long,simple,3.72e-05,8,4.57,"['K', 'AE', 'T', 'AH', 'G', 'AO', 'R', 'IY']","['K', 'AE', 'T', 'AH', 'G', 'AO', 'R', 'IY']",NOUN,4,4,"['K', 'AE', 'T', 'AH', 'G', 'AO', 'R', 'IY']",0,0,0,0,[]
253,stadium,RLSH,real,long,simple,4.27e-05,7,4.63,"['S', 'T', 'EY', 'D', 'IY', 'AH', 'M']","['S', 'T', 'EY', 'D', 'IY', 'AH', 'M']",NOUN,3,4,"['S', 'T', 'EY', 'D', 'IY', 'AH', 'M']",0,0,0,0,[]
254,violent,RLSH,real,long,simple,2.88e-05,7,4.46,"['V', 'AY', 'AH', 'L', 'AH', 'N', 'T']","['V', 'AY', 'AH', 'L', 'AH', 'N', 'T']",ADJ,3,4,"['V', 'AY', 'AH', 'L', 'AH', 'N', 'T']",0,0,0,0,[]
255,struggle,RLSH,real,long,simple,4.17e-05,7,4.62,"['S', 'T', 'R', 'AH', 'G', 'AH', 'L']","['S', 'T', 'R', 'AH', 'G', 'AH', 'L']",VERB,2,5,"['S', 'T', 'R', 'AH', 'G', 'AH', 'L']",0,0,0,0,[]
256,respond,RLSH,real,long,simple,3.39e-05,7,4.53,"['R', 'IH', 'S', 'P', 'AA', 'N', 'D']","['R', 'IH', 'S', 'P', 'AA', 'N', 'D']",VERB,2,5,"['R', 'IH', 'S', 'P', 'AA', 'N', 'D']",0,0,0,0,[]
257,register,RLSH,real,long,simple,3.89e-05,7,4.59,"['R', 'EH', 'JH', 'IH', 'S', 'T', 'ER']","['R', 'EH', 'JH', 'IH', 'S', 'T', 'ER']",VERB,3,4,"['R', 'EH', 'JH', 'IH', 'S', 'T', 'ER']",0,0,0,0,[]
258,mutual,RLSH,real,long,simple,1.82e-05,8,4.26,"['M', 'Y', 'UW', 'CH', 'AH', 'W', 'AH', 'L']","['M', 'Y', 'UW', 'CH', 'AH', 'W', 'AH', 'L']",ADJ,3,5,"['M', 'Y', 'UW', 'CH', 'AH', 'W', 'AH', 'L']",0,0,0,0,[]
259,hospital,RLSH,real,long,simple,0.000117,8,5.07,"['HH', 'AA', 'S', 'P', 'IH', 'T', 'AH', 'L']","['HH', 'AA', 'S', 'P', 'IH', 'T', 'AH', 'L']",NOUN,3,5,"['HH', 'AA', 'S', 'P', 'IH', 'T', 'AH', 'L']",0,0,0,0,[]
260,determine,RLSH,real,long,simple,4.27e-05,7,4.63,"['D', 'AH', 'T', 'ER', 'M', 'AH', 'N']","['D', 'AH', 'T', 'ER', 'M', 'AH', 'N']",VERB,3,4,"['D', 'AH', 'T', 'ER', 'M', 'AH', 'N']",0,0,0,0,[]
261,request,RLSH,real,long,simple,5.75e-05,7,4.76,"['R', 'IH', 'K', 'W', 'EH', 'S', 'T']","['R', 'IH', 'K', 'W', 'EH', 'S', 'T']",VERB,2,5,"['R', 'IH', 'K', 'W', 'EH', 'S', 'T']",0,0,0,0,[]
262,november,RLSH,real,long,simple,0.000126,7,5.1,"['N', 'OW', 'V', 'EH', 'M', 'B', 'ER']","['N', 'OW', 'V', 'EH', 'M', 'B', 'ER']",PROPN,3,4,"['N', 'OW', 'V', 'EH', 'M', 'B', 'ER']",0,0,0,0,[]
263,project,RLSH,real,long,simple,0.000166,7,5.22,"['P', 'R', 'AA', 'JH', 'EH', 'K', 'T']","['P', 'R', 'AA', 'JH', 'EH', 'K', 'T']",NOUN,2,5,"['P', 'R', 'AA', 'JH', 'EH', 'K', 'T']",0,0,0,0,[]
264,secretary,RLSH,real,long,simple,8.91e-05,9,4.95,"['S', 'EH', 'K', 'R', 'AH', 'T', 'EH', 'R', 'IY']","['S', 'EH', 'K', 'R', 'AH', 'T', 'EH', 'R', 'IY']",NOUN,4,5,"['S', 'EH', 'K', 'R', 'AH', 'T', 'EH', 'R', 'IY']",0,0,0,0,[]
265,disaster,RLSH,real,long,simple,2.45e-05,7,4.39,"['D', 'IH', 'Z', 'AE', 'S', 'T', 'ER']","['D', 'IH', 'Z', 'AE', 'S', 'T', 'ER']",NOUN,3,4,"['D', 'IH', 'Z', 'AE', 'S', 'T', 'ER']",0,0,0,0,[]
266,guarantee,RLSH,real,long,simple,2.75e-05,7,4.44,"['G', 'EH', 'R', 'AH', 'N', 'T', 'IY']","['G', 'EH', 'R', 'AH', 'N', 'T', 'IY']",VERB,3,4,"['G', 'EH', 'R', 'AH', 'N', 'T', 'IY']",0,0,0,0,[]
267,appreciate,RLSH,real,long,simple,5.5e-05,8,4.74,"['AH', 'P', 'R', 'IY', 'SH', 'IY', 'EY', 'T']","['AH', 'P', 'R', 'IY', 'SH', 'IY', 'EY', 'T']",VERB,4,4,"['AH', 'P', 'R', 'IY', 'SH', 'IY', 'EY', 'T']",0,0,0,0,[]
268,conduct,RLSH,real,long,simple,3.31e-05,7,4.52,"['K', 'AA', 'N', 'D', 'AH', 'K', 'T']","['K', 'AA', 'N', 'D', 'AH', 'K', 'T']",VERB,2,5,"['K', 'AA', 'N', 'D', 'AH', 'K', 'T']",0,0,0,0,[]
269,consent,RLSH,real,long,simple,2.29e-05,7,4.36,"['K', 'AH', 'N', 'S', 'EH', 'N', 'T']","['K', 'AH', 'N', 'S', 'EH', 'N', 'T']",NOUN,2,5,"['K', 'AH', 'N', 'S', 'EH', 'N', 'T']",0,0,0,0,[]
270,strength,RLSH,real,long,simple,6.31e-05,7,4.8,"['S', 'T', 'R', 'EH', 'NG', 'K', 'TH']","['S', 'T', 'R', 'EH', 'NG', 'K', 'TH']",NOUN,1,6,"['S', 'T', 'R', 'EH', 'NG', 'K', 'TH']",0,0,0,0,[]
271,america,RLSH,real,long,simple,0.000166,7,5.22,"['AH', 'M', 'EH', 'R', 'AH', 'K', 'AH']","['AH', 'M', 'EH', 'R', 'AH', 'K', 'AH']",PROPN,4,3,"['AH', 'M', 'EH', 'R', 'AH', 'K', 'AH']",0,0,0,0,[]
272,alabama,RLSH,real,long,simple,1.82e-05,7,4.26,"['AE', 'L', 'AH', 'B', 'AE', 'M', 'AH']","['AE', 'L', 'AH', 'B', 'AE', 'M', 'AH']",PROPN,4,3,"['AE', 'L', 'AH', 'B', 'AE', 'M', 'AH']",0,0,0,0,[]
273,problem,RLSH,real,long,simple,0.000251,7,5.4,"['P', 'R', 'AA', 'B', 'L', 'AH', 'M']","['P', 'R', 'AA', 'B', 'L', 'AH', 'M']",NOUN,2,5,"['P', 'R', 'AA', 'B', 'L', 'AH', 'M']",0,0,0,0,[]
274,singapore,RLSH,real,long,simple,2.24e-05,7,4.35,"['S', 'IH', 'NG', 'AH', 'P', 'AO', 'R']","['S', 'IH', 'NG', 'AH', 'P', 'AO', 'R']",PROPN,3,4,"['S', 'IH', 'NG', 'AH', 'P', 'AO', 'R']",0,0,0,0,[]
275,incident,RLSH,real,long,simple,3.47e-05,8,4.54,"['IH', 'N', 'S', 'AH', 'D', 'AH', 'N', 'T']","['IH', 'N', 'S', 'AH', 'D', 'AH', 'N', 'T']",NOUN,3,5,"['IH', 'N', 'S', 'AH', 'D', 'AH', 'N', 'T']",0,0,0,0,[]
276,portrait,RLSH,real,long,simple,1.66e-05,7,4.22,"['P', 'AO', 'R', 'T', 'R', 'AH', 'T']","['P', 'AO', 'R', 'T', 'R', 'AH', 'T']",NOUN,2,5,"['P', 'AO', 'R', 'T', 'R', 'AH', 'T']",0,0,0,0,[]
277,regular,RLSH,real,long,simple,8.91e-05,7,4.95,"['R', 'EH', 'G', 'Y', 'AH', 'L', 'ER']","['R', 'EH', 'G', 'Y', 'AH', 'L', 'ER']",ADJ,3,4,"['R', 'EH', 'G', 'Y', 'AH', 'L', 'ER']",0,0,0,0,[]
278,hamilton,RLSH,real,long,simple,2.04e-05,8,4.31,"['HH', 'AE', 'M', 'AH', 'L', 'T', 'AH', 'N']","['HH', 'AE', 'M', 'AH', 'L', 'T', 'AH', 'N']",PROPN,3,5,"['HH', 'AE', 'M', 'AH', 'L', 'T', 'AH', 'N']",0,0,0,0,[]
279,contract,RLSH,real,long,simple,8.71e-05,8,4.94,"['K', 'AA', 'N', 'T', 'R', 'AE', 'K', 'T']","['K', 'AA', 'N', 'T', 'R', 'AE', 'K', 'T']",NOUN,2,6,"['K', 'AA', 'N', 'T', 'R', 'AE', 'K', 'T']",0,0,0,0,[]
280,convince,RLSH,real,long,simple,1.82e-05,7,4.26,"['K', 'AH', 'N', 'V', 'IH', 'N', 'S']","['K', 'AH', 'N', 'V', 'IH', 'N', 'S']",VERB,2,5,"['K', 'AH', 'N', 'V', 'IH', 'N', 'S']",0,0,0,0,[]
281,tournament,RLSH,real,long,simple,3.63e-05,9,4.56,"['T', 'UH', 'R', 'N', 'AH', 'M', 'AH', 'N', 'T']","['T', 'UH', 'R', 'N', 'AH', 'M', 'AH', 'N', 'T']",NOUN,3,6,"['T', 'UH', 'R', 'N', 'AH', 'M', 'AH', 'N', 'T']",0,0,0,0,[]
282,alcohol,RLSH,real,long,simple,4.07e-05,7,4.61,"['AE', 'L', 'K', 'AH', 'HH', 'AA', 'L']","['AE', 'L', 'K', 'AH', 'HH', 'AA', 'L']",NOUN,3,4,"['AE', 'L', 'K', 'AH', 'HH', 'AA', 'L']",0,0,0,0,[]
283,complete,RLSH,real,long,simple,0.000126,7,5.1,"['K', 'AH', 'M', 'P', 'L', 'IY', 'T']","['K', 'AH', 'M', 'P', 'L', 'IY', 'T']",VERB,2,5,"['K', 'AH', 'M', 'P', 'L', 'IY', 'T']",0,0,0,0,[]
284,province,RLSH,real,long,simple,2.95e-05,7,4.47,"['P', 'R', 'AA', 'V', 'AH', 'N', 'S']","['P', 'R', 'AA', 'V', 'AH', 'N', 'S']",NOUN,2,5,"['P', 'R', 'AA', 'V', 'AH', 'N', 'S']",0,0,0,0,[]
285,subject,RLSH,real,long,simple,9.12e-05,7,4.96,"['S', 'AH', 'B', 'JH', 'IH', 'K', 'T']","['S', 'AH', 'B', 'JH', 'IH', 'K', 'T']",NOUN,2,5,"['S', 'AH', 'B', 'JH', 'IH', 'K', 'T']",0,0,0,0,[]
286,mexico,RLSH,real,long,simple,5.62e-05,7,4.75,"['M', 'EH', 'K', 'S', 'AH', 'K', 'OW']","['M', 'EH', 'K', 'S', 'AH', 'K', 'OW']",PROPN,3,4,"['M', 'EH', 'K', 'S', 'AH', 'K', 'OW']",0,0,0,0,[]
287,parliament,RLSH,real,long,simple,5.5e-05,9,4.74,"['P', 'AA', 'R', 'L', 'AH', 'M', 'AH', 'N', 'T']","['P', 'AA', 'R', 'L', 'AH', 'M', 'AH', 'N', 'T']",NOUN,3,6,"['P', 'AA', 'R', 'L', 'AH', 'M', 'AH', 'N', 'T']",0,0,0,0,[]
288,margaret,RLSH,real,long,simple,1.7e-05,7,4.23,"['M', 'AA', 'R', 'G', 'ER', 'IH', 'T']","['M', 'AA', 'R', 'G', 'ER', 'IH', 'T']",PROPN,3,4,"['M', 'AA', 'R', 'G', 'ER', 'IH', 'T']",0,0,0,0,[]
289,principal,RLSH,real,long,simple,3.31e-05,9,4.52,"['P', 'R', 'IH', 'N', 'S', 'AH', 'P', 'AH', 'L']","['P', 'R', 'IH', 'N', 'S', 'AH', 'P', 'AH', 'L']",NOUN,3,6,"['P', 'R', 'IH', 'N', 'S', 'AH', 'P', 'AH', 'L']",0,0,0,0,[]
290,magazine,RLSH,real,long,simple,5.5e-05,7,4.74,"['M', 'AE', 'G', 'AH', 'Z', 'IY', 'N']","['M', 'AE', 'G', 'AH', 'Z', 'IY', 'N']",NOUN,3,4,"['M', 'AE', 'G', 'AH', 'Z', 'IY', 'N']",0,0,0,0,[]
291,candidate,RLSH,real,long,simple,4.57e-05,8,4.66,"['K', 'AE', 'N', 'D', 'AH', 'D', 'EY', 'T']","['K', 'AE', 'N', 'D', 'AH', 'D', 'EY', 'T']",NOUN,3,5,"['K', 'AE', 'N', 'D', 'AH', 'D', 'EY', 'T']",0,0,0,0,[]
292,fantasy,RLSH,real,long,simple,3.31e-05,7,4.52,"['F', 'AE', 'N', 'T', 'AH', 'S', 'IY']","['F', 'AE', 'N', 'T', 'AH', 'S', 'IY']",NOUN,3,4,"['F', 'AE', 'N', 'T', 'AH', 'S', 'IY']",0,0,0,0,[]
293,argentina,RLSH,real,long,simple,1.66e-05,9,4.22,"['AA', 'R', 'JH', 'AH', 'N', 'T', 'IY', 'N', 'AH']","['AA', 'R', 'JH', 'AH', 'N', 'T', 'IY', 'N', 'AH']",PROPN,4,5,"['AA', 'R', 'JH', 'AH', 'N', 'T', 'IY', 'N', 'AH']",0,0,0,0,[]
294,franchise,RLSH,real,long,simple,1.95e-05,7,4.29,"['F', 'R', 'AE', 'N', 'CH', 'AY', 'Z']","['F', 'R', 'AE', 'N', 'CH', 'AY', 'Z']",NOUN,2,5,"['F', 'R', 'AE', 'N', 'CH', 'AY', 'Z']",0,0,0,0,[]
295,document,RLSH,real,long,simple,3.16e-05,9,4.5,"['D', 'AA', 'K', 'Y', 'AH', 'M', 'AH', 'N', 'T']","['D', 'AA', 'K', 'Y', 'AH', 'M', 'AH', 'N', 'T']",NOUN,3,6,"['D', 'AA', 'K', 'Y', 'AH', 'M', 'AH', 'N', 'T']",0,0,0,0,[]
296,capacity,RLSH,real,long,simple,5.13e-05,8,4.71,"['K', 'AH', 'P', 'AE', 'S', 'AH', 'T', 'IY']","['K', 'AH', 'P', 'AE', 'S', 'AH', 'T', 'IY']",NOUN,4,4,"['K', 'AH', 'P', 'AE', 'S', 'AH', 'T', 'IY']",0,0,0,0,[]
297,deputy,RLSH,real,long,simple,3.55e-05,7,4.55,"['D', 'EH', 'P', 'Y', 'AH', 'T', 'IY']","['D', 'EH', 'P', 'Y', 'AH', 'T', 'IY']",NOUN,3,4,"['D', 'EH', 'P', 'Y', 'AH', 'T', 'IY']",0,0,0,0,[]
298,religion,RLSH,real,long,simple,5.5e-05,7,4.74,"['R', 'IH', 'L', 'IH', 'JH', 'AH', 'N']","['R', 'IH', 'L', 'IH', 'JH', 'AH', 'N']",NOUN,3,4,"['R', 'IH', 'L', 'IH', 'JH', 'AH', 'N']",0,0,0,0,[]
299,library,RLSH,real,long,simple,7.24e-05,7,4.86,"['L', 'AY', 'B', 'R', 'EH', 'R', 'IY']","['L', 'AY', 'B', 'R', 'EH', 'R', 'IY']",NOUN,3,4,"['L', 'AY', 'B', 'R', 'EH', 'R', 'IY']",0,0,0,0,[]
300,burgundy,RLSL,real,long,simple,2.88e-06,7,3.46,"['B', 'ER', 'G', 'AH', 'N', 'D', 'IY']","['B', 'ER', 'G', 'AH', 'N', 'D', 'IY']",NOUN,3,4,"['B', 'ER', 'G', 'AH', 'N', 'D', 'IY']",0,0,0,0,[]
301,tripoli,RLSL,real,long,simple,1.95e-06,7,3.29,"['T', 'R', 'IH', 'P', 'AH', 'L', 'IY']","['T', 'R', 'IH', 'P', 'AH', 'L', 'IY']",PROPN,3,4,"['T', 'R', 'IH', 'P', 'AH', 'L', 'IY']",0,0,0,0,[]
302,barbados,RLSL,real,long,simple,3.16e-06,8,3.5,"['B', 'AA', 'R', 'B', 'EY', 'D', 'OW', 'S']","['B', 'AA', 'R', 'B', 'EY', 'D', 'OW', 'S']",PROPN,3,5,"['B', 'AA', 'R', 'B', 'EY', 'D', 'OW', 'S']",0,0,0,0,[]
303,scarlett,RLSL,real,long,simple,2.82e-06,7,3.45,"['S', 'K', 'AA', 'R', 'L', 'IH', 'T']","['S', 'K', 'AA', 'R', 'L', 'IH', 'T']",PROPN,2,5,"['S', 'K', 'AA', 'R', 'L', 'IH', 'T']",0,0,0,0,[]
304,ecstasy,RLSL,real,long,simple,3.02e-06,7,3.48,"['EH', 'K', 'S', 'T', 'AH', 'S', 'IY']","['EH', 'K', 'S', 'T', 'AH', 'S', 'IY']",NOUN,3,4,"['EH', 'K', 'S', 'T', 'AH', 'S', 'IY']",0,0,0,0,[]
305,kubrick,RLSL,real,long,simple,7.59e-07,7,2.88,"['K', 'Y', 'UW', 'B', 'R', 'IH', 'K']","['K', 'Y', 'UW', 'B', 'R', 'IH', 'K']",PROPN,2,5,"['K', 'Y', 'UW', 'B', 'R', 'IH', 'K']",0,0,0,0,[]
306,impetus,RLSL,real,long,simple,1.86e-06,7,3.27,"['IH', 'M', 'P', 'AH', 'T', 'AH', 'S']","['IH', 'M', 'P', 'AH', 'T', 'AH', 'S']",NOUN,3,4,"['IH', 'M', 'P', 'AH', 'T', 'AH', 'S']",0,0,0,0,[]
307,honolulu,RLSL,real,long,simple,3.16e-06,8,3.5,"['HH', 'AA', 'N', 'AH', 'L', 'UW', 'L', 'UW']","['HH', 'AA', 'N', 'AH', 'L', 'UW', 'L', 'UW']",PROPN,4,4,"['HH', 'AA', 'N', 'AH', 'L', 'UW', 'L', 'UW']",0,0,0,0,[]
308,amethyst,RLSL,real,long,simple,1.02e-06,7,3.01,"['AE', 'M', 'IH', 'TH', 'IH', 'S', 'T']","['AE', 'M', 'IH', 'TH', 'IH', 'S', 'T']",NOUN,3,4,"['AE', 'M', 'IH', 'TH', 'IH', 'S', 'T']",0,0,0,0,[]
309,cadillac,RLSL,real,long,simple,3.02e-06,7,3.48,"['K', 'AE', 'D', 'AH', 'L', 'AE', 'K']","['K', 'AE', 'D', 'AH', 'L', 'AE', 'K']",PROPN,3,4,"['K', 'AE', 'D', 'AH', 'L', 'AE', 'K']",0,0,0,0,[]
310,epsilon,RLSL,real,long,simple,7.59e-07,7,2.88,"['EH', 'P', 'S', 'AH', 'L', 'AA', 'N']","['EH', 'P', 'S', 'AH', 'L', 'AA', 'N']",NOUN,3,4,"['EH', 'P', 'S', 'AH', 'L', 'AA', 'N']",0,0,0,0,[]
311,tabernacle,RLSL,real,long,simple,1.15e-06,9,3.06,"['T', 'AE', 'B', 'ER', 'N', 'AE', 'K', 'AH', 'L']","['T', 'AE', 'B', 'ER', 'N', 'AE', 'K', 'AH', 'L']",NOUN,4,5,"['T', 'AE', 'B', 'ER', 'N', 'AE', 'K', 'AH', 'L']",0,0,0,0,[]
312,pringle,RLSL,real,long,simple,7.94e-07,7,2.9,"['P', 'R', 'IH', 'NG', 'G', 'AH', 'L']","['P', 'R', 'IH', 'NG', 'G', 'AH', 'L']",PROPN,2,5,"['P', 'R', 'IH', 'NG', 'G', 'AH', 'L']",0,0,0,0,[]
313,diaspora,RLSL,real,long,simple,2.82e-06,7,3.45,"['D', 'AY', 'AE', 'S', 'P', 'ER', 'AH']","['D', 'AY', 'AE', 'S', 'P', 'ER', 'AH']",PROPN,4,3,"['D', 'AY', 'AE', 'S', 'P', 'ER', 'AH']",0,0,0,0,[]
314,camelot,RLSL,real,long,simple,9.33e-07,7,2.97,"['K', 'AE', 'M', 'AH', 'L', 'AA', 'T']","['K', 'AE', 'M', 'AH', 'L', 'AA', 'T']",PROPN,3,4,"['K', 'AE', 'M', 'AH', 'L', 'AA', 'T']",0,0,0,0,[]
315,conundrum,RLSL,real,long,simple,1e-06,9,3.0,"['K', 'AH', 'N', 'AH', 'N', 'D', 'R', 'AH', 'M']","['K', 'AH', 'N', 'AH', 'N', 'D', 'R', 'AH', 'M']",NOUN,3,6,"['K', 'AH', 'N', 'AH', 'N', 'D', 'R', 'AH', 'M']",0,0,0,0,[]
316,lombard,RLSL,real,long,simple,1e-06,7,3.0,"['L', 'AA', 'M', 'B', 'AA', 'R', 'D']","['L', 'AA', 'M', 'B', 'AA', 'R', 'D']",PROPN,2,5,"['L', 'AA', 'M', 'B', 'AA', 'R', 'D']",0,0,0,0,[]
317,placebo,RLSL,real,long,simple,3.02e-06,7,3.48,"['P', 'L', 'AH', 'S', 'IY', 'B', 'OW']","['P', 'L', 'AH', 'S', 'IY', 'B', 'OW']",NOUN,3,4,"['P', 'L', 'AH', 'S', 'IY', 'B', 'OW']",0,0,0,0,[]
318,bolshevik,RLSL,real,long,simple,9.33e-07,8,2.97,"['B', 'OW', 'L', 'SH', 'AH', 'V', 'IH', 'K']","['B', 'OW', 'L', 'SH', 'AH', 'V', 'IH', 'K']",ADJ,3,5,"['B', 'OW', 'L', 'SH', 'AH', 'V', 'IH', 'K']",0,0,0,0,[]
319,ephemeral,RLSL,real,long,simple,9.77e-07,7,2.99,"['IH', 'F', 'EH', 'M', 'ER', 'AH', 'L']","['IH', 'F', 'EH', 'M', 'ER', 'AH', 'L']",ADJ,4,3,"['IH', 'F', 'EH', 'M', 'ER', 'AH', 'L']",0,0,0,0,[]
320,nicaragua,RLSL,real,long,simple,2.75e-06,8,3.44,"['N', 'IH', 'K', 'ER', 'AA', 'G', 'W', 'AH']","['N', 'IH', 'K', 'ER', 'AA', 'G', 'W', 'AH']",PROPN,4,4,"['N', 'IH', 'K', 'ER', 'AA', 'G', 'W', 'AH']",0,0,0,0,[]
321,apricot,RLSL,real,long,simple,9.55e-07,7,2.98,"['EY', 'P', 'R', 'AH', 'K', 'AA', 'T']","['EY', 'P', 'R', 'AH', 'K', 'AA', 'T']",PROPN,3,4,"['EY', 'P', 'R', 'AH', 'K', 'AA', 'T']",0,0,0,0,[]
322,hiroshima,RLSL,real,long,simple,1.86e-06,8,3.27,"['HH', 'IH', 'R', 'OW', 'SH', 'IY', 'M', 'AH']","['HH', 'IH', 'R', 'OW', 'SH', 'IY', 'M', 'AH']",PROPN,4,4,"['HH', 'IH', 'R', 'OW', 'SH', 'IY', 'M', 'AH']",0,0,0,0,[]
323,adrenal,RLSL,real,long,simple,9.77e-07,7,2.99,"['AH', 'D', 'R', 'IY', 'N', 'AH', 'L']","['AH', 'D', 'R', 'IY', 'N', 'AH', 'L']",PROPN,3,4,"['AH', 'D', 'R', 'IY', 'N', 'AH', 'L']",0,0,0,0,[]
324,requiem,RLSL,real,long,simple,1.15e-06,7,3.06,"['R', 'EH', 'K', 'W', 'IY', 'AH', 'M']","['R', 'EH', 'K', 'W', 'IY', 'AH', 'M']",NOUN,3,4,"['R', 'EH', 'K', 'W', 'IY', 'AH', 'M']",0,0,0,0,[]
325,kendrick,RLSL,real,long,simple,2.88e-06,7,3.46,"['K', 'EH', 'N', 'D', 'R', 'IH', 'K']","['K', 'EH', 'N', 'D', 'R', 'IH', 'K']",PROPN,2,5,"['K', 'EH', 'N', 'D', 'R', 'IH', 'K']",0,0,0,0,[]
326,marlboro,RLSL,real,long,simple,1.05e-06,7,3.02,"['M', 'AA', 'R', 'L', 'B', 'ER', 'OW']","['M', 'AA', 'R', 'L', 'B', 'ER', 'OW']",PROPN,3,4,"['M', 'AA', 'R', 'L', 'B', 'ER', 'OW']",0,0,0,0,[]
327,abercrombie,RLSL,real,long,simple,9.33e-07,9,2.97,"['AE', 'B', 'ER', 'K', 'R', 'AA', 'M', 'B', 'IY']","['AE', 'B', 'ER', 'K', 'R', 'AA', 'M', 'B', 'IY']",PROPN,4,5,"['AE', 'B', 'ER', 'K', 'R', 'AA', 'M', 'B', 'IY']",0,0,0,0,[]
328,socrates,RLSL,real,long,simple,1.86e-06,8,3.27,"['S', 'AA', 'K', 'R', 'AH', 'T', 'IY', 'Z']","['S', 'AA', 'K', 'R', 'AH', 'T', 'IY', 'Z']",NOUN,3,5,"['S', 'AA', 'K', 'R', 'AH', 'T', 'IY', 'Z']",0,0,0,0,[]
329,nagasaki,RLSL,real,long,simple,9.55e-07,8,2.98,"['N', 'AA', 'G', 'AA', 'S', 'AA', 'K', 'IY']","['N', 'AA', 'G', 'AA', 'S', 'AA', 'K', 'IY']",PROPN,4,4,"['N', 'AA', 'G', 'AA', 'S', 'AA', 'K', 'IY']",0,0,0,0,[]
330,mutiny,RLSL,real,long,simple,1.86e-06,7,3.27,"['M', 'Y', 'UW', 'T', 'AH', 'N', 'IY']","['M', 'Y', 'UW', 'T', 'AH', 'N', 'IY']",NOUN,3,4,"['M', 'Y', 'UW', 'T', 'AH', 'N', 'IY']",0,0,0,0,[]
331,wesleyan,RLSL,real,long,simple,1.12e-06,7,3.05,"['W', 'EH', 'Z', 'L', 'IY', 'AH', 'N']","['W', 'EH', 'Z', 'L', 'IY', 'AH', 'N']",PROPN,3,4,"['W', 'EH', 'Z', 'L', 'IY', 'AH', 'N']",0,0,0,0,[]
332,eradicate,RLSL,real,long,simple,1.95e-06,8,3.29,"['IH', 'R', 'AE', 'D', 'AH', 'K', 'EY', 'T']","['IH', 'R', 'AE', 'D', 'AH', 'K', 'EY', 'T']",VERB,4,4,"['IH', 'R', 'AE', 'D', 'AH', 'K', 'EY', 'T']",0,0,0,0,[]
333,umbilical,RLSL,real,long,simple,1.05e-06,9,3.02,"['AH', 'M', 'B', 'IH', 'L', 'IH', 'K', 'AH', 'L']","['AH', 'M', 'B', 'IH', 'L', 'IH', 'K', 'AH', 'L']",ADJ,4,5,"['AH', 'M', 'B', 'IH', 'L', 'IH', 'K', 'AH', 'L']",0,0,0,0,[]
334,cornelius,RLSL,real,long,simple,1.86e-06,9,3.27,"['K', 'AO', 'R', 'N', 'IY', 'L', 'Y', 'AH', 'S']","['K', 'AO', 'R', 'N', 'IY', 'L', 'Y', 'AH', 'S']",PROPN,3,6,"['K', 'AO', 'R', 'N', 'IY', 'L', 'Y', 'AH', 'S']",0,0,0,0,[]
335,crocodile,RLSL,real,long,simple,3.09e-06,8,3.49,"['K', 'R', 'AA', 'K', 'AH', 'D', 'AY', 'L']","['K', 'R', 'AA', 'K', 'AH', 'D', 'AY', 'L']",NOUN,3,5,"['K', 'R', 'AA', 'K', 'AH', 'D', 'AY', 'L']",0,0,0,0,[]
336,pensacola,RLSL,real,long,simple,1.15e-06,9,3.06,"['P', 'EH', 'N', 'S', 'AH', 'K', 'OW', 'L', 'AH']","['P', 'EH', 'N', 'S', 'AH', 'K', 'OW', 'L', 'AH']",PROPN,4,5,"['P', 'EH', 'N', 'S', 'AH', 'K', 'OW', 'L', 'AH']",0,0,0,0,[]
337,pasadena,RLSL,real,long,simple,2.82e-06,8,3.45,"['P', 'AE', 'S', 'AH', 'D', 'IY', 'N', 'ER']","['P', 'AE', 'S', 'AH', 'D', 'IY', 'N', 'ER']",PROPN,4,4,"['P', 'AE', 'S', 'AH', 'D', 'IY', 'N', 'ER']",0,0,0,0,[]
338,amulet,RLSL,real,long,simple,9.77e-07,7,2.99,"['AE', 'M', 'Y', 'AH', 'L', 'AH', 'T']","['AE', 'M', 'Y', 'AH', 'L', 'AH', 'T']",NOUN,3,4,"['AE', 'M', 'Y', 'AH', 'L', 'AH', 'T']",0,0,0,0,[]
339,kalamazoo,RLSL,real,long,simple,9.77e-07,8,2.99,"['K', 'AE', 'L', 'AH', 'M', 'AH', 'Z', 'UW']","['K', 'AE', 'L', 'AH', 'M', 'AH', 'Z', 'UW']",PROPN,4,4,"['K', 'AE', 'L', 'AH', 'M', 'AH', 'Z', 'UW']",0,0,0,0,[]
340,molasses,RLSL,real,long,simple,1e-06,7,3.0,"['M', 'AH', 'L', 'AE', 'S', 'AH', 'Z']","['M', 'AH', 'L', 'AE', 'S', 'AH', 'Z']",VERB,3,4,"['M', 'AH', 'L', 'AE', 'S', 'AH', 'Z']",0,0,0,0,[]
341,ebenezer,RLSL,real,long,simple,7.76e-07,7,2.89,"['EH', 'B', 'IH', 'N', 'IY', 'Z', 'ER']","['EH', 'B', 'IH', 'N', 'IY', 'Z', 'ER']",PROPN,4,3,"['EH', 'B', 'IH', 'N', 'IY', 'Z', 'ER']",0,0,0,0,[]
342,epitome,RLSL,real,long,simple,1.91e-06,7,3.28,"['IH', 'P', 'IH', 'T', 'AH', 'M', 'IY']","['IH', 'P', 'IH', 'T', 'AH', 'M', 'IY']",NOUN,4,3,"['IH', 'P', 'IH', 'T', 'AH', 'M', 'IY']",0,0,0,0,[]
343,hezbollah,RLSL,real,long,simple,1.86e-06,7,3.27,"['HH', 'EH', 'Z', 'B', 'AA', 'L', 'AH']","['HH', 'EH', 'Z', 'B', 'AA', 'L', 'AH']",PROPN,3,4,"['HH', 'EH', 'Z', 'B', 'AA', 'L', 'AH']",0,0,0,0,[]
344,reprimand,RLSL,real,long,simple,7.94e-07,9,2.9,"['R', 'EH', 'P', 'R', 'AH', 'M', 'AE', 'N', 'D']","['R', 'EH', 'P', 'R', 'AH', 'M', 'AE', 'N', 'D']",VERB,3,6,"['R', 'EH', 'P', 'R', 'AH', 'M', 'AE', 'N', 'D']",0,0,0,0,[]
345,plankton,RLSL,real,long,simple,1.12e-06,8,3.05,"['P', 'L', 'AE', 'NG', 'K', 'T', 'AH', 'N']","['P', 'L', 'AE', 'NG', 'K', 'T', 'AH', 'N']",NOUN,2,6,"['P', 'L', 'AE', 'NG', 'K', 'T', 'AH', 'N']",0,0,0,0,[]
346,maserati,RLSL,real,long,simple,9.55e-07,8,2.98,"['M', 'AE', 'S', 'EH', 'R', 'AA', 'T', 'IY']","['M', 'AE', 'S', 'EH', 'R', 'AA', 'T', 'IY']",PROPN,4,4,"['M', 'AE', 'S', 'EH', 'R', 'AA', 'T', 'IY']",0,0,0,0,[]
347,yokohama,RLSL,real,long,simple,1.12e-06,8,3.05,"['Y', 'OW', 'K', 'AH', 'HH', 'AA', 'M', 'AH']","['Y', 'OW', 'K', 'AH', 'HH', 'AA', 'M', 'AH']",PROPN,4,4,"['Y', 'OW', 'K', 'AH', 'HH', 'AA', 'M', 'AH']",0,0,0,0,[]
348,albuquerque,RLSL,real,long,simple,3.16e-06,8,3.5,"['AE', 'L', 'B', 'AH', 'K', 'ER', 'K', 'IY']","['AE', 'L', 'B', 'AH', 'K', 'ER', 'K', 'IY']",PROPN,4,4,"['AE', 'L', 'B', 'AH', 'K', 'ER', 'K', 'IY']",0,0,0,0,[]
349,pretzel,RLSL,real,long,simple,9.55e-07,7,2.98,"['P', 'R', 'EH', 'T', 'Z', 'AH', 'L']","['P', 'R', 'EH', 'T', 'Z', 'AH', 'L']",PROPN,2,5,"['P', 'R', 'EH', 'T', 'Z', 'AH', 'L']",0,0,0,0,[]
350,lavatory,RLSL,real,long,simple,7.94e-07,8,2.9,"['L', 'AE', 'V', 'AH', 'T', 'AO', 'R', 'IY']","['L', 'AE', 'V', 'AH', 'T', 'AO', 'R', 'IY']",NOUN,4,4,"['L', 'AE', 'V', 'AH', 'T', 'AO', 'R', 'IY']",0,0,0,0,[]
351,mozambique,RLSL,real,long,simple,1.95e-06,8,3.29,"['M', 'OW', 'Z', 'AE', 'M', 'B', 'IY', 'K']","['M', 'OW', 'Z', 'AE', 'M', 'B', 'IY', 'K']",PROPN,3,5,"['M', 'OW', 'Z', 'AE', 'M', 'B', 'IY', 'K']",0,0,0,0,[]
352,penicillin,RLSL,real,long,simple,1.1e-06,9,3.04,"['P', 'EH', 'N', 'AH', 'S', 'IH', 'L', 'AH', 'N']","['P', 'EH', 'N', 'AH', 'S', 'IH', 'L', 'AH', 'N']",NOUN,4,5,"['P', 'EH', 'N', 'AH', 'S', 'IH', 'L', 'AH', 'N']",0,0,0,0,[]
353,broccoli,RLSL,real,long,simple,3.16e-06,7,3.5,"['B', 'R', 'AA', 'K', 'AH', 'L', 'IY']","['B', 'R', 'AA', 'K', 'AH', 'L', 'IY']",VERB,3,4,"['B', 'R', 'AA', 'K', 'AH', 'L', 'IY']",0,0,0,0,[]
354,molotov,RLSL,real,long,simple,1.05e-06,7,3.02,"['M', 'AO', 'L', 'AH', 'T', 'AA', 'F']","['M', 'AO', 'L', 'AH', 'T', 'AA', 'F']",PROPN,3,4,"['M', 'AO', 'L', 'AH', 'T', 'AA', 'F']",0,0,0,0,[]
355,winthrop,RLSL,real,long,simple,1.1e-06,7,3.04,"['W', 'IH', 'N', 'TH', 'R', 'AH', 'P']","['W', 'IH', 'N', 'TH', 'R', 'AH', 'P']",PROPN,2,5,"['W', 'IH', 'N', 'TH', 'R', 'AH', 'P']",0,0,0,0,[]
356,behemoth,RLSL,real,long,simple,9.33e-07,7,2.97,"['B', 'AH', 'HH', 'IY', 'M', 'AH', 'TH']","['B', 'AH', 'HH', 'IY', 'M', 'AH', 'TH']",NOUN,3,4,"['B', 'AH', 'HH', 'IY', 'M', 'AH', 'TH']",0,0,0,0,[]
357,siegfried,RLSL,real,long,simple,1.07e-06,7,3.03,"['S', 'IY', 'G', 'F', 'R', 'IY', 'D']","['S', 'IY', 'G', 'F', 'R', 'IY', 'D']",PROPN,2,5,"['S', 'IY', 'G', 'F', 'R', 'IY', 'D']",0,0,0,0,[]
358,uranus,RLSL,real,long,simple,1.02e-06,7,3.01,"['Y', 'UW', 'R', 'AH', 'N', 'AH', 'S']","['Y', 'UW', 'R', 'AH', 'N', 'AH', 'S']",PROPN,3,4,"['Y', 'UW', 'R', 'AH', 'N', 'AH', 'S']",0,0,0,0,[]
359,trenton,RLSL,real,long,simple,1.95e-06,7,3.29,"['T', 'R', 'EH', 'N', 'T', 'AH', 'N']","['T', 'R', 'EH', 'N', 'T', 'AH', 'N']",PROPN,2,5,"['T', 'R', 'EH', 'N', 'T', 'AH', 'N']",0,0,0,0,[]
360,pragmatic,RLSL,real,long,simple,3.09e-06,9,3.49,"['P', 'R', 'AE', 'G', 'M', 'AE', 'T', 'IH', 'K']","['P', 'R', 'AE', 'G', 'M', 'AE', 'T', 'IH', 'K']",ADJ,3,6,"['P', 'R', 'AE', 'G', 'M', 'AE', 'T', 'IH', 'K']",0,0,0,0,[]
361,blatant,RLSL,real,long,simple,2.82e-06,7,3.45,"['B', 'L', 'EY', 'T', 'AH', 'N', 'T']","['B', 'L', 'EY', 'T', 'AH', 'N', 'T']",ADJ,2,5,"['B', 'L', 'EY', 'T', 'AH', 'N', 'T']",0,0,0,0,[]
362,chardonnay,RLSL,real,long,simple,9.55e-07,7,2.98,"['CH', 'AA', 'R', 'D', 'AA', 'N', 'EY']","['CH', 'AA', 'R', 'D', 'AA', 'N', 'EY']",NOUN,3,4,"['CH', 'AA', 'R', 'D', 'AA', 'N', 'EY']",0,0,0,0,[]
363,travesty,RLSL,real,long,simple,1e-06,8,3.0,"['T', 'R', 'AE', 'V', 'AH', 'S', 'T', 'IY']","['T', 'R', 'AE', 'V', 'AH', 'S', 'T', 'IY']",PROPN,3,5,"['T', 'R', 'AE', 'V', 'AH', 'S', 'T', 'IY']",0,0,0,0,[]
364,jeremiah,RLSL,real,long,simple,3.02e-06,7,3.48,"['JH', 'EH', 'R', 'AH', 'M', 'AY', 'AH']","['JH', 'EH', 'R', 'AH', 'M', 'AY', 'AH']",PROPN,4,3,"['JH', 'EH', 'R', 'AH', 'M', 'AY', 'AH']",0,0,0,0,[]
365,vortex,RLSL,real,long,simple,2.95e-06,7,3.47,"['V', 'AO', 'R', 'T', 'EH', 'K', 'S']","['V', 'AO', 'R', 'T', 'EH', 'K', 'S']",NOUN,2,5,"['V', 'AO', 'R', 'T', 'EH', 'K', 'S']",0,0,0,0,[]
366,badminton,RLSL,real,long,simple,1.91e-06,9,3.28,"['B', 'AE', 'D', 'M', 'IH', 'N', 'T', 'AH', 'N']","['B', 'AE', 'D', 'M', 'IH', 'N', 'T', 'AH', 'N']",PROPN,3,6,"['B', 'AE', 'D', 'M', 'IH', 'N', 'T', 'AH', 'N']",0,0,0,0,[]
367,heineken,RLSL,real,long,simple,1.02e-06,7,3.01,"['HH', 'AY', 'N', 'AH', 'K', 'AH', 'N']","['HH', 'AY', 'N', 'AH', 'K', 'AH', 'N']",PROPN,3,4,"['HH', 'AY', 'N', 'AH', 'K', 'AH', 'N']",0,0,0,0,[]
368,azerbaijan,RLSL,real,long,simple,3.02e-06,8,3.48,"['AA', 'Z', 'ER', 'B', 'AY', 'JH', 'AA', 'N']","['AA', 'Z', 'ER', 'B', 'AY', 'JH', 'AA', 'N']",PROPN,4,4,"['AA', 'Z', 'ER', 'B', 'AY', 'JH', 'AA', 'N']",0,0,0,0,[]
369,synagogue,RLSL,real,long,simple,2.82e-06,7,3.45,"['S', 'IH', 'N', 'AH', 'G', 'AO', 'G']","['S', 'IH', 'N', 'AH', 'G', 'AO', 'G']",NOUN,3,4,"['S', 'IH', 'N', 'AH', 'G', 'AO', 'G']",0,0,0,0,[]
370,labrador,RLSL,real,long,simple,2e-06,8,3.3,"['L', 'AE', 'B', 'R', 'AH', 'D', 'AO', 'R']","['L', 'AE', 'B', 'R', 'AH', 'D', 'AO', 'R']",PROPN,3,5,"['L', 'AE', 'B', 'R', 'AH', 'D', 'AO', 'R']",0,0,0,0,[]
371,euphrates,RLSL,real,long,simple,7.76e-07,8,2.89,"['Y', 'UW', 'F', 'R', 'EY', 'T', 'IY', 'Z']","['Y', 'UW', 'F', 'R', 'EY', 'T', 'IY', 'Z']",X,3,5,"['Y', 'UW', 'F', 'R', 'EY', 'T', 'IY', 'Z']",0,0,0,0,[]
372,avalanche,RLSL,real,long,simple,3.02e-06,7,3.48,"['AE', 'V', 'AH', 'L', 'AE', 'N', 'CH']","['AE', 'V', 'AH', 'L', 'AE', 'N', 'CH']",NOUN,3,4,"['AE', 'V', 'AH', 'L', 'AE', 'N', 'CH']",0,0,0,0,[]
373,trafalgar,RLSL,real,long,simple,1.05e-06,8,3.02,"['T', 'R', 'AH', 'F', 'AE', 'L', 'G', 'ER']","['T', 'R', 'AH', 'F', 'AE', 'L', 'G', 'ER']",PROPN,3,5,"['T', 'R', 'AH', 'F', 'AE', 'L', 'G', 'ER']",0,0,0,0,[]
374,tarantino,RLSL,real,long,simple,1.1e-06,9,3.04,"['T', 'AA', 'R', 'AA', 'N', 'T', 'IY', 'N', 'OW']","['T', 'AA', 'R', 'AA', 'N', 'T', 'IY', 'N', 'OW']",NOUN,4,5,"['T', 'AA', 'R', 'AA', 'N', 'T', 'IY', 'N', 'OW']",0,0,0,0,[]
375,confetti,RLSL,real,long,simple,1.07e-06,7,3.03,"['K', 'AH', 'N', 'F', 'EH', 'T', 'IY']","['K', 'AH', 'N', 'F', 'EH', 'T', 'IY']",NOUN,3,4,"['K', 'AH', 'N', 'F', 'EH', 'T', 'IY']",0,0,0,0,[]
376,hallelujah,RLSL,real,long,simple,2e-06,8,3.3,"['HH', 'AE', 'L', 'AH', 'L', 'UW', 'Y', 'AH']","['HH', 'AE', 'L', 'AH', 'L', 'UW', 'Y', 'AH']",PROPN,4,4,"['HH', 'AE', 'L', 'AH', 'L', 'UW', 'Y', 'AH']",0,0,0,0,[]
377,catapult,RLSL,real,long,simple,1.02e-06,8,3.01,"['K', 'AE', 'T', 'AH', 'P', 'AH', 'L', 'T']","['K', 'AE', 'T', 'AH', 'P', 'AH', 'L', 'T']",VERB,3,5,"['K', 'AE', 'T', 'AH', 'P', 'AH', 'L', 'T']",0,0,0,0,[]
378,sheridan,RLSL,real,long,simple,2.95e-06,7,3.47,"['SH', 'EH', 'R', 'IH', 'D', 'AH', 'N']","['SH', 'EH', 'R', 'IH', 'D', 'AH', 'N']",PROPN,3,4,"['SH', 'EH', 'R', 'IH', 'D', 'AH', 'N']",0,0,0,0,[]
379,ukulele,RLSL,real,long,simple,1.02e-06,8,3.01,"['Y', 'UW', 'K', 'AH', 'L', 'EY', 'L', 'IY']","['Y', 'UW', 'K', 'AH', 'L', 'EY', 'L', 'IY']",PROPN,4,4,"['Y', 'UW', 'K', 'AH', 'L', 'EY', 'L', 'IY']",0,0,0,0,[]
380,fluctuate,RLSL,real,long,simple,9.77e-07,9,2.99,"['F', 'L', 'AH', 'K', 'CH', 'AH', 'W', 'EY', 'T']","['F', 'L', 'AH', 'K', 'CH', 'AH', 'W', 'EY', 'T']",VERB,3,6,"['F', 'L', 'AH', 'K', 'CH', 'AH', 'W', 'EY', 'T']",0,0,0,0,[]
381,anomaly,RLSL,real,long,simple,2.95e-06,7,3.47,"['AH', 'N', 'AA', 'M', 'AH', 'L', 'IY']","['AH', 'N', 'AA', 'M', 'AH', 'L', 'IY']",NOUN,4,3,"['AH', 'N', 'AA', 'M', 'AH', 'L', 'IY']",0,0,0,0,[]
382,zeppelin,RLSL,real,long,simple,1.95e-06,7,3.29,"['Z', 'EH', 'P', 'IH', 'L', 'IH', 'N']","['Z', 'EH', 'P', 'IH', 'L', 'IH', 'N']",PROPN,3,4,"['Z', 'EH', 'P', 'IH', 'L', 'IH', 'N']",0,0,0,0,[]
383,avocado,RLSL,real,long,simple,2.82e-06,7,3.45,"['AE', 'V', 'AH', 'K', 'AA', 'D', 'OW']","['AE', 'V', 'AH', 'K', 'AA', 'D', 'OW']",NOUN,4,3,"['AE', 'V', 'AH', 'K', 'AA', 'D', 'OW']",0,0,0,0,[]
384,thesaurus,RLSL,real,long,simple,7.59e-07,7,2.88,"['TH', 'AH', 'S', 'AO', 'R', 'AH', 'S']","['TH', 'AH', 'S', 'AO', 'R', 'AH', 'S']",NOUN,3,4,"['TH', 'AH', 'S', 'AO', 'R', 'AH', 'S']",0,0,0,0,[]
385,porcupine,RLSL,real,long,simple,7.59e-07,9,2.88,"['P', 'AO', 'R', 'K', 'Y', 'AH', 'P', 'AY', 'N']","['P', 'AO', 'R', 'K', 'Y', 'AH', 'P', 'AY', 'N']",NOUN,3,6,"['P', 'AO', 'R', 'K', 'Y', 'AH', 'P', 'AY', 'N']",0,0,0,0,[]
386,caramel,RLSL,real,long,simple,3.02e-06,7,3.48,"['K', 'EH', 'R', 'AH', 'M', 'AH', 'L']","['K', 'EH', 'R', 'AH', 'M', 'AH', 'L']",PROPN,3,4,"['K', 'EH', 'R', 'AH', 'M', 'AH', 'L']",0,0,0,0,[]
387,innuendo,RLSL,real,long,simple,7.94e-07,8,2.9,"['IH', 'N', 'Y', 'UW', 'EH', 'N', 'D', 'OW']","['IH', 'N', 'Y', 'UW', 'EH', 'N', 'D', 'OW']",NOUN,4,4,"['IH', 'N', 'Y', 'UW', 'EH', 'N', 'D', 'OW']",0,0,0,0,[]
388,costello,RLSL,real,long,simple,1.95e-06,7,3.29,"['K', 'AO', 'S', 'T', 'EH', 'L', 'OW']","['K', 'AO', 'S', 'T', 'EH', 'L', 'OW']",PROPN,3,4,"['K', 'AO', 'S', 'T', 'EH', 'L', 'OW']",0,0,0,0,[]
389,episcopal,RLSL,real,long,simple,2.75e-06,9,3.44,"['IH', 'P', 'IH', 'S', 'K', 'AH', 'P', 'AH', 'L']","['IH', 'P', 'IH', 'S', 'K', 'AH', 'P', 'AH', 'L']",PROPN,4,5,"['IH', 'P', 'IH', 'S', 'K', 'AH', 'P', 'AH', 'L']",0,0,0,0,[]
390,nordstrom,RLSL,real,long,simple,9.55e-07,9,2.98,"['N', 'AO', 'R', 'D', 'S', 'T', 'R', 'AH', 'M']","['N', 'AO', 'R', 'D', 'S', 'T', 'R', 'AH', 'M']",PROPN,2,7,"['N', 'AO', 'R', 'D', 'S', 'T', 'R', 'AH', 'M']",0,0,0,0,[]
391,cannibal,RLSL,real,long,simple,1.12e-06,7,3.05,"['K', 'AE', 'N', 'AH', 'B', 'AH', 'L']","['K', 'AE', 'N', 'AH', 'B', 'AH', 'L']",NOUN,3,4,"['K', 'AE', 'N', 'AH', 'B', 'AH', 'L']",0,0,0,0,[]
392,vanderbilt,RLSL,real,long,simple,1.86e-06,9,3.27,"['V', 'AE', 'N', 'D', 'ER', 'B', 'IH', 'L', 'T']","['V', 'AE', 'N', 'D', 'ER', 'B', 'IH', 'L', 'T']",PROPN,3,6,"['V', 'AE', 'N', 'D', 'ER', 'B', 'IH', 'L', 'T']",0,0,0,0,[]
393,lavender,RLSL,real,long,simple,2.75e-06,7,3.44,"['L', 'AE', 'V', 'AH', 'N', 'D', 'ER']","['L', 'AE', 'V', 'AH', 'N', 'D', 'ER']",VERB,3,4,"['L', 'AE', 'V', 'AH', 'N', 'D', 'ER']",0,0,0,0,[]
394,gingrich,RLSL,real,long,simple,9.77e-07,7,2.99,"['G', 'IH', 'NG', 'G', 'R', 'IH', 'CH']","['G', 'IH', 'NG', 'G', 'R', 'IH', 'CH']",PROPN,2,5,"['G', 'IH', 'NG', 'G', 'R', 'IH', 'CH']",0,0,0,0,[]
395,javelin,RLSL,real,long,simple,7.94e-07,7,2.9,"['JH', 'AE', 'V', 'AH', 'L', 'AH', 'N']","['JH', 'AE', 'V', 'AH', 'L', 'AH', 'N']",NOUN,3,4,"['JH', 'AE', 'V', 'AH', 'L', 'AH', 'N']",0,0,0,0,[]
396,piccadilly,RLSL,real,long,simple,1.05e-06,8,3.02,"['P', 'IH', 'K', 'AH', 'D', 'IH', 'L', 'IY']","['P', 'IH', 'K', 'AH', 'D', 'IH', 'L', 'IY']",PROPN,4,4,"['P', 'IH', 'K', 'AH', 'D', 'IH', 'L', 'IY']",0,0,0,0,[]
397,anaconda,RLSL,real,long,simple,9.33e-07,8,2.97,"['AE', 'N', 'AH', 'K', 'AA', 'N', 'D', 'AH']","['AE', 'N', 'AH', 'K', 'AA', 'N', 'D', 'AH']",NOUN,4,4,"['AE', 'N', 'AH', 'K', 'AA', 'N', 'D', 'AH']",0,0,0,0,[]
398,mannequin,RLSL,real,long,simple,1.15e-06,7,3.06,"['M', 'AE', 'N', 'AH', 'K', 'IH', 'N']","['M', 'AE', 'N', 'AH', 'K', 'IH', 'N']",NOUN,3,4,"['M', 'AE', 'N', 'AH', 'K', 'IH', 'N']",0,0,0,0,[]
399,fiduciary,RLSL,real,long,simple,1.12e-06,9,3.05,"['F', 'AH', 'D', 'UW', 'SH', 'IY', 'EH', 'R', 'IY']","['F', 'AH', 'D', 'UW', 'SH', 'IY', 'EH', 'R', 'IY']",ADJ,5,4,"['F', 'AH', 'D', 'UW', 'SH', 'IY', 'EH', 'R', 'IY']",0,0,0,0,[]
400,gathered,RSCH,real,short,complex,1.86e-05,5,4.27,"['G', 'AE', 'DH', 'ER', 'D']","['G', 'AE', 'DH', 'ER', 'D']",VERB,2,3,"['G', 'AE', 'DH', 'ER', 'D']",0,0,0,0,[]
401,having,RSCH,real,short,complex,0.000389,5,5.59,"['HH', 'AE', 'V', 'IH', 'NG']","['HH', 'AE', 'V', 'IH', 'NG']",VERB,2,3,"['HH', 'AE', 'V', 'IH', 'NG']",0,0,0,0,[]
402,lovely,RSCH,real,short,complex,5.5e-05,5,4.74,"['L', 'AH', 'V', 'L', 'IY']","['L', 'AH', 'V', 'L', 'IY']",ADJ,2,3,"['L', 'AH', 'V', 'L', 'IY']",0,0,0,0,[]
403,update,RSCH,real,short,complex,4.9e-05,5,4.69,"['AH', 'P', 'D', 'EY', 'T']","['AH', 'P', 'D', 'EY', 'T']",VERB,2,3,"['AH', 'P', 'D', 'EY', 'T']",0,0,0,0,[]
404,healthy,RSCH,real,short,complex,6.31e-05,5,4.8,"['HH', 'EH', 'L', 'TH', 'IY']","['HH', 'EH', 'L', 'TH', 'IY']",ADJ,2,3,"['HH', 'EH', 'L', 'TH', 'IY']",0,0,0,0,[]
405,outlet,RSCH,real,short,complex,1e-05,5,4.0,"['AW', 'T', 'L', 'EH', 'T']","['AW', 'T', 'L', 'EH', 'T']",NOUN,2,3,"['AW', 'T', 'L', 'EH', 'T']",0,0,0,0,[]
406,emperor,RSCH,real,short,complex,1.78e-05,5,4.25,"['EH', 'M', 'P', 'ER', 'ER']","['EH', 'M', 'P', 'ER', 'ER']",NOUN,3,2,"['EH', 'M', 'P', 'ER', 'ER']",0,0,0,0,[]
407,research,RSCH,real,short,complex,0.000245,5,5.39,"['R', 'IY', 'S', 'ER', 'CH']","['R', 'IY', 'S', 'ER', 'CH']",NOUN,2,3,"['R', 'IY', 'S', 'ER', 'CH']",0,0,0,0,[]
408,their,RSCH,real,short,complex,0.00214,3,6.33,"['DH', 'EH', 'R']","['DH', 'EH', 'R']",PRON,1,2,"['DH', 'EH', 'R']",0,0,0,0,[]
409,footage,RSCH,real,short,complex,2.04e-05,5,4.31,"['F', 'UH', 'T', 'IH', 'JH']","['F', 'UH', 'T', 'IH', 'JH']",NOUN,2,3,"['F', 'UH', 'T', 'IH', 'JH']",0,0,0,0,[]
410,makeup,RSCH,real,short,complex,2.45e-05,5,4.39,"['M', 'EY', 'K', 'AH', 'P']","['M', 'EY', 'K', 'AH', 'P']",NOUN,2,3,"['M', 'EY', 'K', 'AH', 'P']",0,0,0,0,[]
411,filmed,RSCH,real,short,complex,1.15e-05,5,4.06,"['F', 'IH', 'L', 'M', 'D']","['F', 'IH', 'L', 'M', 'D']",VERB,1,4,"['F', 'IH', 'L', 'M', 'D']",0,0,0,0,[]
412,innings,RSCH,real,short,complex,1.05e-05,5,4.02,"['IH', 'N', 'IH', 'NG', 'Z']","['IH', 'N', 'IH', 'NG', 'Z']",VERB,2,3,"['IH', 'N', 'IH', 'NG', 'Z']",0,0,0,0,[]
413,gotten,RSCH,real,short,complex,2.95e-05,5,4.47,"['G', 'AA', 'T', 'AH', 'N']","['G', 'AA', 'T', 'AH', 'N']",VERB,2,3,"['G', 'AA', 'T', 'AH', 'N']",0,0,0,0,[]
414,forever,RSCH,real,short,complex,5.5e-05,5,4.74,"['F', 'ER', 'EH', 'V', 'ER']","['F', 'ER', 'EH', 'V', 'ER']",ADV,3,2,"['F', 'ER', 'EH', 'V', 'ER']",0,0,0,0,[]
415,assigned,RSCH,real,short,complex,2.45e-05,5,4.39,"['AH', 'S', 'AY', 'N', 'D']","['AH', 'S', 'AY', 'N', 'D']",VERB,2,3,"['AH', 'S', 'AY', 'N', 'D']",0,0,0,0,[]
416,workout,RSCH,real,short,complex,1.05e-05,5,4.02,"['W', 'ER', 'K', 'AW', 'T']","['W', 'ER', 'K', 'AW', 'T']",NOUN,2,3,"['W', 'ER', 'K', 'AW', 'T']",0,0,0,0,[]
417,goodbye,RSCH,real,short,complex,2e-05,5,4.3,"['G', 'UH', 'D', 'B', 'AY']","['G', 'UH', 'D', 'B', 'AY']",NOUN,2,3,"['G', 'UH', 'D', 'B', 'AY']",0,0,0,0,[]
418,goddess,RSCH,real,short,complex,1.02e-05,5,4.01,"['G', 'AA', 'D', 'AH', 'S']","['G', 'AA', 'D', 'AH', 'S']",NOUN,2,3,"['G', 'AA', 'D', 'AH', 'S']",0,0,0,0,[]
419,called,RSCH,real,short,complex,0.000389,4,5.59,"['K', 'AO', 'L', 'D']","['K', 'AO', 'L', 'D']",VERB,1,3,"['K', 'AO', 'L', 'D']",0,0,0,0,[]
420,southern,RSCH,real,short,complex,6.92e-05,5,4.84,"['S', 'AH', 'DH', 'ER', 'N']","['S', 'AH', 'DH', 'ER', 'N']",ADJ,2,3,"['S', 'AH', 'DH', 'ER', 'N']",0,0,0,0,[]
421,doing,RSCH,real,short,complex,0.000398,4,5.6,"['D', 'UW', 'IH', 'NG']","['D', 'UW', 'IH', 'NG']",VERB,2,2,"['D', 'UW', 'IH', 'NG']",0,0,0,0,[]
422,greater,RSCH,real,short,complex,7.94e-05,5,4.9,"['G', 'R', 'EY', 'T', 'ER']","['G', 'R', 'EY', 'T', 'ER']",ADJ,2,3,"['G', 'R', 'EY', 'T', 'ER']",0,0,0,0,[]
423,airline,RSCH,real,short,complex,1.1e-05,5,4.04,"['EH', 'R', 'L', 'AY', 'N']","['EH', 'R', 'L', 'AY', 'N']",NOUN,2,3,"['EH', 'R', 'L', 'AY', 'N']",0,0,0,0,[]
424,wished,RSCH,real,short,complex,1e-05,4,4.0,"['W', 'IH', 'SH', 'T']","['W', 'IH', 'SH', 'T']",VERB,1,3,"['W', 'IH', 'SH', 'T']",0,0,0,0,[]
425,really,RSCH,real,short,complex,0.000933,4,5.97,"['R', 'IH', 'L', 'IY']","['R', 'IH', 'L', 'IY']",ADV,2,2,"['R', 'IH', 'L', 'IY']",0,0,0,0,[]
426,things,RSCH,real,short,complex,0.00055,4,5.74,"['TH', 'IH', 'NG', 'Z']","['TH', 'IH', 'NG', 'Z']",NOUN,1,3,"['TH', 'IH', 'NG', 'Z']",0,0,0,0,[]
427,outcome,RSCH,real,short,complex,2.24e-05,5,4.35,"['AW', 'T', 'K', 'AH', 'M']","['AW', 'T', 'K', 'AH', 'M']",VERB,2,3,"['AW', 'T', 'K', 'AH', 'M']",0,0,0,0,[]
428,marriage,RSCH,real,short,complex,8.13e-05,5,4.91,"['M', 'EH', 'R', 'IH', 'JH']","['M', 'EH', 'R', 'IH', 'JH']",NOUN,2,3,"['M', 'EH', 'R', 'IH', 'JH']",0,0,0,0,[]
429,social,RSCH,real,short,complex,0.000263,5,5.42,"['S', 'OW', 'SH', 'AH', 'L']","['S', 'OW', 'SH', 'AH', 'L']",ADJ,2,3,"['S', 'OW', 'SH', 'AH', 'L']",0,0,0,0,[]
430,passage,RSCH,real,short,complex,1.86e-05,5,4.27,"['P', 'AE', 'S', 'AH', 'JH']","['P', 'AE', 'S', 'AH', 'JH']",NOUN,2,3,"['P', 'AE', 'S', 'AH', 'JH']",0,0,0,0,[]
431,someday,RSCH,real,short,complex,1.12e-05,5,4.05,"['S', 'AH', 'M', 'D', 'EY']","['S', 'AH', 'M', 'D', 'EY']",NOUN,2,3,"['S', 'AH', 'M', 'D', 'EY']",0,0,0,0,[]
432,known,RSCH,real,short,complex,0.000245,3,5.39,"['N', 'OW', 'N']","['N', 'OW', 'N']",VERB,1,2,"['N', 'OW', 'N']",0,0,0,0,[]
433,getting,RSCH,real,short,complex,0.000372,5,5.57,"['G', 'EH', 'T', 'IH', 'NG']","['G', 'EH', 'T', 'IH', 'NG']",VERB,2,3,"['G', 'EH', 'T', 'IH', 'NG']",0,0,0,0,[]
434,utterly,RSCH,real,short,complex,1.05e-05,5,4.02,"['AH', 'T', 'ER', 'L', 'IY']","['AH', 'T', 'ER', 'L', 'IY']",ADV,3,2,"['AH', 'T', 'ER', 'L', 'IY']",0,0,0,0,[]
435,birthday,RSCH,real,short,complex,5.75e-05,5,4.76,"['B', 'ER', 'TH', 'D', 'EY']","['B', 'ER', 'TH', 'D', 'EY']",NOUN,2,3,"['B', 'ER', 'TH', 'D', 'EY']",0,0,0,0,[]
436,aging,RSCH,real,short,complex,1.1e-05,4,4.04,"['EY', 'JH', 'IH', 'NG']","['EY', 'JH', 'IH', 'NG']",VERB,2,2,"['EY', 'JH', 'IH', 'NG']",0,0,0,0,[]
437,carrier,RSCH,real,short,complex,1.95e-05,5,4.29,"['K', 'AE', 'R', 'IY', 'ER']","['K', 'AE', 'R', 'IY', 'ER']",NOUN,3,2,"['K', 'AE', 'R', 'IY', 'ER']",0,0,0,0,[]
438,beating,RSCH,real,short,complex,2.69e-05,5,4.43,"['B', 'IY', 'T', 'IH', 'NG']","['B', 'IY', 'T', 'IH', 'NG']",VERB,2,3,"['B', 'IY', 'T', 'IH', 'NG']",0,0,0,0,[]
439,thrown,RSCH,real,short,complex,2.51e-05,4,4.4,"['TH', 'R', 'OW', 'N']","['TH', 'R', 'OW', 'N']",VERB,1,3,"['TH', 'R', 'OW', 'N']",0,0,0,0,[]
440,going,RSCH,real,short,complex,0.000871,4,5.94,"['G', 'OW', 'IH', 'NG']","['G', 'OW', 'IH', 'NG']",VERB,2,2,"['G', 'OW', 'IH', 'NG']",0,0,0,0,[]
441,highly,RSCH,real,short,complex,7.76e-05,4,4.89,"['HH', 'AY', 'L', 'IY']","['HH', 'AY', 'L', 'IY']",ADV,2,2,"['HH', 'AY', 'L', 'IY']",0,0,0,0,[]
442,surveys,RSCH,real,short,complex,1e-05,5,4.0,"['S', 'ER', 'V', 'EY', 'Z']","['S', 'ER', 'V', 'EY', 'Z']",NOUN,2,3,"['S', 'ER', 'V', 'EY', 'Z']",0,0,0,0,[]
443,diving,RSCH,real,short,complex,1.05e-05,5,4.02,"['D', 'AY', 'V', 'IH', 'NG']","['D', 'AY', 'V', 'IH', 'NG']",VERB,2,3,"['D', 'AY', 'V', 'IH', 'NG']",0,0,0,0,[]
444,realize,RSCH,real,short,complex,6.76e-05,5,4.83,"['R', 'IY', 'L', 'AY', 'Z']","['R', 'IY', 'L', 'AY', 'Z']",VERB,2,3,"['R', 'IY', 'L', 'AY', 'Z']",0,0,0,0,[]
445,nothing,RSCH,real,short,complex,0.000355,5,5.55,"['N', 'AH', 'TH', 'IH', 'NG']","['N', 'AH', 'TH', 'IH', 'NG']",PRON,2,3,"['N', 'AH', 'TH', 'IH', 'NG']",0,0,0,0,[]
446,agreed,RSCH,real,short,complex,6.92e-05,5,4.84,"['AH', 'G', 'R', 'IY', 'D']","['AH', 'G', 'R', 'IY', 'D']",VERB,2,3,"['AH', 'G', 'R', 'IY', 'D']",0,0,0,0,[]
447,indeed,RSCH,real,short,complex,6.17e-05,5,4.79,"['IH', 'N', 'D', 'IY', 'D']","['IH', 'N', 'D', 'IY', 'D']",ADV,2,3,"['IH', 'N', 'D', 'IY', 'D']",0,0,0,0,[]
448,outdoor,RSCH,real,short,complex,1.7e-05,5,4.23,"['AW', 'T', 'D', 'AO', 'R']","['AW', 'T', 'D', 'AO', 'R']",NOUN,2,3,"['AW', 'T', 'D', 'AO', 'R']",0,0,0,0,[]
449,whoever,RSCH,real,short,complex,2.63e-05,5,4.42,"['HH', 'UW', 'EH', 'V', 'ER']","['HH', 'UW', 'EH', 'V', 'ER']",PRON,3,2,"['HH', 'UW', 'EH', 'V', 'ER']",0,0,0,0,[]
450,wedding,RSCH,real,short,complex,6.76e-05,5,4.83,"['W', 'EH', 'D', 'IH', 'NG']","['W', 'EH', 'D', 'IH', 'NG']",NOUN,2,3,"['W', 'EH', 'D', 'IH', 'NG']",0,0,0,0,[]
451,turkish,RSCH,real,short,complex,1.91e-05,5,4.28,"['T', 'ER', 'K', 'IH', 'SH']","['T', 'ER', 'K', 'IH', 'SH']",ADJ,2,3,"['T', 'ER', 'K', 'IH', 'SH']",0,0,0,0,[]
452,blows,RSCH,real,short,complex,1.1e-05,4,4.04,"['B', 'L', 'OW', 'Z']","['B', 'L', 'OW', 'Z']",VERB,1,3,"['B', 'L', 'OW', 'Z']",0,0,0,0,[]
453,halfway,RSCH,real,short,complex,1.15e-05,5,4.06,"['HH', 'AE', 'F', 'W', 'EY']","['HH', 'AE', 'F', 'W', 'EY']",ADV,2,3,"['HH', 'AE', 'F', 'W', 'EY']",0,0,0,0,[]
454,awesome,RSCH,real,short,complex,8.32e-05,4,4.92,"['AA', 'S', 'AH', 'M']","['AA', 'S', 'AH', 'M']",ADJ,2,2,"['AA', 'S', 'AH', 'M']",0,0,0,0,[]
455,thermal,RSCH,real,short,complex,1.1e-05,5,4.04,"['TH', 'ER', 'M', 'AH', 'L']","['TH', 'ER', 'M', 'AH', 'L']",ADJ,2,3,"['TH', 'ER', 'M', 'AH', 'L']",0,0,0,0,[]
456,wolves,RSCH,real,short,complex,1.02e-05,5,4.01,"['W', 'UH', 'L', 'V', 'Z']","['W', 'UH', 'L', 'V', 'Z']",NOUN,1,4,"['W', 'UH', 'L', 'V', 'Z']",0,0,0,0,[]
457,rarely,RSCH,real,short,complex,2.63e-05,5,4.42,"['R', 'EH', 'R', 'L', 'IY']","['R', 'EH', 'R', 'L', 'IY']",ADV,2,3,"['R', 'EH', 'R', 'L', 'IY']",0,0,0,0,[]
458,fourth,RSCH,real,short,complex,6.76e-05,4,4.83,"['F', 'AO', 'R', 'TH']","['F', 'AO', 'R', 'TH']",ADJ,1,3,"['F', 'AO', 'R', 'TH']",0,0,0,0,[]
459,truly,RSCH,real,short,complex,7.41e-05,5,4.87,"['T', 'R', 'UW', 'L', 'IY']","['T', 'R', 'UW', 'L', 'IY']",ADV,2,3,"['T', 'R', 'UW', 'L', 'IY']",0,0,0,0,[]
460,overall,RSCH,real,short,complex,7.94e-05,5,4.9,"['OW', 'V', 'ER', 'AO', 'L']","['OW', 'V', 'ER', 'AO', 'L']",ADJ,3,2,"['OW', 'V', 'ER', 'AO', 'L']",0,0,0,0,[]
461,another,RSCH,real,short,complex,0.00055,5,5.74,"['AH', 'N', 'AH', 'DH', 'ER']","['AH', 'N', 'AH', 'DH', 'ER']",PRON,3,2,"['AH', 'N', 'AH', 'DH', 'ER']",0,0,0,0,[]
462,dealt,RSCH,real,short,complex,1.58e-05,4,4.2,"['D', 'EH', 'L', 'T']","['D', 'EH', 'L', 'T']",VERB,1,3,"['D', 'EH', 'L', 'T']",0,0,0,0,[]
463,wooden,RSCH,real,short,complex,2.14e-05,5,4.33,"['W', 'UH', 'D', 'AH', 'N']","['W', 'UH', 'D', 'AH', 'N']",ADJ,2,3,"['W', 'UH', 'D', 'AH', 'N']",0,0,0,0,[]
464,its,RSCH,real,short,complex,0.00138,3,6.14,"['IH', 'T', 'S']","['IH', 'T', 'S']",PRON,1,2,"['IH', 'T', 'S']",0,0,0,0,[]
465,liar,RSCH,real,short,complex,1.05e-05,3,4.02,"['L', 'AY', 'ER']","['L', 'AY', 'ER']",NOUN,2,1,"['L', 'AY', 'ER']",0,0,0,0,[]
466,insane,RSCH,real,short,complex,2.51e-05,5,4.4,"['IH', 'N', 'S', 'EY', 'N']","['IH', 'N', 'S', 'EY', 'N']",ADJ,2,3,"['IH', 'N', 'S', 'EY', 'N']",0,0,0,0,[]
467,because,RSCH,real,short,complex,0.00107,5,6.03,"['B', 'IH', 'K', 'AO', 'Z']","['B', 'IH', 'K', 'AO', 'Z']",SCONJ,2,3,"['B', 'IH', 'K', 'AO', 'Z']",0,0,0,0,[]
468,abroad,RSCH,real,short,complex,2.45e-05,5,4.39,"['AH', 'B', 'R', 'AO', 'D']","['AH', 'B', 'R', 'AO', 'D']",ADV,2,3,"['AH', 'B', 'R', 'AO', 'D']",0,0,0,0,[]
469,nervous,RSCH,real,short,complex,2.63e-05,5,4.42,"['N', 'ER', 'V', 'AH', 'S']","['N', 'ER', 'V', 'AH', 'S']",ADJ,2,3,"['N', 'ER', 'V', 'AH', 'S']",0,0,0,0,[]
470,whereas,RSCH,real,short,complex,2.57e-05,5,4.41,"['W', 'EH', 'R', 'AE', 'Z']","['W', 'EH', 'R', 'AE', 'Z']",SCONJ,2,3,"['W', 'EH', 'R', 'AE', 'Z']",0,0,0,0,[]
471,eastern,RSCH,real,short,complex,6.03e-05,5,4.78,"['IY', 'S', 'T', 'ER', 'N']","['IY', 'S', 'T', 'ER', 'N']",ADJ,2,3,"['IY', 'S', 'T', 'ER', 'N']",0,0,0,0,[]
472,outfit,RSCH,real,short,complex,1.66e-05,5,4.22,"['AW', 'T', 'F', 'IH', 'T']","['AW', 'T', 'F', 'IH', 'T']",NOUN,2,3,"['AW', 'T', 'F', 'IH', 'T']",0,0,0,0,[]
473,behalf,RSCH,real,short,complex,2.63e-05,5,4.42,"['B', 'IH', 'HH', 'AE', 'F']","['B', 'IH', 'HH', 'AE', 'F']",NOUN,2,3,"['B', 'IH', 'HH', 'AE', 'F']",0,0,0,0,[]
474,liquor,RSCH,real,short,complex,1.02e-05,4,4.01,"['L', 'IH', 'K', 'ER']","['L', 'IH', 'K', 'ER']",NOUN,2,2,"['L', 'IH', 'K', 'ER']",0,0,0,0,[]
475,begun,RSCH,real,short,complex,2.29e-05,5,4.36,"['B', 'IH', 'G', 'AH', 'N']","['B', 'IH', 'G', 'AH', 'N']",VERB,2,3,"['B', 'IH', 'G', 'AH', 'N']",0,0,0,0,[]
476,fallen,RSCH,real,short,complex,2.45e-05,5,4.39,"['F', 'AA', 'L', 'AH', 'N']","['F', 'AA', 'L', 'AH', 'N']",VERB,2,3,"['F', 'AA', 'L', 'AH', 'N']",0,0,0,0,[]
477,within,RSCH,real,short,complex,0.000275,5,5.44,"['W', 'IH', 'DH', 'IH', 'N']","['W', 'IH', 'DH', 'IH', 'N']",ADP,2,3,"['W', 'IH', 'DH', 'IH', 'N']",0,0,0,0,[]
478,fried,RSCH,real,short,complex,1.15e-05,4,4.06,"['F', 'R', 'AY', 'D']","['F', 'R', 'AY', 'D']",VERB,1,3,"['F', 'R', 'AY', 'D']",0,0,0,0,[]
479,stole,RSCH,real,short,complex,1.62e-05,4,4.21,"['S', 'T', 'OW', 'L']","['S', 'T', 'OW', 'L']",VERB,1,3,"['S', 'T', 'OW', 'L']",0,0,0,0,[]
480,offense,RSCH,real,short,complex,1.82e-05,5,4.26,"['AH', 'F', 'EH', 'N', 'S']","['AH', 'F', 'EH', 'N', 'S']",NOUN,2,3,"['AH', 'F', 'EH', 'N', 'S']",0,0,0,0,[]
481,renewed,RSCH,real,short,complex,1.1e-05,5,4.04,"['R', 'IH', 'N', 'UW', 'D']","['R', 'IH', 'N', 'UW', 'D']",VERB,2,3,"['R', 'IH', 'N', 'UW', 'D']",0,0,0,0,[]
482,safely,RSCH,real,short,complex,1.66e-05,5,4.22,"['S', 'EY', 'F', 'L', 'IY']","['S', 'EY', 'F', 'L', 'IY']",ADV,2,3,"['S', 'EY', 'F', 'L', 'IY']",0,0,0,0,[]
483,lottery,RSCH,real,short,complex,1e-05,5,4.0,"['L', 'AA', 'T', 'ER', 'IY']","['L', 'AA', 'T', 'ER', 'IY']",NOUN,3,2,"['L', 'AA', 'T', 'ER', 'IY']",0,0,0,0,[]
484,fishing,RSCH,real,short,complex,2.95e-05,5,4.47,"['F', 'IH', 'SH', 'IH', 'NG']","['F', 'IH', 'SH', 'IH', 'NG']",NOUN,2,3,"['F', 'IH', 'SH', 'IH', 'NG']",0,0,0,0,[]
485,happier,RSCH,real,short,complex,1.15e-05,5,4.06,"['HH', 'AE', 'P', 'IY', 'ER']","['HH', 'AE', 'P', 'IY', 'ER']",ADJ,3,2,"['HH', 'AE', 'P', 'IY', 'ER']",0,0,0,0,[]
486,forgive,RSCH,real,short,complex,1.78e-05,5,4.25,"['F', 'ER', 'G', 'IH', 'V']","['F', 'ER', 'G', 'IH', 'V']",VERB,2,3,"['F', 'ER', 'G', 'IH', 'V']",0,0,0,0,[]
487,surface,RSCH,real,short,complex,6.76e-05,5,4.83,"['S', 'ER', 'F', 'AH', 'S']","['S', 'ER', 'F', 'AH', 'S']",NOUN,2,3,"['S', 'ER', 'F', 'AH', 'S']",0,0,0,0,[]
488,keeper,RSCH,real,short,complex,1.05e-05,4,4.02,"['K', 'IY', 'P', 'ER']","['K', 'IY', 'P', 'ER']",NOUN,2,2,"['K', 'IY', 'P', 'ER']",0,0,0,0,[]
489,announce,RSCH,real,short,complex,1.82e-05,5,4.26,"['AH', 'N', 'AW', 'N', 'S']","['AH', 'N', 'AW', 'N', 'S']",VERB,2,3,"['AH', 'N', 'AW', 'N', 'S']",0,0,0,0,[]
490,being,RSCH,real,short,complex,0.000891,4,5.95,"['B', 'IY', 'IH', 'NG']","['B', 'IY', 'IH', 'NG']",AUX,2,2,"['B', 'IY', 'IH', 'NG']",0,0,0,0,[]
491,become,RSCH,real,short,complex,0.000251,5,5.4,"['B', 'IH', 'K', 'AH', 'M']","['B', 'IH', 'K', 'AH', 'M']",VERB,2,3,"['B', 'IH', 'K', 'AH', 'M']",0,0,0,0,[]
492,always,RSCH,real,short,complex,0.000575,5,5.76,"['AO', 'L', 'W', 'EY', 'Z']","['AO', 'L', 'W', 'EY', 'Z']",ADV,2,3,"['AO', 'L', 'W', 'EY', 'Z']",0,0,0,0,[]
493,screwed,RSCH,real,short,complex,1e-05,5,4.0,"['S', 'K', 'R', 'UW', 'D']","['S', 'K', 'R', 'UW', 'D']",VERB,1,4,"['S', 'K', 'R', 'UW', 'D']",0,0,0,0,[]
494,affairs,RSCH,real,short,complex,4.68e-05,5,4.67,"['AH', 'F', 'EH', 'R', 'Z']","['AH', 'F', 'EH', 'R', 'Z']",NOUN,2,3,"['AH', 'F', 'EH', 'R', 'Z']",0,0,0,0,[]
495,railway,RSCH,real,short,complex,2.88e-05,5,4.46,"['R', 'EY', 'L', 'W', 'EY']","['R', 'EY', 'L', 'W', 'EY']",NOUN,2,3,"['R', 'EY', 'L', 'W', 'EY']",0,0,0,0,[]
496,later,RSCH,real,short,complex,0.000309,4,5.49,"['L', 'EY', 'T', 'ER']","['L', 'EY', 'T', 'ER']",ADV,2,2,"['L', 'EY', 'T', 'ER']",0,0,0,0,[]
497,sexy,RSCH,real,short,complex,2.63e-05,5,4.42,"['S', 'EH', 'K', 'S', 'IY']","['S', 'EH', 'K', 'S', 'IY']",ADJ,2,3,"['S', 'EH', 'K', 'S', 'IY']",0,0,0,0,[]
498,teacher,RSCH,real,short,complex,7.59e-05,4,4.88,"['T', 'IY', 'CH', 'ER']","['T', 'IY', 'CH', 'ER']",NOUN,2,2,"['T', 'IY', 'CH', 'ER']",0,0,0,0,[]
499,turning,RSCH,real,short,complex,5.13e-05,5,4.71,"['T', 'ER', 'N', 'IH', 'NG']","['T', 'ER', 'N', 'IH', 'NG']",VERB,2,3,"['T', 'ER', 'N', 'IH', 'NG']",0,0,0,0,[]
500,encode,RSCL,real,short,complex,8.91e-07,5,2.95,"['EH', 'N', 'K', 'OW', 'D']","['EH', 'N', 'K', 'OW', 'D']",VERB,2,3,"['EH', 'N', 'K', 'OW', 'D']",0,0,0,0,[]
501,bathe,RSCL,real,short,complex,1.66e-06,3,3.22,"['B', 'EY', 'DH']","['B', 'EY', 'DH']",VERB,1,2,"['B', 'EY', 'DH']",0,0,0,0,[]
502,foggy,RSCL,real,short,complex,1.55e-06,4,3.19,"['F', 'AA', 'G', 'IY']","['F', 'AA', 'G', 'IY']",ADJ,2,2,"['F', 'AA', 'G', 'IY']",0,0,0,0,[]
503,footing,RSCL,real,short,complex,3.16e-06,5,3.5,"['F', 'UH', 'T', 'IH', 'NG']","['F', 'UH', 'T', 'IH', 'NG']",VERB,2,3,"['F', 'UH', 'T', 'IH', 'NG']",0,0,0,0,[]
504,lows,RSCL,real,short,complex,2.82e-06,3,3.45,"['L', 'OW', 'Z']","['L', 'OW', 'Z']",NOUN,1,2,"['L', 'OW', 'Z']",0,0,0,0,[]
505,eyebrow,RSCL,real,short,complex,2.34e-06,4,3.37,"['AY', 'B', 'R', 'AW']","['AY', 'B', 'R', 'AW']",NOUN,2,2,"['AY', 'B', 'R', 'AW']",0,0,0,0,[]
506,smelled,RSCL,real,short,complex,3.16e-06,5,3.5,"['S', 'M', 'EH', 'L', 'D']","['S', 'M', 'EH', 'L', 'D']",VERB,1,4,"['S', 'M', 'EH', 'L', 'D']",0,0,0,0,[]
507,beehive,RSCL,real,short,complex,7.76e-07,5,2.89,"['B', 'IY', 'HH', 'AY', 'V']","['B', 'IY', 'HH', 'AY', 'V']",NOUN,2,3,"['B', 'IY', 'HH', 'AY', 'V']",0,0,0,0,[]
508,earner,RSCL,real,short,complex,8.71e-07,3,2.94,"['ER', 'N', 'ER']","['ER', 'N', 'ER']",NOUN,2,1,"['ER', 'N', 'ER']",0,0,0,0,[]
509,tableau,RSCL,real,short,complex,8.32e-07,5,2.92,"['T', 'AH', 'B', 'L', 'OW']","['T', 'AH', 'B', 'L', 'OW']",NOUN,2,3,"['T', 'AH', 'B', 'L', 'OW']",0,0,0,0,[]
510,tenths,RSCL,real,short,complex,9.33e-07,5,2.97,"['T', 'EH', 'N', 'TH', 'S']","['T', 'EH', 'N', 'TH', 'S']",NOUN,1,4,"['T', 'EH', 'N', 'TH', 'S']",0,0,0,0,[]
511,perverse,RSCL,real,short,complex,1.55e-06,5,3.19,"['P', 'ER', 'V', 'ER', 'S']","['P', 'ER', 'V', 'ER', 'S']",ADJ,2,3,"['P', 'ER', 'V', 'ER', 'S']",0,0,0,0,[]
512,adjourned,RSCL,real,short,complex,2.19e-06,5,3.34,"['AH', 'JH', 'ER', 'N', 'D']","['AH', 'JH', 'ER', 'N', 'D']",VERB,2,3,"['AH', 'JH', 'ER', 'N', 'D']",0,0,0,0,[]
513,chewy,RSCL,real,short,complex,8.71e-07,3,2.94,"['CH', 'UW', 'IY']","['CH', 'UW', 'IY']",ADJ,2,1,"['CH', 'UW', 'IY']",0,0,0,0,[]
514,mating,RSCL,real,short,complex,3.16e-06,5,3.5,"['M', 'EY', 'T', 'IH', 'NG']","['M', 'EY', 'T', 'IH', 'NG']",VERB,2,3,"['M', 'EY', 'T', 'IH', 'NG']",0,0,0,0,[]
515,deepen,RSCL,real,short,complex,1.55e-06,5,3.19,"['D', 'IY', 'P', 'AH', 'N']","['D', 'IY', 'P', 'AH', 'N']",VERB,2,3,"['D', 'IY', 'P', 'AH', 'N']",0,0,0,0,[]
516,ablaze,RSCL,real,short,complex,8.51e-07,5,2.93,"['AH', 'B', 'L', 'EY', 'Z']","['AH', 'B', 'L', 'EY', 'Z']",ADJ,2,3,"['AH', 'B', 'L', 'EY', 'Z']",0,0,0,0,[]
517,onerous,RSCL,real,short,complex,8.32e-07,5,2.92,"['OW', 'N', 'ER', 'AH', 'S']","['OW', 'N', 'ER', 'AH', 'S']",ADJ,3,2,"['OW', 'N', 'ER', 'AH', 'S']",0,0,0,0,[]
518,assessor,RSCL,real,short,complex,7.59e-07,5,2.88,"['AH', 'S', 'EH', 'S', 'ER']","['AH', 'S', 'EH', 'S', 'ER']",NOUN,3,2,"['AH', 'S', 'EH', 'S', 'ER']",0,0,0,0,[]
519,iced,RSCL,real,short,complex,2.88e-06,3,3.46,"['AY', 'S', 'T']","['AY', 'S', 'T']",VERB,1,2,"['AY', 'S', 'T']",0,0,0,0,[]
520,geese,RSCL,real,short,complex,2.24e-06,3,3.35,"['G', 'IY', 'S']","['G', 'IY', 'S']",VERB,1,2,"['G', 'IY', 'S']",0,0,0,0,[]
521,doughnut,RSCL,real,short,complex,1.48e-06,5,3.17,"['D', 'OW', 'N', 'AH', 'T']","['D', 'OW', 'N', 'AH', 'T']",VERB,2,3,"['D', 'OW', 'N', 'AH', 'T']",0,0,0,0,[]
522,haitian,RSCL,real,short,complex,2.24e-06,5,3.35,"['HH', 'EY', 'SH', 'AH', 'N']","['HH', 'EY', 'SH', 'AH', 'N']",ADJ,2,3,"['HH', 'EY', 'SH', 'AH', 'N']",0,0,0,0,[]
523,herbal,RSCL,real,short,complex,2.29e-06,4,3.36,"['ER', 'B', 'AH', 'L']","['ER', 'B', 'AH', 'L']",ADJ,2,2,"['ER', 'B', 'AH', 'L']",0,0,0,0,[]
524,anew,RSCL,real,short,complex,1.58e-06,3,3.2,"['AH', 'N', 'UW']","['AH', 'N', 'UW']",ADV,2,1,"['AH', 'N', 'UW']",0,0,0,0,[]
525,drier,RSCL,real,short,complex,1.55e-06,4,3.19,"['D', 'R', 'AY', 'ER']","['D', 'R', 'AY', 'ER']",ADJ,2,2,"['D', 'R', 'AY', 'ER']",0,0,0,0,[]
526,awfully,RSCL,real,short,complex,2.57e-06,4,3.41,"['AA', 'F', 'L', 'IY']","['AA', 'F', 'L', 'IY']",ADV,2,2,"['AA', 'F', 'L', 'IY']",0,0,0,0,[]
527,upped,RSCL,real,short,complex,1.17e-06,3,3.07,"['AH', 'P', 'T']","['AH', 'P', 'T']",VERB,1,2,"['AH', 'P', 'T']",0,0,0,0,[]
528,faiths,RSCL,real,short,complex,1.58e-06,4,3.2,"['F', 'EY', 'TH', 'S']","['F', 'EY', 'TH', 'S']",NOUN,1,3,"['F', 'EY', 'TH', 'S']",0,0,0,0,[]
529,sorely,RSCL,real,short,complex,1.55e-06,5,3.19,"['S', 'AO', 'R', 'L', 'IY']","['S', 'AO', 'R', 'L', 'IY']",ADV,2,3,"['S', 'AO', 'R', 'L', 'IY']",0,0,0,0,[]
530,hippie,RSCL,real,short,complex,2.29e-06,4,3.36,"['HH', 'IH', 'P', 'IY']","['HH', 'IH', 'P', 'IY']",NOUN,2,2,"['HH', 'IH', 'P', 'IY']",0,0,0,0,[]
531,eyeing,RSCL,real,short,complex,1.45e-06,3,3.16,"['AY', 'IH', 'NG']","['AY', 'IH', 'NG']",VERB,2,1,"['AY', 'IH', 'NG']",0,0,0,0,[]
532,skinner,RSCL,real,short,complex,3.16e-06,5,3.5,"['S', 'K', 'IH', 'N', 'ER']","['S', 'K', 'IH', 'N', 'ER']",PROPN,2,3,"['S', 'K', 'IH', 'N', 'ER']",0,0,0,0,[]
533,mixer,RSCL,real,short,complex,3.16e-06,5,3.5,"['M', 'IH', 'K', 'S', 'ER']","['M', 'IH', 'K', 'S', 'ER']",NOUN,2,3,"['M', 'IH', 'K', 'S', 'ER']",0,0,0,0,[]
534,growers,RSCL,real,short,complex,3.16e-06,5,3.5,"['G', 'R', 'OW', 'ER', 'Z']","['G', 'R', 'OW', 'ER', 'Z']",NOUN,2,3,"['G', 'R', 'OW', 'ER', 'Z']",0,0,0,0,[]
535,shrunk,RSCL,real,short,complex,1.51e-06,5,3.18,"['SH', 'R', 'AH', 'NG', 'K']","['SH', 'R', 'AH', 'NG', 'K']",VERB,1,4,"['SH', 'R', 'AH', 'NG', 'K']",0,0,0,0,[]
536,caress,RSCL,real,short,complex,8.71e-07,4,2.94,"['K', 'ER', 'EH', 'S']","['K', 'ER', 'EH', 'S']",VERB,2,2,"['K', 'ER', 'EH', 'S']",0,0,0,0,[]
537,earthy,RSCL,real,short,complex,1.05e-06,3,3.02,"['ER', 'TH', 'IY']","['ER', 'TH', 'IY']",ADJ,2,1,"['ER', 'TH', 'IY']",0,0,0,0,[]
538,bows,RSCL,real,short,complex,3.16e-06,3,3.5,"['B', 'AW', 'Z']","['B', 'AW', 'Z']",VERB,1,2,"['B', 'AW', 'Z']",0,0,0,0,[]
539,airtight,RSCL,real,short,complex,8.91e-07,5,2.95,"['EH', 'R', 'T', 'AY', 'T']","['EH', 'R', 'T', 'AY', 'T']",NOUN,2,3,"['EH', 'R', 'T', 'AY', 'T']",0,0,0,0,[]
540,eater,RSCL,real,short,complex,2.63e-06,3,3.42,"['IY', 'T', 'ER']","['IY', 'T', 'ER']",NOUN,2,1,"['IY', 'T', 'ER']",0,0,0,0,[]
541,redo,RSCL,real,short,complex,1.55e-06,4,3.19,"['R', 'IY', 'D', 'UW']","['R', 'IY', 'D', 'UW']",VERB,2,2,"['R', 'IY', 'D', 'UW']",0,0,0,0,[]
542,seaman,RSCL,real,short,complex,1.58e-06,5,3.2,"['S', 'IY', 'M', 'AH', 'N']","['S', 'IY', 'M', 'AH', 'N']",NOUN,2,3,"['S', 'IY', 'M', 'AH', 'N']",0,0,0,0,[]
543,dries,RSCL,real,short,complex,1.58e-06,4,3.2,"['D', 'R', 'AY', 'Z']","['D', 'R', 'AY', 'Z']",VERB,1,3,"['D', 'R', 'AY', 'Z']",0,0,0,0,[]
544,roaming,RSCL,real,short,complex,3.16e-06,5,3.5,"['R', 'OW', 'M', 'IH', 'NG']","['R', 'OW', 'M', 'IH', 'NG']",VERB,2,3,"['R', 'OW', 'M', 'IH', 'NG']",0,0,0,0,[]
545,longing,RSCL,real,short,complex,3.16e-06,5,3.5,"['L', 'AO', 'NG', 'IH', 'NG']","['L', 'AO', 'NG', 'IH', 'NG']",NOUN,2,3,"['L', 'AO', 'NG', 'IH', 'NG']",0,0,0,0,[]
546,orator,RSCL,real,short,complex,7.94e-07,5,2.9,"['AO', 'R', 'AH', 'T', 'ER']","['AO', 'R', 'AH', 'T', 'ER']",NOUN,3,2,"['AO', 'R', 'AH', 'T', 'ER']",0,0,0,0,[]
547,kneel,RSCL,real,short,complex,1.74e-06,3,3.24,"['N', 'IY', 'L']","['N', 'IY', 'L']",VERB,1,2,"['N', 'IY', 'L']",0,0,0,0,[]
548,hellish,RSCL,real,short,complex,8.32e-07,5,2.92,"['HH', 'EH', 'L', 'IH', 'SH']","['HH', 'EH', 'L', 'IH', 'SH']",ADJ,2,3,"['HH', 'EH', 'L', 'IH', 'SH']",0,0,0,0,[]
549,sayings,RSCL,real,short,complex,1.48e-06,5,3.17,"['S', 'EY', 'IH', 'NG', 'Z']","['S', 'EY', 'IH', 'NG', 'Z']",NOUN,2,3,"['S', 'EY', 'IH', 'NG', 'Z']",0,0,0,0,[]
550,bluish,RSCL,real,short,complex,7.59e-07,5,2.88,"['B', 'L', 'UW', 'IH', 'SH']","['B', 'L', 'UW', 'IH', 'SH']",ADJ,2,3,"['B', 'L', 'UW', 'IH', 'SH']",0,0,0,0,[]
551,detour,RSCL,real,short,complex,1.58e-06,5,3.2,"['D', 'IH', 'T', 'UH', 'R']","['D', 'IH', 'T', 'UH', 'R']",NOUN,2,3,"['D', 'IH', 'T', 'UH', 'R']",0,0,0,0,[]
552,eased,RSCL,real,short,complex,1.78e-06,3,3.25,"['IY', 'Z', 'D']","['IY', 'Z', 'D']",VERB,1,2,"['IY', 'Z', 'D']",0,0,0,0,[]
553,finesse,RSCL,real,short,complex,1.51e-06,5,3.18,"['F', 'IH', 'N', 'EH', 'S']","['F', 'IH', 'N', 'EH', 'S']",VERB,2,3,"['F', 'IH', 'N', 'EH', 'S']",0,0,0,0,[]
554,lawler,RSCL,real,short,complex,8.51e-07,4,2.93,"['L', 'AO', 'L', 'ER']","['L', 'AO', 'L', 'ER']",PROPN,2,2,"['L', 'AO', 'L', 'ER']",0,0,0,0,[]
555,haters,RSCL,real,short,complex,3.16e-06,5,3.5,"['HH', 'EY', 'T', 'ER', 'Z']","['HH', 'EY', 'T', 'ER', 'Z']",NOUN,2,3,"['HH', 'EY', 'T', 'ER', 'Z']",0,0,0,0,[]
556,foresee,RSCL,real,short,complex,1.51e-06,5,3.18,"['F', 'AO', 'R', 'S', 'IY']","['F', 'AO', 'R', 'S', 'IY']",VERB,2,3,"['F', 'AO', 'R', 'S', 'IY']",0,0,0,0,[]
557,outweighed,RSCL,real,short,complex,7.94e-07,5,2.9,"['AW', 'T', 'W', 'EY', 'D']","['AW', 'T', 'W', 'EY', 'D']",VERB,2,3,"['AW', 'T', 'W', 'EY', 'D']",0,0,0,0,[]
558,biggie,RSCL,real,short,complex,1.51e-06,4,3.18,"['B', 'IH', 'G', 'IY']","['B', 'IH', 'G', 'IY']",NOUN,2,2,"['B', 'IH', 'G', 'IY']",0,0,0,0,[]
559,sewn,RSCL,real,short,complex,1.51e-06,3,3.18,"['S', 'OW', 'N']","['S', 'OW', 'N']",VERB,1,2,"['S', 'OW', 'N']",0,0,0,0,[]
560,oxen,RSCL,real,short,complex,7.94e-07,5,2.9,"['AA', 'K', 'S', 'AH', 'N']","['AA', 'K', 'S', 'AH', 'N']",PROPN,2,3,"['AA', 'K', 'S', 'AH', 'N']",0,0,0,0,[]
561,mapped,RSCL,real,short,complex,3.16e-06,4,3.5,"['M', 'AE', 'P', 'T']","['M', 'AE', 'P', 'T']",VERB,1,3,"['M', 'AE', 'P', 'T']",0,0,0,0,[]
562,mailed,RSCL,real,short,complex,3.16e-06,4,3.5,"['M', 'EY', 'L', 'D']","['M', 'EY', 'L', 'D']",VERB,1,3,"['M', 'EY', 'L', 'D']",0,0,0,0,[]
563,shrank,RSCL,real,short,complex,7.94e-07,5,2.9,"['SH', 'R', 'AE', 'NG', 'K']","['SH', 'R', 'AE', 'NG', 'K']",VERB,1,4,"['SH', 'R', 'AE', 'NG', 'K']",0,0,0,0,[]
564,impair,RSCL,real,short,complex,8.51e-07,5,2.93,"['IH', 'M', 'P', 'EH', 'R']","['IH', 'M', 'P', 'EH', 'R']",VERB,2,3,"['IH', 'M', 'P', 'EH', 'R']",0,0,0,0,[]
565,afoot,RSCL,real,short,complex,7.76e-07,4,2.89,"['AH', 'F', 'UH', 'T']","['AH', 'F', 'UH', 'T']",VERB,2,2,"['AH', 'F', 'UH', 'T']",0,0,0,0,[]
566,docked,RSCL,real,short,complex,1.58e-06,4,3.2,"['D', 'AA', 'K', 'T']","['D', 'AA', 'K', 'T']",VERB,1,3,"['D', 'AA', 'K', 'T']",0,0,0,0,[]
567,oars,RSCL,real,short,complex,1.02e-06,3,3.01,"['AO', 'R', 'Z']","['AO', 'R', 'Z']",NOUN,1,2,"['AO', 'R', 'Z']",0,0,0,0,[]
568,recoil,RSCL,real,short,complex,1.55e-06,5,3.19,"['R', 'IY', 'K', 'OY', 'L']","['R', 'IY', 'K', 'OY', 'L']",VERB,2,3,"['R', 'IY', 'K', 'OY', 'L']",0,0,0,0,[]
569,hitter,RSCL,real,short,complex,3.16e-06,4,3.5,"['HH', 'IH', 'T', 'ER']","['HH', 'IH', 'T', 'ER']",NOUN,2,2,"['HH', 'IH', 'T', 'ER']",0,0,0,0,[]
570,outing,RSCL,real,short,complex,3.16e-06,4,3.5,"['AW', 'T', 'IH', 'NG']","['AW', 'T', 'IH', 'NG']",NOUN,2,2,"['AW', 'T', 'IH', 'NG']",0,0,0,0,[]
571,eels,RSCL,real,short,complex,1.51e-06,3,3.18,"['IY', 'L', 'Z']","['IY', 'L', 'Z']",NOUN,1,2,"['IY', 'L', 'Z']",0,0,0,0,[]
572,disarray,RSCL,real,short,complex,9.12e-07,5,2.96,"['D', 'IH', 'S', 'ER', 'EY']","['D', 'IH', 'S', 'ER', 'EY']",NOUN,3,2,"['D', 'IH', 'S', 'ER', 'EY']",0,0,0,0,[]
573,ills,RSCL,real,short,complex,1.02e-06,3,3.01,"['IH', 'L', 'Z']","['IH', 'L', 'Z']",NOUN,1,2,"['IH', 'L', 'Z']",0,0,0,0,[]
574,rename,RSCL,real,short,complex,1.51e-06,5,3.18,"['R', 'IY', 'N', 'EY', 'M']","['R', 'IY', 'N', 'EY', 'M']",VERB,2,3,"['R', 'IY', 'N', 'EY', 'M']",0,0,0,0,[]
575,lashes,RSCL,real,short,complex,2.75e-06,5,3.44,"['L', 'AE', 'SH', 'IH', 'Z']","['L', 'AE', 'SH', 'IH', 'Z']",NOUN,2,3,"['L', 'AE', 'SH', 'IH', 'Z']",0,0,0,0,[]
576,seashore,RSCL,real,short,complex,8.32e-07,5,2.92,"['S', 'IY', 'SH', 'AO', 'R']","['S', 'IY', 'SH', 'AO', 'R']",NOUN,2,3,"['S', 'IY', 'SH', 'AO', 'R']",0,0,0,0,[]
577,badges,RSCL,real,short,complex,3.16e-06,5,3.5,"['B', 'AE', 'JH', 'IH', 'Z']","['B', 'AE', 'JH', 'IH', 'Z']",NOUN,2,3,"['B', 'AE', 'JH', 'IH', 'Z']",0,0,0,0,[]
578,milky,RSCL,real,short,complex,3.16e-06,5,3.5,"['M', 'IH', 'L', 'K', 'IY']","['M', 'IH', 'L', 'K', 'IY']",ADJ,2,3,"['M', 'IH', 'L', 'K', 'IY']",0,0,0,0,[]
579,ascent,RSCL,real,short,complex,2.63e-06,5,3.42,"['AH', 'S', 'EH', 'N', 'T']","['AH', 'S', 'EH', 'N', 'T']",NOUN,2,3,"['AH', 'S', 'EH', 'N', 'T']",0,0,0,0,[]
580,sawmill,RSCL,real,short,complex,7.76e-07,5,2.89,"['S', 'AO', 'M', 'IH', 'L']","['S', 'AO', 'M', 'IH', 'L']",NOUN,2,3,"['S', 'AO', 'M', 'IH', 'L']",0,0,0,0,[]
581,authored,RSCL,real,short,complex,3.09e-06,4,3.49,"['AO', 'TH', 'ER', 'D']","['AO', 'TH', 'ER', 'D']",VERB,2,2,"['AO', 'TH', 'ER', 'D']",0,0,0,0,[]
582,bailout,RSCL,real,short,complex,1.45e-06,5,3.16,"['B', 'EY', 'L', 'AW', 'T']","['B', 'EY', 'L', 'AW', 'T']",NOUN,2,3,"['B', 'EY', 'L', 'AW', 'T']",0,0,0,0,[]
583,beggar,RSCL,real,short,complex,1.48e-06,4,3.17,"['B', 'EH', 'G', 'ER']","['B', 'EH', 'G', 'ER']",NOUN,2,2,"['B', 'EH', 'G', 'ER']",0,0,0,0,[]
584,chords,RSCL,real,short,complex,3.16e-06,5,3.5,"['K', 'AO', 'R', 'D', 'Z']","['K', 'AO', 'R', 'D', 'Z']",NOUN,1,4,"['K', 'AO', 'R', 'D', 'Z']",0,0,0,0,[]
585,unearthed,RSCL,real,short,complex,1.55e-06,5,3.19,"['AH', 'N', 'ER', 'TH', 'T']","['AH', 'N', 'ER', 'TH', 'T']",VERB,2,3,"['AH', 'N', 'ER', 'TH', 'T']",0,0,0,0,[]
586,ferries,RSCL,real,short,complex,1.51e-06,5,3.18,"['F', 'EH', 'R', 'IY', 'Z']","['F', 'EH', 'R', 'IY', 'Z']",NOUN,2,3,"['F', 'EH', 'R', 'IY', 'Z']",0,0,0,0,[]
587,signage,RSCL,real,short,complex,1.55e-06,5,3.19,"['S', 'AY', 'N', 'IH', 'JH']","['S', 'AY', 'N', 'IH', 'JH']",NOUN,2,3,"['S', 'AY', 'N', 'IH', 'JH']",0,0,0,0,[]
588,eyeing,RSCL,real,short,complex,1.45e-06,3,3.16,"['AY', 'IH', 'NG']","['AY', 'IH', 'NG']",VERB,2,1,"['AY', 'IH', 'NG']",0,0,0,0,[]
589,chilly,RSCL,real,short,complex,3.16e-06,4,3.5,"['CH', 'IH', 'L', 'IY']","['CH', 'IH', 'L', 'IY']",ADJ,2,2,"['CH', 'IH', 'L', 'IY']",0,0,0,0,[]
590,vowed,RSCL,real,short,complex,2.45e-06,3,3.39,"['V', 'AW', 'D']","['V', 'AW', 'D']",VERB,1,2,"['V', 'AW', 'D']",0,0,0,0,[]
591,newtown,RSCL,real,short,complex,1.58e-06,5,3.2,"['N', 'UW', 'T', 'AW', 'N']","['N', 'UW', 'T', 'AW', 'N']",PROPN,2,3,"['N', 'UW', 'T', 'AW', 'N']",0,0,0,0,[]
592,sighed,RSCL,real,short,complex,1.35e-06,3,3.13,"['S', 'AY', 'D']","['S', 'AY', 'D']",VERB,1,2,"['S', 'AY', 'D']",0,0,0,0,[]
593,apes,RSCL,real,short,complex,2.82e-06,3,3.45,"['EY', 'P', 'S']","['EY', 'P', 'S']",NOUN,1,2,"['EY', 'P', 'S']",0,0,0,0,[]
594,shone,RSCL,real,short,complex,1.7e-06,3,3.23,"['SH', 'OW', 'N']","['SH', 'OW', 'N']",VERB,1,2,"['SH', 'OW', 'N']",0,0,0,0,[]
595,maoist,RSCL,real,short,complex,7.94e-07,5,2.9,"['M', 'AW', 'IH', 'S', 'T']","['M', 'AW', 'IH', 'S', 'T']",PROPN,2,3,"['M', 'AW', 'IH', 'S', 'T']",0,0,0,0,[]
596,unveil,RSCL,real,short,complex,1.58e-06,5,3.2,"['AH', 'N', 'V', 'EY', 'L']","['AH', 'N', 'V', 'EY', 'L']",VERB,2,3,"['AH', 'N', 'V', 'EY', 'L']",0,0,0,0,[]
597,boos,RSCL,real,short,complex,1.07e-06,3,3.03,"['B', 'UW', 'Z']","['B', 'UW', 'Z']",PROPN,1,2,"['B', 'UW', 'Z']",0,0,0,0,[]
598,crappy,RSCL,real,short,complex,3.16e-06,5,3.5,"['K', 'R', 'AE', 'P', 'IY']","['K', 'R', 'AE', 'P', 'IY']",ADJ,2,3,"['K', 'R', 'AE', 'P', 'IY']",0,0,0,0,[]
599,keyed,RSCL,real,short,complex,7.76e-07,3,2.89,"['K', 'IY', 'D']","['K', 'IY', 'D']",VERB,1,2,"['K', 'IY', 'D']",0,0,0,0,[]
600,agree,RSSH,real,short,simple,9.33e-05,4,4.97,"['AH', 'G', 'R', 'IY']","['AH', 'G', 'R', 'IY']",VERB,2,2,"['AH', 'G', 'R', 'IY']",0,0,0,0,[]
601,claim,RSSH,real,short,simple,8.91e-05,4,4.95,"['K', 'L', 'EY', 'M']","['K', 'L', 'EY', 'M']",VERB,1,3,"['K', 'L', 'EY', 'M']",0,0,0,0,[]
602,said,RSSH,real,short,simple,0.00102,3,6.01,"['S', 'EH', 'D']","['S', 'EH', 'D']",VERB,1,2,"['S', 'EH', 'D']",0,0,0,0,[]
603,stark,RSSH,real,short,simple,1.02e-05,5,4.01,"['S', 'T', 'AA', 'R', 'K']","['S', 'T', 'AA', 'R', 'K']",ADJ,1,4,"['S', 'T', 'AA', 'R', 'K']",0,0,0,0,[]
604,known,RSSH,real,short,simple,0.000245,3,5.39,"['N', 'OW', 'N']","['N', 'OW', 'N']",VERB,1,2,"['N', 'OW', 'N']",0,0,0,0,[]
605,case,RSSH,real,short,simple,0.000355,3,5.55,"['K', 'EY', 'S']","['K', 'EY', 'S']",NOUN,1,2,"['K', 'EY', 'S']",0,0,0,0,[]
606,those,RSSH,real,short,simple,0.000794,3,5.9,"['DH', 'OW', 'Z']","['DH', 'OW', 'Z']",PRON,1,2,"['DH', 'OW', 'Z']",0,0,0,0,[]
607,please,RSSH,real,short,simple,0.000457,4,5.66,"['P', 'L', 'IY', 'Z']","['P', 'L', 'IY', 'Z']",INTJ,1,3,"['P', 'L', 'IY', 'Z']",0,0,0,0,[]
608,minute,RSSH,real,short,simple,9.55e-05,5,4.98,"['M', 'IH', 'N', 'AH', 'T']","['M', 'IH', 'N', 'AH', 'T']",NOUN,2,3,"['M', 'IH', 'N', 'AH', 'T']",0,0,0,0,[]
609,maybe,RSSH,real,short,simple,0.000282,4,5.45,"['M', 'EY', 'B', 'IY']","['M', 'EY', 'B', 'IY']",ADV,2,2,"['M', 'EY', 'B', 'IY']",0,0,0,0,[]
610,state,RSSH,real,short,simple,0.000603,4,5.78,"['S', 'T', 'EY', 'T']","['S', 'T', 'EY', 'T']",NOUN,1,3,"['S', 'T', 'EY', 'T']",0,0,0,0,[]
611,jerk,RSSH,real,short,simple,1e-05,3,4.0,"['JH', 'ER', 'K']","['JH', 'ER', 'K']",VERB,1,2,"['JH', 'ER', 'K']",0,0,0,0,[]
612,den,RSSH,real,short,simple,1.02e-05,3,4.01,"['D', 'EH', 'N']","['D', 'EH', 'N']",VERB,1,2,"['D', 'EH', 'N']",0,0,0,0,[]
613,lap,RSSH,real,short,simple,1.51e-05,3,4.18,"['L', 'AE', 'P']","['L', 'AE', 'P']",NOUN,1,2,"['L', 'AE', 'P']",0,0,0,0,[]
614,could,RSSH,real,short,simple,0.00115,3,6.06,"['K', 'UH', 'D']","['K', 'UH', 'D']",AUX,1,2,"['K', 'UH', 'D']",0,0,0,0,[]
615,taxi,RSSH,real,short,simple,1.55e-05,5,4.19,"['T', 'AE', 'K', 'S', 'IY']","['T', 'AE', 'K', 'S', 'IY']",NOUN,2,3,"['T', 'AE', 'K', 'S', 'IY']",0,0,0,0,[]
616,help,RSSH,real,short,simple,0.000562,4,5.75,"['HH', 'EH', 'L', 'P']","['HH', 'EH', 'L', 'P']",VERB,1,3,"['HH', 'EH', 'L', 'P']",0,0,0,0,[]
617,chase,RSSH,real,short,simple,2.75e-05,3,4.44,"['CH', 'EY', 'S']","['CH', 'EY', 'S']",VERB,1,2,"['CH', 'EY', 'S']",0,0,0,0,[]
618,part,RSSH,real,short,simple,0.000603,4,5.78,"['P', 'AA', 'R', 'T']","['P', 'AA', 'R', 'T']",NOUN,1,3,"['P', 'AA', 'R', 'T']",0,0,0,0,[]
619,wear,RSSH,real,short,simple,8.32e-05,3,4.92,"['W', 'EH', 'R']","['W', 'EH', 'R']",VERB,1,2,"['W', 'EH', 'R']",0,0,0,0,[]
620,money,RSSH,real,short,simple,0.000437,4,5.64,"['M', 'AH', 'N', 'IY']","['M', 'AH', 'N', 'IY']",NOUN,2,2,"['M', 'AH', 'N', 'IY']",0,0,0,0,[]
621,harm,RSSH,real,short,simple,2.95e-05,4,4.47,"['HH', 'AA', 'R', 'M']","['HH', 'AA', 'R', 'M']",VERB,1,3,"['HH', 'AA', 'R', 'M']",0,0,0,0,[]
622,gauge,RSSH,real,short,simple,1.05e-05,3,4.02,"['G', 'EY', 'JH']","['G', 'EY', 'JH']",VERB,1,2,"['G', 'EY', 'JH']",0,0,0,0,[]
623,boot,RSSH,real,short,simple,1.55e-05,3,4.19,"['B', 'UW', 'T']","['B', 'UW', 'T']",NOUN,1,2,"['B', 'UW', 'T']",0,0,0,0,[]
624,chart,RSSH,real,short,simple,2.95e-05,4,4.47,"['CH', 'AA', 'R', 'T']","['CH', 'AA', 'R', 'T']",NOUN,1,3,"['CH', 'AA', 'R', 'T']",0,0,0,0,[]
625,health,RSSH,real,short,simple,0.000275,4,5.44,"['HH', 'EH', 'L', 'TH']","['HH', 'EH', 'L', 'TH']",NOUN,1,3,"['HH', 'EH', 'L', 'TH']",0,0,0,0,[]
626,bar,RSSH,real,short,simple,8.71e-05,3,4.94,"['B', 'AA', 'R']","['B', 'AA', 'R']",NOUN,1,2,"['B', 'AA', 'R']",0,0,0,0,[]
627,power,RSSH,real,short,simple,0.000331,3,5.52,"['P', 'AW', 'ER']","['P', 'AW', 'ER']",NOUN,2,1,"['P', 'AW', 'ER']",0,0,0,0,[]
628,body,RSSH,real,short,simple,0.000251,4,5.4,"['B', 'AA', 'D', 'IY']","['B', 'AA', 'D', 'IY']",NOUN,2,2,"['B', 'AA', 'D', 'IY']",0,0,0,0,[]
629,best,RSSH,real,short,simple,0.000692,4,5.84,"['B', 'EH', 'S', 'T']","['B', 'EH', 'S', 'T']",ADJ,1,3,"['B', 'EH', 'S', 'T']",0,0,0,0,[]
630,grain,RSSH,real,short,simple,1.51e-05,4,4.18,"['G', 'R', 'EY', 'N']","['G', 'R', 'EY', 'N']",NOUN,1,3,"['G', 'R', 'EY', 'N']",0,0,0,0,[]
631,white,RSSH,real,short,simple,0.000324,3,5.51,"['W', 'AY', 'T']","['W', 'AY', 'T']",ADJ,1,2,"['W', 'AY', 'T']",0,0,0,0,[]
632,right,RSSH,real,short,simple,0.000912,3,5.96,"['R', 'AY', 'T']","['R', 'AY', 'T']",INTJ,1,2,"['R', 'AY', 'T']",0,0,0,0,[]
633,them,RSSH,real,short,simple,0.00155,3,6.19,"['DH', 'EH', 'M']","['DH', 'EH', 'M']",PRON,1,2,"['DH', 'EH', 'M']",0,0,0,0,[]
634,sun,RSSH,real,short,simple,9.33e-05,3,4.97,"['S', 'AH', 'N']","['S', 'AH', 'N']",NOUN,1,2,"['S', 'AH', 'N']",0,0,0,0,[]
635,more,RSSH,real,short,simple,0.00229,3,6.36,"['M', 'AO', 'R']","['M', 'AO', 'R']",ADJ,1,2,"['M', 'AO', 'R']",0,0,0,0,[]
636,crude,RSSH,real,short,simple,1e-05,4,4.0,"['K', 'R', 'UW', 'D']","['K', 'R', 'UW', 'D']",NOUN,1,3,"['K', 'R', 'UW', 'D']",0,0,0,0,[]
637,bound,RSSH,real,short,simple,2.88e-05,4,4.46,"['B', 'AW', 'N', 'D']","['B', 'AW', 'N', 'D']",VERB,1,3,"['B', 'AW', 'N', 'D']",0,0,0,0,[]
638,when,RSSH,real,short,simple,0.00234,3,6.37,"['W', 'EH', 'N']","['W', 'EH', 'N']",SCONJ,1,2,"['W', 'EH', 'N']",0,0,0,0,[]
639,that,RSSH,real,short,simple,0.0102,3,7.01,"['DH', 'AE', 'T']","['DH', 'AE', 'T']",PRON,1,2,"['DH', 'AE', 'T']",0,0,0,0,[]
640,hip,RSSH,real,short,simple,2.88e-05,3,4.46,"['HH', 'IH', 'P']","['HH', 'IH', 'P']",NOUN,1,2,"['HH', 'IH', 'P']",0,0,0,0,[]
641,run,RSSH,real,short,simple,0.000309,3,5.49,"['R', 'AH', 'N']","['R', 'AH', 'N']",VERB,1,2,"['R', 'AH', 'N']",0,0,0,0,[]
642,search,RSSH,real,short,simple,9.12e-05,3,4.96,"['S', 'ER', 'CH']","['S', 'ER', 'CH']",NOUN,1,2,"['S', 'ER', 'CH']",0,0,0,0,[]
643,none,RSSH,real,short,simple,8.51e-05,3,4.93,"['N', 'AH', 'N']","['N', 'AH', 'N']",NOUN,1,2,"['N', 'AH', 'N']",0,0,0,0,[]
644,let,RSSH,real,short,simple,0.000398,3,5.6,"['L', 'EH', 'T']","['L', 'EH', 'T']",VERB,1,2,"['L', 'EH', 'T']",0,0,0,0,[]
645,found,RSSH,real,short,simple,0.000479,4,5.68,"['F', 'AW', 'N', 'D']","['F', 'AW', 'N', 'D']",VERB,1,3,"['F', 'AW', 'N', 'D']",0,0,0,0,[]
646,image,RSSH,real,short,simple,8.71e-05,4,4.94,"['IH', 'M', 'AH', 'JH']","['IH', 'M', 'AH', 'JH']",NOUN,2,2,"['IH', 'M', 'AH', 'JH']",0,0,0,0,[]
647,whole,RSSH,real,short,simple,0.000288,3,5.46,"['HH', 'OW', 'L']","['HH', 'OW', 'L']",ADJ,1,2,"['HH', 'OW', 'L']",0,0,0,0,[]
648,pet,RSSH,real,short,simple,2.82e-05,3,4.45,"['P', 'EH', 'T']","['P', 'EH', 'T']",NOUN,1,2,"['P', 'EH', 'T']",0,0,0,0,[]
649,flash,RSSH,real,short,simple,2.82e-05,4,4.45,"['F', 'L', 'AE', 'SH']","['F', 'L', 'AE', 'SH']",VERB,1,3,"['F', 'L', 'AE', 'SH']",0,0,0,0,[]
650,such,RSSH,real,short,simple,0.000692,3,5.84,"['S', 'AH', 'CH']","['S', 'AH', 'CH']",ADJ,1,2,"['S', 'AH', 'CH']",0,0,0,0,[]
651,kind,RSSH,real,short,simple,0.000282,4,5.45,"['K', 'AY', 'N', 'D']","['K', 'AY', 'N', 'D']",NOUN,1,3,"['K', 'AY', 'N', 'D']",0,0,0,0,[]
652,used,RSSH,real,short,simple,0.000631,4,5.8,"['Y', 'UW', 'Z', 'D']","['Y', 'UW', 'Z', 'D']",VERB,1,3,"['Y', 'UW', 'Z', 'D']",0,0,0,0,[]
653,back,RSSH,real,short,simple,0.0011,3,6.04,"['B', 'AE', 'K']","['B', 'AE', 'K']",ADV,1,2,"['B', 'AE', 'K']",0,0,0,0,[]
654,south,RSSH,real,short,simple,0.000251,3,5.4,"['S', 'AW', 'TH']","['S', 'AW', 'TH']",NOUN,1,2,"['S', 'AW', 'TH']",0,0,0,0,[]
655,stop,RSSH,real,short,simple,0.000331,4,5.52,"['S', 'T', 'AA', 'P']","['S', 'T', 'AA', 'P']",VERB,1,3,"['S', 'T', 'AA', 'P']",0,0,0,0,[]
656,fear,RSSH,real,short,simple,8.91e-05,3,4.95,"['F', 'IH', 'R']","['F', 'IH', 'R']",VERB,1,2,"['F', 'IH', 'R']",0,0,0,0,[]
657,make,RSSH,real,short,simple,0.0012,3,6.08,"['M', 'EY', 'K']","['M', 'EY', 'K']",VERB,1,2,"['M', 'EY', 'K']",0,0,0,0,[]
658,far,RSSH,real,short,simple,0.000316,3,5.5,"['F', 'AA', 'R']","['F', 'AA', 'R']",ADV,1,2,"['F', 'AA', 'R']",0,0,0,0,[]
659,than,RSSH,real,short,simple,0.00135,3,6.13,"['DH', 'AE', 'N']","['DH', 'AE', 'N']",ADP,1,2,"['DH', 'AE', 'N']",0,0,0,0,[]
660,point,RSSH,real,short,simple,0.000347,4,5.54,"['P', 'OY', 'N', 'T']","['P', 'OY', 'N', 'T']",VERB,1,3,"['P', 'OY', 'N', 'T']",0,0,0,0,[]
661,scene,RSSH,real,short,simple,9.33e-05,3,4.97,"['S', 'IY', 'N']","['S', 'IY', 'N']",NOUN,1,2,"['S', 'IY', 'N']",0,0,0,0,[]
662,rule,RSSH,real,short,simple,8.71e-05,3,4.94,"['R', 'UW', 'L']","['R', 'UW', 'L']",VERB,1,2,"['R', 'UW', 'L']",0,0,0,0,[]
663,sell,RSSH,real,short,simple,9.55e-05,3,4.98,"['S', 'EH', 'L']","['S', 'EH', 'L']",VERB,1,2,"['S', 'EH', 'L']",0,0,0,0,[]
664,gray,RSSH,real,short,simple,2.82e-05,3,4.45,"['G', 'R', 'EY']","['G', 'R', 'EY']",ADJ,1,2,"['G', 'R', 'EY']",0,0,0,0,[]
665,this,RSSH,real,short,simple,0.00661,3,6.82,"['DH', 'IH', 'S']","['DH', 'IH', 'S']",PRON,1,2,"['DH', 'IH', 'S']",0,0,0,0,[]
666,great,RSSH,real,short,simple,0.000759,4,5.88,"['G', 'R', 'EY', 'T']","['G', 'R', 'EY', 'T']",ADJ,1,3,"['G', 'R', 'EY', 'T']",0,0,0,0,[]
667,bad,RSSH,real,short,simple,0.000339,3,5.53,"['B', 'AE', 'D']","['B', 'AE', 'D']",ADJ,1,2,"['B', 'AE', 'D']",0,0,0,0,[]
668,from,RSSH,real,short,simple,0.00427,4,6.63,"['F', 'R', 'AH', 'M']","['F', 'R', 'AH', 'M']",ADP,1,3,"['F', 'R', 'AH', 'M']",0,0,0,0,[]
669,uncle,RSSH,real,short,simple,2.82e-05,5,4.45,"['AH', 'NG', 'K', 'AH', 'L']","['AH', 'NG', 'K', 'AH', 'L']",NOUN,2,3,"['AH', 'NG', 'K', 'AH', 'L']",0,0,0,0,[]
670,nude,RSSH,real,short,simple,1e-05,3,4.0,"['N', 'UW', 'D']","['N', 'UW', 'D']",ADJ,1,2,"['N', 'UW', 'D']",0,0,0,0,[]
671,crush,RSSH,real,short,simple,1.48e-05,4,4.17,"['K', 'R', 'AH', 'SH']","['K', 'R', 'AH', 'SH']",VERB,1,3,"['K', 'R', 'AH', 'SH']",0,0,0,0,[]
672,cargo,RSSH,real,short,simple,1.55e-05,5,4.19,"['K', 'AA', 'R', 'G', 'OW']","['K', 'AA', 'R', 'G', 'OW']",NOUN,2,3,"['K', 'AA', 'R', 'G', 'OW']",0,0,0,0,[]
673,there,RSSH,real,short,simple,0.00204,3,6.31,"['DH', 'EH', 'R']","['DH', 'EH', 'R']",PRON,1,2,"['DH', 'EH', 'R']",0,0,0,0,[]
674,got,RSSH,real,short,simple,0.000813,3,5.91,"['G', 'AA', 'T']","['G', 'AA', 'T']",VERB,1,2,"['G', 'AA', 'T']",0,0,0,0,[]
675,other,RSSH,real,short,simple,0.00145,3,6.16,"['AH', 'DH', 'ER']","['AH', 'DH', 'ER']",ADJ,2,1,"['AH', 'DH', 'ER']",0,0,0,0,[]
676,which,RSSH,real,short,simple,0.002,3,6.3,"['W', 'IH', 'CH']","['W', 'IH', 'CH']",PRON,1,2,"['W', 'IH', 'CH']",0,0,0,0,[]
677,can,RSSH,real,short,simple,0.00288,3,6.46,"['K', 'AE', 'N']","['K', 'AE', 'N']",AUX,1,2,"['K', 'AE', 'N']",0,0,0,0,[]
678,nature,RSSH,real,short,simple,9.55e-05,4,4.98,"['N', 'EY', 'CH', 'ER']","['N', 'EY', 'CH', 'ER']",NOUN,2,2,"['N', 'EY', 'CH', 'ER']",0,0,0,0,[]
679,five,RSSH,real,short,simple,0.000282,3,5.45,"['F', 'AY', 'V']","['F', 'AY', 'V']",NUM,1,2,"['F', 'AY', 'V']",0,0,0,0,[]
680,shit,RSSH,real,short,simple,0.000302,3,5.48,"['SH', 'IH', 'T']","['SH', 'IH', 'T']",VERB,1,2,"['SH', 'IH', 'T']",0,0,0,0,[]
681,fan,RSSH,real,short,simple,8.32e-05,3,4.92,"['F', 'AE', 'N']","['F', 'AE', 'N']",PROPN,1,2,"['F', 'AE', 'N']",0,0,0,0,[]
682,raid,RSSH,real,short,simple,1.55e-05,3,4.19,"['R', 'EY', 'D']","['R', 'EY', 'D']",NOUN,1,2,"['R', 'EY', 'D']",0,0,0,0,[]
683,get,RSSH,real,short,simple,0.00191,3,6.28,"['G', 'EH', 'T']","['G', 'EH', 'T']",VERB,1,2,"['G', 'EH', 'T']",0,0,0,0,[]
684,sure,RSSH,real,short,simple,0.000468,3,5.67,"['SH', 'UH', 'R']","['SH', 'UH', 'R']",ADJ,1,2,"['SH', 'UH', 'R']",0,0,0,0,[]
685,soccer,RSSH,real,short,simple,3.02e-05,4,4.48,"['S', 'AA', 'K', 'ER']","['S', 'AA', 'K', 'ER']",NOUN,2,2,"['S', 'AA', 'K', 'ER']",0,0,0,0,[]
686,love,RSSH,real,short,simple,0.000661,3,5.82,"['L', 'AH', 'V']","['L', 'AH', 'V']",VERB,1,2,"['L', 'AH', 'V']",0,0,0,0,[]
687,drone,RSSH,real,short,simple,1e-05,4,4.0,"['D', 'R', 'OW', 'N']","['D', 'R', 'OW', 'N']",NOUN,1,3,"['D', 'R', 'OW', 'N']",0,0,0,0,[]
688,bone,RSSH,real,short,simple,2.95e-05,3,4.47,"['B', 'OW', 'N']","['B', 'OW', 'N']",NOUN,1,2,"['B', 'OW', 'N']",0,0,0,0,[]
689,wrong,RSSH,real,short,simple,0.000245,3,5.39,"['R', 'AO', 'NG']","['R', 'AO', 'NG']",ADJ,1,2,"['R', 'AO', 'NG']",0,0,0,0,[]
690,tape,RSSH,real,short,simple,2.75e-05,3,4.44,"['T', 'EY', 'P']","['T', 'EY', 'P']",NOUN,1,2,"['T', 'EY', 'P']",0,0,0,0,[]
691,battle,RSSH,real,short,simple,8.71e-05,5,4.94,"['B', 'AE', 'T', 'AH', 'L']","['B', 'AE', 'T', 'AH', 'L']",NOUN,2,3,"['B', 'AE', 'T', 'AH', 'L']",0,0,0,0,[]
692,bath,RSSH,real,short,simple,2.75e-05,3,4.44,"['B', 'AE', 'TH']","['B', 'AE', 'TH']",NOUN,1,2,"['B', 'AE', 'TH']",0,0,0,0,[]
693,bulk,RSSH,real,short,simple,1.55e-05,4,4.19,"['B', 'AH', 'L', 'K']","['B', 'AH', 'L', 'K']",NOUN,1,3,"['B', 'AH', 'L', 'K']",0,0,0,0,[]
694,week,RSSH,real,short,simple,0.000363,3,5.56,"['W', 'IY', 'K']","['W', 'IY', 'K']",NOUN,1,2,"['W', 'IY', 'K']",0,0,0,0,[]
695,hard,RSSH,real,short,simple,0.000339,4,5.53,"['HH', 'AA', 'R', 'D']","['HH', 'AA', 'R', 'D']",ADV,1,3,"['HH', 'AA', 'R', 'D']",0,0,0,0,[]
696,lack,RSSH,real,short,simple,8.32e-05,3,4.92,"['L', 'AE', 'K']","['L', 'AE', 'K']",NOUN,1,2,"['L', 'AE', 'K']",0,0,0,0,[]
697,might,RSSH,real,short,simple,0.000457,3,5.66,"['M', 'AY', 'T']","['M', 'AY', 'T']",AUX,1,2,"['M', 'AY', 'T']",0,0,0,0,[]
698,thing,RSSH,real,short,simple,0.000525,3,5.72,"['TH', 'IH', 'NG']","['TH', 'IH', 'NG']",NOUN,1,2,"['TH', 'IH', 'NG']",0,0,0,0,[]
699,sort,RSSH,real,short,simple,0.0001,4,5.0,"['S', 'AO', 'R', 'T']","['S', 'AO', 'R', 'T']",NOUN,1,3,"['S', 'AO', 'R', 'T']",0,0,0,0,[]
700,cajun,RSSL,real,short,simple,9.77e-07,5,2.99,"['K', 'EY', 'JH', 'AH', 'N']","['K', 'EY', 'JH', 'AH', 'N']",PROPN,2,3,"['K', 'EY', 'JH', 'AH', 'N']",0,0,0,0,[]
701,judo,RSSL,real,short,simple,1.78e-06,4,3.25,"['JH', 'UW', 'D', 'OW']","['JH', 'UW', 'D', 'OW']",NOUN,2,2,"['JH', 'UW', 'D', 'OW']",0,0,0,0,[]
702,heinous,RSSL,real,short,simple,1.78e-06,5,3.25,"['HH', 'EY', 'N', 'AH', 'S']","['HH', 'EY', 'N', 'AH', 'S']",ADJ,2,3,"['HH', 'EY', 'N', 'AH', 'S']",0,0,0,0,[]
703,hind,RSSL,real,short,simple,3.16e-06,4,3.5,"['HH', 'AY', 'N', 'D']","['HH', 'AY', 'N', 'D']",NOUN,1,3,"['HH', 'AY', 'N', 'D']",0,0,0,0,[]
704,larva,RSSL,real,short,simple,9.77e-07,5,2.99,"['L', 'AA', 'R', 'V', 'AH']","['L', 'AA', 'R', 'V', 'AH']",PROPN,2,3,"['L', 'AA', 'R', 'V', 'AH']",0,0,0,0,[]
705,buckle,RSSL,real,short,simple,3.16e-06,5,3.5,"['B', 'AH', 'K', 'AH', 'L']","['B', 'AH', 'K', 'AH', 'L']",VERB,2,3,"['B', 'AH', 'K', 'AH', 'L']",0,0,0,0,[]
706,elk,RSSL,real,short,simple,3.09e-06,3,3.49,"['EH', 'L', 'K']","['EH', 'L', 'K']",NOUN,1,2,"['EH', 'L', 'K']",0,0,0,0,[]
707,lex,RSSL,real,short,simple,3.16e-06,4,3.5,"['L', 'EH', 'K', 'S']","['L', 'EH', 'K', 'S']",PROPN,1,3,"['L', 'EH', 'K', 'S']",0,0,0,0,[]
708,cannes,RSSL,real,short,simple,3.16e-06,4,3.5,"['K', 'AE', 'N', 'Z']","['K', 'AE', 'N', 'Z']",PROPN,1,3,"['K', 'AE', 'N', 'Z']",0,0,0,0,[]
709,tug,RSSL,real,short,simple,3.16e-06,3,3.5,"['T', 'AH', 'G']","['T', 'AH', 'G']",NOUN,1,2,"['T', 'AH', 'G']",0,0,0,0,[]
710,mabel,RSSL,real,short,simple,1.78e-06,5,3.25,"['M', 'EY', 'B', 'AH', 'L']","['M', 'EY', 'B', 'AH', 'L']",PROPN,2,3,"['M', 'EY', 'B', 'AH', 'L']",0,0,0,0,[]
711,tenet,RSSL,real,short,simple,1e-06,5,3.0,"['T', 'EH', 'N', 'AH', 'T']","['T', 'EH', 'N', 'AH', 'T']",NOUN,2,3,"['T', 'EH', 'N', 'AH', 'T']",0,0,0,0,[]
712,quell,RSSL,real,short,simple,1e-06,4,3.0,"['K', 'W', 'EH', 'L']","['K', 'W', 'EH', 'L']",VERB,1,3,"['K', 'W', 'EH', 'L']",0,0,0,0,[]
713,druid,RSSL,real,short,simple,9.77e-07,5,2.99,"['D', 'R', 'UW', 'IH', 'D']","['D', 'R', 'UW', 'IH', 'D']",ADJ,2,3,"['D', 'R', 'UW', 'IH', 'D']",0,0,0,0,[]
714,clog,RSSL,real,short,simple,9.77e-07,4,2.99,"['K', 'L', 'AA', 'G']","['K', 'L', 'AA', 'G']",VERB,1,3,"['K', 'L', 'AA', 'G']",0,0,0,0,[]
715,barge,RSSL,real,short,simple,3.16e-06,4,3.5,"['B', 'AA', 'R', 'JH']","['B', 'AA', 'R', 'JH']",VERB,1,3,"['B', 'AA', 'R', 'JH']",0,0,0,0,[]
716,attire,RSSL,real,short,simple,3.09e-06,4,3.49,"['AH', 'T', 'AY', 'ER']","['AH', 'T', 'AY', 'ER']",NOUN,3,1,"['AH', 'T', 'AY', 'ER']",0,0,0,0,[]
717,cider,RSSL,real,short,simple,3.16e-06,4,3.5,"['S', 'AY', 'D', 'ER']","['S', 'AY', 'D', 'ER']",NOUN,2,2,"['S', 'AY', 'D', 'ER']",0,0,0,0,[]
718,bong,RSSL,real,short,simple,3.16e-06,3,3.5,"['B', 'AA', 'NG']","['B', 'AA', 'NG']",NOUN,1,2,"['B', 'AA', 'NG']",0,0,0,0,[]
719,diaper,RSSL,real,short,simple,3.09e-06,4,3.49,"['D', 'AY', 'P', 'ER']","['D', 'AY', 'P', 'ER']",NOUN,2,2,"['D', 'AY', 'P', 'ER']",0,0,0,0,[]
720,chanel,RSSL,real,short,simple,3.09e-06,5,3.49,"['SH', 'AH', 'N', 'EH', 'L']","['SH', 'AH', 'N', 'EH', 'L']",PROPN,2,3,"['SH', 'AH', 'N', 'EH', 'L']",0,0,0,0,[]
721,jihad,RSSL,real,short,simple,3.09e-06,5,3.49,"['JH', 'IY', 'HH', 'AE', 'D']","['JH', 'IY', 'HH', 'AE', 'D']",NOUN,2,3,"['JH', 'IY', 'HH', 'AE', 'D']",0,0,0,0,[]
722,goof,RSSL,real,short,simple,9.77e-07,3,2.99,"['G', 'UW', 'F']","['G', 'UW', 'F']",NOUN,1,2,"['G', 'UW', 'F']",0,0,0,0,[]
723,bert,RSSL,real,short,simple,3.16e-06,3,3.5,"['B', 'ER', 'T']","['B', 'ER', 'T']",PROPN,1,2,"['B', 'ER', 'T']",0,0,0,0,[]
724,dud,RSSL,real,short,simple,9.77e-07,3,2.99,"['D', 'AH', 'D']","['D', 'AH', 'D']",NOUN,1,2,"['D', 'AH', 'D']",0,0,0,0,[]
725,havoc,RSSL,real,short,simple,3.16e-06,5,3.5,"['HH', 'AE', 'V', 'AH', 'K']","['HH', 'AE', 'V', 'AH', 'K']",NOUN,2,3,"['HH', 'AE', 'V', 'AH', 'K']",0,0,0,0,[]
726,sabbath,RSSL,real,short,simple,3.16e-06,5,3.5,"['S', 'AE', 'B', 'AH', 'TH']","['S', 'AE', 'B', 'AH', 'TH']",PROPN,2,3,"['S', 'AE', 'B', 'AH', 'TH']",0,0,0,0,[]
727,custer,RSSL,real,short,simple,9.77e-07,5,2.99,"['K', 'AH', 'S', 'T', 'ER']","['K', 'AH', 'S', 'T', 'ER']",PROPN,2,3,"['K', 'AH', 'S', 'T', 'ER']",0,0,0,0,[]
728,hive,RSSL,real,short,simple,3.16e-06,3,3.5,"['HH', 'AY', 'V']","['HH', 'AY', 'V']",NOUN,1,2,"['HH', 'AY', 'V']",0,0,0,0,[]
729,axle,RSSL,real,short,simple,3.09e-06,5,3.49,"['AE', 'K', 'S', 'AH', 'L']","['AE', 'K', 'S', 'AH', 'L']",NOUN,2,3,"['AE', 'K', 'S', 'AH', 'L']",0,0,0,0,[]
730,quench,RSSL,real,short,simple,7.76e-07,5,2.89,"['K', 'W', 'EH', 'N', 'CH']","['K', 'W', 'EH', 'N', 'CH']",VERB,1,4,"['K', 'W', 'EH', 'N', 'CH']",0,0,0,0,[]
731,dudley,RSSL,real,short,simple,3.09e-06,5,3.49,"['D', 'AH', 'D', 'L', 'IY']","['D', 'AH', 'D', 'L', 'IY']",PROPN,2,3,"['D', 'AH', 'D', 'L', 'IY']",0,0,0,0,[]
732,quilt,RSSL,real,short,simple,1.78e-06,5,3.25,"['K', 'W', 'IH', 'L', 'T']","['K', 'W', 'IH', 'L', 'T']",NOUN,1,4,"['K', 'W', 'IH', 'L', 'T']",0,0,0,0,[]
733,mesa,RSSL,real,short,simple,3.16e-06,4,3.5,"['M', 'EY', 'S', 'AH']","['M', 'EY', 'S', 'AH']",PROPN,2,2,"['M', 'EY', 'S', 'AH']",0,0,0,0,[]
734,kuala,RSSL,real,short,simple,3.16e-06,5,3.5,"['K', 'W', 'AA', 'L', 'AH']","['K', 'W', 'AA', 'L', 'AH']",PROPN,2,3,"['K', 'W', 'AA', 'L', 'AH']",0,0,0,0,[]
735,luigi,RSSL,real,short,simple,1.78e-06,5,3.25,"['L', 'UW', 'IY', 'JH', 'IY']","['L', 'UW', 'IY', 'JH', 'IY']",PROPN,3,2,"['L', 'UW', 'IY', 'JH', 'IY']",0,0,0,0,[]
736,aorta,RSSL,real,short,simple,8.32e-07,5,2.92,"['EY', 'AO', 'R', 'T', 'AH']","['EY', 'AO', 'R', 'T', 'AH']",PROPN,3,2,"['EY', 'AO', 'R', 'T', 'AH']",0,0,0,0,[]
737,lint,RSSL,real,short,simple,9.77e-07,4,2.99,"['L', 'IH', 'N', 'T']","['L', 'IH', 'N', 'T']",NOUN,1,3,"['L', 'IH', 'N', 'T']",0,0,0,0,[]
738,glee,RSSL,real,short,simple,3.09e-06,3,3.49,"['G', 'L', 'IY']","['G', 'L', 'IY']",NOUN,1,2,"['G', 'L', 'IY']",0,0,0,0,[]
739,cask,RSSL,real,short,simple,9.77e-07,4,2.99,"['K', 'AE', 'S', 'K']","['K', 'AE', 'S', 'K']",NOUN,1,3,"['K', 'AE', 'S', 'K']",0,0,0,0,[]
740,roost,RSSL,real,short,simple,1e-06,4,3.0,"['R', 'UW', 'S', 'T']","['R', 'UW', 'S', 'T']",VERB,1,3,"['R', 'UW', 'S', 'T']",0,0,0,0,[]
741,pivot,RSSL,real,short,simple,3.16e-06,5,3.5,"['P', 'IH', 'V', 'AH', 'T']","['P', 'IH', 'V', 'AH', 'T']",NOUN,2,3,"['P', 'IH', 'V', 'AH', 'T']",0,0,0,0,[]
742,eliot,RSSL,real,short,simple,3.16e-06,5,3.5,"['EH', 'L', 'IY', 'AH', 'T']","['EH', 'L', 'IY', 'AH', 'T']",PROPN,3,2,"['EH', 'L', 'IY', 'AH', 'T']",0,0,0,0,[]
743,dazzle,RSSL,real,short,simple,1.05e-06,5,3.02,"['D', 'AE', 'Z', 'AH', 'L']","['D', 'AE', 'Z', 'AH', 'L']",VERB,2,3,"['D', 'AE', 'Z', 'AH', 'L']",0,0,0,0,[]
744,ikea,RSSL,real,short,simple,3.09e-06,4,3.49,"['AY', 'K', 'IY', 'AH']","['AY', 'K', 'IY', 'AH']",PROPN,3,1,"['AY', 'K', 'IY', 'AH']",0,0,0,0,[]
745,manger,RSSL,real,short,simple,9.77e-07,5,2.99,"['M', 'EY', 'N', 'JH', 'ER']","['M', 'EY', 'N', 'JH', 'ER']",NOUN,2,3,"['M', 'EY', 'N', 'JH', 'ER']",0,0,0,0,[]
746,bland,RSSL,real,short,simple,3.16e-06,5,3.5,"['B', 'L', 'AE', 'N', 'D']","['B', 'L', 'AE', 'N', 'D']",ADJ,1,4,"['B', 'L', 'AE', 'N', 'D']",0,0,0,0,[]
747,patel,RSSL,real,short,simple,3.09e-06,5,3.49,"['P', 'AH', 'T', 'EH', 'L']","['P', 'AH', 'T', 'EH', 'L']",PROPN,2,3,"['P', 'AH', 'T', 'EH', 'L']",0,0,0,0,[]
748,dayton,RSSL,real,short,simple,3.16e-06,5,3.5,"['D', 'EY', 'T', 'AH', 'N']","['D', 'EY', 'T', 'AH', 'N']",PROPN,2,3,"['D', 'EY', 'T', 'AH', 'N']",0,0,0,0,[]
749,hue,RSSL,real,short,simple,3.09e-06,3,3.49,"['HH', 'Y', 'UW']","['HH', 'Y', 'UW']",NOUN,1,2,"['HH', 'Y', 'UW']",0,0,0,0,[]
750,gulp,RSSL,real,short,simple,8.51e-07,4,2.93,"['G', 'AH', 'L', 'P']","['G', 'AH', 'L', 'P']",VERB,1,3,"['G', 'AH', 'L', 'P']",0,0,0,0,[]
751,yank,RSSL,real,short,simple,1e-06,4,3.0,"['Y', 'AE', 'NG', 'K']","['Y', 'AE', 'NG', 'K']",VERB,1,3,"['Y', 'AE', 'NG', 'K']",0,0,0,0,[]
752,musk,RSSL,real,short,simple,3.09e-06,4,3.49,"['M', 'AH', 'S', 'K']","['M', 'AH', 'S', 'K']",NOUN,1,3,"['M', 'AH', 'S', 'K']",0,0,0,0,[]
753,cobb,RSSL,real,short,simple,3.16e-06,3,3.5,"['K', 'AA', 'B']","['K', 'AA', 'B']",PROPN,1,2,"['K', 'AA', 'B']",0,0,0,0,[]
754,moth,RSSL,real,short,simple,3.16e-06,3,3.5,"['M', 'AO', 'TH']","['M', 'AO', 'TH']",NOUN,1,2,"['M', 'AO', 'TH']",0,0,0,0,[]
755,keane,RSSL,real,short,simple,1.78e-06,3,3.25,"['K', 'IY', 'N']","['K', 'IY', 'N']",PROPN,1,2,"['K', 'IY', 'N']",0,0,0,0,[]
756,shard,RSSL,real,short,simple,1e-06,4,3.0,"['SH', 'AA', 'R', 'D']","['SH', 'AA', 'R', 'D']",NOUN,1,3,"['SH', 'AA', 'R', 'D']",0,0,0,0,[]
757,foley,RSSL,real,short,simple,3.16e-06,4,3.5,"['F', 'OW', 'L', 'IY']","['F', 'OW', 'L', 'IY']",PROPN,2,2,"['F', 'OW', 'L', 'IY']",0,0,0,0,[]
758,guinness,RSSL,real,short,simple,3.09e-06,5,3.49,"['G', 'IH', 'N', 'AH', 'S']","['G', 'IH', 'N', 'AH', 'S']",PROPN,2,3,"['G', 'IH', 'N', 'AH', 'S']",0,0,0,0,[]
759,bribe,RSSL,real,short,simple,3.16e-06,4,3.5,"['B', 'R', 'AY', 'B']","['B', 'R', 'AY', 'B']",VERB,1,3,"['B', 'R', 'AY', 'B']",0,0,0,0,[]
760,equip,RSSL,real,short,simple,3.16e-06,5,3.5,"['IH', 'K', 'W', 'IH', 'P']","['IH', 'K', 'W', 'IH', 'P']",VERB,2,3,"['IH', 'K', 'W', 'IH', 'P']",0,0,0,0,[]
761,flap,RSSL,real,short,simple,3.09e-06,4,3.49,"['F', 'L', 'AE', 'P']","['F', 'L', 'AE', 'P']",NOUN,1,3,"['F', 'L', 'AE', 'P']",0,0,0,0,[]
762,brag,RSSL,real,short,simple,3.09e-06,4,3.49,"['B', 'R', 'AE', 'G']","['B', 'R', 'AE', 'G']",VERB,1,3,"['B', 'R', 'AE', 'G']",0,0,0,0,[]
763,coco,RSSL,real,short,simple,3.09e-06,4,3.49,"['K', 'OW', 'K', 'OW']","['K', 'OW', 'K', 'OW']",PROPN,2,2,"['K', 'OW', 'K', 'OW']",0,0,0,0,[]
764,sieve,RSSL,real,short,simple,1e-06,3,3.0,"['S', 'IH', 'V']","['S', 'IH', 'V']",NOUN,1,2,"['S', 'IH', 'V']",0,0,0,0,[]
765,imam,RSSL,real,short,simple,3.16e-06,4,3.5,"['AY', 'M', 'AE', 'M']","['AY', 'M', 'AE', 'M']",NOUN,2,2,"['AY', 'M', 'AE', 'M']",0,0,0,0,[]
766,dine,RSSL,real,short,simple,3.09e-06,3,3.49,"['D', 'AY', 'N']","['D', 'AY', 'N']",VERB,1,2,"['D', 'AY', 'N']",0,0,0,0,[]
767,spore,RSSL,real,short,simple,1e-06,4,3.0,"['S', 'P', 'AO', 'R']","['S', 'P', 'AO', 'R']",PROPN,1,3,"['S', 'P', 'AO', 'R']",0,0,0,0,[]
768,aloof,RSSL,real,short,simple,9.77e-07,4,2.99,"['AH', 'L', 'UW', 'F']","['AH', 'L', 'UW', 'F']",ADJ,2,2,"['AH', 'L', 'UW', 'F']",0,0,0,0,[]
769,jekyll,RSSL,real,short,simple,9.77e-07,5,2.99,"['JH', 'EH', 'K', 'AH', 'L']","['JH', 'EH', 'K', 'AH', 'L']",PROPN,2,3,"['JH', 'EH', 'K', 'AH', 'L']",0,0,0,0,[]
770,urdu,RSSL,real,short,simple,1.82e-06,3,3.26,"['ER', 'D', 'UW']","['ER', 'D', 'UW']",PROPN,2,1,"['ER', 'D', 'UW']",0,0,0,0,[]
771,derrick,RSSL,real,short,simple,3.09e-06,5,3.49,"['D', 'EH', 'R', 'IH', 'K']","['D', 'EH', 'R', 'IH', 'K']",PROPN,2,3,"['D', 'EH', 'R', 'IH', 'K']",0,0,0,0,[]
772,klaus,RSSL,real,short,simple,3.16e-06,4,3.5,"['K', 'L', 'AW', 'S']","['K', 'L', 'AW', 'S']",PROPN,1,3,"['K', 'L', 'AW', 'S']",0,0,0,0,[]
773,bimbo,RSSL,real,short,simple,7.41e-07,5,2.87,"['B', 'IH', 'M', 'B', 'OW']","['B', 'IH', 'M', 'B', 'OW']",NOUN,2,3,"['B', 'IH', 'M', 'B', 'OW']",0,0,0,0,[]
774,annex,RSSL,real,short,simple,3.16e-06,5,3.5,"['AE', 'N', 'EH', 'K', 'S']","['AE', 'N', 'EH', 'K', 'S']",VERB,2,3,"['AE', 'N', 'EH', 'K', 'S']",0,0,0,0,[]
775,lahore,RSSL,real,short,simple,3.09e-06,5,3.49,"['L', 'AA', 'HH', 'AO', 'R']","['L', 'AA', 'HH', 'AO', 'R']",PROPN,2,3,"['L', 'AA', 'HH', 'AO', 'R']",0,0,0,0,[]
776,arbor,RSSL,real,short,simple,3.09e-06,4,3.49,"['AA', 'R', 'B', 'ER']","['AA', 'R', 'B', 'ER']",NOUN,2,2,"['AA', 'R', 'B', 'ER']",0,0,0,0,[]
777,barley,RSSL,real,short,simple,3.09e-06,5,3.49,"['B', 'AA', 'R', 'L', 'IY']","['B', 'AA', 'R', 'L', 'IY']",NOUN,2,3,"['B', 'AA', 'R', 'L', 'IY']",0,0,0,0,[]
778,apnea,RSSL,real,short,simple,1e-06,5,3.0,"['AE', 'P', 'N', 'IY', 'AH']","['AE', 'P', 'N', 'IY', 'AH']",PROPN,3,2,"['AE', 'P', 'N', 'IY', 'AH']",0,0,0,0,[]
779,nasal,RSSL,real,short,simple,3.09e-06,5,3.49,"['N', 'EY', 'Z', 'AH', 'L']","['N', 'EY', 'Z', 'AH', 'L']",ADJ,2,3,"['N', 'EY', 'Z', 'AH', 'L']",0,0,0,0,[]
780,loon,RSSL,real,short,simple,9.77e-07,3,2.99,"['L', 'UW', 'N']","['L', 'UW', 'N']",NOUN,1,2,"['L', 'UW', 'N']",0,0,0,0,[]
781,loaf,RSSL,real,short,simple,3.09e-06,3,3.49,"['L', 'OW', 'F']","['L', 'OW', 'F']",PROPN,1,2,"['L', 'OW', 'F']",0,0,0,0,[]
782,subaru,RSSL,real,short,simple,1.82e-06,5,3.26,"['S', 'UW', 'B', 'ER', 'UW']","['S', 'UW', 'B', 'ER', 'UW']",PROPN,3,2,"['S', 'UW', 'B', 'ER', 'UW']",0,0,0,0,[]
783,accrue,RSSL,real,short,simple,8.13e-07,4,2.91,"['AH', 'K', 'R', 'UW']","['AH', 'K', 'R', 'UW']",VERB,2,2,"['AH', 'K', 'R', 'UW']",0,0,0,0,[]
784,peg,RSSL,real,short,simple,3.09e-06,3,3.49,"['P', 'EH', 'G']","['P', 'EH', 'G']",NOUN,1,2,"['P', 'EH', 'G']",0,0,0,0,[]
785,nectar,RSSL,real,short,simple,1.78e-06,5,3.25,"['N', 'EH', 'K', 'T', 'ER']","['N', 'EH', 'K', 'T', 'ER']",PROPN,2,3,"['N', 'EH', 'K', 'T', 'ER']",0,0,0,0,[]
786,pita,RSSL,real,short,simple,1e-06,4,3.0,"['P', 'IY', 'T', 'AH']","['P', 'IY', 'T', 'AH']",NOUN,2,2,"['P', 'IY', 'T', 'AH']",0,0,0,0,[]
787,cub,RSSL,real,short,simple,3.09e-06,3,3.49,"['K', 'AH', 'B']","['K', 'AH', 'B']",NOUN,1,2,"['K', 'AH', 'B']",0,0,0,0,[]
788,sauna,RSSL,real,short,simple,1.78e-06,4,3.25,"['S', 'AO', 'N', 'AH']","['S', 'AO', 'N', 'AH']",PROPN,2,2,"['S', 'AO', 'N', 'AH']",0,0,0,0,[]
789,canoe,RSSL,real,short,simple,3.16e-06,4,3.5,"['K', 'AH', 'N', 'UW']","['K', 'AH', 'N', 'UW']",NOUN,2,2,"['K', 'AH', 'N', 'UW']",0,0,0,0,[]
790,wink,RSSL,real,short,simple,3.16e-06,4,3.5,"['W', 'IH', 'NG', 'K']","['W', 'IH', 'NG', 'K']",NOUN,1,3,"['W', 'IH', 'NG', 'K']",0,0,0,0,[]
791,knob,RSSL,real,short,simple,3.09e-06,3,3.49,"['N', 'AA', 'B']","['N', 'AA', 'B']",NOUN,1,2,"['N', 'AA', 'B']",0,0,0,0,[]
792,oprah,RSSL,real,short,simple,3.09e-06,4,3.49,"['OW', 'P', 'R', 'AH']","['OW', 'P', 'R', 'AH']",PROPN,2,2,"['OW', 'P', 'R', 'AH']",0,0,0,0,[]
793,guam,RSSL,real,short,simple,1.78e-06,4,3.25,"['G', 'W', 'AA', 'M']","['G', 'W', 'AA', 'M']",PROPN,1,3,"['G', 'W', 'AA', 'M']",0,0,0,0,[]
794,avid,RSSL,real,short,simple,3.16e-06,4,3.5,"['AE', 'V', 'AH', 'D']","['AE', 'V', 'AH', 'D']",ADJ,2,2,"['AE', 'V', 'AH', 'D']",0,0,0,0,[]
795,acacia,RSSL,real,short,simple,1.02e-06,5,3.01,"['AH', 'K', 'EY', 'SH', 'AH']","['AH', 'K', 'EY', 'SH', 'AH']",NOUN,3,2,"['AH', 'K', 'EY', 'SH', 'AH']",0,0,0,0,[]
796,oft,RSSL,real,short,simple,1.78e-06,3,3.25,"['AO', 'F', 'T']","['AO', 'F', 'T']",ADV,1,2,"['AO', 'F', 'T']",0,0,0,0,[]
797,leach,RSSL,real,short,simple,1.78e-06,3,3.25,"['L', 'IY', 'CH']","['L', 'IY', 'CH']",VERB,1,2,"['L', 'IY', 'CH']",0,0,0,0,[]
798,hoot,RSSL,real,short,simple,9.77e-07,3,2.99,"['HH', 'UW', 'T']","['HH', 'UW', 'T']",NOUN,1,2,"['HH', 'UW', 'T']",0,0,0,0,[]
799,odor,RSSL,real,short,simple,3.09e-06,3,3.49,"['OW', 'D', 'ER']","['OW', 'D', 'ER']",NOUN,2,1,"['OW', 'D', 'ER']",0,0,0,0,[]
0,solocomov,PLS,pseudo,long,simple,,9,,"['S', 'OW', 'L', 'OW', 'K', 'AH', 'M', 'AO', 'F']","['S', 'OW', 'L', 'OW', 'K', 'AH', 'M', 'AO', 'F']",,4,5,"['S', 'OW', 'L', 'OW', 'K', 'AH', 'M', 'AO', 'F']",0,0,0,0,[]
1,gostrient,PLS,pseudo,long,simple,,9,,"['G', 'AA', 'S', 'T', 'R', 'IY', 'EH', 'N', 'T']","['G', 'AA', 'S', 'T', 'R', 'IY', 'EH', 'N', 'T']",,3,6,"['G', 'AA', 'S', 'T', 'R', 'IY', 'EH', 'N', 'T']",0,0,0,0,[]
2,divestrate,PLS,pseudo,long,simple,,9,,"['D', 'IH', 'V', 'EH', 'S', 'T', 'R', 'EY', 'T']","['D', 'IH', 'V', 'EH', 'S', 'T', 'R', 'EY', 'T']",,3,6,"['D', 'IH', 'V', 'EH', 'S', 'T', 'R', 'EY', 'T']",0,0,0,0,[]
3,strusanad,PLS,pseudo,long,simple,,9,,"['S', 'T', 'R', 'UW', 'S', 'AH', 'N', 'AH', 'D']","['S', 'T', 'R', 'UW', 'S', 'AH', 'N', 'AH', 'D']",,3,6,"['S', 'T', 'R', 'UW', 'S', 'AH', 'N', 'AH', 'D']",0,0,0,0,[]
4,diuralim,PLS,pseudo,long,simple,,9,,"['D', 'AY', 'Y', 'UH', 'R', 'AH', 'L', 'AH', 'M']","['D', 'AY', 'Y', 'UH', 'R', 'AH', 'L', 'AH', 'M']",,4,5,"['D', 'AY', 'Y', 'UH', 'R', 'AH', 'L', 'AH', 'M']",0,0,0,0,[]
5,speryborm,PLS,pseudo,long,simple,,9,,"['S', 'P', 'EH', 'R', 'IY', 'B', 'AO', 'R', 'M']","['S', 'P', 'EH', 'R', 'IY', 'B', 'AO', 'R', 'M']",,3,6,"['S', 'P', 'EH', 'R', 'IY', 'B', 'AO', 'R', 'M']",0,0,0,0,[]
6,inflegest,PLS,pseudo,long,simple,,9,,"['IH', 'N', 'F', 'L', 'AH', 'JH', 'EH', 'S', 'T']","['IH', 'N', 'F', 'L', 'AH', 'JH', 'EH', 'S', 'T']",,3,6,"['IH', 'N', 'F', 'L', 'AH', 'JH', 'EH', 'S', 'T']",0,0,0,0,[]
7,balentina,PLS,pseudo,long,simple,,9,,"['B', 'AA', 'L', 'EH', 'N', 'T', 'IY', 'N', 'AH']","['B', 'AA', 'L', 'EH', 'N', 'T', 'IY', 'N', 'AH']",,4,5,"['B', 'AA', 'L', 'EH', 'N', 'T', 'IY', 'N', 'AH']",0,0,0,0,[]
8,cladwicheet,PLS,pseudo,long,simple,,9,,"['K', 'L', 'AE', 'D', 'W', 'IH', 'CH', 'IY', 'T']","['K', 'L', 'AE', 'D', 'W', 'IH', 'CH', 'IY', 'T']",,3,6,"['K', 'L', 'AE', 'D', 'CH', 'IH', 'W', 'IH', 'T']",3,0,0,3,"[5, 7, 8]"
9,websident,PLS,pseudo,long,simple,,9,,"['W', 'EH', 'B', 'S', 'IH', 'D', 'AH', 'N', 'T']","['W', 'EH', 'B', 'S', 'IH', 'D', 'AH', 'N', 'T']",,3,6,"['W', 'EH', 'B', 'S', 'IH', 'D', 'AH', 'N', 'T']",0,0,0,0,[]
10,livinisal,PLS,pseudo,long,simple,,9,,"['L', 'IH', 'V', 'IH', 'N', 'IH', 'S', 'AH', 'L']","['L', 'IH', 'V', 'IH', 'N', 'IH', 'S', 'AH', 'L']",,4,5,"['L', 'IH', 'V', 'IH', 'N', 'IH', 'S', 'AH', 'L']",0,0,0,0,[]
11,epirental,PLS,pseudo,long,simple,,9,,"['EH', 'P', 'IH', 'R', 'EH', 'N', 'T', 'AH', 'L']","['EH', 'P', 'IH', 'R', 'EH', 'N', 'T', 'AH', 'L']",,4,5,"['EH', 'P', 'IH', 'R', 'EH', 'N', 'T', 'AH', 'L']",0,0,0,0,[]
12,coallencite,PLS,pseudo,long,simple,,9,,"['K', 'OW', 'AA', 'L', 'EH', 'N', 'S', 'AY', 'T']","['K', 'OW', 'AA', 'L', 'EH', 'N', 'S', 'AY', 'T']",,4,5,"['K', 'OW', 'AA', 'N', 'EH', 'L', 'S', 'AY', 'T']",2,0,0,2,"[4, 6]"
13,notencest,PLS,pseudo,long,simple,,9,,"['N', 'OW', 'T', 'AH', 'N', 'S', 'AH', 'S', 'T']","['N', 'OW', 'T', 'AH', 'N', 'S', 'AH', 'S', 'T']",,3,6,"['N', 'OW', 'T', 'AH', 'N', 'S', 'AH', 'S', 'T']",0,0,0,0,[]
14,islaterdine,PLS,pseudo,long,simple,,9,,"['IH', 'S', 'L', 'AA', 'T', 'ER', 'D', 'AY', 'N']","['IH', 'S', 'L', 'AA', 'T', 'ER', 'D', 'AY', 'N']",,4,5,"['IH', 'S', 'L', 'AA', 'T', 'ER', 'D', 'AY', 'N']",0,0,0,0,[]
15,yesperest,PLS,pseudo,long,simple,,9,,"['Y', 'EH', 'S', 'P', 'IH', 'R', 'EH', 'S', 'T']","['Y', 'EH', 'S', 'P', 'IH', 'R', 'EH', 'S', 'T']",,3,6,"['Y', 'EH', 'S', 'P', 'IH', 'R', 'EH', 'S', 'T']",0,0,0,0,[]
16,foldomence,PLS,pseudo,long,simple,,9,,"['F', 'OW', 'L', 'D', 'AA', 'M', 'AH', 'N', 'S']","['F', 'OW', 'L', 'D', 'AA', 'M', 'AH', 'N', 'S']",,3,6,"['F', 'OW', 'L', 'D', 'AA', 'M', 'AH', 'N', 'S']",0,0,0,0,[]
17,baventina,PLS,pseudo,long,simple,,9,,"['B', 'AA', 'V', 'EH', 'N', 'T', 'IY', 'N', 'AH']","['B', 'AA', 'V', 'EH', 'N', 'T', 'IY', 'N', 'AH']",,4,5,"['B', 'AA', 'V', 'EH', 'N', 'T', 'IY', 'N', 'AH']",0,0,0,0,[]
18,franciple,PLS,pseudo,long,simple,,9,,"['F', 'R', 'AE', 'N', 'S', 'AH', 'P', 'AH', 'L']","['F', 'R', 'AE', 'N', 'S', 'AH', 'P', 'AH', 'L']",,3,6,"['F', 'R', 'AE', 'N', 'S', 'AH', 'P', 'AH', 'L']",0,0,0,0,[]
19,vistormand,PLS,pseudo,long,simple,,9,,"['V', 'IH', 'S', 'T', 'ER', 'M', 'AE', 'N', 'D']","['V', 'IH', 'S', 'T', 'ER', 'M', 'AE', 'N', 'D']",,3,6,"['V', 'IH', 'S', 'T', 'ER', 'M', 'AE', 'N', 'D']",0,0,0,0,[]
20,mucipital,PLS,pseudo,long,simple,,9,,"['M', 'AH', 'S', 'IH', 'P', 'IH', 'T', 'AH', 'L']","['M', 'AH', 'S', 'IH', 'P', 'IH', 'T', 'AH', 'L']",,4,5,"['M', 'AH', 'S', 'IH', 'P', 'IH', 'T', 'AH', 'L']",0,0,0,0,[]
21,anclusent,PLS,pseudo,long,simple,,9,,"['AE', 'N', 'K', 'L', 'UW', 'S', 'EH', 'N', 'T']","['AE', 'N', 'K', 'L', 'UW', 'S', 'EH', 'N', 'T']",,3,6,"['AE', 'N', 'K', 'L', 'UW', 'S', 'EH', 'N', 'T']",0,0,0,0,[]
22,squistant,PLS,pseudo,long,simple,,9,,"['S', 'K', 'W', 'IH', 'S', 'T', 'AH', 'N', 'T']","['S', 'K', 'W', 'IH', 'S', 'T', 'AH', 'N', 'T']",,2,7,"['S', 'K', 'W', 'IH', 'S', 'T', 'AH', 'N', 'T']",0,0,0,0,[]
23,everialis,PLS,pseudo,long,simple,,9,,"['EH', 'V', 'ER', 'R', 'IY', 'AH', 'L', 'IH', 'S']","['EH', 'V', 'ER', 'R', 'IY', 'AH', 'L', 'IH', 'S']",,5,4,"['EH', 'V', 'ER', 'R', 'IY', 'AH', 'L', 'IH', 'S']",0,0,0,0,[]
24,alrelopal,PLS,pseudo,long,simple,,9,,"['AE', 'L', 'R', 'EH', 'L', 'AA', 'P', 'AH', 'L']","['AE', 'L', 'R', 'EH', 'L', 'AA', 'P', 'AH', 'L']",,4,5,"['AE', 'L', 'R', 'EH', 'L', 'AA', 'P', 'AH', 'L']",0,0,0,0,[]
25,storstent,PLS,pseudo,long,simple,,9,,"['S', 'T', 'AO', 'R', 'S', 'T', 'AH', 'N', 'T']","['S', 'T', 'AO', 'R', 'S', 'T', 'AH', 'N', 'T']",,2,7,"['S', 'T', 'AO', 'R', 'S', 'T', 'AH', 'N', 'T']",0,0,0,0,[]
26,trynkabel,PLS,pseudo,long,simple,,9,,"['T', 'R', 'IH', 'N', 'K', 'AH', 'B', 'EH', 'L']","['T', 'R', 'IH', 'N', 'K', 'AH', 'B', 'EH', 'L']",,3,6,"['T', 'R', 'IH', 'N', 'K', 'AH', 'B', 'EH', 'L']",0,0,0,0,[]
27,advantint,PLS,pseudo,long,simple,,9,,"['AE', 'D', 'V', 'AE', 'N', 'T', 'IH', 'N', 'T']","['AE', 'D', 'V', 'AE', 'N', 'T', 'IH', 'N', 'T']",,3,6,"['AE', 'D', 'V', 'AE', 'N', 'T', 'IH', 'N', 'T']",0,0,0,0,[]
28,honofecine,PLS,pseudo,long,simple,,9,,"['HH', 'OW', 'N', 'OW', 'F', 'AH', 'S', 'IY', 'N']","['HH', 'OW', 'N', 'OW', 'F', 'AH', 'S', 'IY', 'N']",,4,5,"['HH', 'OW', 'N', 'OW', 'F', 'AH', 'S', 'IY', 'N']",0,0,0,0,[]
29,reasoduct,PLS,pseudo,long,simple,,9,,"['R', 'IY', 'AH', 'S', 'OW', 'D', 'AH', 'K', 'T']","['R', 'IY', 'AH', 'S', 'OW', 'D', 'AH', 'K', 'T']",,4,5,"['R', 'IY', 'AH', 'D', 'OW', 'S', 'AH', 'K', 'T']",2,0,0,2,"[4, 6]"
30,stogriture,PLS,pseudo,long,simple,,9,,"['S', 'T', 'OW', 'G', 'R', 'IH', 'CH', 'ER', 'IY']","['S', 'T', 'OW', 'G', 'R', 'IH', 'CH', 'ER', 'IY']",,4,5,"['S', 'T', 'OW', 'G', 'R', 'IH', 'CH', 'ER', 'IY']",0,0,0,0,[]
31,sigrusachy,PLS,pseudo,long,simple,,9,,"['S', 'IY', 'G', 'R', 'UW', 'S', 'AH', 'CH', 'IY']","['S', 'IY', 'G', 'R', 'UW', 'S', 'AH', 'CH', 'IY']",,4,5,"['S', 'IY', 'G', 'R', 'UW', 'S', 'AH', 'CH', 'IY']",0,0,0,0,[]
32,wisconsus,PLS,pseudo,long,simple,,9,,"['W', 'IH', 'S', 'K', 'AH', 'N', 'S', 'AH', 'Z']","['W', 'IH', 'S', 'K', 'AH', 'N', 'S', 'AH', 'Z']",,3,6,"['W', 'IH', 'S', 'K', 'AH', 'N', 'S', 'AH', 'Z']",0,0,0,0,[]
33,innough,PSC,pseudo,short,complex,,3,,"['IH', 'N', 'AW']","['IH', 'N', 'AW']",,2,1,"['IH', 'N', 'AW']",0,0,0,0,[]
34,authed,PSC,pseudo,short,complex,,3,,"['AO', 'TH', 'T']","['AO', 'TH', 'T']",,1,2,"['AO', 'TH', 'T']",0,0,0,0,[]
35,acooh,PSC,pseudo,short,complex,,3,,"['AH', 'K', 'UW']","['AH', 'K', 'UW']",,2,1,"['AH', 'K', 'UW']",0,0,0,0,[]
36,eitter,PSC,pseudo,short,complex,,3,,"['AY', 'T', 'ER']","['AY', 'T', 'ER']",,2,1,"['AY', 'T', 'ER']",0,0,0,0,[]
37,knowee,PSC,pseudo,short,complex,,3,,"['N', 'OW', 'IY']","['N', 'OW', 'IY']",,2,1,"['N', 'OW', 'IY']",0,0,0,0,[]
38,thitch,PSC,pseudo,short,complex,,3,,"['TH', 'IH', 'CH']","['TH', 'IH', 'CH']",,1,2,"['TH', 'IH', 'CH']",0,0,0,0,[]
39,whowi,PSC,pseudo,short,complex,,3,,"['HH', 'UW', 'IY']","['HH', 'UW', 'IY']",,2,1,"['HH', 'UW', 'IY']",0,0,0,0,[]
40,weas,PSC,pseudo,short,complex,,3,,"['W', 'IY', 'Z']","['W', 'IY', 'Z']",,1,2,"['W', 'IY', 'Z']",0,0,0,0,[]
41,emmed,PSC,pseudo,short,complex,,3,,"['EH', 'M', 'D']","['EH', 'M', 'D']",,1,2,"['EH', 'M', 'D']",0,0,0,0,[]
42,aggy,PSC,pseudo,short,complex,,3,,"['AE', 'G', 'IY']","['AE', 'G', 'IY']",,2,1,"['AE', 'G', 'IY']",0,0,0,0,[]
43,ipper,PSC,pseudo,short,complex,,3,,"['IH', 'P', 'ER']","['IH', 'P', 'ER']",,2,1,"['IH', 'P', 'ER']",0,0,0,0,[]
44,soer,PSC,pseudo,short,complex,,3,,"['S', 'AO', 'R']","['S', 'AO', 'R']",,1,2,"['S', 'AO', 'R']",0,0,0,0,[]
45,ealer,PSC,pseudo,short,complex,,3,,"['IY', 'L', 'ER']","['IY', 'L', 'ER']",,2,1,"['IY', 'L', 'ER']",0,0,0,0,[]
46,oddie,PSC,pseudo,short,complex,,3,,"['AA', 'D', 'IY']","['AA', 'D', 'IY']",,2,1,"['AA', 'D', 'IY']",0,0,0,0,[]
47,uppay,PSC,pseudo,short,complex,,3,,"['AH', 'P', 'AY']","['AH', 'P', 'AY']",,2,1,"['AH', 'P', 'AY']",0,0,0,0,[]
48,gews,PSC,pseudo,short,complex,,3,,"['G', 'UW', 'Z']","['G', 'UW', 'Z']",,1,2,"['G', 'UW', 'Z']",0,0,0,0,[]
49,dees,PSC,pseudo,short,complex,,3,,"['D', 'IY', 'Z']","['D', 'IY', 'Z']",,1,2,"['D', 'IY', 'Z']",0,0,0,0,[]
50,onth,PSC,pseudo,short,complex,,3,,"['AH', 'N', 'TH']","['AH', 'N', 'TH']",,1,2,"['AH', 'N', 'TH']",0,0,0,0,[]
51,towy,PSC,pseudo,short,complex,,3,,"['T', 'OW', 'IY']","['T', 'OW', 'IY']",,2,1,"['T', 'OW', 'IY']",0,0,0,0,[]
52,eames,PSC,pseudo,short,complex,,3,,"['IY', 'M', 'Z']","['IY', 'M', 'Z']",,1,2,"['IY', 'M', 'Z']",0,0,0,0,[]
53,earts,PSC,pseudo,short,complex,,3,,"['ER', 'T', 'S']","['ER', 'T', 'S']",,1,2,"['ER', 'T', 'S']",0,0,0,0,[]
54,attrow,PSC,pseudo,short,complex,,4,,"['AE', 'T', 'R', 'OW']","['AE', 'T', 'R', 'OW']",,2,2,"['AE', 'T', 'R', 'OW']",0,0,0,0,[]
55,apprew,PSC,pseudo,short,complex,,4,,"['AH', 'P', 'R', 'UW']","['AH', 'P', 'R', 'UW']",,2,2,"['AH', 'P', 'R', 'UW']",0,0,0,0,[]
56,ront,PSC,pseudo,short,complex,,4,,"['R', 'AA', 'N', 'T']","['R', 'AA', 'N', 'T']",,1,3,"['R', 'AA', 'N', 'T']",0,0,0,0,[]
57,assock,PSC,pseudo,short,complex,,4,,"['AE', 'S', 'AH', 'K']","['AE', 'S', 'AH', 'K']",,2,2,"['AE', 'S', 'AH', 'K']",0,0,0,0,[]
58,obsough,PSC,pseudo,short,complex,,4,,"['AA', 'B', 'S', 'OW']","['AA', 'B', 'S', 'OW']",,2,2,"['AA', 'B', 'S', 'OW']",0,0,0,0,[]
59,opty,PSC,pseudo,short,complex,,4,,"['AA', 'P', 'T', 'IY']","['AA', 'P', 'T', 'IY']",,2,2,"['AA', 'P', 'T', 'IY']",0,0,0,0,[]
60,ourain,PSC,pseudo,short,complex,,4,,"['AW', 'R', 'EY', 'N']","['AW', 'R', 'EY', 'N']",,2,2,"['AW', 'R', 'EY', 'N']",0,0,0,0,[]
61,thowtee,PSC,pseudo,short,complex,,4,,"['TH', 'AW', 'T', 'IY']","['TH', 'AW', 'T', 'IY']",,2,2,"['TH', 'AW', 'T', 'IY']",0,0,0,0,[]
62,joro,PSC,pseudo,short,complex,,4,,"['JH', 'AO', 'R', 'OW']","['JH', 'AO', 'R', 'OW']",,2,2,"['JH', 'AO', 'R', 'OW']",0,0,0,0,[]
63,temough,PSC,pseudo,short,complex,,4,,"['T', 'EH', 'M', 'AW']","['T', 'EH', 'M', 'AW']",,2,2,"['T', 'EH', 'M', 'AW']",0,0,0,0,[]
64,enfor,PSC,pseudo,short,complex,,4,,"['EH', 'N', 'F', 'ER']","['EH', 'N', 'F', 'ER']",,2,2,"['EH', 'N', 'F', 'ER']",0,0,0,0,[]
65,occone,PSC,pseudo,short,complex,,4,,"['AH', 'K', 'OW', 'N']","['AH', 'K', 'OW', 'N']",,2,2,"['AH', 'K', 'OW', 'N']",0,0,0,0,[]
66,weefer,PSC,pseudo,short,complex,,4,,"['W', 'IY', 'F', 'ER']","['W', 'IY', 'F', 'ER']",,2,2,"['W', 'IY', 'F', 'ER']",0,0,0,0,[]
67,uness,PSC,pseudo,short,complex,,4,,"['AH', 'N', 'EH', 'S']","['AH', 'N', 'EH', 'S']",,2,2,"['AH', 'N', 'EH', 'S']",0,0,0,0,[]
68,anyth,PSC,pseudo,short,complex,,4,,"['EH', 'N', 'IY', 'TH']","['EH', 'N', 'IY', 'TH']",,2,2,"['EH', 'N', 'IY', 'TH']",0,0,0,0,[]
69,illume,PSC,pseudo,short,complex,,4,,"['IH', 'L', 'UW', 'M']","['IH', 'L', 'UW', 'M']",,2,2,"['IH', 'L', 'UW', 'M']",0,0,0,0,[]
70,itsear,PSC,pseudo,short,complex,,4,,"['IH', 'T', 'S', 'ER']","['IH', 'T', 'S', 'ER']",,2,2,"['IH', 'T', 'S', 'ER']",0,0,0,0,[]
71,buylow,PSC,pseudo,short,complex,,4,,"['B', 'AY', 'L', 'OW']","['B', 'AY', 'L', 'OW']",,2,2,"['B', 'AY', 'L', 'OW']",0,0,0,0,[]
72,edio,PSC,pseudo,short,complex,,4,,"['IY', 'D', 'IY', 'OW']","['IY', 'D', 'IY', 'OW']",,3,1,"['IY', 'D', 'IY', 'OW']",0,0,0,0,[]
73,showic,PSC,pseudo,short,complex,,4,,"['SH', 'OW', 'IH', 'K']","['SH', 'OW', 'IH', 'K']",,2,2,"['SH', 'OW', 'IH', 'K']",0,0,0,0,[]
74,dommer,PSC,pseudo,short,complex,,4,,"['D', 'AA', 'M', 'ER']","['D', 'AA', 'M', 'ER']",,2,2,"['D', 'AA', 'M', 'ER']",0,0,0,0,[]
75,appore,PSC,pseudo,short,complex,,4,,"['AH', 'P', 'AO', 'R']","['AH', 'P', 'AO', 'R']",,2,2,"['AH', 'P', 'AO', 'R']",0,0,0,0,[]
76,leauter,PSC,pseudo,short,complex,,4,,"['L', 'UW', 'T', 'ER']","['L', 'UW', 'T', 'ER']",,2,2,"['L', 'UW', 'T', 'ER']",0,0,0,0,[]
77,neetched,PSC,pseudo,short,complex,,4,,"['N', 'IY', 'CH', 'T']","['N', 'IY', 'CH', 'T']",,1,3,"['N', 'IY', 'CH', 'T']",0,0,0,0,[]
78,shoughty,PSC,pseudo,short,complex,,4,,"['SH', 'AW', 'T', 'IY']","['SH', 'AW', 'T', 'IY']",,2,2,"['SH', 'AW', 'T', 'IY']",0,0,0,0,[]
79,givy,PSC,pseudo,short,complex,,4,,"['G', 'IY', 'V', 'IY']","['G', 'IY', 'V', 'IY']",,2,2,"['G', 'IY', 'V', 'IY']",0,0,0,0,[]
80,anym,PSC,pseudo,short,complex,,4,,"['AE', 'N', 'IH', 'M']","['AE', 'N', 'IH', 'M']",,2,2,"['AE', 'N', 'IH', 'M']",0,0,0,0,[]
81,outshase,PSC,pseudo,short,complex,,4,,"['AW', 'CH', 'EY', 'S']","['AW', 'CH', 'EY', 'S']",,2,2,"['AW', 'CH', 'EY', 'S']",0,0,0,0,[]
82,eithing,PSC,pseudo,short,complex,,4,,"['AY', 'DH', 'IH', 'NG']","['AY', 'DH', 'IH', 'NG']",,2,2,"['AY', 'DH', 'IH', 'NG']",0,0,0,0,[]
83,unall,PSC,pseudo,short,complex,,4,,"['AH', 'N', 'AE', 'L']","['AH', 'N', 'AE', 'L']",,2,2,"['AH', 'N', 'AE', 'L']",0,0,0,0,[]
84,favy,PSC,pseudo,short,complex,,4,,"['F', 'EY', 'V', 'IY']","['F', 'EY', 'V', 'IY']",,2,2,"['F', 'EY', 'V', 'IY']",0,0,0,0,[]
85,wouther,PSC,pseudo,short,complex,,4,,"['W', 'AH', 'DH', 'ER']","['W', 'AH', 'DH', 'ER']",,2,2,"['W', 'AH', 'DH', 'ER']",0,0,0,0,[]
86,joursed,PSC,pseudo,short,complex,,4,,"['JH', 'ER', 'Z', 'D']","['JH', 'ER', 'Z', 'D']",,1,3,"['JH', 'ER', 'Z', 'D']",0,0,0,0,[]
87,autching,PSC,pseudo,short,complex,,4,,"['AO', 'CH', 'IH', 'NG']","['AO', 'CH', 'IH', 'NG']",,2,2,"['AO', 'CH', 'IH', 'NG']",0,0,0,0,[]
88,perfer,PSC,pseudo,short,complex,,4,,"['P', 'ER', 'F', 'ER']","['P', 'ER', 'F', 'ER']",,2,2,"['P', 'ER', 'F', 'ER']",0,0,0,0,[]
89,anot,PSC,pseudo,short,complex,,4,,"['AH', 'N', 'OW', 'T']","['AH', 'N', 'OW', 'T']",,2,2,"['AH', 'N', 'OW', 'T']",0,0,0,0,[]
90,issort,PSC,pseudo,short,complex,,4,,"['IH', 'S', 'ER', 'T']","['IH', 'S', 'ER', 'T']",,2,2,"['IH', 'S', 'ER', 'T']",0,0,0,0,[]
91,alop,PSC,pseudo,short,complex,,4,,"['AE', 'L', 'AH', 'P']","['AE', 'L', 'AH', 'P']",,2,2,"['AE', 'L', 'AH', 'P']",0,0,0,0,[]
92,unerge,PSC,pseudo,short,complex,,4,,"['AH', 'N', 'ER', 'JH']","['AH', 'N', 'ER', 'JH']",,2,2,"['AH', 'N', 'ER', 'JH']",0,0,0,0,[]
93,deller,PSC,pseudo,short,complex,,4,,"['D', 'EH', 'L', 'ER']","['D', 'EH', 'L', 'ER']",,2,2,"['D', 'EH', 'L', 'ER']",0,0,0,0,[]
94,enit,PSC,pseudo,short,complex,,4,,"['EH', 'N', 'IH', 'T']","['EH', 'N', 'IH', 'T']",,2,2,"['EH', 'N', 'IH', 'T']",0,0,0,0,[]
95,valo,PSC,pseudo,short,complex,,4,,"['V', 'AA', 'L', 'OW']","['V', 'AA', 'L', 'OW']",,2,2,"['V', 'AA', 'L', 'OW']",0,0,0,0,[]
96,defoo,PSC,pseudo,short,complex,,4,,"['D', 'EH', 'F', 'UW']","['D', 'EH', 'F', 'UW']",,2,2,"['D', 'EH', 'F', 'UW']",0,0,0,0,[]
97,jermer,PSC,pseudo,short,complex,,4,,"['JH', 'ER', 'M', 'ER']","['JH', 'ER', 'M', 'ER']",,2,2,"['JH', 'ER', 'M', 'ER']",0,0,0,0,[]
98,irreed,PSC,pseudo,short,complex,,4,,"['IH', 'R', 'IY', 'D']","['IH', 'R', 'IY', 'D']",,2,2,"['IH', 'R', 'IY', 'D']",0,0,0,0,[]
99,paylow,PSC,pseudo,short,complex,,4,,"['P', 'EY', 'L', 'OW']","['P', 'EY', 'L', 'OW']",,2,2,"['P', 'EY', 'L', 'OW']",0,0,0,0,[]
100,octime,PSC,pseudo,short,complex,,5,,"['AA', 'K', 'T', 'IY', 'M']","['AA', 'K', 'T', 'IY', 'M']",,2,3,"['AA', 'K', 'T', 'IY', 'M']",0,0,0,0,[]
101,whomat,PSC,pseudo,short,complex,,5,,"['HH', 'OW', 'M', 'AE', 'T']","['HH', 'OW', 'M', 'AE', 'T']",,2,3,"['HH', 'OW', 'M', 'AE', 'T']",0,0,0,0,[]
102,opist,PSC,pseudo,short,complex,,5,,"['OW', 'P', 'IH', 'S', 'T']","['OW', 'P', 'IH', 'S', 'T']",,2,3,"['OW', 'P', 'IH', 'S', 'T']",0,0,0,0,[]
103,govio,PSC,pseudo,short,complex,,5,,"['G', 'OW', 'V', 'IY', 'OW']","['G', 'OW', 'V', 'IY', 'OW']",,3,2,"['G', 'OW', 'V', 'IY', 'OW']",0,0,0,0,[]
104,bilway,PSC,pseudo,short,complex,,5,,"['B', 'IH', 'L', 'W', 'EY']","['B', 'IH', 'L', 'W', 'EY']",,2,3,"['B', 'IH', 'L', 'W', 'EY']",0,0,0,0,[]
105,ecorg,PSC,pseudo,short,complex,,5,,"['IY', 'K', 'AO', 'R', 'G']","['IY', 'K', 'AO', 'R', 'G']",,2,3,"['IY', 'K', 'AO', 'R', 'G']",0,0,0,0,[]
106,radice,PSC,pseudo,short,complex,,5,,"['R', 'AE', 'D', 'IH', 'S']","['R', 'AE', 'D', 'IH', 'S']",,2,3,"['R', 'AE', 'D', 'IH', 'S']",0,0,0,0,[]
107,soput,PSC,pseudo,short,complex,,5,,"['S', 'OW', 'P', 'AH', 'T']","['S', 'OW', 'P', 'AH', 'T']",,2,3,"['S', 'OW', 'P', 'AH', 'T']",0,0,0,0,[]
108,himem,PSC,pseudo,short,complex,,5,,"['HH', 'IH', 'M', 'AH', 'M']","['HH', 'IH', 'M', 'AH', 'M']",,2,3,"['HH', 'IH', 'M', 'AH', 'M']",0,0,0,0,[]
109,sachno,PSC,pseudo,short,complex,,5,,"['S', 'AE', 'K', 'N', 'OW']","['S', 'AE', 'K', 'N', 'OW']",,2,3,"['S', 'AE', 'K', 'N', 'OW']",0,0,0,0,[]
110,uncrow,PSC,pseudo,short,complex,,5,,"['AH', 'N', 'K', 'R', 'AW']","['AH', 'N', 'K', 'R', 'AW']",,2,3,"['AH', 'N', 'K', 'R', 'AW']",0,0,0,0,[]
111,bulfor,PSC,pseudo,short,complex,,5,,"['B', 'UH', 'L', 'F', 'ER']","['B', 'UH', 'L', 'F', 'ER']",,2,3,"['B', 'UH', 'L', 'F', 'ER']",0,0,0,0,[]
112,nonver,PSC,pseudo,short,complex,,5,,"['N', 'AA', 'N', 'V', 'ER']","['N', 'AA', 'N', 'V', 'ER']",,2,3,"['N', 'AA', 'N', 'V', 'ER']",0,0,0,0,[]
113,defork,PSC,pseudo,short,complex,,5,,"['D', 'EH', 'F', 'ER', 'K']","['D', 'EH', 'F', 'ER', 'K']",,2,3,"['D', 'EH', 'F', 'ER', 'K']",0,0,0,0,[]
114,biomo,PSC,pseudo,short,complex,,5,,"['B', 'IY', 'OW', 'M', 'OW']","['B', 'IY', 'OW', 'M', 'OW']",,3,2,"['B', 'IY', 'OW', 'M', 'OW']",0,0,0,0,[]
115,advio,PSC,pseudo,short,complex,,5,,"['AE', 'D', 'V', 'IY', 'OW']","['AE', 'D', 'V', 'IY', 'OW']",,3,2,"['AE', 'D', 'V', 'IY', 'OW']",0,0,0,0,[]
116,mullboy,PSC,pseudo,short,complex,,5,,"['M', 'AH', 'L', 'B', 'OY']","['M', 'AH', 'L', 'B', 'OY']",,2,3,"['M', 'AH', 'L', 'B', 'OY']",0,0,0,0,[]
117,aggrat,PSC,pseudo,short,complex,,5,,"['AE', 'G', 'R', 'AE', 'T']","['AE', 'G', 'R', 'AE', 'T']",,2,3,"['AE', 'G', 'R', 'AE', 'T']",0,0,0,0,[]
118,befic,PSC,pseudo,short,complex,,5,,"['B', 'IH', 'F', 'IH', 'K']","['B', 'IH', 'F', 'IH', 'K']",,2,3,"['B', 'IH', 'F', 'IH', 'K']",0,0,0,0,[]
119,assasy,PSC,pseudo,short,complex,,5,,"['AH', 'S', 'AA', 'S', 'IY']","['AH', 'S', 'AA', 'S', 'IY']",,3,2,"['AH', 'S', 'AA', 'S', 'IY']",0,0,0,0,[]
120,anymed,PSC,pseudo,short,complex,,5,,"['AH', 'N', 'IY', 'M', 'D']","['AH', 'N', 'IY', 'M', 'D']",,2,3,"['AH', 'N', 'IY', 'M', 'D']",0,0,0,0,[]
121,invor,PSC,pseudo,short,complex,,5,,"['IH', 'N', 'V', 'AO', 'R']","['IH', 'N', 'V', 'AO', 'R']",,2,3,"['IH', 'N', 'V', 'AO', 'R']",0,0,0,0,[]
122,ferside,PSC,pseudo,short,complex,,5,,"['F', 'ER', 'S', 'AY', 'D']","['F', 'ER', 'S', 'AY', 'D']",,2,3,"['F', 'ER', 'S', 'AY', 'D']",0,0,0,0,[]
123,teetin,PSC,pseudo,short,complex,,5,,"['T', 'IY', 'T', 'IH', 'N']","['T', 'IY', 'T', 'IH', 'N']",,2,3,"['T', 'IY', 'T', 'IH', 'N']",0,0,0,0,[]
124,getert,PSC,pseudo,short,complex,,5,,"['G', 'EH', 'T', 'ER', 'T']","['G', 'EH', 'T', 'ER', 'T']",,2,3,"['G', 'EH', 'T', 'ER', 'T']",0,0,0,0,[]
125,recause,PSC,pseudo,short,complex,,5,,"['R', 'IY', 'K', 'AW', 'S']","['R', 'IY', 'K', 'AW', 'S']",,2,3,"['R', 'IY', 'K', 'AW', 'S']",0,0,0,0,[]
126,mushin,PSC,pseudo,short,complex,,5,,"['M', 'AH', 'SH', 'IH', 'N']","['M', 'AH', 'SH', 'IH', 'N']",,2,3,"['M', 'AH', 'SH', 'IH', 'N']",0,0,0,0,[]
127,redwee,PSC,pseudo,short,complex,,5,,"['R', 'EH', 'D', 'W', 'IY']","['R', 'EH', 'D', 'W', 'IY']",,2,3,"['R', 'EH', 'D', 'W', 'IY']",0,0,0,0,[]
128,himby,PSC,pseudo,short,complex,,5,,"['HH', 'IH', 'M', 'B', 'IY']","['HH', 'IH', 'M', 'B', 'IY']",,2,3,"['HH', 'IH', 'M', 'B', 'IY']",0,0,0,0,[]
129,eurown,PSC,pseudo,short,complex,,5,,"['Y', 'UW', 'R', 'AW', 'N']","['Y', 'UW', 'R', 'AW', 'N']",,2,3,"['Y', 'UW', 'R', 'AW', 'N']",0,0,0,0,[]
130,mintai,PSC,pseudo,short,complex,,5,,"['M', 'IH', 'N', 'T', 'AY']","['M', 'IH', 'N', 'T', 'AY']",,2,3,"['M', 'IH', 'N', 'T', 'AY']",0,0,0,0,[]
131,pertat,PSC,pseudo,short,complex,,5,,"['P', 'ER', 'T', 'AH', 'T']","['P', 'ER', 'T', 'AH', 'T']",,2,3,"['P', 'ER', 'T', 'AH', 'T']",0,0,0,0,[]
132,perlic,PSC,pseudo,short,complex,,5,,"['P', 'ER', 'L', 'IH', 'K']","['P', 'ER', 'L', 'IH', 'K']",,2,3,"['P', 'ER', 'L', 'IH', 'K']",0,0,0,0,[]
133,cervided,PLC,pseudo,long,complex,,7,,"['S', 'ER', 'V', 'AY', 'D', 'AH', 'D']","['S', 'ER', 'V', 'AY', 'D', 'AH', 'D']",,3,4,"['S', 'ER', 'V', 'AY', 'D', 'AH', 'D']",0,0,0,0,[]
134,intipal,PLC,pseudo,long,complex,,7,,"['IH', 'N', 'T', 'IH', 'P', 'AH', 'L']","['IH', 'N', 'T', 'IH', 'P', 'AH', 'L']",,3,4,"['IH', 'N', 'T', 'IH', 'P', 'AH', 'L']",0,0,0,0,[]
135,pubsides,PLC,pseudo,long,complex,,7,,"['P', 'AH', 'B', 'S', 'AY', 'D', 'Z']","['P', 'AH', 'B', 'S', 'AY', 'D', 'Z']",,2,5,"['P', 'AH', 'B', 'S', 'AY', 'D', 'Z']",0,0,0,0,[]
136,desocio,PLC,pseudo,long,complex,,7,,"['D', 'AH', 'S', 'OW', 'SH', 'IY', 'OW']","['D', 'AH', 'S', 'OW', 'SH', 'IY', 'OW']",,4,3,"['D', 'AH', 'S', 'OW', 'SH', 'IY', 'OW']",0,0,0,0,[]
137,buitines,PLC,pseudo,long,complex,,7,,"['B', 'Y', 'UW', 'T', 'IY', 'N', 'Z']","['B', 'Y', 'UW', 'T', 'IY', 'N', 'Z']",,2,5,"['B', 'Y', 'UW', 'T', 'IY', 'N', 'Z']",0,0,0,0,[]
138,editral,PLC,pseudo,long,complex,,7,,"['EH', 'D', 'AH', 'T', 'R', 'AH', 'L']","['EH', 'D', 'AH', 'T', 'R', 'AH', 'L']",,3,4,"['EH', 'D', 'AH', 'T', 'R', 'AH', 'L']",0,0,0,0,[]
139,publity,PLC,pseudo,long,complex,,7,,"['P', 'AH', 'B', 'L', 'IH', 'T', 'IY']","['P', 'AH', 'B', 'L', 'IH', 'T', 'IY']",,3,4,"['P', 'AH', 'B', 'L', 'IH', 'T', 'IY']",0,0,0,0,[]
140,hargings,PLC,pseudo,long,complex,,7,,"['HH', 'AA', 'R', 'JH', 'IH', 'NG', 'Z']","['HH', 'AA', 'R', 'JH', 'IH', 'NG', 'Z']",,2,5,"['HH', 'AA', 'R', 'JH', 'IH', 'NG', 'Z']",0,0,0,0,[]
141,beanspore,PLC,pseudo,long,complex,,7,,"['B', 'IY', 'N', 'S', 'P', 'AO', 'R']","['B', 'IY', 'N', 'S', 'P', 'AO', 'R']",,2,5,"['B', 'IY', 'N', 'S', 'P', 'AO', 'R']",0,0,0,0,[]
142,brovelf,PLC,pseudo,long,complex,,7,,"['B', 'R', 'OW', 'V', 'EH', 'L', 'F']","['B', 'R', 'OW', 'V', 'EH', 'L', 'F']",,2,5,"['B', 'R', 'OW', 'V', 'EH', 'L', 'F']",0,0,0,0,[]
143,himilays,PLC,pseudo,long,complex,,7,,"['HH', 'IH', 'M', 'AH', 'L', 'EY', 'S']","['HH', 'IH', 'M', 'AH', 'L', 'EY', 'S']",,3,4,"['HH', 'IH', 'M', 'AH', 'L', 'EY', 'S']",0,0,0,0,[]
144,canuted,PLC,pseudo,long,complex,,7,,"['K', 'AH', 'N', 'UW', 'T', 'AH', 'D']","['K', 'AH', 'N', 'UW', 'T', 'AH', 'D']",,3,4,"['K', 'AH', 'N', 'UW', 'T', 'AH', 'D']",0,0,0,0,[]
145,bampion,PLC,pseudo,long,complex,,7,,"['B', 'AE', 'M', 'P', 'IY', 'AH', 'N']","['B', 'AE', 'M', 'P', 'IY', 'AH', 'N']",,3,4,"['B', 'AE', 'M', 'P', 'IY', 'AH', 'N']",0,0,0,0,[]
146,tweecty,PLC,pseudo,long,complex,,7,,"['T', 'W', 'EH', 'T', 'S', 'K', 'IY']","['T', 'W', 'EH', 'T', 'S', 'K', 'IY']",,2,5,"['T', 'W', 'EH', 'T', 'S', 'K', 'IY']",0,0,0,0,[]
147,actitome,PLC,pseudo,long,complex,,7,,"['AE', 'K', 'T', 'IH', 'T', 'OW', 'M']","['AE', 'K', 'T', 'IH', 'T', 'OW', 'M']",,3,4,"['AE', 'K', 'T', 'IH', 'T', 'OW', 'M']",0,0,0,0,[]
148,festomine,PLC,pseudo,long,complex,,7,,"['F', 'EH', 'S', 'AH', 'M', 'AY', 'N']","['F', 'EH', 'S', 'AH', 'M', 'AY', 'N']",,3,4,"['F', 'EH', 'S', 'AH', 'M', 'AY', 'N']",0,0,0,0,[]
149,appedial,PLC,pseudo,long,complex,,7,,"['AH', 'P', 'IY', 'D', 'IY', 'AH', 'L']","['AH', 'P', 'IY', 'D', 'IY', 'AH', 'L']",,4,3,"['AH', 'P', 'IY', 'D', 'IY', 'AH', 'L']",0,0,0,0,[]
150,momocal,PLC,pseudo,long,complex,,7,,"['M', 'AA', 'M', 'AH', 'K', 'AH', 'L']","['M', 'AA', 'M', 'AH', 'K', 'AH', 'L']",,3,4,"['M', 'AA', 'M', 'AH', 'K', 'AH', 'L']",0,0,0,0,[]
151,belenter,PLC,pseudo,long,complex,,7,,"['B', 'EH', 'L', 'AH', 'N', 'T', 'ER']","['B', 'EH', 'L', 'AH', 'N', 'T', 'ER']",,3,4,"['B', 'EH', 'L', 'AH', 'N', 'T', 'ER']",0,0,0,0,[]
152,univel,PLC,pseudo,long,complex,,7,,"['Y', 'UW', 'N', 'AH', 'V', 'AH', 'L']","['Y', 'UW', 'N', 'AH', 'V', 'AH', 'L']",,3,4,"['Y', 'UW', 'N', 'AH', 'V', 'AH', 'L']",0,0,0,0,[]
153,havices,PLC,pseudo,long,complex,,7,,"['HH', 'AE', 'V', 'AY', 'S', 'AH', 'Z']","['HH', 'AE', 'V', 'AY', 'S', 'AH', 'Z']",,3,4,"['HH', 'AE', 'V', 'AY', 'S', 'AH', 'Z']",0,0,0,0,[]
154,anybols,PLC,pseudo,long,complex,,7,,"['EH', 'N', 'IY', 'B', 'AO', 'L', 'Z']","['EH', 'N', 'IY', 'B', 'AO', 'L', 'Z']",,3,4,"['EH', 'N', 'IY', 'B', 'AO', 'L', 'Z']",0,0,0,0,[]
155,decamber,PLC,pseudo,long,complex,,7,,"['D', 'IH', 'K', 'AE', 'M', 'B', 'ER']","['D', 'IH', 'K', 'AE', 'M', 'B', 'ER']",,3,4,"['D', 'IH', 'K', 'AE', 'M', 'B', 'ER']",0,0,0,0,[]
156,pervicious,PLC,pseudo,long,complex,,7,,"['P', 'ER', 'V', 'IH', 'SH', 'AH', 'S']","['P', 'ER', 'V', 'IH', 'SH', 'AH', 'S']",,3,4,"['P', 'ER', 'V', 'IH', 'SH', 'AH', 'S']",0,0,0,0,[]
157,unledging,PLC,pseudo,long,complex,,7,,"['AH', 'N', 'L', 'EH', 'JH', 'IH', 'NG']","['AH', 'N', 'L', 'EH', 'JH', 'IH', 'NG']",,3,4,"['AH', 'N', 'L', 'EH', 'JH', 'IH', 'NG']",0,0,0,0,[]
158,attatings,PLC,pseudo,long,complex,,7,,"['AH', 'T', 'AE', 'T', 'IH', 'NG', 'Z']","['AH', 'T', 'AE', 'T', 'IH', 'NG', 'Z']",,3,4,"['AH', 'T', 'AE', 'T', 'IH', 'NG', 'Z']",0,0,0,0,[]
159,opartion,PLC,pseudo,long,complex,,7,,"['AH', 'P', 'AA', 'R', 'SH', 'AH', 'N']","['AH', 'P', 'AA', 'R', 'SH', 'AH', 'N']",,3,4,"['AH', 'P', 'AA', 'R', 'SH', 'AH', 'N']",0,0,0,0,[]
160,retabit,PLC,pseudo,long,complex,,7,,"['R', 'EH', 'T', 'AE', 'B', 'IH', 'T']","['R', 'EH', 'T', 'AE', 'B', 'IH', 'T']",,3,4,"['R', 'EH', 'T', 'AE', 'B', 'IH', 'T']",0,0,0,0,[]
161,concathy,PLC,pseudo,long,complex,,7,,"['K', 'AH', 'N', 'K', 'AA', 'TH', 'IY']","['K', 'AH', 'N', 'K', 'AA', 'TH', 'IY']",,3,4,"['K', 'AH', 'N', 'K', 'AA', 'TH', 'IY']",0,0,0,0,[]
162,foluted,PLC,pseudo,long,complex,,7,,"['F', 'AH', 'L', 'UW', 'T', 'IH', 'D']","['F', 'AH', 'L', 'UW', 'T', 'IH', 'D']",,3,4,"['F', 'AH', 'L', 'UW', 'T', 'IH', 'D']",0,0,0,0,[]
163,uneasic,PLC,pseudo,long,complex,,7,,"['Y', 'UW', 'N', 'IY', 'Z', 'IH', 'K']","['Y', 'UW', 'N', 'IY', 'Z', 'IH', 'K']",,3,4,"['Y', 'UW', 'N', 'IY', 'Z', 'IH', 'K']",0,0,0,0,[]
164,recauses,PLC,pseudo,long,complex,,7,,"['R', 'IH', 'K', 'AO', 'Z', 'IH', 'Z']","['R', 'IH', 'K', 'AO', 'Z', 'IH', 'Z']",,3,4,"['R', 'IH', 'K', 'AO', 'Z', 'IH', 'Z']",0,0,0,0,[]
165,pretral,PLC,pseudo,long,complex,,7,,"['P', 'R', 'IY', 'T', 'R', 'AH', 'L']","['P', 'R', 'IY', 'T', 'R', 'AH', 'L']",,2,5,"['P', 'R', 'IY', 'T', 'R', 'AH', 'L']",0,0,0,0,[]
166,disreturb,PLC,pseudo,long,complex,,8,,"['D', 'IH', 'S', 'R', 'IH', 'T', 'ER', 'B']","['D', 'IH', 'S', 'R', 'IH', 'T', 'ER', 'B']",,3,5,"['D', 'IH', 'S', 'R', 'IH', 'T', 'ER', 'B']",0,0,0,0,[]
167,reolorize,PLC,pseudo,long,complex,,8,,"['R', 'IY', 'OW', 'L', 'ER', 'R', 'AY', 'Z']","['R', 'IY', 'OW', 'L', 'ER', 'R', 'AY', 'Z']",,4,4,"['R', 'IY', 'OW', 'L', 'ER', 'R', 'AY', 'Z']",0,0,0,0,[]
168,miscreeckt,PLC,pseudo,long,complex,,8,,"['M', 'IH', 'S', 'K', 'R', 'IY', 'K', 'T']","['M', 'IH', 'S', 'K', 'R', 'IY', 'K', 'T']",,2,6,"['M', 'IH', 'S', 'K', 'R', 'IY', 'K', 'T']",0,0,0,0,[]
169,truzable,PLC,pseudo,long,complex,,8,,"['T', 'R', 'UW', 'Z', 'AH', 'B', 'AH', 'L']","['T', 'R', 'UW', 'Z', 'AH', 'B', 'AH', 'L']",,3,5,"['T', 'R', 'UW', 'Z', 'AH', 'B', 'AH', 'L']",0,0,0,0,[]
170,unwisiter,PLC,pseudo,long,complex,,8,,"['AH', 'N', 'W', 'IH', 'Z', 'IH', 'T', 'ER']","['AH', 'N', 'W', 'IH', 'Z', 'IH', 'T', 'ER']",,4,4,"['AH', 'N', 'W', 'IH', 'Z', 'IH', 'T', 'ER']",0,0,0,0,[]
171,overility,PLC,pseudo,long,complex,,8,,"['OW', 'V', 'ER', 'IH', 'L', 'IH', 'T', 'IY']","['OW', 'V', 'ER', 'IH', 'L', 'IH', 'T', 'IY']",,5,3,"['OW', 'V', 'ER', 'IH', 'L', 'IH', 'T', 'IY']",0,0,0,0,[]
172,sumtible,PLC,pseudo,long,complex,,8,,"['S', 'AH', 'M', 'T', 'AH', 'B', 'AH', 'L']","['S', 'AH', 'M', 'T', 'AH', 'B', 'AH', 'L']",,3,5,"['S', 'AH', 'M', 'T', 'AH', 'B', 'AH', 'L']",0,0,0,0,[]
173,unmistade,PLC,pseudo,long,complex,,8,,"['AH', 'N', 'M', 'IH', 'S', 'T', 'AE', 'D']","['AH', 'N', 'M', 'IH', 'S', 'T', 'AE', 'D']",,3,5,"['AH', 'N', 'M', 'IH', 'S', 'T', 'AE', 'D']",0,0,0,0,[]
174,witifully,PLC,pseudo,long,complex,,8,,"['W', 'IH', 'T', 'IH', 'F', 'AH', 'L', 'IY']","['W', 'IH', 'T', 'IH', 'F', 'AH', 'L', 'IY']",,4,4,"['W', 'IH', 'T', 'IH', 'F', 'AH', 'L', 'IY']",0,0,0,0,[]
175,underlity,PLC,pseudo,long,complex,,8,,"['AH', 'N', 'D', 'ER', 'L', 'AE', 'T', 'IY']","['AH', 'N', 'D', 'ER', 'L', 'AE', 'T', 'IY']",,4,4,"['AH', 'N', 'D', 'ER', 'L', 'AE', 'T', 'IY']",0,0,0,0,[]
176,rederlity,PLC,pseudo,long,complex,,8,,"['R', 'EH', 'D', 'ER', 'L', 'AH', 'T', 'IY']","['R', 'EH', 'D', 'ER', 'L', 'AH', 'T', 'IY']",,4,4,"['R', 'EH', 'D', 'ER', 'L', 'AH', 'T', 'IY']",0,0,0,0,[]
177,sprictal,PLC,pseudo,long,complex,,8,,"['S', 'P', 'R', 'IH', 'K', 'T', 'AA', 'L']","['S', 'P', 'R', 'IH', 'K', 'T', 'AA', 'L']",,2,6,"['S', 'P', 'R', 'IH', 'K', 'T', 'AA', 'L']",0,0,0,0,[]
178,unifort,PLC,pseudo,long,complex,,8,,"['Y', 'UW', 'N', 'IH', 'F', 'AO', 'R', 'T']","['Y', 'UW', 'N', 'IH', 'F', 'AO', 'R', 'T']",,3,5,"['Y', 'UW', 'N', 'IH', 'F', 'AO', 'R', 'T']",0,0,0,0,[]
179,mistfully,PLC,pseudo,long,complex,,8,,"['M', 'IH', 'S', 'T', 'F', 'AH', 'L', 'IY']","['M', 'IH', 'S', 'T', 'F', 'AH', 'L', 'IY']",,3,5,"['M', 'IH', 'S', 'T', 'F', 'AH', 'L', 'IY']",0,0,0,0,[]
180,dydenist,PLC,pseudo,long,complex,,8,,"['D', 'AY', 'D', 'AH', 'N', 'IH', 'S', 'T']","['D', 'AY', 'D', 'AH', 'N', 'IH', 'S', 'T']",,3,5,"['D', 'AY', 'D', 'AH', 'N', 'IH', 'S', 'T']",0,0,0,0,[]
181,raversold,PLC,pseudo,long,complex,,8,,"['R', 'EY', 'V', 'ER', 'S', 'OW', 'L', 'D']","['R', 'EY', 'V', 'ER', 'S', 'OW', 'L', 'D']",,3,5,"['R', 'EY', 'V', 'ER', 'S', 'OW', 'L', 'D']",0,0,0,0,[]
182,undeflate,PLC,pseudo,long,complex,,8,,"['AH', 'N', 'D', 'AH', 'F', 'L', 'EY', 'T']","['AH', 'N', 'D', 'AH', 'F', 'L', 'EY', 'T']",,3,5,"['AH', 'N', 'D', 'AH', 'F', 'L', 'EY', 'T']",0,0,0,0,[]
183,discreeler,PLC,pseudo,long,complex,,8,,"['D', 'IH', 'S', 'K', 'R', 'IY', 'L', 'ER']","['D', 'IH', 'S', 'K', 'R', 'IY', 'L', 'ER']",,3,5,"['D', 'IH', 'S', 'K', 'R', 'IY', 'L', 'ER']",0,0,0,0,[]
184,pitlessly,PLC,pseudo,long,complex,,8,,"['P', 'IH', 'T', 'L', 'AH', 'S', 'L', 'IY']","['P', 'IH', 'T', 'L', 'AH', 'S', 'L', 'IY']",,3,5,"['P', 'IH', 'T', 'L', 'AH', 'S', 'L', 'IY']",0,0,0,0,[]
185,dishonal,PLC,pseudo,long,complex,,8,,"['D', 'IH', 'S', 'HH', 'AH', 'N', 'AH', 'L']","['D', 'IH', 'S', 'HH', 'AH', 'N', 'AH', 'L']",,3,5,"['D', 'IH', 'S', 'HH', 'AH', 'N', 'AH', 'L']",0,0,0,0,[]
186,skringel,PLC,pseudo,long,complex,,8,,"['S', 'K', 'R', 'IH', 'N', 'G', 'AH', 'L']","['S', 'K', 'R', 'IH', 'N', 'G', 'AH', 'L']",,2,6,"['S', 'K', 'R', 'IH', 'N', 'G', 'AH', 'L']",0,0,0,0,[]
187,reinstake,PLC,pseudo,long,complex,,8,,"['R', 'IY', 'IH', 'N', 'S', 'T', 'EY', 'K']","['R', 'IY', 'IH', 'N', 'S', 'T', 'EY', 'K']",,3,5,"['R', 'IY', 'IH', 'N', 'S', 'T', 'EY', 'K']",0,0,0,0,[]
188,sprindly,PLC,pseudo,long,complex,,8,,"['S', 'P', 'R', 'IH', 'N', 'D', 'L', 'IY']","['S', 'P', 'R', 'IH', 'N', 'D', 'L', 'IY']",,2,6,"['S', 'P', 'R', 'IH', 'N', 'D', 'L', 'IY']",0,0,0,0,[]
189,reperpast,PLC,pseudo,long,complex,,8,,"['R', 'EH', 'P', 'ER', 'P', 'AH', 'S', 'T']","['R', 'EH', 'P', 'ER', 'P', 'AH', 'S', 'T']",,3,5,"['R', 'EH', 'P', 'ER', 'P', 'AH', 'S', 'T']",0,0,0,0,[]
190,vulgarist,PLC,pseudo,long,complex,,8,,"['V', 'AH', 'L', 'G', 'ER', 'IH', 'S', 'T']","['V', 'AH', 'L', 'G', 'ER', 'IH', 'S', 'T']",,3,5,"['V', 'AH', 'L', 'G', 'ER', 'IH', 'S', 'T']",0,0,0,0,[]
191,remistate,PLC,pseudo,long,complex,,8,,"['R', 'EH', 'M', 'AH', 'S', 'T', 'EY', 'T']","['R', 'EH', 'M', 'AH', 'S', 'T', 'EY', 'T']",,3,5,"['R', 'EH', 'M', 'AH', 'S', 'T', 'EY', 'T']",0,0,0,0,[]
192,bewistic,PLC,pseudo,long,complex,,8,,"['B', 'IY', 'W', 'IH', 'S', 'T', 'IH', 'K']","['B', 'IY', 'W', 'IH', 'S', 'T', 'IH', 'K']",,3,5,"['B', 'IY', 'W', 'IH', 'S', 'T', 'IH', 'K']",0,0,0,0,[]
193,deodorist,PLC,pseudo,long,complex,,8,,"['D', 'IY', 'OW', 'D', 'ER', 'IH', 'S', 'T']","['D', 'IY', 'OW', 'D', 'ER', 'IH', 'S', 'T']",,4,4,"['D', 'IY', 'OW', 'D', 'ER', 'IH', 'S', 'T']",0,0,0,0,[]
194,strimply,PLC,pseudo,long,complex,,8,,"['S', 'T', 'R', 'IH', 'M', 'P', 'L', 'IY']","['S', 'T', 'R', 'IH', 'M', 'P', 'L', 'IY']",,2,6,"['S', 'T', 'R', 'IH', 'M', 'P', 'L', 'IY']",0,0,0,0,[]
195,womangle,PLC,pseudo,long,complex,,8,,"['W', 'UH', 'M', 'AH', 'N', 'G', 'AH', 'L']","['W', 'UH', 'M', 'AH', 'N', 'G', 'AH', 'L']",,3,5,"['W', 'UH', 'M', 'AH', 'N', 'G', 'AH', 'L']",0,0,0,0,[]
196,redefully,PLC,pseudo,long,complex,,8,,"['R', 'EH', 'D', 'AH', 'F', 'AH', 'L', 'IY']","['R', 'EH', 'D', 'AH', 'F', 'AH', 'L', 'IY']",,4,4,"['R', 'EH', 'D', 'AH', 'F', 'AH', 'L', 'IY']",0,0,0,0,[]
197,sterreact,PLC,pseudo,long,complex,,8,,"['S', 'T', 'EH', 'R', 'IY', 'AE', 'K', 'T']","['S', 'T', 'EH', 'R', 'IY', 'AE', 'K', 'T']",,3,5,"['S', 'T', 'EH', 'R', 'IY', 'AE', 'K', 'T']",0,0,0,0,[]
198,gormalone,PLC,pseudo,long,complex,,8,,"['G', 'AO', 'R', 'M', 'AH', 'L', 'OW', 'N']","['G', 'AO', 'R', 'M', 'AH', 'L', 'OW', 'N']",,3,5,"['G', 'AO', 'R', 'M', 'AH', 'L', 'OW', 'N']",0,0,0,0,[]
199,steriline,PLC,pseudo,long,complex,,8,,"['S', 'T', 'EH', 'R', 'AH', 'L', 'IY', 'N']","['S', 'T', 'EH', 'R', 'AH', 'L', 'IY', 'N']",,3,5,"['S', 'T', 'EH', 'R', 'AH', 'L', 'IY', 'N']",0,0,0,0,[]
200,episident,PLC,pseudo,long,complex,,9,,"['EH', 'P', 'IH', 'S', 'IH', 'D', 'EH', 'N', 'T']","['EH', 'P', 'IH', 'S', 'IH', 'D', 'EH', 'N', 'T']",,4,5,"['EH', 'P', 'IH', 'S', 'IH', 'D', 'EH', 'N', 'T']",0,0,0,0,[]
201,deodorism,PLC,pseudo,long,complex,,9,,"['D', 'IY', 'AH', 'D', 'R', 'IH', 'Z', 'AH', 'M']","['D', 'IY', 'AH', 'D', 'R', 'IH', 'Z', 'AH', 'M']",,4,5,"['D', 'IY', 'AH', 'D', 'R', 'IH', 'Z', 'AH', 'M']",0,0,0,0,[]
202,awarliant,PLC,pseudo,long,complex,,9,,"['AH', 'W', 'AO', 'R', 'L', 'IY', 'AE', 'N', 'T']","['AH', 'W', 'AO', 'R', 'L', 'IY', 'AE', 'N', 'T']",,4,5,"['AH', 'W', 'AO', 'R', 'L', 'AE', 'N', 'IY', 'T']",2,1,1,0,"[6, 7, 8]"
203,poildration,PLC,pseudo,long,complex,,9,,"['P', 'OY', 'L', 'D', 'R', 'EY', 'SH', 'AH', 'N']","['P', 'OY', 'L', 'D', 'R', 'EY', 'SH', 'AH', 'N']",,3,6,"['P', 'OY', 'L', 'D', 'R', 'EY', 'SH', 'AH', 'N']",0,0,0,0,[]
204,wontifics,PLC,pseudo,long,complex,,9,,"['W', 'AH', 'N', 'T', 'IH', 'F', 'IH', 'K', 'S']","['W', 'AH', 'N', 'T', 'IH', 'F', 'IH', 'K', 'S']",,3,6,"['W', 'AH', 'N', 'T', 'IH', 'F', 'IH', 'K', 'S']",0,0,0,0,[]
205,advelatine,PLC,pseudo,long,complex,,9,,"['AE', 'D', 'V', 'EH', 'L', 'AH', 'T', 'IY', 'N']","['AE', 'D', 'V', 'EH', 'L', 'AH', 'T', 'IY', 'N']",,4,5,"['AE', 'D', 'V', 'EH', 'L', 'AH', 'T', 'IY', 'N']",0,0,0,0,[]
206,traplable,PLC,pseudo,long,complex,,9,,"['T', 'R', 'AE', 'P', 'L', 'AH', 'B', 'AH', 'L']","['T', 'R', 'AE', 'P', 'L', 'AH', 'B', 'AH', 'L']",,3,6,"['T', 'R', 'AE', 'P', 'L', 'AH', 'B', 'AH', 'L']",0,0,0,0,[]
207,aladquary,PLC,pseudo,long,complex,,9,,"['AE', 'L', 'AH', 'D', 'K', 'W', 'AO', 'R', 'EY']","['AE', 'L', 'AH', 'D', 'K', 'W', 'AO', 'R', 'EY']",,4,5,"['AE', 'L', 'AH', 'N', 'D', 'K', 'AO', 'R', 'W']",3,1,1,1,"[4, 5, 6, 9]"
208,nomparated,PLC,pseudo,long,complex,,9,,"['N', 'AA', 'M', 'P', 'ER', 'EY', 'T', 'IH', 'D']","['N', 'AA', 'M', 'P', 'ER', 'EY', 'T', 'IH', 'D']",,4,5,"['N', 'AA', 'M', 'P', 'ER', 'EY', 'T', 'IH', 'D']",0,0,0,0,[]
209,reodeness,PLC,pseudo,long,complex,,9,,"['R', 'IY', 'AH', 'D', 'IY', 'N', 'S', 'AH', 'Z']","['R', 'IY', 'AH', 'D', 'IY', 'N', 'S', 'AH', 'Z']",,4,5,"['R', 'IY', 'AH', 'D', 'IY', 'N', 'S', 'AH', 'Z']",0,0,0,0,[]
210,tradinties,PLC,pseudo,long,complex,,9,,"['T', 'R', 'AE', 'D', 'AH', 'N', 'T', 'IY', 'Z']","['T', 'R', 'AE', 'D', 'AH', 'N', 'T', 'IY', 'Z']",,3,6,"['T', 'R', 'AE', 'D', 'AH', 'N', 'T', 'IY', 'Z']",0,0,0,0,[]
211,ownestrand,PLC,pseudo,long,complex,,9,,"['OW', 'N', 'AH', 'S', 'T', 'R', 'AE', 'N', 'D']","['OW', 'N', 'AH', 'S', 'T', 'R', 'AE', 'N', 'D']",,3,6,"['AE', 'N', 'AH', 'S', 'T', 'R', 'AE', 'N', 'D']",1,0,0,1,[1]
212,coliciely,PLC,pseudo,long,complex,,9,,"['K', 'AH', 'L', 'IH', 'S', 'IY', 'AH', 'L', 'IY']","['K', 'AH', 'L', 'IH', 'S', 'IY', 'AH', 'L', 'IY']",,5,4,"['K', 'AH', 'L', 'IH', 'S', 'IY', 'AH', 'L', 'IY']",0,0,0,0,[]
213,exclural,PLC,pseudo,long,complex,,9,,"['EH', 'K', 'S', 'K', 'L', 'UH', 'R', 'AA', 'L']","['EH', 'K', 'S', 'K', 'L', 'UH', 'R', 'AA', 'L']",,3,6,"['EH', 'K', 'S', 'K', 'L', 'UH', 'R', 'L', '<EOS>']",2,0,0,2,"[8, 9]"
214,misembody,PLC,pseudo,long,complex,,9,,"['M', 'IH', 'S', 'AH', 'M', 'B', 'EY', 'D', 'IY']","['M', 'IH', 'S', 'AH', 'M', 'B', 'EY', 'D', 'IY']",,4,5,"['M', 'IH', 'S', 'AH', 'M', 'B', 'EY', 'D', 'IY']",0,0,0,0,[]
215,reodenest,PLC,pseudo,long,complex,,9,,"['R', 'IY', 'OW', 'D', 'EH', 'N', 'AH', 'S', 'T']","['R', 'IY', 'OW', 'D', 'EH', 'N', 'AH', 'S', 'T']",,4,5,"['R', 'IY', 'OW', 'D', 'EH', 'N', 'AH', 'S', 'T']",0,0,0,0,[]
216,havivited,PLC,pseudo,long,complex,,9,,"['HH', 'AE', 'V', 'AH', 'V', 'EY', 'T', 'IH', 'D']","['HH', 'AE', 'V', 'AH', 'V', 'EY', 'T', 'IH', 'D']",,4,5,"['HH', 'AE', 'V', 'AH', 'V', 'EY', 'T', 'IH', 'D']",0,0,0,0,[]
217,tensenest,PLC,pseudo,long,complex,,9,,"['T', 'EH', 'N', 'S', 'AH', 'N', 'AH', 'S', 'T']","['T', 'EH', 'N', 'S', 'AH', 'N', 'AH', 'S', 'T']",,3,6,"['T', 'EH', 'N', 'S', 'AH', 'N', 'AH', 'S', 'T']",0,0,0,0,[]
218,entiquary,PLC,pseudo,long,complex,,9,,"['EH', 'N', 'T', 'IH', 'K', 'W', 'AA', 'R', 'IY']","['EH', 'N', 'T', 'IH', 'K', 'W', 'AA', 'R', 'IY']",,4,5,"['EH', 'N', 'T', 'IH', 'K', 'W', 'AA', 'R', 'IY']",0,0,0,0,[]
219,vesernated,PLC,pseudo,long,complex,,9,,"['V', 'EH', 'S', 'ER', 'N', 'EY', 'T', 'IH', 'D']","['V', 'EH', 'S', 'ER', 'N', 'EY', 'T', 'IH', 'D']",,4,5,"['V', 'EH', 'S', 'ER', 'N', 'EY', 'T', 'IH', 'D']",0,0,0,0,[]
220,uniforist,PLC,pseudo,long,complex,,9,,"['Y', 'UW', 'N', 'AH', 'F', 'AO', 'R', 'S', 'T']","['Y', 'UW', 'N', 'AH', 'F', 'AO', 'R', 'S', 'T']",,3,6,"['Y', 'UW', 'N', 'AH', 'F', 'AO', 'R', 'S', 'T']",0,0,0,0,[]
221,winyufact,PLC,pseudo,long,complex,,9,,"['W', 'IH', 'N', 'Y', 'UW', 'F', 'AE', 'K', 'T']","['W', 'IH', 'N', 'Y', 'UW', 'F', 'AE', 'K', 'T']",,3,6,"['W', 'IH', 'N', 'Y', 'UW', 'F', 'AE', 'K', 'T']",0,0,0,0,[]
222,explific,PLC,pseudo,long,complex,,9,,"['EH', 'K', 'S', 'P', 'L', 'IH', 'F', 'IH', 'K']","['EH', 'K', 'S', 'P', 'L', 'IH', 'F', 'IH', 'K']",,3,6,"['EH', 'K', 'S', 'P', 'L', 'IH', 'F', 'IH', 'K']",0,0,0,0,[]
223,deoutsell,PLC,pseudo,long,complex,,9,,"['D', 'EH', 'T', 'W', 'AH', 'S', 'T', 'AH', 'L']","['D', 'EH', 'T', 'W', 'AH', 'S', 'T', 'AH', 'L']",,3,6,"['D', 'EH', 'T', 'W', 'AH', 'S', 'T', 'AH', 'L']",0,0,0,0,[]
224,deodeness,PLC,pseudo,long,complex,,9,,"['D', 'IY', 'D', 'AH', 'N', 'IH', 'S', 'AH', 'Z']","['D', 'IY', 'D', 'AH', 'N', 'IH', 'S', 'AH', 'Z']",,4,5,"['D', 'IY', 'D', 'AH', 'N', 'IH', 'S', 'AH', 'Z']",0,0,0,0,[]
225,puzuking,PLC,pseudo,long,complex,,9,,"['P', 'Y', 'UW', 'Z', 'K', 'IH', 'V', 'IH', 'NG']","['P', 'Y', 'UW', 'Z', 'K', 'IH', 'V', 'IH', 'NG']",,3,6,"['P', 'Y', 'UW', 'Z', 'IH', 'K', 'V', 'IH', 'NG']",2,1,1,0,"[5, 6]"
226,countriand,PLC,pseudo,long,complex,,9,,"['K', 'AA', 'N', 'T', 'R', 'IY', 'AH', 'N', 'D']","['K', 'AA', 'N', 'T', 'R', 'IY', 'AH', 'N', 'D']",,3,6,"['K', 'AA', 'N', 'T', 'R', 'IY', 'AH', 'N', 'D']",0,0,0,0,[]
227,botinsled,PLC,pseudo,long,complex,,9,,"['B', 'OW', 'T', 'IH', 'N', 'S', 'L', 'EH', 'D']","['B', 'OW', 'T', 'IH', 'N', 'S', 'L', 'EH', 'D']",,3,6,"['B', 'OW', 'T', 'IH', 'N', 'S', 'L', 'EH', 'D']",0,0,0,0,[]
228,deliaumnal,PLC,pseudo,long,complex,,9,,"['D', 'EH', 'L', 'IY', 'AH', 'M', 'N', 'AH', 'L']","['D', 'EH', 'L', 'IY', 'AH', 'M', 'N', 'AH', 'L']",,4,5,"['EH', 'D', 'L', 'IY', 'AH', 'M', 'N', 'AH', 'L']",2,1,1,0,"[1, 2]"
229,invoribute,PLC,pseudo,long,complex,,9,,"['IH', 'N', 'V', 'AO', 'R', 'AH', 'B', 'AH', 'T']","['IH', 'N', 'V', 'AO', 'R', 'AH', 'B', 'AH', 'T']",,4,5,"['IH', 'N', 'V', 'AO', 'R', 'AH', 'B', 'AH', 'T']",0,0,0,0,[]
230,unfornity,PLC,pseudo,long,complex,,9,,"['AH', 'N', 'F', 'AO', 'R', 'N', 'IH', 'T', 'IY']","['AH', 'N', 'F', 'AO', 'R', 'N', 'IH', 'T', 'IY']",,4,5,"['AH', 'N', 'F', 'AO', 'R', 'N', 'IH', 'T', 'IY']",0,0,0,0,[]
231,didamplate,PLC,pseudo,long,complex,,9,,"['D', 'IH', 'D', 'AH', 'M', 'P', 'L', 'EY', 'T']","['D', 'IH', 'D', 'AH', 'M', 'P', 'L', 'EY', 'T']",,3,6,"['D', 'IH', 'D', 'AH', 'M', 'P', 'L', 'EY', 'T']",0,0,0,0,[]
232,weirdnest,PLC,pseudo,long,complex,,9,,"['W', 'ER', 'D', 'AH', 'N', 'S', 'T', 'AH', 'T']","['W', 'ER', 'D', 'AH', 'N', 'S', 'T', 'AH', 'T']",,3,6,"['W', 'ER', 'D', 'AH', 'N', 'S', 'T', 'AH', 'T']",0,0,0,0,[]
233,yug,PSS,pseudo,short,simple,,3,,"['Y', 'AH', 'G']","['Y', 'AH', 'G']",,1,2,"['Y', 'AH', 'G']",0,0,0,0,[]
234,dop,PSS,pseudo,short,simple,,3,,"['D', 'AA', 'P']","['D', 'AA', 'P']",,1,2,"['D', 'AA', 'P']",0,0,0,0,[]
235,fed,PSS,pseudo,short,simple,,3,,"['F', 'EH', 'D']","['F', 'EH', 'D']",,1,2,"['F', 'EH', 'D']",0,0,0,0,[]
236,fut,PSS,pseudo,short,simple,,3,,"['F', 'AH', 'T']","['F', 'AH', 'T']",,1,2,"['F', 'AH', 'T']",0,0,0,0,[]
237,wid,PSS,pseudo,short,simple,,3,,"['W', 'IH', 'D']","['W', 'IH', 'D']",,1,2,"['W', 'IH', 'D']",0,0,0,0,[]
238,tob,PSS,pseudo,short,simple,,3,,"['T', 'AA', 'B']","['T', 'AA', 'B']",,1,2,"['T', 'AA', 'B']",0,0,0,0,[]
239,asy,PSS,pseudo,short,simple,,3,,"['EY', 'S', 'IY']","['EY', 'S', 'IY']",,2,1,"['EY', 'S', 'IY']",0,0,0,0,[]
240,dav,PSS,pseudo,short,simple,,3,,"['D', 'AA', 'V']","['D', 'AA', 'V']",,1,2,"['D', 'AA', 'V']",0,0,0,0,[]
241,terth,PSS,pseudo,short,simple,,3,,"['T', 'ER', 'DH']","['T', 'ER', 'DH']",,1,2,"['T', 'ER', 'DH']",0,0,0,0,[]
242,jerf,PSS,pseudo,short,simple,,3,,"['JH', 'ER', 'F']","['JH', 'ER', 'F']",,1,2,"['JH', 'ER', 'F']",0,0,0,0,[]
243,tog,PSS,pseudo,short,simple,,3,,"['T', 'AO', 'G']","['T', 'AO', 'G']",,1,2,"['T', 'AO', 'G']",0,0,0,0,[]
244,mim,PSS,pseudo,short,simple,,3,,"['M', 'IH', 'M']","['M', 'IH', 'M']",,1,2,"['M', 'IH', 'M']",0,0,0,0,[]
245,thurse,PSS,pseudo,short,simple,,3,,"['TH', 'ER', 'S']","['TH', 'ER', 'S']",,1,2,"['TH', 'ER', 'S']",0,0,0,0,[]
246,fug,PSS,pseudo,short,simple,,3,,"['F', 'AH', 'G']","['F', 'AH', 'G']",,1,2,"['F', 'AH', 'G']",0,0,0,0,[]
247,clow,PSS,pseudo,short,simple,,3,,"['K', 'L', 'OW']","['K', 'L', 'OW']",,1,2,"['K', 'L', 'OW']",0,0,0,0,[]
248,gerf,PSS,pseudo,short,simple,,3,,"['G', 'ER', 'F']","['G', 'ER', 'F']",,1,2,"['G', 'ER', 'F']",0,0,0,0,[]
249,choune,PSS,pseudo,short,simple,,3,,"['CH', 'UW', 'N']","['CH', 'UW', 'N']",,1,2,"['CH', 'UW', 'N']",0,0,0,0,[]
250,shoide,PSS,pseudo,short,simple,,3,,"['SH', 'OY', 'D']","['SH', 'OY', 'D']",,1,2,"['SH', 'OY', 'D']",0,0,0,0,[]
251,spee,PSS,pseudo,short,simple,,3,,"['S', 'P', 'IY']","['S', 'P', 'IY']",,1,2,"['S', 'P', 'IY']",0,0,0,0,[]
252,mun,PSS,pseudo,short,simple,,3,,"['M', 'AH', 'N']","['M', 'AH', 'N']",,1,2,"['M', 'AH', 'N']",0,0,0,0,[]
253,frew,PSS,pseudo,short,simple,,3,,"['F', 'R', 'UW']","['F', 'R', 'UW']",,1,2,"['F', 'R', 'UW']",0,0,0,0,[]
254,poin,PSS,pseudo,short,simple,,3,,"['P', 'OY', 'N']","['P', 'OY', 'N']",,1,2,"['P', 'OY', 'N']",0,0,0,0,[]
255,pash,PSS,pseudo,short,simple,,3,,"['P', 'AE', 'SH']","['P', 'AE', 'SH']",,1,2,"['P', 'AE', 'SH']",0,0,0,0,[]
256,pook,PSS,pseudo,short,simple,,3,,"['P', 'UH', 'K']","['P', 'UH', 'K']",,1,2,"['P', 'UH', 'K']",0,0,0,0,[]
257,zom,PSS,pseudo,short,simple,,3,,"['Z', 'AA', 'M']","['Z', 'AA', 'M']",,1,2,"['Z', 'AA', 'M']",0,0,0,0,[]
258,vin,PSS,pseudo,short,simple,,3,,"['V', 'IH', 'N']","['V', 'IH', 'N']",,1,2,"['V', 'IH', 'N']",0,0,0,0,[]
259,bia,PSS,pseudo,short,simple,,3,,"['B', 'IY', 'AH']","['B', 'IY', 'AH']",,2,1,"['B', 'IY', 'AH']",0,0,0,0,[]
260,vid,PSS,pseudo,short,simple,,3,,"['V', 'IH', 'D']","['V', 'IH', 'D']",,1,2,"['V', 'IH', 'D']",0,0,0,0,[]
261,thowl,PSS,pseudo,short,simple,,3,,"['TH', 'OW', 'L']","['TH', 'OW', 'L']",,1,2,"['TH', 'OW', 'L']",0,0,0,0,[]
262,thet,PSS,pseudo,short,simple,,3,,"['TH', 'EH', 'T']","['TH', 'EH', 'T']",,1,2,"['TH', 'EH', 'T']",0,0,0,0,[]
263,puz,PSS,pseudo,short,simple,,3,,"['P', 'UH', 'Z']","['P', 'UH', 'Z']",,1,2,"['P', 'UH', 'Z']",0,0,0,0,[]
264,mus,PSS,pseudo,short,simple,,3,,"['M', 'AH', 'S']","['M', 'AH', 'S']",,1,2,"['M', 'AH', 'S']",0,0,0,0,[]
265,vig,PSS,pseudo,short,simple,,3,,"['V', 'IH', 'G']","['V', 'IH', 'G']",,1,2,"['V', 'IH', 'G']",0,0,0,0,[]
266,shend,PSS,pseudo,short,simple,,4,,"['SH', 'EH', 'N', 'D']","['SH', 'EH', 'N', 'D']",,1,3,"['SH', 'EH', 'N', 'D']",0,0,0,0,[]
267,clore,PSS,pseudo,short,simple,,4,,"['K', 'L', 'AO', 'R']","['K', 'L', 'AO', 'R']",,1,3,"['K', 'L', 'AO', 'R']",0,0,0,0,[]
268,pren,PSS,pseudo,short,simple,,4,,"['P', 'R', 'EH', 'N']","['P', 'R', 'EH', 'N']",,1,3,"['P', 'R', 'EH', 'N']",0,0,0,0,[]
269,frel,PSS,pseudo,short,simple,,4,,"['F', 'R', 'EH', 'L']","['F', 'R', 'EH', 'L']",,1,3,"['F', 'R', 'EH', 'L']",0,0,0,0,[]
270,eitchon,PSS,pseudo,short,simple,,4,,"['AY', 'CH', 'AH', 'N']","['AY', 'CH', 'AH', 'N']",,2,2,"['AY', 'CH', 'AH', 'N']",0,0,0,0,[]
271,eshing,PSS,pseudo,short,simple,,4,,"['EH', 'SH', 'IH', 'NG']","['EH', 'SH', 'IH', 'NG']",,2,2,"['EH', 'SH', 'IH', 'NG']",0,0,0,0,[]
272,plar,PSS,pseudo,short,simple,,4,,"['P', 'L', 'AA', 'R']","['P', 'L', 'AA', 'R']",,1,3,"['P', 'L', 'AA', 'R']",0,0,0,0,[]
273,thoulah,PSS,pseudo,short,simple,,4,,"['TH', 'UW', 'L', 'AH']","['TH', 'UW', 'L', 'AH']",,2,2,"['TH', 'UW', 'L', 'AH']",0,0,0,0,[]
274,wessau,PSS,pseudo,short,simple,,4,,"['W', 'EH', 'S', 'OW']","['W', 'EH', 'S', 'OW']",,2,2,"['W', 'EH', 'S', 'OW']",0,0,0,0,[]
275,prig,PSS,pseudo,short,simple,,4,,"['P', 'R', 'IH', 'G']","['P', 'R', 'IH', 'G']",,1,3,"['P', 'R', 'IH', 'G']",0,0,0,0,[]
276,pharl,PSS,pseudo,short,simple,,4,,"['F', 'AA', 'R', 'L']","['F', 'AA', 'R', 'L']",,1,3,"['F', 'AA', 'R', 'L']",0,0,0,0,[]
277,oppard,PSS,pseudo,short,simple,,4,,"['AA', 'P', 'ER', 'D']","['AA', 'P', 'ER', 'D']",,2,2,"['AA', 'P', 'ER', 'D']",0,0,0,0,[]
278,strugh,PSS,pseudo,short,simple,,4,,"['S', 'T', 'R', 'UW']","['S', 'T', 'R', 'UW']",,1,3,"['S', 'T', 'R', 'UW']",0,0,0,0,[]
279,horm,PSS,pseudo,short,simple,,4,,"['HH', 'AO', 'R', 'M']","['HH', 'AO', 'R', 'M']",,1,3,"['HH', 'AO', 'R', 'M']",0,0,0,0,[]
280,sallar,PSS,pseudo,short,simple,,4,,"['S', 'AE', 'L', 'ER']","['S', 'AE', 'L', 'ER']",,2,2,"['S', 'AE', 'L', 'ER']",0,0,0,0,[]
281,aurick,PSS,pseudo,short,simple,,4,,"['AO', 'R', 'IH', 'K']","['AO', 'R', 'IH', 'K']",,2,2,"['AO', 'R', 'IH', 'K']",0,0,0,0,[]
282,porl,PSS,pseudo,short,simple,,4,,"['P', 'AO', 'R', 'L']","['P', 'AO', 'R', 'L']",,1,3,"['P', 'AO', 'R', 'L']",0,0,0,0,[]
283,cruss,PSS,pseudo,short,simple,,4,,"['K', 'R', 'AH', 'S']","['K', 'R', 'AH', 'S']",,1,3,"['K', 'R', 'AH', 'S']",0,0,0,0,[]
284,ando,PSS,pseudo,short,simple,,4,,"['AE', 'N', 'D', 'OW']","['AE', 'N', 'D', 'OW']",,2,2,"['AE', 'N', 'D', 'OW']",0,0,0,0,[]
285,opir,PSS,pseudo,short,simple,,4,,"['OW', 'P', 'EH', 'R']","['OW', 'P', 'EH', 'R']",,2,2,"['OW', 'P', 'EH', 'R']",0,0,0,0,[]
286,fress,PSS,pseudo,short,simple,,4,,"['F', 'R', 'EH', 'S']","['F', 'R', 'EH', 'S']",,1,3,"['F', 'R', 'EH', 'S']",0,0,0,0,[]
287,heacte,PSS,pseudo,short,simple,,4,,"['HH', 'EH', 'K', 'T']","['HH', 'EH', 'K', 'T']",,1,3,"['HH', 'EH', 'K', 'T']",0,0,0,0,[]
288,smag,PSS,pseudo,short,simple,,4,,"['S', 'M', 'AE', 'G']","['S', 'M', 'AE', 'G']",,1,3,"['S', 'M', 'AE', 'G']",0,0,0,0,[]
289,cangue,PSS,pseudo,short,simple,,4,,"['K', 'AE', 'NG', 'G']","['K', 'AE', 'NG', 'G']",,1,3,"['K', 'AE', 'NG', 'G']",0,0,0,0,[]
290,clidge,PSS,pseudo,short,simple,,4,,"['K', 'L', 'IH', 'JH']","['K', 'L', 'IH', 'JH']",,1,3,"['K', 'L', 'IH', 'JH']",0,0,0,0,[]
291,nobere,PSS,pseudo,short,simple,,4,,"['N', 'OW', 'B', 'ER']","['N', 'OW', 'B', 'ER']",,2,2,"['N', 'OW', 'B', 'ER']",0,0,0,0,[]
292,thount,PSS,pseudo,short,simple,,4,,"['TH', 'AW', 'N', 'T']","['TH', 'AW', 'N', 'T']",,1,3,"['TH', 'AW', 'N', 'T']",0,0,0,0,[]
293,stut,PSS,pseudo,short,simple,,4,,"['S', 'T', 'AH', 'T']","['S', 'T', 'AH', 'T']",,1,3,"['S', 'T', 'AH', 'T']",0,0,0,0,[]
294,plass,PSS,pseudo,short,simple,,4,,"['P', 'L', 'AE', 'S']","['P', 'L', 'AE', 'S']",,1,3,"['P', 'L', 'AE', 'S']",0,0,0,0,[]
295,knound,PSS,pseudo,short,simple,,4,,"['N', 'AW', 'N', 'D']","['N', 'AW', 'N', 'D']",,1,3,"['N', 'AW', 'N', 'D']",0,0,0,0,[]
296,tungth,PSS,pseudo,short,simple,,4,,"['T', 'AH', 'NG', 'TH']","['T', 'AH', 'NG', 'TH']",,1,3,"['T', 'AH', 'NG', 'TH']",0,0,0,0,[]
297,traime,PSS,pseudo,short,simple,,4,,"['T', 'R', 'EY', 'M']","['T', 'R', 'EY', 'M']",,1,3,"['T', 'R', 'EY', 'M']",0,0,0,0,[]
298,swit,PSS,pseudo,short,simple,,4,,"['S', 'W', 'IH', 'T']","['S', 'W', 'IH', 'T']",,1,3,"['S', 'W', 'IH', 'T']",0,0,0,0,[]
299,agai,PSS,pseudo,short,simple,,4,,"['AH', 'G', 'AA', 'IY']","['AH', 'G', 'AA', 'IY']",,3,1,"['AH', 'G', 'AA', 'IY']",0,0,0,0,[]
300,surkine,PSS,pseudo,short,simple,,5,,"['S', 'ER', 'K', 'AY', 'N']","['S', 'ER', 'K', 'AY', 'N']",,2,3,"['S', 'ER', 'K', 'AY', 'N']",0,0,0,0,[]
301,oriva,PSS,pseudo,short,simple,,5,,"['AO', 'R', 'IY', 'V', 'AH']","['AO', 'R', 'IY', 'V', 'AH']",,3,2,"['AO', 'R', 'IY', 'V', 'AH']",0,0,0,0,[]
302,fesig,PSS,pseudo,short,simple,,5,,"['F', 'EH', 'S', 'IH', 'G']","['F', 'EH', 'S', 'IH', 'G']",,2,3,"['F', 'EH', 'S', 'IH', 'G']",0,0,0,0,[]
303,otroa,PSS,pseudo,short,simple,,5,,"['AW', 'T', 'R', 'OW', 'AH']","['AW', 'T', 'R', 'OW', 'AH']",,3,2,"['AW', 'T', 'R', 'OW', 'AH']",0,0,0,0,[]
304,mussid,PSS,pseudo,short,simple,,5,,"['M', 'AH', 'S', 'IH', 'D']","['M', 'AH', 'S', 'IH', 'D']",,2,3,"['M', 'AH', 'S', 'IH', 'D']",0,0,0,0,[]
305,basire,PSS,pseudo,short,simple,,5,,"['B', 'AH', 'S', 'IY', 'R']","['B', 'AH', 'S', 'IY', 'R']",,2,3,"['B', 'AH', 'S', 'IY', 'R']",0,0,0,0,[]
306,smazi,PSS,pseudo,short,simple,,5,,"['S', 'M', 'AA', 'Z', 'IY']","['S', 'M', 'AA', 'Z', 'IY']",,2,3,"['S', 'M', 'AA', 'Z', 'IY']",0,0,0,0,[]
307,sithro,PSS,pseudo,short,simple,,5,,"['S', 'IH', 'TH', 'R', 'OW']","['S', 'IH', 'TH', 'R', 'OW']",,2,3,"['S', 'IH', 'TH', 'R', 'OW']",0,0,0,0,[]
308,euris,PSS,pseudo,short,simple,,5,,"['Y', 'UW', 'R', 'IH', 'S']","['Y', 'UW', 'R', 'IH', 'S']",,2,3,"['Y', 'UW', 'R', 'IH', 'S']",0,0,0,0,[]
309,naudin,PSS,pseudo,short,simple,,5,,"['N', 'AO', 'D', 'IH', 'N']","['N', 'AO', 'D', 'IH', 'N']",,2,3,"['N', 'AO', 'D', 'IH', 'N']",0,0,0,0,[]
310,telide,PSS,pseudo,short,simple,,5,,"['T', 'EH', 'L', 'AY', 'D']","['T', 'EH', 'L', 'AY', 'D']",,2,3,"['T', 'EH', 'L', 'AY', 'D']",0,0,0,0,[]
311,churact,PSS,pseudo,short,simple,,5,,"['CH', 'ER', 'AE', 'K', 'T']","['CH', 'ER', 'AE', 'K', 'T']",,2,3,"['CH', 'ER', 'AE', 'K', 'T']",0,0,0,0,[]
312,althod,PSS,pseudo,short,simple,,5,,"['AE', 'L', 'TH', 'AH', 'D']","['AE', 'L', 'TH', 'AH', 'D']",,2,3,"['AE', 'L', 'TH', 'AH', 'D']",0,0,0,0,[]
313,nethio,PSS,pseudo,short,simple,,5,,"['N', 'EH', 'TH', 'IY', 'OW']","['N', 'EH', 'TH', 'IY', 'OW']",,3,2,"['N', 'EH', 'TH', 'IY', 'OW']",0,0,0,0,[]
314,speeho,PSS,pseudo,short,simple,,5,,"['S', 'P', 'IY', 'HH', 'OW']","['S', 'P', 'IY', 'HH', 'OW']",,2,3,"['S', 'P', 'IY', 'HH', 'OW']",0,0,0,0,[]
315,favig,PSS,pseudo,short,simple,,5,,"['F', 'AA', 'V', 'IH', 'G']","['F', 'AA', 'V', 'IH', 'G']",,2,3,"['F', 'AA', 'V', 'IH', 'G']",0,0,0,0,[]
316,addrol,PSS,pseudo,short,simple,,5,,"['AE', 'D', 'R', 'AH', 'L']","['AE', 'D', 'R', 'AH', 'L']",,2,3,"['AE', 'D', 'R', 'AH', 'L']",0,0,0,0,[]
317,anaha,PSS,pseudo,short,simple,,5,,"['AE', 'N', 'AH', 'HH', 'AA']","['AE', 'N', 'AH', 'HH', 'AA']",,3,2,"['AE', 'N', 'AH', 'HH', 'AA']",0,0,0,0,[]
318,hercene,PSS,pseudo,short,simple,,5,,"['HH', 'ER', 'S', 'IY', 'N']","['HH', 'ER', 'S', 'IY', 'N']",,2,3,"['HH', 'ER', 'S', 'IY', 'N']",0,0,0,0,[]
319,pothol,PSS,pseudo,short,simple,,5,,"['P', 'AA', 'TH', 'AH', 'L']","['P', 'AA', 'TH', 'AH', 'L']",,2,3,"['P', 'AA', 'TH', 'AH', 'L']",0,0,0,0,[]
320,sommis,PSS,pseudo,short,simple,,5,,"['S', 'AA', 'M', 'IH', 'S']","['S', 'AA', 'M', 'IH', 'S']",,2,3,"['S', 'AA', 'M', 'IH', 'S']",0,0,0,0,[]
321,durdin,PSS,pseudo,short,simple,,5,,"['D', 'ER', 'D', 'IH', 'N']","['D', 'ER', 'D', 'IH', 'N']",,2,3,"['D', 'ER', 'D', 'IH', 'N']",0,0,0,0,[]
322,estit,PSS,pseudo,short,simple,,5,,"['EH', 'S', 'T', 'IH', 'T']","['EH', 'S', 'T', 'IH', 'T']",,2,3,"['EH', 'S', 'T', 'IH', 'T']",0,0,0,0,[]
323,govior,PSS,pseudo,short,simple,,5,,"['G', 'OW', 'V', 'Y', 'ER']","['G', 'OW', 'V', 'Y', 'ER']",,2,3,"['G', 'OW', 'V', 'Y', 'ER']",0,0,0,0,[]
324,slosp,PSS,pseudo,short,simple,,5,,"['S', 'L', 'AA', 'S', 'P']","['S', 'L', 'AA', 'S', 'P']",,1,4,"['S', 'L', 'AA', 'S', 'P']",0,0,0,0,[]
325,thapet,PSS,pseudo,short,simple,,5,,"['TH', 'AE', 'P', 'AH', 'T']","['TH', 'AE', 'P', 'AH', 'T']",,2,3,"['TH', 'AE', 'P', 'AH', 'T']",0,0,0,0,[]
326,happos,PSS,pseudo,short,simple,,5,,"['HH', 'AE', 'P', 'OW', 'Z']","['HH', 'AE', 'P', 'OW', 'Z']",,2,3,"['HH', 'AE', 'P', 'OW', 'Z']",0,0,0,0,[]
327,fackda,PSS,pseudo,short,simple,,5,,"['F', 'AE', 'K', 'D', 'AH']","['F', 'AE', 'K', 'D', 'AH']",,2,3,"['F', 'AE', 'K', 'D', 'AH']",0,0,0,0,[]
328,waffit,PSS,pseudo,short,simple,,5,,"['W', 'AA', 'F', 'IH', 'T']","['W', 'AA', 'F', 'IH', 'T']",,2,3,"['W', 'AA', 'F', 'IH', 'T']",0,0,0,0,[]
329,motac,PSS,pseudo,short,simple,,5,,"['M', 'OW', 'T', 'AH', 'K']","['M', 'OW', 'T', 'AH', 'K']",,2,3,"['M', 'OW', 'T', 'AH', 'K']",0,0,0,0,[]
330,dimeth,PSS,pseudo,short,simple,,5,,"['D', 'IH', 'M', 'IH', 'TH']","['D', 'IH', 'M', 'IH', 'TH']",,2,3,"['D', 'IH', 'M', 'IH', 'TH']",0,0,0,0,[]
331,mellem,PSS,pseudo,short,simple,,5,,"['M', 'EH', 'L', 'IH', 'M']","['M', 'EH', 'L', 'IH', 'M']",,2,3,"['M', 'EH', 'L', 'IH', 'M']",0,0,0,0,[]
332,seget,PSS,pseudo,short,simple,,5,,"['S', 'EH', 'G', 'IH', 'T']","['S', 'EH', 'G', 'IH', 'T']",,2,3,"['S', 'EH', 'G', 'IH', 'T']",0,0,0,0,[]
333,sinempt,PLS,pseudo,long,simple,,7,,"['S', 'IH', 'N', 'AH', 'M', 'P', 'T']","['S', 'IH', 'N', 'AH', 'M', 'P', 'T']",,2,5,"['S', 'IH', 'N', 'AH', 'M', 'P', 'T']",0,0,0,0,[]
334,admilaire,PLS,pseudo,long,simple,,7,,"['AE', 'D', 'M', 'AH', 'L', 'EH', 'R']","['AE', 'D', 'M', 'AH', 'L', 'EH', 'R']",,3,4,"['AE', 'D', 'M', 'AH', 'L', 'EH', 'R']",0,0,0,0,[]
335,shosequin,PLS,pseudo,long,simple,,7,,"['SH', 'OW', 'S', 'K', 'W', 'IH', 'N']","['SH', 'OW', 'S', 'K', 'W', 'IH', 'N']",,2,5,"['SH', 'OW', 'S', 'K', 'W', 'IH', 'N']",0,0,0,0,[]
336,thamises,PLS,pseudo,long,simple,,7,,"['TH', 'AE', 'M', 'AH', 'S', 'AH', 'Z']","['TH', 'AE', 'M', 'AH', 'S', 'AH', 'Z']",,3,4,"['TH', 'AE', 'M', 'AH', 'S', 'AH', 'Z']",0,0,0,0,[]
337,hunfict,PLS,pseudo,long,simple,,7,,"['HH', 'AH', 'N', 'F', 'IH', 'K', 'T']","['HH', 'AH', 'N', 'F', 'IH', 'K', 'T']",,2,5,"['HH', 'AH', 'N', 'F', 'IH', 'K', 'T']",0,0,0,0,[]
338,winagen,PLS,pseudo,long,simple,,7,,"['W', 'IH', 'N', 'AH', 'G', 'AH', 'N']","['W', 'IH', 'N', 'AH', 'G', 'AH', 'N']",,3,4,"['W', 'IH', 'N', 'AH', 'G', 'AH', 'N']",0,0,0,0,[]
339,hasiden,PLS,pseudo,long,simple,,7,,"['HH', 'AE', 'Z', 'IH', 'D', 'AH', 'N']","['HH', 'AE', 'Z', 'IH', 'D', 'AH', 'N']",,3,4,"['HH', 'AE', 'Z', 'IH', 'D', 'AH', 'N']",0,0,0,0,[]
340,manketa,PLS,pseudo,long,simple,,7,,"['M', 'AE', 'N', 'K', 'EH', 'T', 'AH']","['M', 'AE', 'N', 'K', 'EH', 'T', 'AH']",,3,4,"['M', 'AE', 'N', 'K', 'EH', 'T', 'AH']",0,0,0,0,[]
341,dristive,PLS,pseudo,long,simple,,7,,"['D', 'R', 'IH', 'S', 'T', 'IH', 'V']","['D', 'R', 'IH', 'S', 'T', 'IH', 'V']",,2,5,"['D', 'R', 'IH', 'S', 'T', 'IH', 'V']",0,0,0,0,[]
342,gazakin,PLS,pseudo,long,simple,,7,,"['G', 'AE', 'Z', 'AH', 'K', 'IH', 'N']","['G', 'AE', 'Z', 'AH', 'K', 'IH', 'N']",,3,4,"['G', 'AE', 'Z', 'AH', 'K', 'IH', 'N']",0,0,0,0,[]
343,rananut,PLS,pseudo,long,simple,,7,,"['R', 'AE', 'N', 'AH', 'N', 'AH', 'T']","['R', 'AE', 'N', 'AH', 'N', 'AH', 'T']",,3,4,"['R', 'AE', 'N', 'AH', 'N', 'AH', 'T']",0,0,0,0,[]
344,eurtiance,PLS,pseudo,long,simple,,7,,"['Y', 'UH', 'R', 'SH', 'AH', 'N', 'S']","['Y', 'UH', 'R', 'SH', 'AH', 'N', 'S']",,2,5,"['Y', 'UH', 'R', 'SH', 'AH', 'N', 'S']",0,0,0,0,[]
345,plexan,PLS,pseudo,long,simple,,7,,"['P', 'L', 'EH', 'K', 'S', 'AH', 'N']","['P', 'L', 'EH', 'K', 'S', 'AH', 'N']",,2,5,"['P', 'L', 'EH', 'K', 'S', 'AH', 'N']",0,0,0,0,[]
346,namsessi,PLS,pseudo,long,simple,,7,,"['N', 'AA', 'M', 'S', 'EH', 'S', 'IY']","['N', 'AA', 'M', 'S', 'EH', 'S', 'IY']",,3,4,"['N', 'AA', 'M', 'S', 'EH', 'S', 'IY']",0,0,0,0,[]
347,onlatin,PLS,pseudo,long,simple,,7,,"['AA', 'N', 'L', 'AH', 'T', 'IH', 'N']","['AA', 'N', 'L', 'AH', 'T', 'IH', 'N']",,3,4,"['AA', 'N', 'L', 'AH', 'T', 'IH', 'N']",0,0,0,0,[]
348,huxice,PLS,pseudo,long,simple,,7,,"['HH', 'AH', 'K', 'S', 'IH', 'K', 'S']","['HH', 'AH', 'K', 'S', 'IH', 'K', 'S']",,2,5,"['HH', 'AH', 'K', 'S', 'IH', 'K', 'S']",0,0,0,0,[]
349,relorma,PLS,pseudo,long,simple,,7,,"['R', 'IH', 'L', 'AO', 'R', 'M', 'AH']","['R', 'IH', 'L', 'AO', 'R', 'M', 'AH']",,3,4,"['R', 'IH', 'L', 'AO', 'R', 'M', 'AH']",0,0,0,0,[]
350,idstary,PLS,pseudo,long,simple,,7,,"['AY', 'D', 'S', 'T', 'EH', 'R', 'IY']","['AY', 'D', 'S', 'T', 'EH', 'R', 'IY']",,3,4,"['AY', 'D', 'S', 'T', 'EH', 'R', 'IY']",0,0,0,0,[]
351,conermate,PLS,pseudo,long,simple,,7,,"['K', 'OW', 'N', 'ER', 'M', 'EY', 'T']","['K', 'OW', 'N', 'ER', 'M', 'EY', 'T']",,3,4,"['K', 'OW', 'N', 'ER', 'M', 'EY', 'T']",0,0,0,0,[]
352,jumethena,PLS,pseudo,long,simple,,7,,"['JH', 'UW', 'M', 'TH', 'IY', 'N', 'AE']","['JH', 'UW', 'M', 'TH', 'IY', 'N', 'AE']",,3,4,"['JH', 'UW', 'M', 'TH', 'IY', 'N', 'AE']",0,0,0,0,[]
353,inturshle,PLS,pseudo,long,simple,,7,,"['IH', 'N', 'T', 'ER', 'CH', 'AH', 'L']","['IH', 'N', 'T', 'ER', 'CH', 'AH', 'L']",,3,4,"['IH', 'N', 'T', 'ER', 'CH', 'AH', 'L']",0,0,0,0,[]
354,taxond,PLS,pseudo,long,simple,,7,,"['T', 'AE', 'K', 'S', 'AH', 'N', 'D']","['T', 'AE', 'K', 'S', 'AH', 'N', 'D']",,2,5,"['T', 'AE', 'K', 'S', 'AH', 'N', 'D']",0,0,0,0,[]
355,aslatif,PLS,pseudo,long,simple,,7,,"['AH', 'S', 'L', 'AH', 'T', 'IH', 'F']","['AH', 'S', 'L', 'AH', 'T', 'IH', 'F']",,3,4,"['AH', 'S', 'L', 'AH', 'T', 'IH', 'F']",0,0,0,0,[]
356,liscuse,PLS,pseudo,long,simple,,7,,"['L', 'IH', 'S', 'K', 'Y', 'UW', 'S']","['L', 'IH', 'S', 'K', 'Y', 'UW', 'S']",,2,5,"['IH', 'S', 'K', 'L', 'Y', 'UW', 'S']",2,1,1,0,"[1, 2, 3, 4]"
357,lifflica,PLS,pseudo,long,simple,,7,,"['L', 'IH', 'F', 'L', 'IH', 'K', 'AH']","['L', 'IH', 'F', 'L', 'IH', 'K', 'AH']",,3,4,"['L', 'IH', 'F', 'L', 'IH', 'K', 'AH']",0,0,0,0,[]
358,durivat,PLS,pseudo,long,simple,,7,,"['D', 'UH', 'R', 'IY', 'V', 'AH', 'T']","['D', 'UH', 'R', 'IY', 'V', 'AH', 'T']",,3,4,"['D', 'UH', 'R', 'IY', 'V', 'AH', 'T']",0,0,0,0,[]
359,grovion,PLS,pseudo,long,simple,,7,,"['G', 'R', 'OW', 'V', 'IY', 'AH', 'N']","['G', 'R', 'OW', 'V', 'IY', 'AH', 'N']",,3,4,"['G', 'R', 'OW', 'V', 'IY', 'AH', 'N']",0,0,0,0,[]
360,togento,PLS,pseudo,long,simple,,7,,"['T', 'OW', 'JH', 'EH', 'N', 'T', 'OW']","['T', 'OW', 'JH', 'EH', 'N', 'T', 'OW']",,3,4,"['T', 'OW', 'JH', 'EH', 'N', 'T', 'OW']",0,0,0,0,[]
361,limillit,PLS,pseudo,long,simple,,7,,"['L', 'IH', 'M', 'AH', 'L', 'AH', 'T']","['L', 'IH', 'M', 'AH', 'L', 'AH', 'T']",,3,4,"['L', 'IH', 'M', 'AH', 'L', 'AH', 'T']",0,0,0,0,[]
362,chalicia,PLS,pseudo,long,simple,,7,,"['CH', 'AH', 'L', 'IH', 'S', 'IY', 'AH']","['CH', 'AH', 'L', 'IH', 'S', 'IY', 'AH']",,4,3,"['CH', 'AH', 'L', 'IH', 'S', 'IY', 'AH']",0,0,0,0,[]
363,memagor,PLS,pseudo,long,simple,,7,,"['M', 'EH', 'M', 'AH', 'G', 'AO', 'R']","['M', 'EH', 'M', 'AH', 'G', 'AO', 'R']",,3,4,"['M', 'EH', 'M', 'AH', 'G', 'AO', 'R']",0,0,0,0,[]
364,contring,PLS,pseudo,long,simple,,7,,"['K', 'AA', 'N', 'T', 'R', 'IH', 'NG']","['K', 'AA', 'N', 'T', 'R', 'IH', 'NG']",,2,5,"['K', 'AA', 'N', 'T', 'R', 'IH', 'NG']",0,0,0,0,[]
365,orgaral,PLS,pseudo,long,simple,,7,,"['AO', 'R', 'G', 'AA', 'R', 'AH', 'L']","['AO', 'R', 'G', 'AA', 'R', 'AH', 'L']",,3,4,"['AO', 'R', 'G', 'AA', 'R', 'AH', 'L']",0,0,0,0,[]
366,fillialis,PLS,pseudo,long,simple,,8,,"['F', 'IH', 'L', 'AY', 'AH', 'L', 'AH', 'S']","['F', 'IH', 'L', 'AY', 'AH', 'L', 'AH', 'S']",,4,4,"['F', 'IH', 'L', 'AY', 'AH', 'L', 'AH', 'S']",0,0,0,0,[]
367,cassitana,PLS,pseudo,long,simple,,8,,"['K', 'AE', 'S', 'AH', 'T', 'EY', 'N', 'AH']","['K', 'AE', 'S', 'AH', 'T', 'EY', 'N', 'AH']",,4,4,"['K', 'AE', 'S', 'AH', 'T', 'EY', 'N', 'AH']",0,0,0,0,[]
368,jospitim,PLS,pseudo,long,simple,,8,,"['JH', 'AA', 'S', 'P', 'IH', 'T', 'IH', 'M']","['JH', 'AA', 'S', 'P', 'IH', 'T', 'IH', 'M']",,3,5,"['JH', 'AA', 'S', 'P', 'IH', 'T', 'IH', 'M']",0,0,0,0,[]
369,gosidend,PLS,pseudo,long,simple,,8,,"['G', 'AA', 'S', 'IH', 'D', 'AH', 'N', 'D']","['G', 'AA', 'S', 'IH', 'D', 'AH', 'N', 'D']",,3,5,"['G', 'AA', 'S', 'IH', 'D', 'AH', 'N', 'D']",0,0,0,0,[]
370,pourcrary,PLS,pseudo,long,simple,,8,,"['P', 'UH', 'R', 'K', 'R', 'EH', 'R', 'IY']","['P', 'UH', 'R', 'K', 'R', 'EH', 'R', 'IY']",,3,5,"['P', 'UH', 'R', 'K', 'R', 'EH', 'R', 'IY']",0,0,0,0,[]
371,thaninent,PLS,pseudo,long,simple,,8,,"['TH', 'AE', 'N', 'IH', 'N', 'AH', 'N', 'T']","['TH', 'AE', 'N', 'IH', 'N', 'AH', 'N', 'T']",,3,5,"['TH', 'AE', 'N', 'IH', 'N', 'AH', 'N', 'T']",0,0,0,0,[]
372,secerold,PLS,pseudo,long,simple,,8,,"['S', 'EH', 'S', 'IH', 'R', 'OW', 'L', 'D']","['S', 'EH', 'S', 'IH', 'R', 'OW', 'L', 'D']",,3,5,"['S', 'EH', 'S', 'IH', 'R', 'OW', 'L', 'D']",0,0,0,0,[]
373,mastrence,PLS,pseudo,long,simple,,8,,"['M', 'AE', 'S', 'T', 'R', 'AH', 'N', 'S']","['M', 'AE', 'S', 'T', 'R', 'AH', 'N', 'S']",,2,6,"['M', 'AE', 'S', 'T', 'R', 'AH', 'N', 'S']",0,0,0,0,[]
374,sennicant,PLS,pseudo,long,simple,,8,,"['S', 'EH', 'N', 'IH', 'K', 'AH', 'N', 'T']","['S', 'EH', 'N', 'IH', 'K', 'AH', 'N', 'T']",,3,5,"['S', 'EH', 'N', 'IH', 'K', 'AH', 'N', 'T']",0,0,0,0,[]
375,senversan,PLS,pseudo,long,simple,,8,,"['S', 'EH', 'N', 'V', 'ER', 'S', 'AH', 'N']","['S', 'EH', 'N', 'V', 'ER', 'S', 'AH', 'N']",,3,5,"['S', 'EH', 'N', 'V', 'ER', 'S', 'AH', 'N']",0,0,0,0,[]
376,vioxida,PLS,pseudo,long,simple,,8,,"['V', 'IY', 'OW', 'K', 'S', 'IH', 'D', 'AH']","['V', 'IY', 'OW', 'K', 'S', 'IH', 'D', 'AH']",,4,4,"['V', 'IY', 'OW', 'K', 'S', 'IH', 'D', 'AH']",0,0,0,0,[]
377,junnspand,PLS,pseudo,long,simple,,8,,"['JH', 'AH', 'N', 'S', 'P', 'AE', 'N', 'D']","['JH', 'AH', 'N', 'S', 'P', 'AE', 'N', 'D']",,2,6,"['JH', 'AH', 'N', 'S', 'P', 'AE', 'N', 'D']",0,0,0,0,[]
378,sertratin,PLS,pseudo,long,simple,,8,,"['S', 'ER', 'T', 'R', 'AH', 'T', 'AH', 'N']","['S', 'ER', 'T', 'R', 'AH', 'T', 'AH', 'N']",,3,5,"['S', 'ER', 'T', 'R', 'AH', 'T', 'AH', 'N']",0,0,0,0,[]
379,marbabus,PLS,pseudo,long,simple,,8,,"['M', 'AA', 'R', 'B', 'AH', 'B', 'AH', 'S']","['M', 'AA', 'R', 'B', 'AH', 'B', 'AH', 'S']",,3,5,"['M', 'AA', 'R', 'B', 'AH', 'B', 'AH', 'S']",0,0,0,0,[]
380,stropent,PLS,pseudo,long,simple,,8,,"['S', 'T', 'R', 'OW', 'P', 'AH', 'N', 'T']","['S', 'T', 'R', 'OW', 'P', 'AH', 'N', 'T']",,2,6,"['S', 'T', 'R', 'OW', 'P', 'AH', 'N', 'T']",0,0,0,0,[]
381,himbrion,PLS,pseudo,long,simple,,8,,"['HH', 'IH', 'M', 'B', 'R', 'IY', 'AH', 'N']","['HH', 'IH', 'M', 'B', 'R', 'IY', 'AH', 'N']",,3,5,"['HH', 'IH', 'M', 'B', 'R', 'IY', 'AH', 'N']",0,0,0,0,[]
382,advioneys,PLS,pseudo,long,simple,,8,,"['AE', 'D', 'V', 'IY', 'OW', 'N', 'IY', 'Z']","['AE', 'D', 'V', 'IY', 'OW', 'N', 'IY', 'Z']",,4,4,"['AE', 'D', 'V', 'IY', 'OW', 'N', 'IY', 'Z']",0,0,0,0,[]
383,lastomen,PLS,pseudo,long,simple,,8,,"['L', 'AE', 'S', 'T', 'AH', 'M', 'AH', 'N']","['L', 'AE', 'S', 'T', 'AH', 'M', 'AH', 'N']",,3,5,"['L', 'AE', 'S', 'T', 'AH', 'M', 'AH', 'N']",0,0,0,0,[]
384,curroxima,PLS,pseudo,long,simple,,8,,"['K', 'ER', 'AH', 'K', 'S', 'IY', 'M', 'AH']","['K', 'ER', 'AH', 'K', 'S', 'IY', 'M', 'AH']",,4,4,"['K', 'ER', 'K', 'AH', 'S', 'IY', 'M', 'AH']",2,1,1,0,"[3, 4]"
385,comilary,PLS,pseudo,long,simple,,8,,"['K', 'AA', 'M', 'AH', 'L', 'EH', 'R', 'IY']","['K', 'AA', 'M', 'AH', 'L', 'EH', 'R', 'IY']",,4,4,"['K', 'AA', 'M', 'AH', 'L', 'EH', 'R', 'IY']",0,0,0,0,[]
386,trefflont,PLS,pseudo,long,simple,,8,,"['T', 'R', 'EH', 'F', 'L', 'AH', 'N', 'T']","['T', 'R', 'EH', 'F', 'L', 'AH', 'N', 'T']",,2,6,"['T', 'R', 'EH', 'F', 'L', 'AH', 'N', 'T']",0,0,0,0,[]
387,cassibure,PLS,pseudo,long,simple,,8,,"['K', 'AE', 'S', 'IH', 'B', 'Y', 'UW', 'R']","['K', 'AE', 'S', 'IH', 'B', 'Y', 'UW', 'R']",,3,5,"['K', 'AE', 'S', 'IH', 'B', 'Y', 'UW', 'R']",0,0,0,0,[]
388,havolviss,PLS,pseudo,long,simple,,8,,"['HH', 'AE', 'V', 'AH', 'L', 'V', 'IH', 'S']","['HH', 'AE', 'V', 'AH', 'L', 'V', 'IH', 'S']",,3,5,"['HH', 'AE', 'V', 'AH', 'L', 'V', 'IH', 'S']",0,0,0,0,[]
389,pollinally,PLS,pseudo,long,simple,,8,,"['P', 'AA', 'L', 'AH', 'N', 'AH', 'L', 'IY']","['P', 'AA', 'L', 'AH', 'N', 'AH', 'L', 'IY']",,4,4,"['P', 'AA', 'L', 'AH', 'N', 'AH', 'L', 'IY']",0,0,0,0,[]
390,turforia,PLS,pseudo,long,simple,,8,,"['T', 'UH', 'R', 'F', 'AO', 'R', 'IY', 'AH']","['T', 'UH', 'R', 'F', 'AO', 'R', 'IY', 'AH']",,4,4,"['T', 'UH', 'R', 'F', 'AO', 'R', 'IY', 'AH']",0,0,0,0,[]
391,cloballis,PLS,pseudo,long,simple,,8,,"['K', 'L', 'OW', 'B', 'AH', 'L', 'IH', 'S']","['K', 'L', 'OW', 'B', 'AH', 'L', 'IH', 'S']",,3,5,"['K', 'L', 'OW', 'B', 'AH', 'L', 'IH', 'S']",0,0,0,0,[]
392,lonflity,PLS,pseudo,long,simple,,8,,"['L', 'AA', 'N', 'F', 'L', 'IH', 'T', 'IY']","['L', 'AA', 'N', 'F', 'L', 'IH', 'T', 'IY']",,3,5,"['L', 'AA', 'N', 'F', 'L', 'IH', 'T', 'IY']",0,0,0,0,[]
393,tasdolyme,PLS,pseudo,long,simple,,8,,"['T', 'AE', 'Z', 'D', 'AH', 'L', 'AY', 'M']","['T', 'AE', 'Z', 'D', 'AH', 'L', 'AY', 'M']",,3,5,"['T', 'AE', 'Z', 'D', 'AH', 'L', 'AY', 'M']",0,0,0,0,[]
394,anximath,PLS,pseudo,long,simple,,8,,"['AE', 'NG', 'K', 'S', 'IH', 'M', 'AH', 'TH']","['AE', 'NG', 'K', 'S', 'IH', 'M', 'AH', 'TH']",,3,5,"['AE', 'NG', 'K', 'S', 'IH', 'M', 'AH', 'TH']",0,0,0,0,[]
395,haptonos,PLS,pseudo,long,simple,,8,,"['HH', 'AE', 'P', 'T', 'OW', 'N', 'OW', 'Z']","['HH', 'AE', 'P', 'T', 'OW', 'N', 'OW', 'Z']",,3,5,"['HH', 'AE', 'P', 'T', 'OW', 'N', 'OW', 'Z']",0,0,0,0,[]
396,fregilis,PLS,pseudo,long,simple,,8,,"['F', 'R', 'EH', 'JH', 'IH', 'L', 'IH', 'S']","['F', 'R', 'EH', 'JH', 'IH', 'L', 'IH', 'S']",,3,5,"['F', 'R', 'EH', 'JH', 'IH', 'L', 'IH', 'S']",0,0,0,0,[]
397,regartal,PLS,pseudo,long,simple,,8,,"['R', 'IH', 'G', 'AA', 'R', 'T', 'AH', 'L']","['R', 'IH', 'G', 'AA', 'R', 'T', 'AH', 'L']",,3,5,"['R', 'IH', 'G', 'AA', 'R', 'T', 'AH', 'L']",0,0,0,0,[]
398,sponzent,PLS,pseudo,long,simple,,8,,"['S', 'P', 'AA', 'N', 'Z', 'AH', 'N', 'T']","['S', 'P', 'AA', 'N', 'Z', 'AH', 'N', 'T']",,2,6,"['S', 'P', 'AA', 'N', 'Z', 'AH', 'N', 'T']",0,0,0,0,[]
399,pashibled,PLS,pseudo,long,simple,,8,,"['P', 'AE', 'SH', 'AH', 'B', 'AH', 'L', 'D']","['P', 'AE', 'SH', 'AH', 'B', 'AH', 'L', 'D']",,3,5,"['P', 'AE', 'SH', 'AH', 'B', 'AH', 'L', 'D']",0,0,0,0,[]
